# strain stress
-7.7715611723761e-16 20.659719151512
3.00003000004434e-05 7.27525214431243
6.00012000071537e-05 8.18738363264366
9.00027000267922e-05 3.2967905751749
0.000120004800063578 -1.67265241800599
0.000150007500124616 -6.54330163112156
0.000180010800215236 2.79692373445234
0.00021001470034232 8.00078770987829
0.000240019200510977 1.10046831484261
0.000270024300728533 -1.7751034229428
0.000300030000999651 13.4442437596979
0.000330036301330328 6.35086132702835
0.000360043201727445 3.73447706072908
0.000390050702196332 3.59868222539589
0.000420058802742984 1.38790789338443
0.000450067503374507 -3.31968610934345
0.000480076804095564 11.7342969297086
0.000510086704912371 6.78131866699586
0.000540097205831591 6.10820807144243
0.000570108306858108 9.10275836436946
0.00060012000799925 0.998866421356963
0.000630132309261011 5.49847170651171
0.000660145210647611 -6.32083668344411
0.000690158712166156 -4.39333028992195
0.000720172813823527 -10.6248531003349
0.000750187515623946 1.83249129335246
0.000780202817575626 -0.214395227126463
0.000810218719682787 1.04794591688576
0.000840235221951424 -0.711091261757387
0.000870252324388643 9.4394641002935
0.000900270026999106 18.824844056831
0.000930288329789919 10.333147596106
0.000960307232767521 4.51159725468636
0.000990326735936575 25.8419490808609
0.0010203468393033 14.8887581249084
0.00105036754287458 14.3445786782018
0.00108038884665507 4.95895809598151
0.00111041075065232 3.11749475865461
0.0011404332548719 9.76989310348056
0.00117045635931845 6.37433464937719
0.00120048006399909 13.3048732897029
0.00123050436892003 25.6400889768329
0.00126052927408704 10.613162617569
0.00129055477950613 16.1538736675001
0.00132058088518372 12.704532643347
0.00135060759112449 29.9700652371266
0.00138063489733575 19.198658115121
0.0014106628038224 26.4995031719496
0.00144069131059132 10.4876152775786
0.00147072041764851 8.2542802694926
0.00150075012499973 -0.651406518854823
0.00153078043265031 15.0806658273315
0.00156081134060737 16.302959338712
0.00159084284887601 14.5562746106544
0.0016208749574631 8.24608531368214
0.00165090766637488 11.1282371100007
0.00168094097561533 3.78579443014664
0.00171097488519267 0.0967836343072967
0.00174100939511157 -4.74392180425861
0.00177104450537802 12.8558575990273
0.00180108021599912 18.5693752678627
0.00183111652698065 21.0898451955452
0.00186115343832727 18.6788694705272
0.00189119095004675 12.495613851769
0.00192122906214309 18.5937853110437
0.00195126777462429 11.5065876481067
0.001981307087495 19.005720093002
0.00201134700076278 17.5544916341701
0.00204138751443139 21.0131499484298
0.0020714286285084 10.7400817340458
0.0021014703429989 18.2089402563511
0.00213151265791023 15.8624687186053
0.00216155557324793 13.889455956874
0.00219159908901645 17.2216545409488
0.00222164320522378 14.1090025810138
0.00225168792187436 1.71245175621098
0.00228173323897529 4.72923572098357
0.00231177915653213 15.2428726518345
0.00234182567455155 4.10688019127439
0.00237187279303841 12.0542719683361
0.00240192051199961 23.8704902163618
0.00243196883144048 10.720432272051
0.00246201775136723 14.0966516740998
0.00249206727178608 12.4572970962768
0.00252211739270369 13.7487420286035
0.00255216811412451 11.3075940942167
0.00258221943605519 11.6171849770384
0.00261227135850217 6.97065656454212
0.00264232388147123 15.7775556937556
0.00267237700496814 19.2289258494488
0.00270243072899934 16.8084790697331
0.0027324850535706 8.7153085448735
0.00276253997868747 14.7327163954601
0.00279259550435595 16.4071773370206
0.00282265163058315 16.2884075616159
0.00285270835737483 13.1251496153981
0.00288276568473567 11.7021519039131
0.00291282361267253 10.5091430737128
0.00294288214119121 13.3743135421585
0.00297294127029857 10.3367778547481
0.00300300099999906 2.57719311837629
0.00303306133030068 8.44027338875418
0.00306312226120786 13.042027486271
0.00309318379272638 9.99362918351694
0.00312324592486313 9.99465130921175
0.00315330865762431 4.2949647125304
0.00318337199101482 18.3136506395874
0.00321343592504242 15.5658208052144
0.00324350045971156 24.4920312378038
0.00327356559502845 18.5767475752284
0.00330363133099931 10.9615102795188
0.00333369766763014 17.6817014134336
0.00336376460492693 12.1026698149383
0.00339383214289657 16.9281711224744
0.00342390028154349 26.2985977589935
0.00345396902087414 13.8570890822482
0.00348403836089561 31.450410090668
0.00351410830161214 35.1147689845512
0.00354417884303171 19.4339865578992
0.00357424998515854 19.6960267394704
0.00360432172799952 3.66691626405399
0.00363439407155997 19.2173054082642
0.00366446701584722 30.5608293578936
0.00369454056086571 14.3244654793871
0.00372461470662366 16.4187784071595
0.00375468945312485 24.2816923184854
0.00378476480037526 21.5649477314006
0.00381484074838245 15.67737064682
0.00384491729715108 25.9252492147574
0.00387499444668804 21.0817298707845
0.00390507219699932 25.9265716235982
0.00393515054809068 16.5119403686094
0.00396522949996725 14.4658430367545
0.00399530905263656 19.9394632692814
0.00402538920610307 23.4567344359273
0.00405546996037476 25.0154122033919
0.00408555131545585 21.2553779921599
0.00411563327135278 25.721282498451
0.00414571582807111 31.2926194803113
0.00417579898561837 33.4371984852347
0.00420588274399925 31.5818987627355
0.00423596710322038 13.6514843684906
0.00426605206328778 15.2004224970895
0.00429613762420633 26.716632053877
0.00432622378598335 31.8141334126604
0.0043563105486244 22.0518844319345
0.00438639791213546 19.8570408292927
0.00441648587652232 25.2558535669406
0.00444657444179164 10.8641394932676
0.00447666360794829 12.7164327093981
0.00450675337499962 8.7544320212394
0.00453684374295005 18.3784327876341
0.00456693471180714 15.1048219453127
0.00459702628157688 17.5081664408338
0.00462711845226327 9.23499058070914
0.00465721122387475 6.64991803519482
0.00468730459641531 22.8299826953141
0.00471739856989228 17.0189628412744
0.00474749314431167 13.9854859713469
0.00477758831967878 23.5702352117261
0.00480768409599919 22.2112532693143
0.00483778047328065 17.8064273893505
0.00486787745152717 19.5049273181405
0.00489797503074629 11.0032725111008
0.0049280732109438 26.9769013863518
0.004958171992125 26.5564803093166
0.00498827137429525 20.9373308107542
0.0050183713574623 19.5274585347894
0.00504847194163105 18.9744802080253
0.00507857312680837 34.8958133882384
0.00510867491299982 28.8993908663878
0.00513877730021028 21.626691297257
0.00516888028844775 32.4046878439047
0.00519898387771645 13.225679383322
0.00522908806802325 18.6640289113587
0.00525919285937415 19.8771684451904
0.00528929825177582 23.2188142523122
0.00531940424523247 27.4307247029341
0.00534951083975144 19.2399000851167
0.00537961803533826 21.1093980778684
0.00540972583199917 40.9585413386315
0.00543983422974104 35.6918449136543
0.00546994322856764 20.4176268720846
0.00550005282848631 29.157290084502
0.00553016302950327 24.9571015185164
0.00556027383162405 21.5145347309589
0.00559038523485533 28.6819038351459
0.00562049723920288 28.6474652972463
0.00565060984467136 24.352720280919
0.00568072305126854 23.4045908866692
0.00571083685899931 11.1800138477674
0.00574095126786989 19.6669938713722
0.00577106627788693 20.7713354304804
0.00580118188905665 20.8725820192747
0.0058312981013835 19.9448593880525
0.00586141491487435 23.364310713594
0.00589153232953543 24.0140470960562
0.00592165034537251 25.6348563693035
0.00595176896239114 37.5823219205298
0.00598188818059842 30.9200526314786
0.00601200799999924 16.5144156181955
0.00604212842060048 25.4949191445984
0.00607224944240747 20.2488457044676
0.00610237106542622 13.9129716584066
0.00613249328966359 26.3245619504709
0.00616261611512448 8.06835969205571
0.00619273954181576 26.4612418560142
0.00622286356974233 36.8870589151986
0.00625298819891129 27.6918345285608
0.00628311342932797 30.2593836339203
0.00631323926099991 26.1190113710687
0.00634336569393046 19.4830331386069
0.00637349272812737 18.3027852026451
0.00640362036359621 20.0055449229744
0.00643374860034363 42.0121694293182
0.00646387743837429 40.4726594690978
0.00649400687769552 24.1561649426851
0.00652413691831244 33.9512923514729
0.00655426756023147 32.6926300868564
0.00658439880345818 32.4832568977876
0.00661453064799922 41.9358150067728
0.00664466309385969 48.2830901112914
0.00667479614104782 37.2852536185514
0.00670492978956672 20.7715256355298
0.00673506403942326 24.3065499863622
0.00676519889062455 29.0313639705573
0.00679533434317525 32.4320794359305
0.0068254703970827 25.6219059598539
0.00685560705235155 33.4862668016403
0.00688574430898847 40.9674506069021
0.00691588216699923 31.8488809484332
0.00694602062639049 40.0113020074336
0.00697615968716692 30.5741265892777
0.0070062993493365 35.8699214157844
0.0070364396129039 45.4347395714625
0.00706658047787445 38.5592210803523
0.00709672194425526 30.3832788234129
0.00712686401205231 22.2056335785583
0.00715700668127073 26.736000751695
0.00718714995191871 40.1601597442666
0.00721729382399983 18.1793452323309
0.0072474382975205 27.9062511455812
0.00727758337248741 17.7908190972028
0.00730772904890631 32.0474152949706
0.00733787532678298 32.8672046802212
0.00736802220612431 38.4245257480361
0.00739816968693541 21.467563167749
0.00742831776922226 39.6253547412824
0.00745846645299131 38.9340497355619
0.00748861573824811 21.9149488569833
0.00751876562499953 27.2584784516664
0.0075489161132507 25.3446675204104
0.00757906720300761 34.8950302837247
0.00760921889427624 37.4602481118378
0.00763937118706326 32.6676705564025
0.007669524081374 31.0164328181143
0.00769967757721557 24.5608560937887
0.00772983167459262 29.2628394510508
0.00775998637351116 29.8384630407697
0.00779014167397851 25.2214287898936
0.00782029757599911 31.6616531800198
0.00785045407958052 33.3068939243093
0.00788061118472783 31.819227534176
0.00791076889144682 31.7801763646173
0.00794092719974326 38.0848962595358
0.00797108610962449 19.9097466264654
0.00800124562109494 22.4532386546479
0.00803140573416239 21.666568117428
0.00806156644883194 28.3896742098169
0.00809172776510847 28.4994006666327
0.00812188968299976 40.8507371525504
0.00815205220251025 33.3420535516364
0.00818221532364705 41.4878982806264
0.00821237904641658 40.2508735950499
0.00824254337082353 31.0480830858502
0.00827270829687432 26.4099015050819
0.00830287382457562 26.4686032774584
0.00833303995393209 34.1560951046819
0.00836320668495127 37.818412111029
0.00839337401763873 32.6317105712497
0.00842354195199979 44.1674667859515
0.00845371048804044 38.9475606288745
0.00848387962576735 38.8897716052719
0.00851404936518607 38.2541851701086
0.00854421970630326 42.1719117400094
0.00857439064912469 23.5343044986596
0.00860456219365546 23.581405365284
0.00863473433990269 33.8435716120041
0.00866490708787127 36.2822368229923
0.00869508043756806 31.3611695400296
0.00872525438899907 49.1405706376945
0.00875542894217074 43.1552948304472
0.00878560409708751 33.066001251256
0.0088157798537567 41.281260047829
0.0088459562121832 31.805236965907
0.00887613317237412 42.6953061118731
0.0089063107343359 41.3986246768898
0.00893648889807253 35.6145570679363
0.00896666766359133 24.4796931259123
0.00899684703089831 35.630475660627
0.00902702699999924 37.2752935023889
0.00905720757090012 31.4977946264572
0.00908738874360782 44.3064552955457
0.00911757051812634 49.6132143472486
0.00914775289446346 39.6330975993721
0.0091779358726245 41.1191935436916
0.00920811945261546 31.7534847847479
0.00923830363444211 42.5576684201347
0.00926848841811156 46.8358928617069
0.00929867380362848 33.7582513854793
0.00932885979099951 45.9312389368767
0.00935904638023022 39.1992802409712
0.00938923357132748 43.8892729097352
0.00941942136429597 47.1583799570092
0.00944960975914344 33.6534613711234
0.00947979875587479 35.4219401433696
0.00950998835449557 39.3296265920049
0.00954017855501221 41.7521379494458
0.00957036935743116 39.4988111141023
0.00960056076175864 33.5345251437009
0.0096307527679993 33.2383720814984
0.00966094537616047 36.6091830294824
0.00969113858624726 28.7546771172881
0.00972133239826611 36.9193031297579
0.00975152681222302 41.3549816537494
0.00978172182812465 43.0598844217159
0.00981191744597543 36.1638069482079
0.00984211366578247 28.2697756497297
0.00987231048755111 29.1494775658397
0.00990250791128844 41.3037343094396
0.00993270593699913 30.8501183304729
0.00996290456469051 32.2140721213193
0.00999310379436791 21.9371874663492
0.0100233036260364 44.9871121863325
0.010053504059703 25.3729807502075
0.0100837050953742 42.9464466092906
0.0101139067330547 27.1646547187993
0.0101441089727525 37.4078628002789
0.0101743118144717 41.2817195367753
0.0102045152582184 51.9767857507541
0.0102347193039993 53.3065666660622
0.0102649239518202 55.4372652794914
0.0102951292016877 61.1337801859961
0.0103253350536066 44.7251978366914
0.0103555415075833 44.3648911607359
0.0103857485636243 39.293267682305
0.0104159562217354 48.0802413074858
0.0104461644819218 44.3791568878322
0.0104763733441915 32.5921906813152
0.0105065828085487 34.8045663081012
0.0105367928749995 37.2630334053023
0.0105670035435499 41.856725581035
0.0105972148142073 26.5958761677455
0.0106274266869761 32.1866528239749
0.0106576391618636 41.0171076207597
0.0106878522388747 45.3399340685146
0.0107180659180153 37.5176622436812
0.0107482801992926 36.253066699249
0.010778495082711 41.7528498643979
0.0108087105682788 47.6894780028615
0.0108389266559998 45.6752106792355
0.0108691433458805 45.6280097143644
0.0108993606379273 53.1003297540333
0.0109295785321464 49.1816803699827
0.0109597970285429 55.0454413064265
0.0109900161271246 56.2418005253113
0.0110202358278957 50.1708734305294
0.0110504561308624 40.0233966477759
0.0110806770360317 52.894779900875
0.0111108985434083 46.979288149754
0.011141120652999 35.4634353801558
0.0111713433648104 43.7066758106381
0.0112015666788474 35.8636101981945
0.0112317905951165 45.7156681733301
0.0112620151136236 44.5289590459389
0.011292240234374 41.9486739465467
0.0113224659573754 41.5723288056094
0.0113526922826328 41.5548894362019
0.0113829192101518 46.1071200073196
0.0114131467399383 48.3207829819394
0.0114433748719993 47.8164070784832
0.0114736036063399 43.5467222908339
0.0115038329429675 48.3268499401355
0.0115340628818867 38.1683779742719
0.0115642934231033 44.4490199914009
0.0115945245666245 43.6040538304074
0.0116247563124552 45.5208206090895
0.0116549886606019 33.3445654712549
0.0116852216110714 38.1749899147759
0.0117154551638685 49.8387375288822
0.0117456893189993 40.8697406972974
0.0117759240764705 40.7747063147964
0.011806159436287 45.6451012817939
0.0118363953984564 51.0240516301762
0.0118666319629839 36.0116356953841
0.0118968691298744 46.7872166298767
0.0119271068991353 38.2126906476739
0.0119573452707722 41.428878672545
0.011987584244791 44.830185955389
0.0120178238211983 48.8079994271399
0.0120480639999998 43.9489953404169
0.0120783047812003 48.4480249673275
0.0121085461648074 45.3560244262923
0.0121387881508261 50.8965481199729
0.012169030739263 39.3962715005323
0.0121992739301244 48.1529961198972
0.0122295177234157 42.5845708520106
0.0122597621191423 45.2882503903931
0.0122900071173113 43.0007206971747
0.0123202527179282 48.3638038810365
0.0123504989209993 38.691373668068
0.012380745726531 46.3900766259256
0.0124109931345275 46.277791747842
0.0124412411449966 47.6420790662692
0.0124714897579434 57.6288654548745
0.0125017389733741 40.7523497943264
0.0125319887912951 51.9685757395174
0.0125622392117126 50.7940514103962
0.0125924902346313 47.6784955696112
0.0126227418600586 50.6441125944826
0.0126529940879994 55.392471716382
0.0126832469184601 51.9021771814957
0.0127135003514469 48.7755463798577
0.0127437543869668 52.800987026193
0.0127740090250235 63.2042003835878
0.0128042642656243 36.5594932322228
0.0128345201087752 48.8360186505795
0.0128647765544823 50.0191242818611
0.012895033602752 58.7917243826096
0.0129252912535884 55.3412555266928
0.0129555495069997 50.7073879545229
0.0129858083629903 45.1645411569158
0.0130160678215672 47.8355298377052
0.0130463278827362 40.3701544199789
0.0130765885465036 41.1543890433092
0.0131068498128746 52.3283352242527
0.0131371116818555 49.2240973926879
0.0131673741534524 51.2174538810508
0.0131976372276712 52.7993322365744
0.0132279009045182 52.6953841981646
0.0132581651839996 39.7883750853403
0.0132884300661205 41.6747651501833
0.0133186955508873 40.4264045848433
0.013348961638306 52.077543257097
0.0133792283283833 45.7717634497987
0.0134094956211241 44.9132986469855
0.0134397635165355 31.9904317625956
0.0134700320146228 45.3091102399445
0.0135003011153914 49.503965172312
0.013530570818848 48.8133519519172
0.0135608411249992 52.404148791545
0.013591112033851 43.296557053376
0.0136213835454075 42.4174049779232
0.0136516556596764 42.8300328976409
0.0136819283766634 41.3794457845414
0.0137122016963744 53.9689866480947
0.0137424756188154 37.4485651080905
0.0137727501439928 40.9339807675966
0.0138030252719115 47.6060365830507
0.0138333010025784 50.6474993503447
0.0138635773359992 52.1755749788098
0.0138938542721805 43.7099923014349
0.0139241318111267 49.5050324436603
0.0139544099528466 47.3526015004284
0.0139846886973436 54.0318101019053
0.0140149680446244 47.1592032444107
0.0140452479946953 41.3932367961783
0.014075528547562 53.0008419211755
0.0141058097032309 41.0350074936158
0.0141360914617086 46.4702550850411
0.0141663738229996 50.8585133133776
0.0141966567871104 38.5287107990773
0.0142269403540474 35.4445339243969
0.0142572245238159 44.6454368769377
0.0142875092964236 40.2013206062483
0.0143177946718747 52.1256420747783
0.0143480806501757 39.3299926216701
0.0143783672313322 56.4573861168851
0.0144086544153514 63.7232301237828
0.0144389422022377 57.7766271590222
0.0144692305919996 59.1578506192433
0.0144995195846407 57.3412229309992
0.0145298091801676 48.574597472953
0.0145600993785864 49.6944803592704
0.0145903901799032 58.4914315874234
0.0146206815841239 65.0892190825499
0.0146509735912554 52.6238308309341
0.0146812662013025 54.8079682130479
0.0147115594142713 63.8775280249233
0.0147418532301686 63.4911782470242
0.014772147648999 62.7579958234499
0.0148024426707702 43.4169030277702
0.0148327382954878 65.599565185021
0.0148630345231566 58.5573320832957
0.0148933313537831 52.2790032454098
0.0149236287873744 49.9897287879331
0.0149539268239349 60.880322029868
0.0149842254634729 56.2232865598957
0.0150145247059918 63.4047019175513
0.0150448245514982 61.5246394576092
0.0150751249999994 48.1369391840467
0.0151054260515002 58.415093853253
0.0151357277060071 48.6157794335363
0.0151660299635263 64.158826487767
0.0151963328240636 46.7995248866905
0.0152266362876243 53.7996392834661
0.0152569403542155 53.2457950245879
0.0152872450238422 52.8947161757722
0.0153175502965113 60.9273305305154
0.0153478561722289 50.8866886297466
0.0153781626509997 66.9295764232599
0.0154084697328307 49.2619680881399
0.0154387774177271 52.1163189143463
0.0154690857056963 42.4863169877945
0.015499394596743 47.0775383212723
0.0155297040908748 55.6706378657168
0.0155600141880954 51.7801329583026
0.0155903248884126 64.7416445609219
0.0156206361918312 58.9850372657335
0.0156509480983584 59.7617475303238
0.0156812606079995 71.4226966082278
0.0157115737207605 61.6727244555641
0.0157418874366473 65.8526354425983
0.0157722017556663 61.1732836202355
0.0158025166778228 62.7432529378104
0.0158328322031243 56.646125367795
0.0158631483315759 52.0149468491519
0.0158934650631823 59.7020720474236
0.0159237823979517 45.6014905029978
0.0159541003358883 54.4016230206392
0.0159844188769991 65.7225002580973
0.0160147380212901 69.0487856046979
0.0160450577687679 63.7870655473342
0.0160753781194365 56.9471058232874
0.0161056990733037 68.051011266477
0.0161360206303742 63.7176967583393
0.0161663427906551 70.9070079825369
0.0161966655541526 69.9278181938802
0.0162269889208715 68.1992838713757
0.0162573128908183 67.2708408391794
0.0162876374639993 66.3639844659123
0.0163179626404202 66.5784253748767
0.0163482884200872 62.1965572847795
0.016378614803007 57.703165394965
0.0164089417891835 66.0313546596471
0.0164392693786246 73.6795957964621
0.0164695975713354 65.7354824665445
0.0164999263673222 63.3598865212941
0.0165302557665912 65.9918241333863
0.0165605857691487 61.9455774446124
0.0165909163749995 74.1422480802441
0.0166212475841505 78.6929167502785
0.0166515793966073 75.788811702832
0.0166819118123762 83.7757667165016
0.0167122448314632 73.0927603382861
0.0167425784538746 71.3726250724411
0.0167729126796154 73.8173803074714
0.0168032475086923 63.911675520879
0.0168335829411115 59.7387117778878
0.0168639189768782 70.1482616470161
0.0168942556159994 55.8864845472029
0.0169245928584805 59.4710644066556
0.0169549307043277 56.4615577534536
0.0169852691535464 70.3676310655039
0.0170156082061435 59.8587265850447
0.0170459478621241 66.9551567569014
0.0170762881214959 63.3524741554704
0.0171066289842625 59.6654638433464
0.0171369704504314 60.8923541448686
0.0171673125200082 49.8470385804703
0.0171976551929993 48.9666433038972
0.0172279984694101 59.8155521469427
0.0172583423492476 56.3805527105439
0.0172886868325164 59.9466947173014
0.0173190319192236 59.2098985679669
0.0173493776093741 52.461136958141
0.0173797239029754 70.1906077555157
0.0174100708000318 68.9968398470782
0.0174404183005514 83.0375251260769
0.0174707664045386 63.1937423465169
0.0175011151119995 75.1351781856194
0.0175314644229403 65.0348492616037
0.017561814337367 72.2557533699412
0.0175921648552864 61.3791546810203
0.0176225159767034 63.1218597348196
0.0176528677016246 64.5167490698339
0.0176832200300552 61.0788784421797
0.0177135729620024 63.1559529984369
0.017743926497471 65.998103519684
0.0177742806364687 69.5966712973075
0.0178046353789996 64.3196301459948
0.0178349907250706 62.21436981116
0.0178653466746872 50.6066803477863
0.0178957032278564 63.0116143869209
0.0179260603845828 67.5723469622487
0.0179564181448748 57.6512942950263
0.0179867765087358 57.4435509999104
0.0180171354761725 56.930946396518
0.0180474950471914 62.3790329784926
0.0180778552217982 61.6327727692463
0.0181082159999988 71.7163718530568
0.0181385773818004 84.8188283393747
0.0181689393672075 68.1841263119842
0.0181993019562263 67.5923041071256
0.0182296651488636 72.6304618618529
0.018260028945124 72.1818771944085
0.0182903933450158 66.8380332715992
0.018320758348543 73.5276929321366
0.0183511239557115 70.540556049756
0.0183814901665282 72.3148518706032
0.0184118569809992 65.5553256949399
0.01844222439913 66.3680301108346
0.0184725924209275 67.3083998383184
0.0185029610463967 67.0270974107332
0.0185333302755433 71.1475179439027
0.0185637001083745 73.7765486476356
0.018594070544895 61.8475756388298
0.0186244415851122 77.3868300650931
0.0186548132290312 62.569681866754
0.0186851854766585 76.0222107723823
0.0187155583279992 66.3291207404639
0.0187459317830605 63.4772224909571
0.0187763058418471 58.4012387811096
0.0188066805043661 83.7055804644258
0.0188370557706239 65.8662515690165
0.0188674316406243 52.4812090063966
0.0188978081143756 60.0585731425197
0.0189281851918823 64.639673591061
0.018958562873151 55.7221583663791
0.0189889411581885 61.550867736977
0.0190193200469997 62.8744059417948
0.0190496995395901 67.9203307251111
0.0190800796359676 57.7391940063284
0.0191104603361361 69.7202895308382
0.0191408416401033 74.0831889082554
0.0191712235478749 78.4548086772402
0.0192016060594558 67.6485507475569
0.0192319891748522 61.4631323435844
0.0192623728940713 63.4747201150306
0.019292757217118 64.8048453340857
0.0193231421439992 61.04298331789
0.0193535276747208 62.8683628942199
0.0193839138092875 73.5571892122341
0.0194143005477068 66.2693952722601
0.0194446878899834 64.1543581499794
0.0194750758361242 57.4614488712581
0.0195054643861352 60.8615661539574
0.0195358535400225 71.9075300489529
0.0195662432977914 70.5711294228392
0.0195966336594486 73.6910147468137
0.019627024624999 70.7943258752536
0.0196574161944503 70.1107174250089
0.019687808367808 77.1539659108378
0.0197182011450765 78.2508090336499
0.0197485945262632 77.204052039886
0.0197789885113742 79.3390685621245
0.0198093831004149 71.2814689575603
0.0198397782933921 72.5761201625407
0.0198701740903118 62.1696910419549
0.0199005704911783 59.8612283962747
0.0199309674959995 65.9480349824042
0.0199613651047803 80.2929437903389
0.0199917633175275 73.3708065753474
0.020022162134246 74.6608771558468
0.0200525615549438 66.6377414728109
0.0200829615796243 63.5192069675118
0.0201133622082954 75.2744083025013
0.0201437634409622 70.1463378945348
0.0201741652776313 73.2002935656881
0.0202045677183083 69.1865237749611
0.0202349707629996 75.0370834206882
0.0202653744117103 73.8536660025732
0.0202957786644473 63.9949139377591
0.0203261835212163 79.7305521516062
0.0203565889820232 71.6764418144789
0.0203869950468749 76.145731676561
0.0204174017157754 64.6191129794914
0.0204478089887326 71.2817647951041
0.0204782168657514 63.2986557424541
0.0205086253468383 67.6227678237932
0.0205390344319991 55.005839048975
0.0205694441212407 74.2203282821237
0.0205998544145674 71.4987168063982
0.0206302653119863 66.3539969701021
0.0206606768135031 68.6763368270174
0.0206910889191243 72.0092055964737
0.0207215016288551 65.9117670499541
0.0207519149427025 73.9035247940954
0.0207823288606719 83.2874299161208
0.0208127433827685 64.6713040878926
0.020843158508999 73.3982818798605
0.0208735742393704 71.3553363153255
0.0209039905738868 68.6502581513679
0.0209344075125564 67.7814219400429
0.0209648250553836 74.4466703338793
0.0209952432023743 70.3848898572842
0.0210256619535354 85.3491451436459
0.021056081308872 85.693220238405
0.0210865012683916 96.2349858991872
0.0211169218320983 91.9582625553417
0.0211473429999993 89.1824280863676
0.0211777647721003 84.6439746311734
0.0212081871484076 83.9282760815413
0.0212386101289259 88.3159551270528
0.0212690337136636 76.8728038986241
0.0212994579026247 85.5138901036641
0.0213298826958155 74.4478374862842
0.0213603080932421 78.7837338710845
0.0213907340949111 83.9305095878442
0.0214211607008281 75.8499423006294
0.0214515879109998 69.1870452083995
0.0214820157254307 58.1902178139767
0.0215124441441275 67.4580659835703
0.0215428731670964 71.0642219275454
0.0215733027943432 80.6282046519042
0.0216037330258743 77.0182413225164
0.0216341638616953 73.7564598040724
0.0216645953018126 73.7835056127463
0.0216950273462313 78.0623242888172
0.0217254599949583 67.4774726331813
0.0217558932479989 78.0271067845976
0.0217863271053604 66.5570543105153
0.0218167615670477 70.0250046440792
0.0218471966330667 65.526808571481
0.0218776323034235 80.6994271469806
0.0219080685781243 79.6355274801467
0.021938505457175 84.5605361010155
0.0219689429405823 91.6494315412249
0.0219993810283516 81.6873322352904
0.0220298197204882 75.5056857414538
0.0220602590169996 81.6151767237233
0.0220906989178902 75.1782307692534
0.0221211394231673 71.3474769144504
0.0221515805328367 80.5093660561668
0.0221820222469034 80.0879011761524
0.0222124645653743 71.9284277471511
0.0222429074882555 84.6728448501794
0.0222733510155519 86.2024978177411
0.0223037951472711 76.6436905340869
0.0223342398834188 80.0773406575059
0.0223646852239994 83.3154887265506
0.0223951311690207 70.6267068517212
0.0224255777184872 67.0230322275609
0.0224560248724059 70.9825651988033
0.0224864726307836 91.7277621148298
0.0225169209936247 76.136915133982
0.0225473699609355 86.9295068622196
0.0225778195327226 81.1236292423006
0.0226082697089911 74.251288065963
0.0226387204897482 74.096585964276
0.0226691718750001 82.0886786600224
0.0226996238647508 80.7359441712192
0.0227300764590073 82.6372008903782
0.0227605296577764 90.5028585822537
0.0227909834610629 81.3352247539034
0.022821437868874 82.104137109858
0.0228518928812158 76.69589461499
0.0228823484980922 65.6129719424626
0.0229128047195115 83.6111326584534
0.0229432615454783 75.7137136975664
0.0229737189759991 83.5939021327127
0.0230041770110805 94.4903399051249
0.0230346356507276 91.7854892796563
0.0230650948949465 87.8948667793972
0.0230955547437435 89.5048428226468
0.0231260151971242 83.1225062371091
0.0231564762550953 89.312421817746
0.023186937917663 96.9171092488046
0.0232174001848313 84.1638885254234
0.0232478630566082 85.7259580638051
0.0232783265329992 89.678169483122
0.0233087906140101 90.4165138660829
0.0233392552996472 80.9058966788821
0.0233697205899168 77.4353293084603
0.0234001864848234 73.7303894068723
0.0234306529843746 86.7285928282419
0.0234611200885753 85.2806123816742
0.0234915877974322 86.0019595948032
0.023522056110951 83.4573374922634
0.0235525250291386 87.0372437406197
0.0235829945519994 82.5238163952141
0.0236134646795403 76.6386218800873
0.0236439354117672 84.3303138110168
0.0236744067486863 81.3628701263672
0.0237048786903036 89.012521679568
0.0237353512366245 75.9996897370604
0.0237658243876557 81.9711082980312
0.0237962981434023 76.7751451603817
0.0238267725038712 78.8072914185925
0.0238572474690681 88.1495670149895
0.0238877230389996 72.2900828057762
0.0239181992136706 82.5690855994336
0.0239486759930876 73.4829843360734
0.0239791533772562 82.0926700451389
0.0240096313661833 71.1015594078026
0.0240401099598742 81.0608778148486
0.0240705891583357 83.8436656263895
0.0241010689615724 80.5732121563438
0.0241315493695915 73.3830939867814
0.0241620303823982 72.094294502287
0.0241925119999995 72.021284835039
0.0242229942224002 87.7163915410699
0.0242534770496075 77.3777924106394
0.0242839604816267 77.0138962777892
0.0243144445184635 89.5152436589408
0.0243449291601241 83.6140489387832
0.0243754144066153 86.2040384852241
0.0244059002579424 80.9491918302669
0.0244363867141115 93.6969041926892
0.0244668737751286 82.3567019526219
0.0244973614409993 82.2766152901152
0.0245278497117303 76.2424307713793
0.0245583385873274 87.4014952736953
0.0245888280677966 84.0819285981884
0.0246193181531436 78.2540613644331
0.0246498088433744 79.8683992613286
0.0246803001384952 82.5839911960027
0.0247107920385123 86.4167232646919
0.0247412845434307 78.2102907328365
0.0247717776532583 85.1064754583183
0.0248022713679996 96.9553434662394
0.0248327656876604 80.7156332619983
0.024863260612247 91.6573547991212
0.0248937561417664 88.7342871026295
0.024924252276223 86.2594494518412
0.0249547490156246 88.4942323327968
0.0249852463599756 98.6467622733375
0.0250157443092824 96.1776864065852
0.0250462428635514 88.7256348331808
0.025076742022788 85.2214479924284
0.0251072417869997 92.4989449725258
0.0251377421561907 102.326856586712
0.0251682431303675 88.8046509899292
0.0251987447095363 86.5868687853797
0.0252292468937034 86.7981892009205
0.0252597496828739 80.9809709974596
0.0252902530770556 83.7381617532273
0.0253207570762528 87.715109282079
0.0253512616804714 91.1617594945982
0.0253817668897185 90.7937178899178
0.0254122727039992 80.7146565110041
0.02544277912332 87.9714147178163
0.0254732861476874 96.52017814123
0.0255037937771065 90.2164614853517
0.0255343020115832 88.79045996025
0.0255648108511244 98.4907764615124
0.0255953202957351 94.4505832505006
0.0256258303454222 99.6238424473062
0.0256563410001918 102.536185148265
0.0256868522600486 88.840809635388
0.025717364124999 102.529372384204
0.0257478765950503 100.067569237218
0.0257783896702071 98.4515704560301
0.0258089033504767 89.6852691180426
0.0258394176358638 94.2510107911495
0.0258699325263743 89.9555053386786
0.0259004480220155 86.5353472941115
0.0259309641227921 92.7262567930563
0.025961480828711 87.865256392501
0.0259919981397783 101.529871039532
0.0260225160559995 88.344622013099
0.0260530345773804 100.644203459594
0.0260835537039275 103.887243316839
0.0261140734356462 87.0007767160792
0.0261445937725431 99.9411667843626
0.026175114714625 86.5614374329372
0.0262056362618956 91.7852255212764
0.0262361584143622 90.4307643294522
0.0262666811720311 96.9052394751367
0.0262972045349081 92.8221314791456
0.0263277285029992 98.8155085743016
0.0263582530763109 97.3258344204647
0.0263887782548473 98.1421766029626
0.0264193040386165 109.946040226512
0.0264498304276233 98.8967184691306
0.0264803574218746 99.9338075627168
0.0265108850213753 97.8264149304651
0.0265414132261326 102.595230626178
0.0265719420361514 102.957412336827
0.0266024714514386 97.2877815399145
0.0266330014719991 87.6397171303281
0.0266635320978403 91.8643755137078
0.0266940633289678 96.7211353571738
0.0267245951653863 80.1896893345285
0.0267551276071036 94.5024892020714
0.0267856606541241 101.081570689026
0.0268161943064553 97.2897280060761
0.0268467285641023 100.656156890372
0.026877263427072 91.4332448591827
0.0269077988953683 97.7244083205477
0.0269383349689998 86.7813335113125
0.0269688716479703 99.843212281285
0.0269994089322874 100.965549079342
0.0270299468219561 92.9955011811126
0.0270604853169836 101.891618157085
0.0270910244173743 97.9053589951548
0.0271215641231355 96.5926849867821
0.0271521044342722 93.4297515169877
0.0271826453507913 100.895269959841
0.027213186872699 98.6216296898994
0.0272437289999994 93.4179547850078
0.0272742717327006 85.8391813597994
0.0273048150708075 92.6635092594035
0.0273353590143262 103.002794640961
0.0273659035632632 96.7764390520711
0.0273964487176248 92.095324826756
0.0274269944774155 81.1972674030991
0.0274575408426425 78.5887456880752
0.0274880878133112 89.5949348362893
0.0275186353894281 88.2892149812248
0.0275491835709993 95.2895042978606
0.0275797323580307 90.104137360166
0.0276102817505275 96.5090655381824
0.0276408317484964 92.0583058329679
0.0276713823519432 88.7147639547367
0.0277019335608744 91.1996457607884
0.0277324853752949 94.6294204917722
0.0277630377952125 89.569670897595
0.0277935908206317 87.4767673674217
0.0278241444515583 99.5555562746772
0.0278546986879991 101.201237149256
0.0278852535299601 95.7230184694292
0.0279158089774476 110.790141754651
0.0279463650304665 104.990329571544
0.0279769216890235 94.5875906118424
0.0280074789531244 90.2432851355443
0.0280380368227753 97.9566452951071
0.0280685952979822 90.5324738515381
0.0280991543787517 98.5849081284001
0.0281297140650889 94.5356224313404
0.0281602743569993 92.1560272443487
0.0281908352544904 94.8126694956308
0.0282213967575673 88.4240775297713
0.0282519588662358 96.2669886070387
0.0282825215805034 101.502693709846
0.0283130849003748 94.6828927199434
0.0283436488258555 97.5811635473392
0.0283742133569524 95.3003312331571
0.028404778493671 95.2753059426708
0.0284353442360183 87.7598449776667
0.0284659105839995 94.0225145231327
0.0284964775376204 103.399116550512
0.0285270450968873 103.976097928804
0.0285576132618064 98.4131587729969
0.028588182032383 102.313768079375
0.0286187514086247 100.661563095185
0.0286493213905357 102.794376574938
0.0286798919781226 89.7404325488393
0.0287104631713913 101.36265990881
0.0287410349703483 103.502996426068
0.0287716073749988 98.7524310948935
0.0288021803853507 96.2921402547176
0.0288327540014075 97.3252993638633
0.0288633282231763 98.0556217701919
0.0288939030506634 99.353618016913
0.028924478483874 106.592014270323
0.028955054522815 105.900330289157
0.0289856311674923 92.4811874700588
0.0290162084179115 87.1494310131784
0.0290467862740782 93.091226903947
0.0290773647359994 107.906012722317
0.0291079438036801 106.509821870109
0.0291385234771271 99.4789109190883
0.0291691037563468 105.707853461045
0.0291996846413436 92.834771450311
0.0292302661321242 95.8661379226003
0.0292608482286953 95.3160530087795
0.0292914309310619 100.545164432276
0.0293220142392316 104.572320472512
0.0293525981532088 106.73651438896
0.0293831826729991 111.709788983318
0.0294137677986104 108.979336231831
0.0294443535300473 102.525173925237
0.029474939867316 112.930434584993
0.0295055268104234 96.2317785709672
0.0295361143593746 96.6790769619606
0.0295667025141753 97.997484572337
0.0295972912748323 96.6219284571402
0.029627880641351 110.817439655254
0.0296584706137384 107.843525004404
0.029689061192 109.33487634674
0.0297196523761405 102.972340189607
0.0297502441661674 97.0088050230419
0.029780836562086 106.167531768172
0.0298114295639031 106.215330804313
0.0298420231716245 117.422634329689
0.0298726173852557 103.122871807652
0.0299032122048024 98.1507703104452
0.0299338076302718 105.21525869394
0.0299644036616682 99.2529282054397
0.0299950002989995 96.3936686882945
0.030025597542271 108.232849080864
0.0300561953914875 98.4790287653483
0.0300867938466562 113.204506167085
0.0301173929077834 102.708121169783
0.030147992574874 92.7983947116789
0.0301785928479352 95.9031153996564
0.0302091937269728 99.8858538563789
0.0302397952119915 106.462460376813
0.0302703973029987 106.812389360775
0.0303009999999992 113.195918642782
0.0303316033029999 110.515489333476
0.0303622072120071 107.452556789936
0.0303928117270267 116.163975443874
0.0304234168480633 106.605648239112
0.0304540225751246 109.313944939872
0.0304846289082152 109.953922157397
0.0305152358473424 107.598877722563
0.0305458433925114 112.74956542069
0.0305764515437286 99.0376866376028
0.0306070603009998 104.308440016698
0.0306376696643302 103.364693789816
0.0306682796337276 102.492622586579
0.0306988902091963 95.8172627790102
0.0307295013907438 101.586954552797
0.0307601131783746 108.602675479111
0.0307907255720956 107.373185685718
0.0308213385719123 113.905625312179
0.030851952177831 105.013353301712
0.0308825663898582 93.6040039240405
0.0309131812079999 100.717511283262
0.0309437966322605 107.513629559517
0.0309744126626474 93.0833098993272
0.0310050292991662 100.64239440881
0.0310356465418233 100.101984343847
0.0310662643906243 117.27581819448
0.0310968828455755 102.331525662653
0.0311275019066828 96.886944974821
0.0311581215739514 103.571714480989
0.0311887418473886 104.33947651841
0.0312193627269992 111.975906997374
0.0312499842127905 102.489731133556
0.0312806063047675 111.597894621684
0.0313112290029367 106.421887319544
0.0313418523073032 116.897882234873
0.0313724762178744 120.664045607621
0.0314031007346551 123.562836546681
0.0314337258576529 116.507968213271
0.0314643515868713 114.940993436145
0.0314949779223186 107.496131668764
0.0315256048639991 116.136525982403
0.0315562324119205 114.157535385639
0.0315868605660872 104.646376451695
0.0316174893265067 112.147412865462
0.0316481186931838 104.65134047721
0.0316787486661243 110.72565963648
0.0317093792453351 104.55172040862
0.0317400104308223 108.19986504148
0.0317706422225907 109.450507559197
0.0318012746206486 116.708606438383
0.0318319076249998 105.095809985114
0.0318625412356504 107.852012819395
0.0318931754526073 109.889440655048
0.0319238102758761 101.998887791488
0.0319544457054637 90.6829167235133
0.0319850817413745 106.943342796658
0.0320157183836156 95.1864903259799
0.0320463556321922 94.0429854071125
0.0320769934871112 109.090648594192
0.032107631948378 97.9749742836678
0.0321382710159994 109.175653922469
0.0321689106899807 103.546422999159
0.0321995509703275 101.679098533423
0.032230191857046 105.954127417241
0.0322608333501433 98.5141165018111
0.0322914754496237 102.762037011017
0.0323221181554956 106.858909839751
0.0323527614677628 108.878761912909
0.0323834053864314 107.999860272352
0.0324140499115082 109.607251213539
0.0324446950429993 105.0713139332
0.0324753407809104 105.540533072031
0.0325059871252473 111.607059158695
0.0325366340760167 107.295393569684
0.0325672816332232 117.863465643839
0.0325979297968744 113.762590574553
0.0326285785669751 106.293444549728
0.0326592279435327 114.345781081929
0.0326898779265516 112.094640261496
0.0327205285160386 114.792483229945
0.032751179711999 109.448859047304
0.0327818315144404 110.324735120986
0.0328124839233668 111.018368624862
0.0328431369387867 107.404294282304
0.0328737905607037 106.784740794913
0.0329044447891245 110.687187893542
0.0329350996240556 112.388489596922
0.032965755065502 111.904614707999
0.0329964111134713 107.915463125259
0.0330270677679687 116.919718742119
0.0330577250289998 124.124664470706
0.0330883828965702 116.495467565687
0.0331190413706874 112.130706917483
0.0331497004513559 116.911540728739
0.0331803601385832 112.907965357703
0.0332110204323743 101.821887319448
0.0332416813327356 114.454139278933
0.033272342839672 98.6368881529938
0.0333030049531913 95.9958103908692
0.033333667673298 105.826616876427
0.0333643309999996 119.594006711343
0.0333949949333008 110.403783916649
0.0334256594732074 107.292265362836
0.0334563246197268 112.3712418402
0.033486990372863 110.275921735206
0.0335176567326243 121.16203993798
0.0335483236990159 113.563195205831
0.0335789912720426 124.369934038443
0.0336096594517119 121.594795886955
0.0336403282380284 118.270611895245
0.0336709976309992 114.647168530607
0.0337016676306303 112.031089445025
0.0337323382369279 115.872669979326
0.0337630094498964 111.383529410471
0.0337936812695432 122.127368594017
0.0338243536958744 111.571770717905
0.0338550267288951 112.020093105641
0.0338857003686119 109.46742209455
0.0339163746150317 111.974683631875
0.0339470494681582 105.732654666472
0.0339777249279996 128.336713643579
0.0340084009945603 111.464715830808
0.0340390776678472 112.415431277555
0.034069754947867 110.339275058957
0.0341004328346235 112.202295053166
0.0341311113281246 114.523236014161
0.0341617904283753 113.889362613415
0.0341924701353822 115.993994350478
0.0342231504491513 100.919701081645
0.0342538313696887 115.962113345114
0.0342845128969993 125.406551617866
0.0343151950310903 123.574270588945
0.0343458777719672 125.577499006328
0.0343765611196361 122.838496291802
0.0344072450741029 116.615155087173
0.0344379296353747 122.239634564727
0.0344686148034554 121.465972003405
0.0344993005783525 120.917389380977
0.0345299869600713 113.114465592734
0.0345606739486184 119.235875207638
0.0345913615439994 132.203419158214
0.0346220497462204 114.916004292513
0.0346527385552877 117.489250943502
0.0346834279712063 121.587991034143
0.0347141179939838 123.953730243364
0.0347448086236242 114.796755133394
0.0347754998601359 113.093499164171
0.0348061917035225 122.134858566064
0.0348368841537916 124.883021932311
0.0348675772109481 117.215468064238
0.034898270874999 113.768289772625
0.0349289651459503 119.263714394499
0.0349596600238076 123.734945887379
0.0349903555085764 122.909164831747
0.0350210516002634 133.302513175056
0.0350517482988741 133.994290457436
0.0350824456044154 122.448410155257
0.0351131435168921 121.486708761652
0.0351438420363117 131.226999796795
0.0351745411626787 130.082454702271
0.0352052408959993 113.410877626622
0.0352359412362804 128.471152433201
0.0352666421835273 135.531965540991
0.0352973437377464 118.990037431627
0.0353280458989438 119.520296492448
0.0353587486671247 132.604334381098
0.0353894520422953 123.339996183366
0.0354201560244622 118.801561341984
0.035450860613631 117.497870131811
0.0354815658098087 125.941590465577
0.0355122716129994 121.87203480197
0.0355429780232106 119.283732651421
0.0355736850404471 123.06163583816
0.0356043926647165 139.044303057933
0.0356351008960227 131.185729831256
0.0356658097343745 131.642949546124
0.0356965191797758 118.586130595587
0.0357272292322326 122.916224352507
0.0357579398917516 122.519445511015
0.0357886511583383 126.77881071688
0.0358193630319987 113.478841341117
0.0358500755127407 112.925251710158
0.0358807886005676 118.979094837858
0.0359115022954863 126.857182454443
0.0359422165975034 127.930093912593
0.035972931506624 127.091480016571
0.0360036470228553 121.261370458852
0.0360343631462023 114.659676064863
0.0360650798766717 126.911758434703
0.0360957972142684 111.377172322425
0.0361265151589993 121.207346895982
0.0361572337108698 127.580825249301
0.0361879528698874 123.688194852403
0.0362186726360569 126.655682445942
0.0362493930093837 145.002890104282
0.0362801139898745 128.821584868381
0.0363108355775352 127.363804321537
0.0363415577723716 130.046082201079
0.0363722805743918 126.786727527718
0.0364030039835987 129.840418673365
0.0364337279999993 123.439588357746
0.0364644526236007 126.568589891053
0.0364951778544069 122.396830307505
0.0365259036924264 124.227206157868
0.0365566301376632 121.505955595686
0.0365873571901245 129.017773962729
0.0366180848498152 128.110211015166
0.0366488131167424 109.545567416356
0.0366795419909107 125.714210027337
0.036710271472328 125.519107847439
0.0367410015609997 121.739914356153
0.0367717322569303 125.874775645232
0.0368024635601278 128.854355609866
0.036833195470596 129.146205598475
0.0368639279883429 133.640816309631
0.0368946611133749 117.554118250433
0.0369253948456956 131.24160362691
0.0369561291853122 131.554011920558
0.0369868641322317 121.133107953124
0.0370175996864581 123.512477642741
0.0370483358479994 128.365974186903
0.0370790726168608 119.379433984021
0.0371098099930478 125.146307724372
0.0371405479765663 124.294509624505
0.0371712865674234 133.496082871647
0.037202025765624 139.438595872234
0.0372327655711751 128.896163429202
0.0372635059840829 128.049316936369
0.0372942470043514 129.03576497552
0.037324988631988 122.257932411777
0.0373557308669992 123.847974302766
0.0373864737093899 133.074504336744
0.0374172171591673 127.767913344358
0.0374479612163368 129.110763570356
0.0374787058809034 128.347637902736
0.0375094511528746 120.083784836777
0.0375401970322553 125.222402397628
0.0375709435190521 127.212777420598
0.0376016906132719 116.493794928766
0.0376324383149185 115.985640270385
0.0376631866239996 111.019849428944
0.0376939355405204 104.053905675753
0.037724685064487 120.503313895546
0.0377554351959062 118.032637101769
0.0377861859347837 128.204657378043
0.0378169372811241 130.948965476696
0.0378476892349351 126.205931223143
0.0378784417962224 121.346780749018
0.037909194964991 119.88952405814
0.037939948741248 126.502253497686
0.0379707031249996 126.839529718588
0.0380014581162502 138.466528878829
0.0380322137150073 130.124156830303
0.0380629699212762 131.536124068168
0.0380937267350632 124.128747976135
0.0381244841563746 139.032913958882
0.0381552421852154 132.410389992402
0.0381860008215928 115.848445914787
0.0382167600655112 124.089613181862
0.0382475199169785 121.20407352121
0.0382782803759991 124.259984170034
0.0383090414425806 121.516440922431
0.0383398031167272 126.63169081471
0.0383705653984465 132.878541035372
0.0384013282877433 130.703698357311
0.0384320917846239 127.026822375304
0.0384628558890954 127.915061169851
0.0384936206011626 133.031323146444
0.0385243859208315 121.607335898682
0.0385551518481084 129.776957343087
0.0385859183829993 125.377349886647
0.0386166855255103 120.836683517704
0.0386474532756471 124.556832729629
0.0386782216334165 124.038807406764
0.0387089905988236 126.945158007597
0.0387397601718742 139.318128318575
0.0387705303525754 124.613159710238
0.0388013011409321 126.958476901593
0.0388320725369513 119.553542939102
0.0388628445406387 125.362339193252
0.0388936171519993 124.819818398405
0.0389243903710403 112.735321332178
0.0389551641977668 129.635831132458
0.0389859386321862 127.368636658056
0.0390167136743036 124.902975163635
0.0390474893241244 120.270640063877
0.0390782655816555 130.342328658215
0.0391090424469023 137.680620783266
0.0391398199198714 131.647969161538
0.0391705980005679 129.183286944896
0.0392013766889996 123.942911689913
0.0392321559851707 133.19960380492
0.0392629358890875 132.503293702468
0.0392937164007565 133.890948626682
0.0393244975201832 128.605277185085
0.0393552792473744 134.459302541054
0.0393860615823356 132.12128573892
0.0394168445250727 129.913040074997
0.0394476280755913 141.912425956296
0.0394784122338983 124.57559693051
0.0395091969999994 124.814018117887
0.0395399823739007 132.741835880439
0.0395707683556075 123.745222290564
0.0396015549451267 139.224409655415
0.0396323421424631 139.865590090372
0.0396631299476242 144.529466720368
0.0396939183606149 135.152572378064
0.0397247073814426 145.335886624433
0.0397554970101117 130.787668669239
0.0397862872466286 129.406946796475
0.0398170780909994 129.581646954625
0.0398478695432301 130.991836105293
0.0398786616033275 120.244574228352
0.039909454271297 126.65269054038
0.0399402475471435 124.747520933138
0.0399710414308743 125.091348359943
0.0400018359224956 123.886076964068
0.040032631022012 127.987695859565
0.0400634267294313 123.968384380878
0.0400942230447581 127.325529114484
0.0401250199679997 140.00074775116
0.0401558174991603 133.246570868613
0.0401866156382473 138.594178397163
0.040217414385266 137.596131294723
0.0402482137402236 140.478094852519
0.0402790137031246 143.000265419296
0.0403098142739753 142.18066866229
0.0403406154527828 138.250440075949
0.0403714172395513 135.625363770552
0.0404022196342886 130.952974290391
0.040433022637 131.009564996398
0.0404638262476904 133.392287518052
0.0404946304663674 132.824266222246
0.0405254352930366 127.831842204059
0.0405562407277029 135.818051463174
0.0405870467703742 135.025305855471
0.0406178534210557 127.549458195047
0.0406486606797527 127.471755649137
0.0406794685464711 136.377816899398
0.0407102770212182 124.423156954751
0.0407410861039992 123.553357821938
0.0407718957948202 128.168889678308
0.0408027060936877 133.140336912037
0.0408335170006062 137.712752515514
0.0408643285155839 137.449060911475
0.0408951406386242 132.418147369406
0.0409259533697355 126.146906268801
0.0409567667089228 126.52584448229
0.0409875806561915 132.380493256707
0.0410183952115488 132.385574084064
0.0410492103749993 129.965078988981
0.04108002614655 135.98609692379
0.0411108425262072 133.39831607336
0.0411416595139769 128.846538462704
0.0411724771098634 123.253846863517
0.0412032953138741 144.669312449044
0.0412341141260153 135.467788906344
0.041264933546292 142.423293553849
0.0412957535747112 137.266642630745
0.0413265742112787 135.345366935246
0.0413573954559991 140.931834963541
0.0413882173088806 128.060091374247
0.0414190397699272 127.255909111946
0.0414498628391464 134.712370356861
0.0414806865165434 132.185503584654
0.0415115108021247 134.070620379073
0.0415423356958957 127.96290186778
0.0415731611978623 128.912190764187
0.0416039873080309 121.929236375809
0.0416348140264082 141.478991876547
0.0416656413529999 151.86752122322
0.0416964692878103 140.236619360199
0.0417272978308476 141.823826912166
0.0417581269821166 145.173251011184
0.0417889567416232 138.292569291106
0.0418197871093742 132.977742273369
0.0418506180853757 133.535550763992
0.0418814496696323 139.762298068136
0.0419122818621516 140.678113747074
0.0419431146629381 143.360626662297
0.0419739480719987 139.086191729244
0.0420047820893403 137.967001543994
0.0420356167149676 129.961400268007
0.0420664519488869 143.265539345674
0.0420972877911032 142.812510071903
0.042128124241624 139.899000485773
0.0421589613004552 135.691151834261
0.0421897989676026 141.932351123852
0.0422206372430713 146.677727887696
0.0422514761268686 148.430247667155
0.0422823156189993 139.465873768538
0.0423131557194705 134.194380972006
0.0423439964282872 145.903714353727
0.0423748377454567 146.774096943012
0.0424056796709835 141.050122032143
0.0424365222048744 146.252910092744
0.0424673653471352 145.470467234967
0.0424982090977717 143.420157602669
0.0425290534567913 142.847625930377
0.0425598984241986 147.289215402113
0.0425907439999995 136.644196369082
0.0426215901842002 146.960379709154
0.0426524369768071 139.065461773442
0.0426832843778262 136.68349622755
0.0427141323872628 142.514163139459
0.0427449810051246 148.049797930868
0.0427758302314156 139.418926389762
0.0428066800661424 141.360470808427
0.0428375305093114 139.369576962901
0.0428683815609283 143.258948959627
0.0428992332209994 140.864349936064
0.0429300854895305 154.217377460777
0.0429609383665275 143.600862857692
0.0429917918519962 146.628472934823
0.0430226459459433 152.973063394635
0.0430535006483739 135.983081122605
0.0430843559592957 148.537852272261
0.0431152118787124 133.128165575058
0.0431460684066314 155.085519675587
0.0431769255430581 145.699704498762
0.0432077832879993 142.357449079891
0.0432386416414599 140.11821273311
0.0432695006034476 132.074657967028
0.0433003601739665 128.902426045461
0.0433312203530234 141.413224779683
0.0433620811406243 144.020557767969
0.0433929425367752 143.477945085148
0.0434238045414823 155.633338437204
0.0434546671547513 155.305576044839
0.0434855303765886 150.85366495549
0.0435163942069992 156.187253559065
0.0435472586459904 142.173054191246
0.0435781236935671 135.70670496444
0.0436089893497362 140.845965843849
0.0436398556145035 145.401651881802
0.0436707224878745 147.206700130511
0.043701589969855 153.467089907015
0.0437324580604523 145.964864046443
0.0437633267596709 152.077265040298
0.0437941960675188 147.2902884099
0.0438250659839998 148.567884767315
0.0438559365091205 143.574111672326
0.0438868076428878 148.706229396866
0.043917679385306 147.112762194518
0.0439485517363833 155.562452050137
0.0439794246961247 152.787047998047
0.0440102982645354 147.953981417404
0.0440411724416221 150.643479291417
0.0440720472273917 143.045264259995
0.0441029226218481 145.593548617036
0.0441337986249992 153.116749334969
0.0441646752368505 145.676414571411
0.0441955524574076 149.477598615682
0.0442264302866762 157.273335377599
0.0442573087246634 149.346791659128
0.0442881877713739 146.61179112499
0.0443190674268155 152.847010923806
0.0443499476909925 153.714111984831
0.0443808285639113 157.798791520653
0.0444117100455785 154.926086967898
0.044442592135999 158.220963767089
0.0444734748351803 159.800285209854
0.0445043581431279 150.486996320084
0.0445352420598466 156.111061345594
0.0445661265853436 148.553514104309
0.0445970117196244 147.294848179612
0.044627897462695 151.041194461897
0.0446587838145622 149.891444996238
0.0446896707752318 147.243619586167
0.0447205583447083 149.423816883215
0.044751446522999 152.755146316982
0.0447823353101104 158.983526192636
0.0448132247060471 146.195784618239
0.0448441147108158 158.121632512505
0.0448750053244238 158.67883857515
0.0449058965468743 156.184877931641
0.0449367883781757 141.658052566131
0.0449676808183321 143.641719785268
0.0449985738673515 149.134914805501
0.0450294675252383 149.495275649884
0.0450603617919996 148.632774808809
0.0450912566676407 153.069320516483
0.0451221521521672 160.568435619416
0.0451530482455862 161.764860266066
0.045183944947903 155.405707622125
0.045214842259125 138.869177990475
0.0452457401792554 151.142651256071
0.0452766387083026 150.127027562293
0.0453075378462713 151.962799030656
0.045338437593168 153.290686460261
0.045369337948999 148.736379461019
0.0454002389137707 137.726442540262
0.0454311404874872 143.581619615205
0.0454620426701564 141.80092588116
0.0454929454617832 151.074490081534
0.0455238488623744 146.792686083107
0.0455547528719351 161.030485388102
0.0455856574904725 151.874564245833
0.0456165627179919 134.619370146933
0.0456474685544983 137.173246440161
0.0456783749999996 139.152866467025
0.0457092820545004 139.620303000021
0.0457401897180079 144.789008496535
0.0457710979905264 145.419284856528
0.0458020068720637 155.53835020711
0.0458329163626243 153.964648162617
0.0458638264622149 151.173437186981
0.045894737170842 147.701489051916
0.0459256484885118 157.667506446927
0.0459565604152283 143.924797116348
0.0459874729509995 149.66280433809
0.0460183860958301 157.78909023679
0.0460492998497275 158.066435368187
0.0460802142126961 147.936824663186
0.0461111291847436 158.868260090595
0.0461420447658747 160.463907852761
0.0461729609560952 151.959063047139
0.0462038777554126 158.633460788357
0.0462347951638311 157.86619340122
0.0462657131813582 149.381978582625
0.0462966318079998 142.69746770011
0.0463275510437606 144.486934953201
0.0463584708886473 147.737409402312
0.0463893913426663 148.763071191315
0.0464203124058231 143.299479977617
0.0464512340781242 152.347109898823
0.0464821563595756 161.065523279913
0.0465130792501824 162.751597792505
0.0465440027499509 161.698367103058
0.0465749268588884 153.084201548665
0.0466058515769991 149.949200134928
0.0466367769042906 151.91935106481
0.0466677028407678 154.393915116475
0.0466986293864367 156.953754519368
0.0467295565413033 165.531157569465
0.0467604843053742 161.351025202589
0.0467914126786548 160.49328957043
0.0468223416611531 163.237553757823
0.0468532712528718 157.759607294194
0.0468842014538184 150.997875148353
0.0469151322639993 154.261210170822
0.04694606368342 156.720620668518
0.0469769957120871 159.333535745981
0.0470079283500067 149.291045111367
0.0470388615971835 156.226466650572
0.0470697954536241 153.920349256095
0.0471007299193353 148.894664697752
0.0471316649943219 151.776791019343
0.0471626006785917 145.777090664887
0.0471935369721488 136.557347286919
0.0472244738749996 145.383960160826
0.0472554113871499 150.542438906124
0.0472863495086073 157.350254639482
0.0473172882393758 157.711778400118
0.0473482275794639 148.864076332885
0.0473791675288746 161.065454906575
0.0474101080876153 157.664461021695
0.0474410492556925 159.122525524883
0.0474719910331109 150.514353929323
0.0475029334198782 152.881422720589
0.0475338764159994 148.917593863142
0.0475648200214809 152.244772508011
0.0475957642363272 150.457194578144
0.0476267090605464 147.925280054358
0.0476576544941429 150.709090468376
0.0476886005371242 160.657162689856
0.0477195471894958 155.946608699454
0.0477504944512623 157.316831987925
0.047781442322431 148.763075684392
0.0478123908030081 156.331631882411
0.0478433398929989 159.711597120483
0.0478742895924102 153.360586903152
0.0479052399012476 160.324626712611
0.0479361908195164 163.549644482747
0.0479671423472237 154.387094305639
0.0479980944843743 159.778589431044
0.0480290472309752 152.643295722406
0.0480600005870329 160.0994194592
0.0480909545525516 164.702714944853
0.0481219091275382 158.193611164139
0.0481528643119993 157.939140024958
0.0481838201059399 159.954024412085
0.0482147765093672 167.198477540554
0.0482457335222863 159.532144888688
0.0482766911447032 166.17380074411
0.0483076493766241 158.202651905305
0.0483386082180552 162.85107304973
0.0483695676690021 160.525004703735
0.0484005277294715 161.319709121902
0.0484314883994688 158.135858564829
0.0484624496789996 154.376735604963
0.0484934115680706 156.439510342059
0.048524374066687 158.940345569674
0.0485553371748564 158.807177393255
0.0485863008925838 158.706451627101
0.0486172652198744 157.991609849483
0.0486482301567357 158.830355929853
0.0486791957031723 163.257711552555
0.0487101618591912 146.651942845724
0.0487411286247981 161.71849585578
0.0487720959999998 167.055715205577
0.0488030639848005 166.068080500958
0.0488340325792069 164.93061975111
0.0488650017832264 162.221864618911
0.0488959715968629 153.058210817392
0.0489269420201242 163.213530216127
0.0489579130530156 155.646673820961
0.0489888846955424 164.682931207729
0.0490198569477114 155.608329621058
0.0490508298095282 154.886559667552
0.0490818032809994 151.399670314758
0.0491127773621307 145.613090221009
0.0491437520529276 151.589070855115
0.0491747273533967 155.777934209742
0.0492057032635431 154.776321077929
0.0492366797833748 157.412362169072
0.0492676569128951 154.128992212926
0.0492986346521129 155.366644298616
0.0493296130010312 156.028629990026
0.0493605919596587 155.361402456608
0.0493915715279993 164.247245931576
0.0494225517060598 154.969060510684
0.0494535324938472 153.276181607325
0.0494845138913667 159.419445307746
0.0495154958986235 153.235730115356
0.0495464785156245 157.623685418848
0.049577461742375 158.360414287432
0.0496084455788823 163.953926162285
0.049639430025151 157.618703414266
0.0496704150811884 163.835018730347
0.0497014007469998 156.14929375337
0.0497323870225903 156.728383911292
0.0497633739079675 165.276263778694
0.0497943614031362 154.923781091196
0.0498253495081036 163.747583393805
0.0498563382228747 170.698171501345
0.0498873275474556 167.283116135409
0.0499183174818523 165.527256584156
0.0499493080260713 161.523797186189
0.0499802991801184 177.429530551443
0.0500112909439998 162.348798416676
0.0500422833177203 166.436070394561
0.0500732763012874 168.534799230569
0.0501042698947063 162.293364906277
0.0501352640979833 169.453936341163
0.0501662589111238 159.8490445006
0.0501972543341356 167.907221733609
0.0502282503670226 168.638940567625
0.0502592470097913 172.721847139097
0.0502902442624484 163.329030621633
0.0503212421249992 165.955559818805
0.0503522405974506 157.538493521073
0.0503832396798076 159.043091603557
0.0504142393720766 158.137339105061
0.0504452396742632 167.051367532487
0.0504762405863743 165.578553923662
0.0505072421084152 157.678476219265
0.0505382442403923 161.733464716721
0.0505692469823111 161.76113037237
0.0506002503341787 171.524353619225
0.050631254295999 156.934182851245
0.0506622588677803 160.018785690455
0.050693264049527 164.778248241399
0.0507242698412467 162.757870963605
0.0507552762429437 161.257889650849
0.0507862832546246 163.654164411037
0.0508172908762956 157.736594341451
0.0508482991079622 164.835500443199
0.0508793079496315 161.044045945381
0.050910317401309 149.946964310423
0.0509413274629995 159.443316768492
0.0509723381347102 164.132114953087
0.0510033494164475 167.871573768969
0.051034361308216 164.311771807774
0.0510653738100233 169.976725523755
0.0510963869218741 154.875649062014
0.0511274006437756 168.150206327727
0.051158414975732 167.135415758078
0.0511894299177513 165.585121459519
0.0512204454698379 170.299749329978
0.051251461631999 161.428061727735
0.0512824784042407 157.303667959041
0.0513134957865673 157.791308725255
0.0513445137789865 174.512933998708
0.0513755323815033 185.455875695002
0.0514065515941244 179.613059661413
0.051437571416856 181.172691039672
0.0514685918497026 182.349250320703
0.0514996128926712 183.752336127915
0.0515306345457685 175.285942784208
0.0515616568089989 170.15670747309
0.0515926796823702 171.479884949314
0.0516237031658877 171.967671122452
0.0516547272595567 173.356900994733
0.0516857519633831 170.012980264722
0.0517167772773746 176.455472247014
0.0517478032015348 167.327324880453
0.0517788297358721 165.437700754517
0.0518098568803917 171.74464435059
0.0518408846350984 175.247959075845
0.0518719129999996 168.957867953798
0.0519029419751003 175.628834020261
0.0519339715604068 168.207883400474
0.0519650017559266 158.864010529351
0.0519960325616637 163.209436805255
0.0520270639776244 162.222768335312
0.0520580960038157 167.074506261817
0.0520891286402421 186.99959378715
0.0521201618869112 161.805835753904
0.052151195743829 176.625425229155
0.0521822302109993 163.916735076711
0.0522132652884302 172.042491395952
0.0522443009761273 177.770467353731
0.0522753372740963 165.660095377257
0.0523063741823431 156.76927755235
0.0523374117008748 162.451526308945
0.0523684498296952 167.549955964903
0.0523994885688126 172.391713784238
0.0524305279182311 171.038247997
0.0524615678779576 166.679797279188
0.0524926084479989 165.393355492326
0.0525236496283605 162.025335886495
0.0525546914190473 163.300933402878
0.0525857338200661 172.975678030363
0.0526167768314232 173.44230548161
0.0526478204531242 174.974641765465
0.0526788646851755 167.887744047962
0.0527099095275825 186.134312342131
0.0527409549803515 167.128236674226
0.0527720010434884 168.698959441077
0.0528030477169992 182.868189624342
0.0528340950008901 169.723895459287
0.0528651428951676 170.686073988331
0.0528961913998365 167.239706868819
0.0529272405149037 174.92839261138
0.0529582902403742 180.820977259164
0.0529893405762547 171.695732178044
0.053020391522552 161.177137587638
0.0530514430792717 175.093235924753
0.0530824952464184 176.057911054787
0.0531135480239995 175.57433093704
0.05314460141202 169.204476096773
0.0531756554104872 170.12504158823
0.0532067100194065 179.041895810617
0.0532377652387834 175.984612261092
0.0532688210686243 176.686664287034
0.0532998775089353 179.104651371632
0.0533309345597226 173.48005377185
0.0533619922209911 176.139799780741
0.0533930504927489 179.189994898033
0.0534241093749994 178.851032565583
0.0534551688677505 179.933062571011
0.0534862289710072 177.028357700547
0.0535172896847758 176.799400302673
0.0535483510090633 175.979816507969
0.0535794129438747 177.60365504596
0.0536104754892153 175.200777193005
0.0536415386450924 177.753658597654
0.0536726024115111 181.09993867391
0.0537036667884783 177.368485580764
0.0537347317759991 183.55506837119
0.0537657973740806 175.488098024195
0.0537968635827277 169.168201415166
0.0538279304019462 179.149267506612
0.0538589978317434 172.8955243789
0.053890065872124 183.588432105177
0.0539211345230954 187.147223299939
0.0539522037846625 172.115334247655
0.0539832736568315 172.171302038292
0.0540143441396084 173.693152277081
0.0540454152329992 179.523353781083
0.0540764869370101 186.025090685761
0.0541075592516476 178.88109722674
0.0541386321769164 171.094306885089
0.0541697057128236 174.075237042371
0.054200779859374 175.649298577294
0.0542318546165752 170.076405502363
0.0542629299844319 167.269704750191
0.0542940059629518 176.759884678494
0.0543250825521389 172.342614329608
0.0543561597519995 177.633684655738
0.0543872375625403 179.446504986491
0.0544183159837672 171.96985404413
0.0544493950156864 173.263227290665
0.0544804746583034 172.671390481285
0.0545115549116246 169.222528879923
0.0545426357756553 168.990508473732
0.0545737172504026 172.425012080434
0.0546047993358709 173.309154166699
0.0546358820320683 174.660206936885
0.0546669653389995 177.308243821691
0.0546980492566704 174.917115830712
0.0547291337850873 178.615361549074
0.0547602189242562 176.84532194264
0.054791304674183 178.802562920102
0.0548223910348749 172.851072298792
0.0548534780063357 187.519290638362
0.0548845655885721 181.90976122462
0.0549156537815914 188.714065100392
0.0549467425853982 184.013285073217
0.0549778319999994 187.406949614072
0.0550089220254009 182.976005081745
0.0550400126616077 187.086412953188
0.0550711039086262 186.833638410154
0.0551021957664635 197.352302336905
0.0551332882351239 198.032417113703
0.0551643813146152 184.519144056028
0.0551954750049424 175.681382940598
0.0552265693061116 183.288260074051
0.0552576642181282 178.456895338086
0.0552887597409994 176.376432917667
0.0553198558747301 181.396790383542
0.055350952619327 174.949735178411
0.0553820499747968 175.010946779657
0.0554131479411433 173.34982783218
0.0554442465183747 171.20092037535
0.0554753457064951 186.311662330656
0.0555064455055125 175.003278323377
0.0555375459154317 185.647201204699
0.0555686469362586 177.017371387666
0.0555997485679998 179.81391285898
0.0556308508106607 181.418868449357
0.0556619536642471 183.285947272031
0.0556930571287662 188.452598259152
0.0557241612042239 180.540760534955
0.0557552658906244 182.060598252467
0.0557863711879751 181.286460510652
0.0558174770962823 170.765080261651
0.0558485836155511 177.11490523127
0.0558796907457879 172.042515694265
0.0559107984869998 168.0272445755
0.0559419068391902 169.373885903874
0.0559730158023677 166.644014230762
0.0560041253765362 184.113151932599
0.0560352355617033 180.844905803761
0.0560663463578743 180.038067472463
0.0560974577650555 173.459308874005
0.0561285697832528 182.695783329225
0.0561596824124713 190.280378093109
0.0561907956527188 191.645212221402
0.0562219095039993 176.218102767238
0.0562530239663208 176.965852952935
0.0562841390396873 183.764106180285
0.0563152547241066 183.465741583108
0.0563463710195833 189.77375936433
0.0563774879261241 191.661164430407
0.0564086054437349 184.384348073856
0.0564397235724228 186.224097056947
0.0564708423121911 187.396163407505
0.0565019616630484 195.666448369591
0.0565330816249994 183.278438634422
0.0565642021980506 185.356593830813
0.0565953233822072 178.615526124219
0.0566264451774767 194.070767117017
0.0566575675838636 198.204325066794
0.0566886906013742 190.428089228641
0.0567198142300158 183.814561313523
0.0567509384697924 185.264353825446
0.0567820633207115 191.559745676978
0.0568131887827785 193.011555943466
0.0568443148559996 185.759567815233
0.0568754415403803 190.247636998777
0.0569065688359269 178.802001323605
0.056937696742646 187.891389910359
0.0569688252605438 186.429268831553
0.0569999543896245 191.70309553457
0.0570310841298955 183.282693709927
0.0570622144813622 191.703826237308
0.0570933454440314 183.164316502367
0.057124477017908 190.537980949663
0.0571556092029994 192.671963685286
0.0571867419993108 190.825908817277
0.0572178754068473 188.480674980218
0.0572490094256162 187.728064897852
0.0572801440556232 191.396352143636
0.0573112792968737 185.405526214355
0.0573424151493758 192.49394990327
0.0573735516131326 177.882947232063
0.0574046886881514 181.718012123714
0.0574358263744383 182.706609553518
0.0574669646719992 185.713526117359
0.0574981035808404 187.565625617171
0.0575292431009673 191.461594119554
0.0575603832323863 177.290499657388
0.0575915239751033 186.203291597515
0.0576226653291236 181.229024334678
0.0576538072944552 189.539819401151
0.0576849498711025 180.073955960206
0.0577160930590719 175.337106961777
0.0577472368583687 185.79998985104
0.0577783812689991 189.043727468228
0.0578095262909701 188.794982693478
0.0578406719242868 191.767924107768
0.0578718181689566 186.123830827364
0.0579029650249836 186.193149977285
0.0579341124923745 187.560343732872
0.0579652605711354 182.10552574131
0.0579964092612721 180.141710101351
0.0580275585627914 180.80887353526
0.0580587084756985 178.969905619368
0.0580898589999999 182.348135457496
0.0581210101357001 188.483625957962
0.0581521618828074 178.789339249603
0.0581833142413259 180.442309504133
0.0582144672112632 183.850841779676
0.0582456207926247 186.219890248179
0.0582767749854156 191.955656544967
0.0583079297896421 192.594352394929
0.0583390852053114 192.363398751165
0.0583702412324276 189.766118696588
0.0584013978709996 191.838600433814
0.0584325551210307 190.371121359269
0.0584637129825274 189.065016991995
0.0584948714554967 196.669944084355
0.0585260305399431 186.998529600091
0.0585571902358741 183.402027154848
0.0585883505432958 191.11550682286
0.0586195114622128 187.444076912491
0.0586506729926313 186.417964930595
0.0586818351345584 189.590373588142
0.058712997887999 190.704772949978
0.0587441612529602 193.908896442448
0.0587753252294472 192.805630694813
0.0588064898174663 194.896531491844
0.0588376550170231 189.170707865368
0.0588688208281243 184.116495029158
0.0588999872507749 181.231315837101
0.0589311542849824 181.168143893869
0.0589623219307518 182.086562489988
0.0589934901880884 171.931874577332
0.0590246590569996 177.040089229778
0.05905582853749 174.534596127003
0.0590869986295672 174.227398180936
0.0591181693332368 173.38590421429
0.0591493406485035 179.338019837443
0.0591805125753742 175.956047112209
0.0592116851138553 181.222960898539
0.0592428582639521 197.547225375574
0.0592740320256711 190.125269910047
0.0593052063990185 187.905442403754
0.0593363813839993 183.195013761376
0.05936755698062 193.077127494002
0.0593987331888872 184.429759682306
0.059429910008806 183.576935295074
0.0594610874403834 180.328767066101
0.0594922654836245 176.524555537095
0.0595234441385351 183.16617813233
0.0595546234051225 178.567847243268
0.0595858032833911 187.731174035844
0.0596169837733485 184.354503486543
0.0596481648749998 182.044519823532
0.0596793465883505 190.286373025836
0.0597105289134077 198.872842224877
0.0597417118501762 192.638152077034
0.0597728953986634 188.288036610238
0.0598040795588741 186.590146796864
0.0598352643308158 189.842892377318
0.0598664497144925 186.557190436559
0.0598976357099112 194.659973454805
0.0599288223170784 199.039282001388
0.0599600095359991 192.587823920407
0.0599911973666798 194.636008554558
0.0600223858091276 187.883978417566
0.0600535748633462 190.046687216152
0.0600847645293434 193.067398367788
0.0601159548071242 190.936596871082
0.0601471456966953 183.922944338638
0.0601783371980624 193.041866038145
0.0602095293112317 195.884583110569
0.0602407220362087 195.380238679209
0.0602719153729991 187.699710881997
0.0603031093216106 185.734209266128
0.0603343038820472 183.874557384978
0.0603654990543163 181.124147253921
0.0603966948384234 184.482535923242
0.0604278912343745 188.04837276684
0.0604590882421754 189.058778229473
0.0604902858618319 191.881676060659
0.0605214840933512 187.952200340602
0.0605526829367387 187.683886458476
0.0605838823919993 195.262216405364
0.0606150824591405 195.629594724335
0.0606462831381671 196.68199620183
0.0606774844290863 197.124455526941
0.0607086863319031 185.69909108344
0.0607398888466246 188.397819500345
0.0607710919732558 183.554651825399
0.0608022957118024 184.049272754189
0.0608335000622713 195.868141634654
0.0608647050246682 191.616135586436
0.0608959105989995 203.630250376398
0.0609271167852707 208.127465397451
0.0609583235834876 204.878320988466
0.0609895309936563 206.258127354967
0.0610207390157833 193.174806493821
0.0610519476498739 190.22907303339
0.0610831568959358 206.919676567299
0.0611143667539724 200.547794049758
0.0611455772239913 203.247691070527
0.0611767883059982 196.086854975674
0.0612079999999993 187.74303121763
0.0612392123059999 200.436864181868
0.0612704252240075 210.024508553641
0.0613016387540268 207.477172222147
0.0613328528960635 195.28363709382
0.0613640676501244 198.111172548106
0.061395283016215 191.725243445885
0.0614264989943418 190.78164178806
0.0614577155845115 199.858924603039
0.0614889327867287 199.436071402829
0.0615201506009992 195.499165793649
0.0615513690273304 195.903244033161
0.061582588065727 201.461236181695
0.0616138077161963 207.647006025444
0.0616450279787433 198.253191727939
0.0616762488533746 205.941974119723
0.0617074703400953 204.646244253699
0.0617386924389125 200.788431389664
0.0617699151498308 201.266892768764
0.0618011384728585 214.368190054523
0.0618323624079997 206.047166404584
0.0618635869552606 206.797758973999
0.0618948121146474 194.947516521986
0.0619260378861661 197.285963086644
0.0619572642698227 203.025836431361
0.0619884912656252 204.86188890117
0.0620197188735756 200.18189665749
0.0620509470936825 195.694853956673
0.0620821759259516 193.585574481875
0.062113405370388 201.041130883417
0.0621446354269992 195.57964159739
0.0621758660957903 199.112462120788
0.0622070973767677 200.260599594112
0.0622383292699362 198.637426394823
0.0622695617753033 200.514521878562
0.062300794892874 200.682337729944
0.0623320286226552 205.982148198684
0.0623632629646527 196.346220246268
0.0623944979188715 196.287556022185
0.0624257334853184 218.492174678041
0.0624569696639992 208.574696616448
0.0624882064549199 204.112307263288
0.0625194438580878 201.762477916343
0.0625506818735067 202.184899845377
0.0625819205011835 200.236687887224
0.0626131597411244 195.73112438651
0.062644399593335 196.311150477569
0.0626756400578221 201.781232240193
0.0627068811345917 197.290390344177
0.0627381228236485 189.892883249939
0.0627693651249992 196.122496206146
0.0628006080386505 195.059559400029
0.0628318515646069 199.567014102859
0.0628630957028762 193.544287600434
0.0628943404534639 194.04875155047
0.0629255858163744 195.360695740596
0.0629568317916149 197.148281244761
0.0629880783791923 192.022258104207
0.0630193255791109 192.052660647384
0.0630505733913784 198.611294786475
0.0630818218159996 185.481707040917
0.0631130708529803 189.1276479558
0.0631443205023277 188.655170170287
0.063175570764046 193.045454642821
0.0632068216381432 194.852119064657
0.0632380731246247 195.513464175884
0.0632693252234953 192.802618665196
0.0633005779347626 197.793523389445
0.063331831258431 202.254298754088
0.0633630851945082 200.285660866059
0.0633943397429992 206.859617177491
0.0634255949039109 204.375732609403
0.0634568506772473 203.780647769078
0.063488107063016 203.522100973453
0.0635193640612233 198.150958717384
0.063550621671874 192.366595521247
0.063581879894975 195.491662366764
0.0636131387305325 194.715468120887
0.0636443981785513 198.316319020439
0.0636756582390385 193.48733203151
0.0637069189119992 200.068229670107
0.0637381801974402 204.37058882572
0.0637694420953674 200.023244589843
0.0638007046057865 194.619525823319
0.0638319677287036 196.623440283095
0.0638632314641243 201.382730663613
0.0638944958120551 203.401413450591
0.0639257607725021 213.812397781866
0.0639570263454718 201.650831934386
0.0639882925309683 196.187800028215
0.0640195593289992 204.699531982986
0.0640508267395703 192.914597109631
0.0640820947626868 200.268330885386
0.0641133633983562 206.278891844444
0.0641446326465835 203.333067808109
0.0641759025073745 198.689963440589
0.0642071729807354 199.146867447841
0.0642384440666721 198.89902100384
0.0642697157651912 202.949472672358
0.0643009880762981 190.641434486048
0.0643322609999994 198.978316140892
0.0643635345363007 197.53196771541
0.0643948086852071 199.829340455932
0.0644260834467267 194.597784046741
0.0644573588208632 195.720065077863
0.0644886348076243 203.218668668124
0.0645199114070156 203.807224033512
0.0645511886190424 206.076549222679
0.0645824664437114 206.605111253652
0.0646137448810278 203.022135947955
0.0646450239309992 203.613832125555
0.0646763035936306 204.818188209183
0.0647075838689275 202.855706209526
0.0647388647568965 212.518901790811
0.064770146257543 217.043564447385
0.0648014283708742 210.461178402241
0.0648327110968951 213.799556215074
0.0648639944356124 215.76144043256
0.0648952783870316 212.902264878869
0.0649265629511584 219.215330381415
0.0649578481279993 205.45312838645
0.0649891339175601 207.912134229824
0.0650204203198472 202.536690925428
0.0650517073348666 204.538394735153
0.0650829949626235 194.141887796677
0.0651142832031242 194.981372121497
0.0651455720563752 201.926581365492
0.065176861522382 201.384532211688
0.0652081516011511 200.315988077006
0.0652394422926883 205.504252830657
0.0652707335969998 198.468725803227
0.0653020255140901 200.262290520903
0.0653333180439672 199.468863483391
0.0653646111866357 200.054338991246
0.0653959049421036 199.69741641389
0.0654271993103748 202.282665326001
0.0654584942914556 205.135083907246
0.0654897898853526 208.424501219181
0.0655210860920712 217.840891046308
0.0655523829116185 200.60694144976
0.065583680344 207.381851775011
0.0656149783892206 210.880308343904
0.0656462770472872 199.885459235909
0.0656775763182065 202.890107891511
0.0657088762019831 196.307218544924
0.0657401766986241 198.966002854258
0.0657714778081353 206.823883969353
0.0658027795305225 208.112531202942
0.065834081865791 216.140627858494
0.0658653848139483 206.416285798953
0.065896688374999 207.054744622177
0.0659279925489502 196.120352587762
0.0659592973358076 200.327797327262
0.0659906027355763 204.13515671912
0.0660219087482634 214.613404692908
0.0660532153738742 214.419648233172
0.0660845226124154 207.80962522587
0.0661158304638929 200.778787927706
0.0661471389283117 193.433594983402
0.0661784480056784 193.592909161187
0.0662097576959995 189.088376886988
0.06624106799928 206.025517667292
0.0662723789155273 219.617824439458
0.0663036904447463 210.063254319354
0.0663350025869436 207.393878696518
0.0663663153421241 214.681640568581
0.0663976287102954 212.937678931046
0.0664289426914617 214.910237929252
0.0664602572856312 210.219434804191
0.0664915724928088 204.363926207286
0.0665228883129991 207.809814499497
0.0665542047462107 220.798250660169
0.0665855217924471 209.378870566089
0.0666168394517164 210.758872276901
0.0666481577240234 217.855853662133
0.0666794766093746 216.549660998668
0.0667107961077757 206.987311366371
0.0667421162192325 210.230886887356
0.0667734369437509 211.639781694916
0.0668047582813383 218.482858585869
0.0668360802320001 213.626434427642
0.0668674027957405 215.908157049838
0.0668987259725671 215.519561908113
0.0669300497624865 212.854246082998
0.0669613741655031 216.380445595312
0.0669926991816241 217.264559285054
0.0670240248108556 215.575376620882
0.0670553510532022 215.999378661245
0.0670866779086716 214.415639850864
0.0671180053772682 215.73262740953
0.0671493334589994 221.913185641781
0.0671806621538704 211.664322604068
0.0672119914618876 219.709627932889
0.0672433213830568 217.402492597203
0.0672746519173837 220.602637905865
0.0673059830648741 213.164308976579
0.0673373148255354 207.836907450945
0.0673686471993729 219.036464861584
0.0673999801863914 215.13866113001
0.0674313137865985 221.723904723034
0.0674626479999993 220.045931500078
0.0674939828266001 220.774732527656
0.0675253182664071 218.149317792771
0.0675566543194268 217.473250113189
0.0675879909856634 204.879405993548
0.0676193282651245 201.947256309068
0.0676506661578151 209.127671345544
0.0676820046637425 210.882702669787
0.0677133437829112 207.904773462008
0.0677446835153286 217.849349041389
0.0677760238609997 208.507658880047
0.0678073648199302 209.370592314956
0.0678387063921269 208.967871104033
0.0678700485775963 214.103777674696
0.0679013913763435 222.009966342621
0.0679327347883745 225.287312001989
0.0679640788136955 213.397213234885
0.0679954234523124 210.660159971673
0.0680267687042313 215.109809036056
0.0680581145694581 213.959730814977
0.0680894610479992 207.911107315829
0.0681208081398605 213.814177291862
0.0681521558450475 206.033066469492
0.0681835041635663 209.931830841502
0.0682148530954227 208.797616070979
0.0682462026406241 207.310706920218
0.0682775527991755 210.555464921164
0.0683089035710822 216.502792006032
0.0683402549563512 219.565431209848
0.068371606954988 213.758665995829
0.0684029595669993 220.001230157991
0.0684343127923899 225.461381550034
0.0684656666311678 222.830997504192
0.0684970210833367 225.59652390818
0.0685283761489035 217.759479655213
0.0685597318278743 223.681285161583
0.0685910881202552 224.375107004981
0.0686224450260524 221.074545746821
0.0686538025452714 216.328295239478
0.0686851606779184 213.710985507492
0.0687165194239991 218.585833607078
0.0687478787835196 211.596212231095
0.0687792387564872 214.369116353229
0.0688105993429065 220.796778788371
0.0688419605427832 220.1986820289
0.0688733223561246 217.010417908887
0.0689046847829349 218.067209198568
0.0689360478232224 217.694497034401
0.0689674114769907 219.876349424065
0.0689987757442487 223.539326366449
0.0690301406249996 219.679431818706
0.0690615061192505 208.629911034259
0.0690928722270074 209.015514531259
0.0691242389482762 205.904127749931
0.0691556062830634 215.480100514871
0.0691869742313744 212.867227935413
0.0692183427932156 218.60566616532
0.0692497119685924 216.84545838365
0.0692810817575114 228.024786146775
0.0693124521599779 220.297898400572
0.0693438231759993 221.221997243366
0.0693751948055803 217.996616713268
0.0694065670487276 222.668255384301
0.0694379399054461 227.774831015506
0.0694693133757431 214.43509287954
0.0695006874596238 213.433325226512
0.0695320621570958 227.706513769439
0.0695634374681626 220.991067209937
0.0695948133928315 224.436494171798
0.0696261899311084 221.274911369405
0.0696575670829991 221.935220295608
0.0696889448485103 216.609954696011
0.0697203232276478 215.423294651441
0.0697517022204166 213.349018945371
0.0697830818268232 224.954333034748
0.0698144620468746 221.288185136638
0.0698458428805748 225.598520232672
0.0698772243279322 227.092260337473
0.0699086063889514 225.506649883479
0.0699399890636385 218.348063242063
0.069971372351999 219.786754426834
0.0700027562540402 215.938945393511
0.0700341407697669 223.217534798298
0.0700655258991865 227.00327772262
0.0700969116423036 216.692932659358
0.0701282979991242 234.267011302896
0.0701596849696555 223.549615756496
0.0701910725539021 227.007338909791
0.0702224607518713 225.900341333322
0.0702538495635687 229.484194037493
0.0702852389889994 230.767577610481
0.0703166290281707 225.283483849672
0.0703480196810873 235.352714677689
0.070379410947756 219.336957645189
0.0704108028281831 216.705588150883
0.0704421953223748 225.197009502533
0.0704735884303354 220.870091384088
0.0705049821520722 219.230364942455
0.0705363764875915 223.412206271057
0.070567771436898 215.632749518053
0.070599166999999 221.816163222108
0.0706305631769009 215.376597145054
0.0706619599676073 223.498707404906
0.0706933573721265 233.917668825492
0.0707247553904633 228.336563885229
0.070756154022624 230.732149533232
0.0707875532686153 224.221987367547
0.0708189531284424 218.890908783218
0.0708503536021117 228.098556851249
0.0708817546896281 226.791697976444
0.0709131563909993 223.942210515342
0.0709445587062303 233.686252268506
0.0709759616353278 226.734718262876
0.0710073651782963 223.928364219587
0.0710387693351431 229.788095317408
0.0710701741058741 224.912614337147
0.071101579490495 231.775687615593
0.0711329854890119 228.154431344673
0.0711643921014316 226.85879728783
0.0711957993277583 230.519525735923
0.0712272071679996 229.103401349495
0.0712586156221602 211.999794160731
0.0712900246902475 230.835484419689
0.0713214343722666 231.448312039953
0.0713528446682237 221.768396006643
0.0713842555781246 228.401382175096
0.0714156671019752 226.958259048547
0.0714470792397828 225.397083316581
0.0714784919915512 223.736647781107
0.0715099053572885 231.631701395805
0.0715413193369994 224.630959083188
0.0715727339306904 232.279860086886
0.0716041491383674 225.988012883176
0.0716355649600362 225.497292628751
0.0716669813957032 227.182411866675
0.0716983984453747 221.142188462733
0.0717298161090554 231.40006177599
0.0717612343867524 236.528867631776
0.0717926532784712 233.538610305235
0.0718240727842183 231.533535806864
0.0718554929039992 215.332703874094
0.0718869136378206 211.902753990412
0.0719183349856878 224.133240217403
0.0719497569476062 232.805818784115
0.0719811795235834 228.670696616388
0.0720126027136243 229.201448444982
0.0720440265177353 228.705205840407
0.0720754509359225 227.070232980012
0.0721068759681915 225.209589236569
0.0721383016145483 225.53131109987
0.0721697278749993 225.502694030936
0.07220115474955 228.221937173941
0.0722325822382073 221.154890998266
0.0722640103409766 224.79192788189
0.0722954390578634 228.636282521822
0.0723268683888743 224.678659079265
0.0723582983340154 223.714913597335
0.072389728893292 226.393300565183
0.0724211600667115 237.639772015977
0.0724525918542787 235.319249262159
0.0724840242559994 229.349600353251
0.0725154572718805 226.277320893857
0.0725468909019271 231.697125822792
0.0725783251461456 231.78125447082
0.0726097600045437 229.934396874753
0.0726411954771247 231.331847588343
0.0726726315638955 235.106682111702
0.0727040682648623 233.189726547262
0.0727355055800312 237.294376509897
0.0727669435094083 236.119413272499
0.0727983820529994 232.869729504573
0.0728298212108105 225.841189939491
0.0728612609828472 231.132306238714
0.0728927013691163 225.426320538256
0.072924142369623 225.632426482491
0.0729555839843743 230.686321360556
0.0729870262133758 225.5624550007
0.0730184690566325 230.338211929626
0.0730499125141515 225.950661618885
0.0730813565859383 225.131891062482
0.0731128012719988 227.606335693853
0.0731442465723411 226.607963150895
0.0731756924869678 233.763393848867
0.0732071390158864 225.297299314821
0.0732385861591036 222.60289354665
0.0732700339166241 229.294785011955
0.0733014822884552 229.38786898525
0.0733329312746023 229.267719596526
0.0733643808750717 232.581076905992
0.0733958310898681 226.92343729048
0.0734272819189994 233.01129643205
0.0734587333624699 230.67898687957
0.0734901854202872 235.488825095742
0.0735216380924568 234.252753247888
0.0735530913789835 227.238149951244
0.073584545279874 231.811545594196
0.0736159997951351 225.877127777438
0.0736474549247721 228.884037231381
0.0736789106687914 228.205404982555
0.0737103670271986 223.854264939842
0.0737418239999992 226.372662772938
0.0737732815872005 223.553857319277
0.0738047397888071 222.351274427768
0.0738361986048262 225.448153425283
0.0738676580352637 227.121597792134
0.0738991180801247 232.211774546515
0.0739305787394153 230.118530225177
0.0739620400131424 232.842127855224
0.0739935019013109 240.147536174437
0.0740249644039281 237.490995199659
0.0740564275209994 239.148059017416
0.0740878912525302 231.507041293589
0.0741193555985271 229.945624049349
0.0741508205589962 231.450570378378
0.074182286133943 231.380613654239
0.0742137523233743 235.556221121012
0.0742452191272955 240.917566842207
0.0742766865457123 231.789230538135
0.0743081545786317 230.318149161753
0.0743396232260582 227.943096054967
0.0743710924879992 230.37161235945
0.0744025623644604 245.402629623698
0.0744340328554474 235.837181306925
0.0744655039609667 225.09172572412
0.0744969756810232 228.998897938715
0.0745284480156241 230.105825092317
0.0745599209647752 235.325029503002
0.0745913945284828 233.062129910396
0.0746228687067514 249.82185433226
0.0746543434995881 238.554535907409
0.0746858189069992 239.685981641887
0.07471729492899 230.641886042999
0.074748771565567 232.732466866143
0.0747802488167366 237.369450821306
0.0748117266825035 229.600394984608
0.0748432051628745 234.681896931325
0.0748746842578552 240.489614414481
0.0749061639674522 235.32307047122
0.0749376442916716 234.299411567055
0.0749691252305185 240.777886184433
0.0750006067839997 233.867718625651
0.0750320889521201 238.562876715476
0.0750635717348875 234.247625295025
0.075095055132306 237.77995754613
0.0751265391443838 241.374085558226
0.0751580237711242 229.685064934862
0.0751895090125356 228.888164762077
0.0752209948686224 236.155984709173
0.0752524813393907 230.258515469537
0.0752839684248483 232.588083843282
0.0753154561249996 239.418770186064
0.0753469444398502 233.842243550678
0.0753784333694074 228.597315890645
0.0754099229136762 238.522140596755
0.0754414130726633 239.503203674628
0.075472903846374 238.545139241533
0.0755043952348153 235.188164793353
0.0755358872379928 244.04258608657
0.0755673798559111 236.489831457486
0.0755988730885786 234.909877580968
0.075630366935999 239.324165987431
0.0756618613981803 243.297086911377
0.0756933564751276 244.592762018589
0.0757248521668465 243.068367671147
0.0757563484733434 239.472851295564
0.0757878453946239 232.536493416153
0.0758193429306953 237.982425681212
0.0758508410815621 239.490168847654
0.0758823398472313 241.674931633918
0.0759138392277083 233.03457131735
0.075945339222999 239.237834107112
0.0759768398331102 241.088398006096
0.076008341058047 236.133721436705
0.0760398428978166 240.644140084605
0.0760713453524238 239.545916209818
0.0761028484218744 249.84693935608
0.0761343521061755 241.379822269185
0.0761658564053322 235.337805322135
0.0761973613193512 233.707904984081
0.0762288668482387 236.492762181855
0.0762603729919995 242.269389366431
0.0762918797506402 236.477986981912
0.0763233871241673 238.184337193399
0.0763548951125861 243.410906563399
0.0763864037159032 238.65468992832
0.0764179129341245 243.121600894752
0.0764494227672556 242.460051150338
0.076480933215302 240.084768013415
0.0765124442782714 238.636737972669
0.0765439559561678 246.240050754481
0.0765754682489996 242.823435650635
0.0766069811567707 242.809636805989
0.0766384946794876 241.047720222454
0.0766700088171564 230.544922708879
0.0767015235697832 236.209415253754
0.0767330389373744 233.847936342736
0.0767645549199358 237.249357882276
0.0767960715174725 240.67198772257
0.0768275887299914 243.117244034975
0.0768591065574986 247.058463793199
0.076890624999999 243.00543359307
0.0769221440575001 243.315525908063
0.0769536637300072 249.182588323918
0.0769851840175266 240.558348026441
0.0770167049200632 245.753862450546
0.0770482264376244 242.518400045708
0.0770797485702148 243.6335009149
0.0771112713178419 246.412427462412
0.0771427946805119 241.922785476935
0.0771743186582283 244.917708781549
0.0772058432509994 239.536220835865
0.0772373684588303 238.732111453044
0.0772688942817272 236.906721019597
0.0773004207196968 241.525953869161
0.0773319477727437 251.230242581482
0.0773634754408743 242.847189106895
0.0773950037240956 235.139961739382
0.0774265326224119 245.695654042261
0.0774580621358314 242.29266817109
0.0774895922643586 238.260590883316
0.0775211230079995 239.228543588128
0.07755265436676 246.581898310196
0.0775841863406472 246.495068855817
0.077615718929666 240.707779199345
0.077647252133823 240.9802891876
0.0776787859531247 238.763259163772
0.0777103203875753 242.157781301355
0.0777418554371827 228.838887140975
0.0777733911019511 241.550417852805
0.0778049273818879 243.34667583335
0.0778364642769995 245.133868640041
0.0778680017872906 242.673167309281
0.0778995399127678 242.834571594157
0.0779310786534366 238.898128489446
0.0779626180093032 236.656751045365
0.0779941579803742 241.771921038294
0.0780256985666556 239.776531879068
0.0780572397681527 236.497279332189
0.0780887815848712 237.43897342295
0.0781203240168185 238.250749590633
0.0781518670639991 242.259530133054
0.0781834107264201 234.968218803762
0.0782149550040878 234.745632733559
0.0782464998970063 246.593723840291
0.0782780454051839 243.43548351716
0.0783095915286243 239.972873164072
0.0783411382673349 235.966218135636
0.0783726856213218 247.700902419458
0.0784042335905917 248.338722614179
0.0784357821751489 241.554971536202
0.0784673313749997 240.419725767804
0.0784988811901501 239.896813167745
0.0785304316206072 237.410298247883
0.0785619826663764 236.056878896201
0.0785935343274635 249.328768049241
0.0786250866038747 246.941555233258
0.0786566394956154 250.83613278856
0.0786881930026919 246.6770844133
0.0787197471251111 250.004995868837
0.0787513018628787 244.061876606792
0.0787828572159992 244.498811492813
0.0788144131844806 248.057619430935
0.0788459697683273 244.76767210923
0.0788775269675461 235.428772846198
0.0789090847821432 242.937213504125
0.0789406432121247 244.838940664247
0.0789722022574952 241.095182460562
0.0790037619182622 234.759874661312
0.0790353221944311 250.100115383127
0.0790668830860082 243.534084977578
0.0790984445929994 247.458077102042
0.0791300067154104 242.516754397356
0.0791615694532477 249.77375757782
0.0791931328065163 249.75254379131
0.0792246967752233 252.775576644889
0.0792562613593741 255.580050887552
0.0792878265589751 246.104158352886
0.0793193923740325 249.897011397368
0.0793509588045513 248.591009804388
0.0793825258505383 242.921029525346
0.0794140935119987 245.998060203218
0.0794456617889403 254.452682572557
0.0794772306813676 252.158138787586
0.0795088001892865 237.397869344303
0.0795403703127033 248.534261043671
0.0795719410516242 248.834667984797
0.0796035124060552 248.087832602235
0.0796350843760019 245.115072083977
0.0796666569614717 245.025705289367
0.0796982301624687 244.523729054137
0.0797298039789993 247.154588326948
0.0797613784110702 237.948414106714
0.079792953458687 247.033644550437
0.0798245291218564 246.687566447053
0.0798561054005835 248.992363865806
0.0798876822948744 242.37356721193
0.0799192598047354 248.765322381131
0.0799508379301721 243.134202704279
0.0799824166711913 247.92219929911
0.0800139960277981 251.885995874881
0.0800455759999992 243.5019600382
0.0800771565878007 245.457918513581
0.0801087377912071 254.821667953062
0.0801403196102264 242.372590646351
0.0801719020448628 237.275574265051
0.0802034850951248 254.269610936021
0.0802350687610158 249.29086424105
0.0802666530425424 251.017949357808
0.0802982379397115 252.216022024808
0.080329823452528 255.870935005743
0.0803614095809992 253.661285375806
0.0803929963251304 244.227112834353
0.0804245836849276 249.618710265792
0.0804561716603962 255.30590820021
0.0804877602515435 249.966437698514
0.080519349458374 246.024966195323
0.0805509392808952 251.071914531704
0.0805825297191125 250.254154552102
0.0806141207730318 254.740565964151
0.0806457124426581 258.630571217176
0.0806773047279992 251.863647363373
0.0807088976290598 259.054470415356
0.0807404911458478 251.001373811013
0.0807720852783667 251.108111772566
0.0808036800266236 248.848453107795
0.0808352753906245 249.786309854078
0.0808668713703751 254.32355653368
0.0808984679658824 257.546195623812
0.0809300651771518 241.150711857933
0.0809616630041885 252.060445435577
0.0809932614469993 243.06264611308
0.0810248605055905 247.736826584915
0.081056460179967 249.11938689716
0.0810880604701361 255.53171413025
0.0811196613761034 249.254532917887
0.0811512628978746 258.086345549863
0.0811828650354549 246.856198607617
0.0812144677888522 243.893918001422
0.0812460711580707 249.821540420627
0.0812776751431181 251.016881631813
0.0813092797439996 244.291807536715
0.0813408849607202 255.236686760599
0.0813724907932876 245.832213973124
0.0814040972417061 247.349397314134
0.0814357043059835 262.361527094994
0.0814673119861247 257.180737443621
0.0814989202821355 248.883392950808
0.0815305291940227 251.720240807211
0.0815621387217915 248.009086857351
0.0815937488654479 249.360762033253
0.0816253596249992 247.556499342869
0.0816569710004504 243.056025255088
0.0816885829918075 251.365974222206
0.0817201955990761 260.642433296758
0.0817518088222633 255.37747474788
0.0817834226613741 254.073212697405
0.0818150371164152 251.701377241847
0.0818466521873928 258.011937417402
0.0818782678743113 248.066824628209
0.0819098841771786 249.547642348169
0.0819415010959992 249.100789105006
0.0819731186307804 247.007609164891
0.0820047367815275 261.957946751843
0.0820363555482464 256.786827274506
0.0820679749309439 252.761282021691
0.0820995949296242 249.179811275049
0.082131215544295 253.254605874016
0.0821628367749623 256.315761896028
0.0821944586216314 250.189476417823
0.0822260810843083 251.301836974017
0.0822577041629995 245.939166018886
0.0822893278577104 245.578187198033
0.0823209521684471 247.572651290489
0.082352577095216 249.46683430246
0.0823842026380237 246.308309074159
0.0824158287968741 253.802763490199
0.0824474555717758 259.259233908756
0.082479082962732 261.670869925584
0.0825107109697514 253.691880232976
0.082542339592838 255.890930889151
0.0825739688319997 250.064700406435
0.0826055986872407 259.91981019771
0.0826372291585673 256.784496514431
0.0826688602459866 257.745399761926
0.0827004919495031 261.021377782109
0.0827321242691244 259.146550201449
0.0827637572048554 255.953550829489
0.0827953907567025 260.823674531645
0.0828270249246712 257.715357700965
0.0828586597087682 258.178476272166
0.0828902951089989 257.038147977301
0.0829219311253708 259.416215735564
0.0829535677578874 254.866181149312
0.0829852050065565 259.454866024143
0.0830168428713831 249.384468306112
0.0830484813523744 255.410097646123
0.0830801204495351 251.694515118449
0.0831117601628726 250.641128714504
0.0831434004923917 262.778441020244
0.0831750414380983 259.676528136365
0.0832066829999991 261.218075321175
0.0832383251781004 259.522439030854
0.0832699679724069 264.635340850577
0.0833016113829266 260.861905142868
0.0833332554096637 268.446286060384
0.0833649000526244 265.945196200252
0.0833965453118153 264.121108665395
0.0834281911872421 266.538265138219
0.0834598376789113 258.530315460458
0.0834914847868284 262.852418557556
0.0835231325109995 265.078741296561
0.0835547808514301 261.564621232028
0.0835864298081268 257.254132596876
0.0836180793810959 254.340162405087
0.0836497295703431 249.982335083396
0.0836813803758747 250.813529548964
0.0837130317976955 249.310347354363
0.0837446838358122 255.519148993177
0.0837763364902313 260.06948631433
0.0838079897609576 256.00345982107
0.0838396436479998 260.129366074247
0.0838712981513605 254.276472654763
0.0839029532710474 261.03798960299
0.0839346090070663 252.140070317332
0.0839662653594231 258.711039233235
0.0839979223281242 260.203570828071
0.0840295799131752 259.330589460629
0.0840612381145824 253.233991571394
0.0840928969323513 260.193596858202
0.0841245563664883 260.124659737691
0.0841562164169989 261.29899428379
0.08418787708389 260.590856282712
0.0842195383671678 257.003517350008
0.0842512002668365 254.727907336286
0.0842828627829029 261.52144296486
0.0843145259153744 256.369676344569
0.0843461896642548 262.711030561387
0.0843778540295528 253.568556878191
0.0844095190112717 262.05439721917
0.0844411846094184 263.885957919618
0.0844728508239994 260.167616223263
0.0845045176550201 265.653159538072
0.0845361851024873 267.375385922697
0.0845678531664062 259.518503179757
0.0845995218467837 252.553354568838
0.0846311911436244 248.914353621577
0.0846628610569353 261.544972234673
0.0846945315867218 255.770150899485
0.0847262027329911 256.932326390896
0.0847578744957485 263.431882700495
0.0847895468749995 264.332644724184
0.0848212198707501 262.186046224001
0.0848528934830073 255.930194100321
0.0848845677117758 260.214637178078
0.0849162425570638 256.561238611832
0.0849479180188746 258.568545188514
0.0849795940972153 259.955458023587
0.0850112707920925 260.643477915309
0.0850429481035111 260.621845493184
0.0850746260314783 258.410868584182
0.0851063045759999 257.940149100413
0.0851379837370805 262.94840477206
0.0851696635147272 256.513832184577
0.0852013439089463 263.800194768104
0.0852330249197428 262.067689460689
0.0852647065471241 254.242726025164
0.0852963887910954 261.407470141239
0.0853280716516625 258.922533485618
0.0853597551288312 258.476306110951
0.0853914392226083 254.400198274251
0.085423123932999 259.990503059914
0.0854548092600105 254.477986075139
0.0854864952036476 255.717677894252
0.0855181817639161 254.078007790451
0.0855498689408236 258.737782603285
0.0855815567343741 267.358787460475
0.0856132451445752 250.46099257626
0.0856449341714323 260.94370299941
0.0856766238149516 252.752828819087
0.0857083140751387 257.204966053444
0.0857400049519994 258.368526841676
0.0857716964455402 256.803099653111
0.085803388555767 255.887737207798
0.0858350812826869 260.814583054877
0.0858667746263033 259.070340795464
0.085898468586624 273.144369965163
0.0859301631636553 261.338900795813
0.085961858357402 261.646175258135
0.0859935541678709 257.313133489105
0.0860252505950685 266.383969389745
0.0860569476389992 266.717333381442
0.0860886452996703 262.992549598555
0.086120343577087 265.20911182119
0.0861520424712563 269.056105085955
0.0861837419821836 265.282569296354
0.0862154421098746 270.174558356972
0.0862471428543359 272.303327091718
0.0862788442155722 267.265438448926
0.0863105461935918 273.527315976302
0.0863422487883982 260.787369745938
0.0863739519999993 261.953326006192
0.0864056558284003 263.463904481455
0.0864373602736075 267.272328080049
0.0864690653356264 257.797177231543
0.0865007710144627 253.24886324003
0.0865324773101241 269.066810575804
0.0865641842226157 265.152662936214
0.0865958917519425 262.150582060498
0.0866275998981114 264.989660133253
0.086659308661128 267.217646038866
0.0866910180409994 271.565278739212
0.0867227280377301 265.486840869477
0.0867544386513275 275.529147825867
0.0867861498817966 270.006509508258
0.0868178617291433 280.080162054309
0.0868495741933746 274.117474733494
0.0868812872744951 269.253043862814
0.0869130009725123 268.844258039458
0.0869447152874316 267.715416008592
0.0869764302192586 266.106241103903
0.0870081457679992 259.769059254634
0.0870398619336599 268.74734145095
0.087071578716247 265.099425389445
0.0871032961157663 260.652035218514
0.0871350141322236 264.817711871037
0.0871667327656243 270.401512805782
0.0871984520159752 255.140021911025
0.0872301718832824 264.887127774801
0.087261892367551 273.528491985486
0.0872936134687887 273.787504797459
0.0873253351869998 276.323335329899
0.0873570575221905 272.743435342227
0.0873887804743676 268.426562378573
0.0874205040435363 267.708704342399
0.0874522282297026 273.135059941045
0.0874839530328746 270.260658845873
0.0875156784530555 283.217661085551
0.0875474044902524 272.371996856375
0.0875791311444714 271.90519216153
0.0876108584157178 267.553250349871
0.0876425863039993 276.808273134157
0.0876743148093204 267.726821455615
0.0877060439316872 275.940769776467
0.0877377736711062 267.294410284342
0.0877695040275834 274.014773133505
0.0878012350011239 270.956777259438
0.0878329665917357 277.271389241818
0.0878646987994229 277.679264436273
0.0878964316241915 275.053882983667
0.0879281650660484 265.795667995928
0.0879598991249992 273.009475373148
0.0879916338010496 267.585665050033
0.088023369094208 272.39793182808
0.0880551050044767 269.032194054156
0.0880868415318632 268.839287781598
0.0881185786763743 275.742289320511
0.0881503164380151 269.283708458268
0.0881820548167922 261.055624891592
0.0882137938127112 276.13373693016
0.0882455334257786 264.880964808486
0.0882772736559991 268.835224597043
0.0883090145033805 271.227314037674
0.0883407559679268 264.40052438866
0.0883724980496461 270.163475272571
0.0884042407485439 273.660253857197
0.0884359840646243 267.326699629096
0.0884677279978956 260.08741390224
0.0884994725483621 267.859557584919
0.0885312177160307 261.56456124071
0.0885629635009084 264.746350040496
0.0885947099029996 266.166967108843
0.0886264569223103 270.533759274319
0.0886582045588475 267.7292784356
0.0886899528126162 272.100526366318
0.0887217016836233 277.590097188694
0.0887534511718746 273.689530170273
0.0887852012773755 259.924123054055
0.0888169520001323 264.543452130726
0.088848703340151 266.762704187237
0.088880455297438 267.138555554671
0.088912207871999 276.544341382002
0.0889439610638409 268.529800591069
0.0889757148729673 262.824744411088
0.0890074692993861 268.571436236727
0.0890392243431033 264.166881603601
0.0890709800041241 276.410983735947
0.0891027362824555 271.25720099709
0.0891344931781026 268.896502974612
0.0891662506910713 275.439528542543
0.0891980088213684 271.245590009582
0.089229767568999 274.98561994596
0.08926152693397 272.934222188173
0.0892932869162877 270.439069248781
0.0893250475159568 263.774745616725
0.0893568087329832 271.348800366579
0.0893885705673743 274.594306541512
0.089420333019135 277.652162707597
0.0894520960882723 270.40673243374
0.0894838597747918 274.552233625952
0.0895156240786983 274.663413961205
0.0895473889999991 268.723261518138
0.0895791545387001 276.49263886689
0.089610920694807 271.26771586279
0.089642687468326 280.717467998031
0.0896744548592632 287.192595625259
0.0897062228676244 278.040790654288
0.0897379914934155 270.917227137305
0.0897697607366421 272.537983693356
0.0898015305973112 276.395260369744
0.0898333010754284 279.241082872078
0.0898650721709995 270.240356034291
0.0898968438840306 278.193405442736
0.0899286162145274 272.544756231689
0.0899603891624963 277.892040184415
0.089992162727943 271.840381370028
0.0900239369108742 272.182361327206
0.0900557117112952 277.980742759469
0.0900874871292121 282.582254224972
0.0901192631646313 281.167804328801
0.090151039817558 279.150616214052
0.0901828170879992 278.467820948432
0.0902145949759607 283.044346705856
0.0902463734814474 269.702117435788
0.0902781526044663 269.534171843882
0.0903099323450232 274.341507535245
0.0903417127031243 291.838312460982
0.0903734936787755 285.59216474421
0.0904052752719824 277.377991427156
0.0904370574827518 274.381791295367
0.0904688403110883 278.525742992496
0.0905006237569994 282.187726465532
0.0905324078204901 278.022251015283
0.0905641925015672 274.008375236528
0.0905959778002365 265.976941552325
0.0906277637165034 268.938059370009
0.0906595502503742 275.404897623552
0.0906913374018548 279.625112733372
0.0907231251709522 278.824903629576
0.0907549135576717 279.592859068133
0.0907867025620184 273.790801657858
0.0908184921839994 281.481066978007
0.0908502824236201 283.411560285181
0.0908820732808875 277.178099497883
0.0909138647558057 278.635551549001
0.0909456568483835 283.118859921529
0.0909774495586246 281.130939473322
0.0910092428865354 277.925548000131
0.0910410368321224 278.990233436423
0.0910728313953912 278.284109861064
0.0911046265763484 270.552780842125
0.0911364223749995 274.86327457154
0.0911682187913505 277.801866172
0.0912000158254072 277.605356531933
0.0912318134771761 285.725190719585
0.0912636117466632 277.895706338318
0.0912954106338741 272.083502739125
0.0913272101388154 277.092114854811
0.0913590102614923 280.069380519789
0.091390811001911 279.456892609059
0.0914226123600783 272.655122038221
0.0914544143359988 269.317694829396
0.09148621692968 276.823578856531
0.0915180201411279 275.907627352281
0.0915498239703465 283.803140301081
0.0915816284173434 278.119041660962
0.0916134334821241 273.399517963542
0.0916452391646954 276.393898401343
0.0916770454650626 279.216580558611
0.0917088523832317 278.532702951025
0.0917406599192081 276.701908134938
0.0917724680729994 270.144325251662
0.0918042768446103 274.338486832898
0.091836086234047 269.52751570948
0.0918678962413164 273.802906986577
0.0918997068664236 285.046380005785
0.0919315181093743 283.372031994325
0.0919633299701754 275.113561994284
0.0919951424488319 279.65769610725
0.092026955545351 284.104167429736
0.0920587692597388 272.480802572097
0.0920905835919994 279.823950297837
0.0921223985421404 278.773169984408
0.0921542141101672 281.330798405866
0.0921860302960862 282.196245737521
0.092217847099904 288.552297050517
0.0922496645216246 277.049546165791
0.0922814825612552 281.56817396491
0.0923133012188027 272.203205284583
0.0923451204942709 273.419294151982
0.0923769403876682 280.220818896829
0.092408760898999 275.254922547706
0.0924405820282708 282.17571928343
0.0924724037754872 276.267618633273
0.0925042261406563 277.78116842433
0.0925360491237828 275.603209248104
0.092567872724874 281.895195628229
0.0925996969439358 281.568873390868
0.0926315217809726 272.058703118814
0.0926633472359917 277.995461071418
0.0926951733089982 277.844071560796
0.0927269999999993 284.890232678472
0.0927588273090003 276.254938750902
0.0927906552360076 277.817744690614
0.0928224837810268 279.363599156426
0.0928543129440633 284.931208373513
0.0928861427251242 278.731208540797
0.0929179731242153 278.720716790102
0.0929498041413428 282.677878447246
0.0929816357765112 280.832164341587
0.0930134680297281 276.533459722239
0.0930453009009993 273.062364173746
0.0930771343903301 275.11384879297
0.0931089684977271 283.772421964288
0.0931408032231968 274.84267554192
0.0931726385667433 272.974917368279
0.0932044745283747 277.344471168455
0.0932363111080954 282.273361188704
0.0932681483059123 274.92079044369
0.0932999861218313 282.935500878485
0.0933318245558585 277.448872350079
0.0933636636079997 289.843354932335
0.0933955032782603 276.812155073057
0.0934273435666471 280.906174366876
0.0934591844731665 278.104065622037
0.0934910259978234 274.643946859517
0.0935228681406244 281.737248694733
0.0935547109015755 290.118689030787
0.0935865542806824 287.806040738068
0.093618398277951 274.838769266431
0.0936502428933881 276.303612488276
0.0936820881269997 281.438346599081
0.0937139339787902 281.889307092321
0.0937457804487678 278.59405891896
0.0937776275369362 284.050823652336
0.0938094752433034 281.039217627602
0.0938413235678741 282.264178556334
0.0938731725106554 278.016509614866
0.0939050220716529 283.521550781882
0.0939368722508713 290.078059480039
0.0939687230483179 283.785019220556
0.0940005744639993 292.891570756436
0.0940324264979204 283.367208186467
0.0940642791500874 294.326401973825
0.0940961324205067 285.657586721126
0.0941279863091835 280.034136329986
0.0941598408161242 279.50555266192
0.0941916959413351 283.673602892774
0.0942235516848222 286.66701117325
0.0942554080465916 286.231133184887
0.0942872650266486 282.329479715221
0.0943191226249991 272.839694170129
0.0943509808416496 280.786083506793
0.0943828396766073 282.769201037331
0.0944146991298767 286.276354722743
0.0944465592014634 294.222485938521
0.0944784198913744 286.483966580209
0.094510281199615 284.914181419076
0.0945421431261921 282.803052945674
0.0945740056711109 281.498926393428
0.0946058688343785 282.45247830831
0.0946377326159997 289.656208155462
0.0946695970159803 287.275824864326
0.0947014620343276 281.355980381483
0.094733327671046 281.09552022944
0.0947651939261434 289.805968688058
0.0947970607996245 288.966674668785
0.0948289282914956 291.098902818544
0.094860796401762 288.133314992114
0.0948926651304307 293.888960448926
0.0949245344775078 289.804149064042
0.0949564044429991 300.292742888737
0.0949882750269104 295.741361844446
0.0950201462292477 290.72825841774
0.0950520180500161 294.014540394534
0.0950838904892233 286.036595496041
0.0951157635468736 290.345647478081
0.0951476372229756 294.367873626144
0.0951795115175327 294.399218503343
0.0952113864305515 286.388843332089
0.0952432619620383 287.743538071482
0.0952751381119992 283.001579334552
0.0953070148804402 287.001292005001
0.0953388922673672 294.891192860306
0.0953707702727866 283.939606653053
0.0954026488967032 286.426454191615
0.0954345281391245 287.624298487393
0.0954664080000549 286.436857947612
0.0954982884795021 283.211549506875
0.0955301695774713 284.526588095582
0.0955620512939686 283.928319976574
0.0955939336289993 290.467529781426
0.0956258165825703 289.787968548225
0.0956577001546868 291.646881197023
0.0956895843453567 289.008560748298
0.0957214691545838 293.126853970602
0.0957533545823741 291.881261248561
0.0957852406287354 288.820468485436
0.0958171272936721 291.411943770187
0.0958490145771913 293.550046723948
0.0958809024792988 290.021281090268
0.0959127909999995 285.982648144193
0.0959446801393002 287.975261412538
0.0959765698972075 295.286158654046
0.0960084602737261 288.525797569291
0.096040351268863 285.676774917409
0.0960722428826244 289.306904345059
0.0961041351150154 287.705982081504
0.0961360279660421 288.104110603318
0.096167921435711 291.146876135026
0.0961998155240278 297.683848008112
0.0962317102309997 288.526601207877
0.0962636055566306 292.626693175373
0.096295501500927 288.529719669273
0.0963273980638966 289.921201454752
0.096359295245543 294.240857085597
0.0963911930458743 291.963214808046
0.0964230914648954 281.16575439144
0.0964549905026126 286.793727933701
0.0964868901590312 293.800035235633
0.0965187904341585 295.213430729917
0.0965506913279988 298.900118972031
0.0965825928405601 287.914454378742
0.0966144949718473 291.061509755036
0.0966463977218668 290.03832630034
0.0966783010906231 290.174581089081
0.0967102050781243 288.494874582845
0.096742109684375 292.786637624749
0.0967740149093821 283.147574987219
0.0968059207531518 282.489108238908
0.0968378272156882 286.418967730125
0.0968697342969997 284.913418033669
0.0969016419970901 284.001167225024
0.0969335503159674 284.952645237509
0.0969654592536362 287.939445656337
0.0969973688101036 297.823801898904
0.0970292789853746 291.372908974893
0.0970611897794555 299.753197408221
0.0970931011923521 292.01419871041
0.0971250132240711 289.114494109119
0.0971569258746188 286.086066239791
0.0971888391439992 284.528953291873
0.09722075303222 289.431207667795
0.0972526675392873 292.91997423625
0.097284582665206 292.572875785446
0.0973164984099828 287.589032179597
0.0973484147736245 294.430914783791
0.0973803317561353 292.998099865609
0.0974122493575222 287.801770026233
0.0974441675777913 297.221674356521
0.0974760864169484 291.165579290881
0.0975080058749995 295.910429485631
0.0975399259519507 287.713916136533
0.0975718466478077 296.797483243397
0.0976037679625763 293.13653188823
0.0976356898962638 289.371581874285
0.0976676124488742 294.676643811376
0.0976995356204153 298.363623021353
0.0977314594108922 297.355941772989
0.0977633838203116 294.223605557622
0.0977953088486783 292.674137206241
0.0978272344959987 304.082175250154
0.0978591607622799 292.756863708517
0.0978910876475272 295.52366149639
0.0979230151517465 292.200356716162
0.0979549432749434 288.968945831544
0.0979868720171242 293.396942923741
0.0980188013782954 297.853974179835
0.0980507313584622 297.464010932192
0.0980826619576316 296.58292723389
0.098114593175809 301.208664635227
0.0981465250129991 291.138525468795
0.0981784574692106 293.658562322037
0.0982103905444474 293.574848162756
0.098242324238716 292.548505490221
0.0982742585520235 299.259669296979
0.0983061934843745 304.651721800825
0.0983381290357752 295.476843965729
0.0983700652062323 301.220829429081
0.098402001995751 290.574510914044
0.0984339394043383 292.518058671617
0.0984658774319995 282.899664863725
0.0984978160787404 291.341037092426
0.0985297553445672 294.174321921023
0.0985616952294863 292.019186464739
0.0985936357335031 293.156963279751
0.0986255768566244 287.864713624816
0.0986575185988559 293.783719207682
0.0986894609602025 297.904670310952
0.098721403940671 295.734570108279
0.0987533475402682 297.994844437763
0.0987852917589986 299.58823971717
0.0988172365968707 294.346679555243
0.0988491820538877 299.173652929196
0.0988811281300563 292.339170070197
0.0989130748253833 294.278123250774
0.098945022139874 304.881013265868
0.0989769700735352 287.526193749689
0.0990089186263723 300.563816803979
0.0990408677983914 298.693289170796
0.0990728175895983 293.90235538298
0.0991047679999992 299.210228108214
0.0991367190296002 299.085018676184
0.099168670678407 295.254235278381
0.0992006229464268 300.949078960567
0.0992325758336636 296.880031168572
0.0992645293401244 299.184134805536
0.0992964834658152 290.756560734432
0.0993284382107418 298.981020154043
0.0993603935749117 297.079123021793
0.0993923495583287 306.939762952917
0.0994243061609994 303.626628016384
0.0994562633829303 296.244387911869
0.099488221224127 297.918082673234
0.0995201796845964 295.999853543673
0.0995521387643434 302.414243079579
0.0995840984633747 292.78242494737
0.0996160587816952 288.566919019614
0.0996480197193124 288.480685216345
0.099679981276231 292.042638412604
0.0997119434524583 288.66962440169
0.0997439062479999 293.756552188417
0.0997758696628606 295.598118160687
0.0998078336970472 299.270033348417
0.0998397983505661 289.829087682474
0.0998717636234228 286.368658404876
0.0999037295156244 287.751523018895
0.0999356960271758 287.814642467475
0.0999676631580824 295.497868820616
0.0999996309083517 288.883231845147
