y, z, Average_Vx, Average_Vy, Average_Vz, AtomCount
0.498383 0.499866 -0.000429125 -0.000155424 -0.000654636 19.0667
1.49515 0.499866 -0.00108289 0.000517973 0.00104304 12.0422
2.49192 0.499866 -0.000169765 0.000837276 -0.000531778 23.0808
3.48868 0.499866 -0.000592186 -0.000107606 7.80544e-05 12.5439
4.48545 0.499866 -0.000512247 0.0017359 0.000182211 11.0386
5.48221 0.499866 -0.00106201 -0.000730287 -1.86163e-05 7.52634
6.47898 0.499866 -0.000916672 0.000234199 -0.000933859 8.0281
7.47575 0.499866 -1.13427e-05 -0.000339388 -0.0001966 13.0457
8.47251 0.499866 0.000713392 0.00013166 -0.00128084 18.0632
9.46928 0.499866 -0.000225544 -0.000587381 -0.000965591 9.53337
10.466 0.499866 -0.000326101 0.000716716 -0.00110279 11.0386
11.4628 0.499866 -0.000186802 -0.000189459 -0.0010331 16.558
12.4596 0.499866 0.000974467 -0.000209736 0.000360112 8.0281
13.4563 0.499866 0.000821726 -0.000160508 -0.000593958 11.5404
14.4531 0.499866 7.74511e-05 0.000787414 -0.000221176 6.52283
15.4499 0.499866 0.000889362 -0.0008118 -0.000909424 10.5369
16.4466 0.499866 -0.000406803 0.000372354 2.4996e-05 20.572
17.4434 0.499866 -0.000535741 -0.000102261 -0.000615093 10.0351
18.4402 0.499866 0.000148389 -0.000139337 -0.000470998 6.52283
19.4369 0.499866 0.000336905 0.000594642 -0.000633288 16.558
20.4337 0.499866 -0.000157849 0.000566779 -7.03085e-05 11.0386
21.4305 0.499866 -0.000456345 -0.00113749 0.000266031 7.02459
22.4272 0.499866 -0.0010865 -0.000783995 -0.000407265 7.02459
23.424 0.499866 0.000389715 -0.000730375 -0.000427134 7.52634
24.4208 0.499866 0.000477429 0.000759298 0.000442045 22.0773
25.4175 0.499866 6.37236e-05 0.000605146 2.60713e-05 16.0562
26.4143 0.499866 -0.000659093 -0.00110048 -0.00116726 7.52634
27.4111 0.499866 0.000252601 0.000105698 -2.44756e-05 22.0773
28.4078 0.499866 0.00075608 0.000374924 -0.000770019 15.0527
29.4046 0.499866 0.000291806 -0.00132665 -0.00132944 5.51932
30.4014 0.499866 0.000229061 -0.000832909 -0.00135129 9.03161
31.3981 0.499866 0.000650526 -0.00148783 0.000508869 7.52634
32.3949 0.499866 -0.000122898 0.000726321 -0.000214547 17.0597
33.3917 0.499866 -5.78193e-05 -1.5065e-05 -0.000834298 16.0562
34.3884 0.499866 0.000192771 0.00172536 -0.00106553 7.52634
35.3852 0.499866 0.000318855 0.000117446 -0.000505681 16.0562
36.382 0.499866 0.00137515 -0.000173015 0.000207995 13.0457
37.3787 0.499866 -0.000526994 -0.000207247 0.000570152 8.0281
38.3755 0.499866 0.000263501 -0.000114097 0.000145795 8.52986
39.3723 0.499866 -0.0012855 -0.000283209 0.000315857 8.0281
40.369 0.499866 -0.000603999 -0.00143814 -8.11676e-05 12.0422
41.3658 0.499866 0.000283578 -0.000467705 -0.000582784 14.5509
42.3626 0.499866 -0.000203115 0.000842748 7.61288e-05 12.5439
43.3593 0.499866 0.000492281 -0.000509776 0.000393036 16.558
44.3561 0.499866 0.00186664 -0.00118959 -0.000446802 13.5474
45.3529 0.499866 -0.00119493 1.97905e-07 0.000749807 10.5369
46.3496 0.499866 -0.00056089 9.51473e-05 0.000897838 11.5404
47.3464 0.499866 -0.00072737 -0.000888361 0.000223243 9.03161
48.3432 0.499866 -0.000241623 -0.000190938 0.00043064 9.03161
49.3399 0.499866 0.000314887 0.000284804 -0.000109214 13.5474
50.3367 0.499866 -2.44707e-05 0.000123287 -0.000662994 14.5509
51.3335 0.499866 0.000791908 0.0020407 -0.000852535 11.5404
52.3302 0.499866 0.00019621 -0.000208556 0.00088799 17.0597
53.327 0.499866 -7.8842e-05 0.000339444 1.46136e-05 11.5404
54.3238 0.499866 -0.000278043 0.000699539 -6.2259e-05 10.5369
55.3205 0.499866 -0.00138988 0.000477917 -0.00116571 9.03161
56.3173 0.499866 -0.000314889 -0.000916806 0.000806873 5.51932
57.3141 0.499866 0.000127241 1.71419e-05 0.000589191 12.5439
58.3108 0.499866 0.000172028 0.000167844 -0.000436033 21.5755
59.3076 0.499866 -0.000320041 -0.000351465 -0.00102476 8.0281
60.3044 0.499866 -0.000775947 -0.000309134 -0.00107656 20.0703
61.3011 0.499866 -0.000253248 -0.000332881 -0.000727127 14.0492
62.2979 0.499866 -0.0014953 0.000560113 -0.000353162 7.52634
63.2947 0.499866 -0.000392399 0.000231191 0.000732593 7.52634
64.2914 0.499866 -0.000557748 -0.000812458 0.000195125 9.53337
65.2882 0.499866 -0.000461281 -0.00150102 -0.00180477 13.0457
66.285 0.499866 9.36633e-05 -0.00036232 -0.000477735 24.5861
67.2817 0.499866 -0.00160179 0.00203484 -0.00130793 6.52283
68.2785 0.499866 -0.000896199 -0.000495804 -0.000899677 11.5404
69.2753 0.499866 0.000198826 0.000899986 -0.00048308 18.0632
70.272 0.499866 0.00159626 0.000377725 -0.00018147 7.52634
71.2688 0.499866 -0.000297782 0.000509977 0.00053866 5.51932
72.2656 0.499866 2.69038e-05 -0.000184046 -0.00036808 10.5369
73.2623 0.499866 -0.00015934 0.000421877 0.000331951 12.0422
74.2591 0.499866 -0.000401616 0.000163605 -0.00113095 16.558
75.2559 0.499866 -0.000791231 -0.00171405 0.000780743 9.53337
76.2526 0.499866 0.000514623 -0.000570845 -0.000916264 15.0527
77.2494 0.499866 0.000248144 -3.07333e-05 -0.000357307 19.0667
78.2462 0.499866 -0.00065311 0.000519284 -0.000254009 12.5439
79.2429 0.499866 0.000578157 4.05889e-05 -0.000825871 7.02459
80.2397 0.499866 0.0014939 0.00081346 8.16061e-05 8.0281
81.2365 0.499866 -0.000603679 0.000455791 -0.000587904 9.03161
82.2332 0.499866 0.000823517 0.000156706 -0.000513302 15.5544
0.498383 1.4996 -0.000523952 0.00115629 0.000224176 7.02459
1.49515 1.4996 -0.00110233 -0.00103982 -0.000414762 7.02459
2.49192 1.4996 0.000723428 -4.97443e-05 -0.00137948 8.52986
3.48868 1.4996 0.000362181 0.00079897 0.000146278 9.03161
4.48545 1.4996 0.000251354 0.000205217 0.000480194 14.5509
5.48221 1.4996 0.00187064 -0.000379505 0.000664862 11.5404
6.47898 1.4996 0.000266371 -1.17641e-05 -0.000525685 9.03161
7.47575 1.4996 0.000592011 1.30217e-05 -0.000321309 11.5404
8.47251 1.4996 -5.68512e-05 -0.00100671 -0.000525484 8.0281
9.46928 1.4996 -0.00174161 0.00160649 0.000588448 7.02459
10.466 1.4996 0.000947054 0.00164575 -0.00129982 4.51581
11.4628 1.4996 -0.000893198 0.000932917 0.000329077 12.0422
12.4596 1.4996 -0.00121321 -0.00060001 -0.000792526 13.0457
13.4563 1.4996 0.000365044 -0.000972415 0.00160995 8.52986
14.4531 1.4996 0.000840043 0.00101848 0.00146145 8.52986
15.4499 1.4996 0.000241431 0.000127498 -0.000558778 14.5509
16.4466 1.4996 -0.000329449 -0.000484492 -0.000406636 10.5369
17.4434 1.4996 0.000553458 -0.000159256 -0.000584539 9.53337
18.4402 1.4996 0.000611899 -5.11596e-05 -0.000781862 9.03161
19.4369 1.4996 -0.000120876 -0.000350851 -0.000184666 13.0457
20.4337 1.4996 -0.000672851 0.000257702 0.000299642 13.5474
21.4305 1.4996 -0.000341908 -0.000660465 0.000680068 8.52986
22.4272 1.4996 0.00155668 2.65411e-05 0.00108207 8.52986
23.424 1.4996 0.000850684 0.00035454 0.000952744 18.0632
24.4208 1.4996 -0.000559846 0.000773524 -0.00121859 6.02108
25.4175 1.4996 0.00165099 0.00199612 0.00106417 9.53337
26.4143 1.4996 -0.00130653 -0.000436675 0.00115544 4.01405
27.4111 1.4996 0.000179384 0.000996053 -0.000781877 5.51932
28.4078 1.4996 -0.000307308 -5.42671e-05 -0.000209189 14.5509
29.4046 1.4996 0.000565981 0.00130996 -0.000613173 10.5369
30.4014 1.4996 -0.00142965 0.00138946 -0.00101631 8.52986
31.3981 1.4996 0.00173344 -0.000167907 -0.000271634 14.5509
32.3949 1.4996 1.28267e-05 0.000325631 -0.000202643 10.5369
33.3917 1.4996 0.000380363 -0.000193185 0.000653323 10.0351
34.3884 1.4996 2.25823e-05 0.000422511 0.000595573 10.0351
35.3852 1.4996 -0.000649297 -0.000612078 4.66469e-06 8.0281
36.382 1.4996 0.000314032 0.00162186 -0.000668988 11.5404
37.3787 1.4996 6.4313e-05 -0.000714383 -7.74855e-06 11.0386
38.3755 1.4996 -0.00106007 0.00098518 -0.00240289 6.52283
39.3723 1.4996 -0.000260081 -0.000753973 -0.000104309 11.5404
40.369 1.4996 -0.0010002 0.00105662 0.00132222 12.5439
41.3658 1.4996 -0.00137881 -0.000512948 0.000984835 9.03161
42.3626 1.4996 -0.000145976 0.00106848 -0.000494553 9.03161
43.3593 1.4996 0.000927553 -0.000637087 0.000621289 8.52986
44.3561 1.4996 0.000613318 0.000976852 0.000420269 9.03161
45.3529 1.4996 8.34184e-05 0.000482079 9.95091e-05 16.558
46.3496 1.4996 0.000659581 -0.000676058 0.000741495 10.0351
47.3464 1.4996 -0.000367889 0.00162775 0.00034414 8.0281
48.3432 1.4996 -0.000164668 0.000601245 0.000104271 13.0457
49.3399 1.4996 -0.000379419 -0.000889693 0.000814859 14.0492
50.3367 1.4996 -0.000341139 0.000678085 0.000910471 10.0351
51.3335 1.4996 -5.88457e-05 0.000206487 -0.000340688 9.53337
52.3302 1.4996 -0.000256939 -0.000739428 4.70354e-05 9.03161
53.327 1.4996 0.000218351 -0.00131627 0.000503471 12.5439
54.3238 1.4996 -0.000253408 0.000912264 0.000680581 13.0457
55.3205 1.4996 -0.000753903 0.000357807 -0.000997702 7.02459
56.3173 1.4996 1.36544e-05 -0.000127082 0.000281906 12.5439
57.3141 1.4996 -0.000181445 -0.000453056 0.00127738 11.5404
58.3108 1.4996 0.00208358 0.00106328 0.000314481 7.52634
59.3076 1.4996 -0.00106958 0.00105238 0.000840978 6.52283
60.3044 1.4996 -0.000488132 0.000773447 0.000874097 7.52634
61.3011 1.4996 -0.000360017 0.000432518 -0.00109921 12.5439
62.2979 1.4996 -0.000892635 -0.000420796 -0.00020108 15.5544
63.2947 1.4996 -7.15102e-05 0.00111441 -0.000975894 7.52634
64.2914 1.4996 -0.000556212 -0.00028497 -0.000205966 12.0422
65.2882 1.4996 7.61403e-05 0.000513178 0.000316798 12.5439
66.285 1.4996 9.63398e-06 -0.00128117 0.00141899 9.53337
67.2817 1.4996 0.000474415 -0.000486533 0.000483725 5.51932
68.2785 1.4996 -0.000386652 0.000564697 6.49612e-05 10.0351
69.2753 1.4996 0.00039639 -0.000300027 0.000140728 10.5369
70.272 1.4996 -0.000269746 -0.000701637 -0.000429092 14.5509
71.2688 1.4996 0.000254876 -0.00150097 3.65743e-06 10.5369
72.2656 1.4996 -0.00112092 0.000265258 -0.000695493 8.0281
73.2623 1.4996 0.00011318 0.000295274 0.000679567 13.0457
74.2591 1.4996 -0.000976779 -0.000270602 -0.00116588 10.0351
75.2559 1.4996 -0.000754476 -0.000300537 -0.00076611 7.02459
76.2526 1.4996 4.21887e-05 -0.00172281 -0.00109142 10.5369
77.2494 1.4996 -1.21868e-05 -0.000904498 0.000178436 10.0351
78.2462 1.4996 -0.00057713 -0.000179121 0.000984742 13.5474
79.2429 1.4996 0.00073208 7.09727e-05 -0.000615387 8.52986
80.2397 1.4996 0.000842501 -0.000426322 -0.000429785 12.0422
81.2365 1.4996 -0.000864501 0.000277914 0.00151958 15.5544
82.2332 1.4996 5.87622e-05 -0.000224811 -0.000264169 8.0281
0.498383 2.49933 -3.94476e-05 0.000453348 0.000161762 8.0281
1.49515 2.49933 -0.000126828 0.00121322 -0.000767457 7.52634
2.49192 2.49933 0.000487328 0.000168267 -0.000198053 11.5404
3.48868 2.49933 -0.0012016 -5.61427e-05 -0.000309874 18.565
4.48545 2.49933 -0.000139561 -0.000472779 -0.000366052 20.572
5.48221 2.49933 -0.000189254 0.000245633 0.00103115 9.53337
6.47898 2.49933 -7.8904e-05 -0.000988005 0.00025537 20.572
7.47575 2.49933 0.000434864 -0.000325089 -0.000174185 18.0632
8.47251 2.49933 -0.000338465 -0.00185374 -0.000863031 10.5369
9.46928 2.49933 -0.00170341 -0.000317496 0.000580505 6.52283
10.466 2.49933 -0.000736954 9.73681e-05 0.00112879 7.02459
11.4628 2.49933 5.73493e-05 4.43042e-05 0.000692333 8.52986
12.4596 2.49933 -0.000464019 0.000452035 0.000136694 25.0878
13.4563 2.49933 -6.458e-05 -0.000588613 -0.000323182 13.0457
14.4531 2.49933 0.000572182 0.000937713 -0.00028572 13.0457
15.4499 2.49933 -0.00025727 -0.0002901 -9.5603e-05 19.5685
16.4466 2.49933 -0.00115876 -0.00207546 -0.00013583 8.0281
17.4434 2.49933 0.000666899 -0.000793721 4.33361e-05 10.0351
18.4402 2.49933 -0.000160955 0.00153795 0.00121569 6.02108
19.4369 2.49933 -0.000244464 0.00111615 0.00154161 6.52283
20.4337 2.49933 6.73874e-05 0.000429867 1.72039e-05 26.5931
21.4305 2.49933 -0.0010664 -3.6469e-05 2.05522e-05 13.5474
22.4272 2.49933 -0.000629886 -0.00093267 0.000460141 10.0351
23.424 2.49933 -0.000913904 0.000825245 -0.000131539 30.1054
24.4208 2.49933 0.000526709 -0.000496123 0.000479393 9.53337
25.4175 2.49933 -0.00128651 -0.000525699 -0.000463175 5.01756
26.4143 2.49933 0.000182104 -0.000609797 0.000216395 8.52986
27.4111 2.49933 9.73597e-05 -0.000285411 -0.00140144 12.5439
28.4078 2.49933 -0.000538623 -0.000932657 -0.000291536 22.579
29.4046 2.49933 0.000341987 -0.000330282 -0.000256178 16.558
30.4014 2.49933 -0.000952949 -0.00104294 3.29959e-05 8.52986
31.3981 2.49933 -0.000499674 0.000256155 0.00034053 25.5896
32.3949 2.49933 -2.08888e-05 -0.000261826 0.000466738 11.5404
33.3917 2.49933 0.00108283 -0.000992298 0.000684767 8.0281
34.3884 2.49933 -0.00132959 0.000329025 0.00156461 5.51932
35.3852 2.49933 -0.000887598 -0.00056636 0.00192625 7.52634
36.382 2.49933 -0.000553121 -0.000682478 -0.000245261 14.0492
37.3787 2.49933 1.53346e-05 -0.000617126 0.000325533 25.5896
38.3755 2.49933 -0.0004714 -0.000861454 0.00071524 13.0457
39.3723 2.49933 -0.000751707 0.000496197 -0.000737818 17.0597
40.369 2.49933 0.000511883 0.000494399 -0.00062108 18.565
41.3658 2.49933 0.000756066 0.000879353 -0.00160033 11.0386
42.3626 2.49933 -0.000351376 0.000363269 0.000416958 7.02459
43.3593 2.49933 0.00166217 0.000148008 0.00125265 5.51932
44.3561 2.49933 -3.76664e-05 -0.000249775 0.000394176 10.0351
45.3529 2.49933 0.000433431 -0.000744665 1.10168e-05 15.0527
46.3496 2.49933 2.44186e-06 -0.000522791 -0.000528352 13.5474
47.3464 2.49933 0.00148095 -0.00085179 -0.00057213 13.0457
48.3432 2.49933 0.000753773 -8.62059e-05 0.000130178 21.0738
49.3399 2.49933 6.67044e-06 -0.00134985 -0.000188184 11.0386
50.3367 2.49933 -0.00236614 0.0020974 -0.000363045 2.00703
51.3335 2.49933 0.000228077 0.000195094 -0.000849667 10.5369
52.3302 2.49933 0.000131208 0.00082726 -0.00120493 9.03161
53.327 2.49933 0.000626388 0.000555826 -0.000771291 16.558
54.3238 2.49933 -0.000227911 0.000143134 0.000425979 19.0667
55.3205 2.49933 -0.000280145 0.00147416 0.000532219 10.0351
56.3173 2.49933 -0.000208673 -2.34335e-05 -0.000107375 26.5931
57.3141 2.49933 0.000391169 -0.00035595 0.000429469 18.0632
58.3108 2.49933 -0.000559307 -0.000398693 0.000386727 8.52986
59.3076 2.49933 -0.000354649 -0.000856517 0.000870102 4.01405
60.3044 2.49933 -0.00115458 -0.000932465 -0.000538956 7.02459
61.3011 2.49933 -0.000611975 0.000448482 -0.000282582 15.0527
62.2979 2.49933 -5.11583e-05 0.000400922 0.000173706 25.5896
63.2947 2.49933 0.000476926 -0.000747483 -0.00122383 11.5404
64.2914 2.49933 -5.47607e-05 0.000158832 0.00082159 15.0527
65.2882 2.49933 0.000839457 0.000433969 -4.93916e-05 22.0773
66.285 2.49933 -0.000188091 0.000802308 5.14595e-05 9.03161
67.2817 2.49933 -0.0014568 0.00022813 0.000826798 5.51932
68.2785 2.49933 0.000308529 -0.00118278 -0.00208889 5.51932
69.2753 2.49933 0.000328571 0.000229352 0.000461612 8.52986
70.272 2.49933 -0.000250645 -0.00047592 -2.76349e-05 27.0948
71.2688 2.49933 0.0015324 -0.00104205 0.000503739 16.0562
72.2656 2.49933 -0.000342647 -0.00126362 0.000290606 11.5404
73.2623 2.49933 -0.000621198 -0.000185878 -5.21903e-05 21.5755
74.2591 2.49933 0.000156008 -0.000541377 -0.00113832 11.5404
75.2559 2.49933 0.00102072 -1.62669e-05 -0.000866531 8.52986
76.2526 2.49933 -0.000505537 0.000703884 -0.000386023 8.0281
77.2494 2.49933 -6.58279e-05 0.000385755 -0.000417319 9.53337
78.2462 2.49933 0.000256629 0.000197687 -0.000393767 20.572
79.2429 2.49933 -0.000235703 -0.000146 0.000360331 17.0597
80.2397 2.49933 -0.000119413 -0.00123214 0.00106146 9.03161
81.2365 2.49933 -0.000319477 -0.000291745 -0.000259939 24.5861
82.2332 2.49933 -0.000345595 0.000503258 0.000562545 10.0351
0.498383 3.49906 -0.000526299 0.00113154 0.000398288 8.52986
1.49515 3.49906 -0.00118902 -0.000833112 0.000952164 5.01756
2.49192 3.49906 0.000723913 -0.000893972 -0.00127416 12.5439
3.48868 3.49906 -0.000898182 -0.000548799 -0.00105674 7.52634
4.48545 3.49906 0.000352964 0.000292743 -0.000350071 8.0281
5.48221 3.49906 0.00109486 6.62001e-05 -0.00118328 9.53337
6.47898 3.49906 0.00167815 0.000248921 -0.000623888 12.0422
7.47575 3.49906 -0.000523609 0.000190952 0.00146237 11.5404
8.47251 3.49906 -0.000624516 0.000750669 0.000139109 6.52283
9.46928 3.49906 0.00098148 -0.000786912 -0.00128793 11.5404
10.466 3.49906 -0.000331873 0.000675432 -0.000520159 13.0457
11.4628 3.49906 -6.83171e-05 -0.00132584 0.000942685 9.03161
12.4596 3.49906 -0.000458675 0.00169437 -0.00101158 12.0422
13.4563 3.49906 0.00043181 0.00106043 -0.000137732 11.0386
14.4531 3.49906 0.00134919 -0.00144166 -0.00110247 8.52986
15.4499 3.49906 0.000379992 -0.000622221 0.00113386 11.0386
16.4466 3.49906 0.00114562 0.000335628 -0.000647809 9.03161
17.4434 3.49906 -0.000222686 -9.31879e-06 -0.000683558 9.53337
18.4402 3.49906 0.00028052 0.00193725 -1.56175e-05 6.02108
19.4369 3.49906 -0.000434543 0.000282131 -8.60669e-06 11.0386
20.4337 3.49906 0.00113842 7.58172e-05 -0.000519764 15.0527
21.4305 3.49906 -0.000533474 0.00104334 -0.000936853 7.02459
22.4272 3.49906 -0.000754768 0.00182266 0.000803587 8.52986
23.424 3.49906 0.000606664 0.00138366 0.000166068 10.5369
24.4208 3.49906 -0.00214625 0.00052733 -0.000535456 12.0422
25.4175 3.49906 -0.000459873 6.10553e-05 9.0182e-05 6.02108
26.4143 3.49906 0.000172935 5.81582e-05 -7.97981e-05 8.0281
27.4111 3.49906 -0.000875125 -0.000315514 -0.000622035 11.5404
28.4078 3.49906 -0.00015198 0.00146988 -0.00121829 8.52986
29.4046 3.49906 -0.000909675 -0.000393812 -0.000202466 9.03161
30.4014 3.49906 0.00152902 -0.000844103 0.000847151 7.52634
31.3981 3.49906 -0.000405173 0.000561193 0.000282104 11.5404
32.3949 3.49906 -0.00039659 0.000322406 -0.000185317 12.5439
33.3917 3.49906 0.000733873 -0.000655694 -0.000116101 11.5404
34.3884 3.49906 -6.34469e-05 -0.000236745 -0.000284978 7.52634
35.3852 3.49906 0.00018459 -0.000430106 0.000839386 11.0386
36.382 3.49906 6.95769e-05 0.000208814 -0.000230242 11.5404
37.3787 3.49906 0.000607284 -0.000408372 0.00140495 9.53337
38.3755 3.49906 -0.000194581 0.00042277 -7.1466e-05 5.51932
39.3723 3.49906 0.000716559 0.000436539 -0.000661778 12.5439
40.369 3.49906 -0.000623092 0.00109445 0.000519134 11.0386
41.3658 3.49906 0.000193609 -0.000818522 -0.000369087 12.0422
42.3626 3.49906 -0.000880449 -0.000403077 0.000188341 7.52634
43.3593 3.49906 -0.000597246 -0.000154668 0.000254452 13.5474
44.3561 3.49906 0.000969394 -0.00047603 3.00105e-05 14.0492
45.3529 3.49906 0.00058322 9.59111e-05 0.000157178 9.53337
46.3496 3.49906 -0.000364948 0.000382167 -0.000434877 11.5404
47.3464 3.49906 -0.00160185 0.000401454 0.000463558 9.03161
48.3432 3.49906 -0.00113452 0.000481437 -0.00112984 12.5439
49.3399 3.49906 0.000640843 0.00113651 -0.00182514 9.53337
50.3367 3.49906 0.00038641 0.000770623 -0.000620833 14.5509
51.3335 3.49906 -0.00135559 0.00147973 0.000470843 7.52634
52.3302 3.49906 0.000930782 0.000239141 0.000169995 9.03161
53.327 3.49906 -0.000358054 -1.53299e-05 -0.000768712 13.0457
54.3238 3.49906 0.000776546 -0.00035741 0.000650343 9.03161
55.3205 3.49906 0.00132399 -0.000926432 -0.000516052 6.52283
56.3173 3.49906 0.00181364 0.000364181 -0.0011719 6.52283
57.3141 3.49906 0.000124786 -0.000472367 -0.000534501 10.0351
58.3108 3.49906 -0.000297274 -9.36195e-05 0.000759158 8.52986
59.3076 3.49906 0.00028163 0.000227173 -5.84548e-05 11.0386
60.3044 3.49906 -0.00067092 0.000333612 0.000389292 9.53337
61.3011 3.49906 0.00025874 -0.00123672 0.000333898 10.5369
62.2979 3.49906 -0.000380821 0.000134596 -9.9636e-05 10.5369
63.2947 3.49906 -6.09213e-05 -0.000123739 4.16208e-05 8.52986
64.2914 3.49906 0.000118631 -0.000206664 0.00071597 6.52283
65.2882 3.49906 -0.000445608 0.000112008 -4.95717e-05 8.52986
66.285 3.49906 0.00170591 -0.000781153 0.00118167 12.5439
67.2817 3.49906 0.00029708 -0.000172272 -0.000929673 11.0386
68.2785 3.49906 0.00172567 4.01867e-05 -0.000991965 12.0422
69.2753 3.49906 -0.000734322 0.000825257 -0.0016542 8.0281
70.272 3.49906 8.73e-05 0.000522208 0.000328616 12.5439
71.2688 3.49906 0.00114696 0.00019188 0.000451312 5.01756
72.2656 3.49906 -0.000110256 -0.000625489 0.000692468 9.03161
73.2623 3.49906 -0.000908928 0.000128452 0.000585342 9.53337
74.2591 3.49906 0.00081579 -0.00136122 0.00142042 11.0386
75.2559 3.49906 3.14263e-05 0.00135113 0.00032192 6.52283
76.2526 3.49906 0.00118798 -0.00115593 0.000566446 7.02459
77.2494 3.49906 0.000513146 0.00028039 -0.000546861 14.0492
78.2462 3.49906 0.000607369 -0.00148653 0.000118163 9.03161
79.2429 3.49906 0.00159312 -0.000225209 -0.000356127 8.0281
80.2397 3.49906 7.0462e-05 0.000660409 0.000563174 10.5369
81.2365 3.49906 -0.000465186 -0.000548231 -0.000980305 10.5369
82.2332 3.49906 -0.000116267 -7.23958e-05 0.00064347 13.0457
0.498383 4.4988 -0.000882059 -0.00116751 0.000212547 16.0562
1.49515 4.4988 0.000752555 -0.000267411 8.11562e-05 14.0492
2.49192 4.4988 0.000209415 -0.000573191 3.15291e-05 20.572
3.48868 4.4988 9.32242e-05 -0.000549145 0.000341696 13.5474
4.48545 4.4988 0.00035089 0.000226455 -0.000467374 10.0351
5.48221 4.4988 -0.000126759 0.00241392 0.00104469 6.02108
6.47898 4.4988 0.000976058 -0.000782113 -0.000559138 9.03161
7.47575 4.4988 -0.000928341 0.000505037 0.000202462 17.5615
8.47251 4.4988 -0.000852332 -0.000566728 0.000172563 23.5825
9.46928 4.4988 -0.00124232 0.000216975 -0.00101511 9.53337
10.466 4.4988 0.000718066 -0.000590752 -0.000241744 18.565
11.4628 4.4988 0.000168607 -0.000991265 -2.26997e-05 18.565
12.4596 4.4988 -0.000976772 0.000524127 0.00116333 5.01756
13.4563 4.4988 0.000586501 0.0014203 0.000489195 9.53337
14.4531 4.4988 0.00100085 -0.000262774 -0.00128033 4.01405
15.4499 4.4988 -0.000481588 -0.000255139 0.000865039 9.53337
16.4466 4.4988 -0.000168142 0.000105444 -8.44693e-05 25.0878
17.4434 4.4988 -0.000460606 0.000238553 -0.000170825 14.0492
18.4402 4.4988 0.000112035 0.000203524 -0.00136049 13.0457
19.4369 4.4988 0.000318781 0.000917756 0.000128645 19.5685
20.4337 4.4988 -0.000160473 -0.00128591 5.82059e-05 7.52634
21.4305 4.4988 -0.000411214 -0.00231332 -0.00148501 5.01756
22.4272 4.4988 -0.00020326 0.000774372 0.000268731 10.0351
23.424 4.4988 5.50939e-05 0.00102488 0.000490554 11.5404
24.4208 4.4988 -0.000242622 -2.81287e-05 0.000298639 17.5615
25.4175 4.4988 0.000879825 6.08378e-05 0.000168628 14.5509
26.4143 4.4988 -0.000578311 4.15912e-05 -0.00104237 13.5474
27.4111 4.4988 0.000230761 -0.00035998 -0.000409402 21.5755
28.4078 4.4988 -0.00106816 0.000884633 -0.0001555 11.0386
29.4046 4.4988 -0.000591985 3.61537e-05 0.000395857 7.52634
30.4014 4.4988 -0.000587634 5.86185e-05 0.000845334 8.52986
31.3981 4.4988 -0.00165068 0.000235577 -0.000217054 11.0386
32.3949 4.4988 -0.000425386 0.000421815 -6.36473e-05 12.5439
33.3917 4.4988 0.000291412 0.000166175 0.000125425 16.558
34.3884 4.4988 0.000328924 0.00106024 -0.000381082 15.5544
35.3852 4.4988 -0.000323558 0.000497313 2.66432e-05 23.0808
36.382 4.4988 -9.83952e-05 -0.000526669 0.00017203 12.0422
37.3787 4.4988 0.000674166 -0.000112775 0.00133941 8.0281
38.3755 4.4988 0.000439338 0.00017241 -0.00245413 6.52283
39.3723 4.4988 8.04114e-05 0.000141234 -0.001231 9.03161
40.369 4.4988 -8.40859e-05 0.000786425 0.000692066 7.52634
41.3658 4.4988 -0.000355673 -0.000110955 0.000416576 17.0597
42.3626 4.4988 -0.000252221 0.00118814 9.81424e-05 14.0492
43.3593 4.4988 -0.00138497 0.00103976 -0.000744889 10.0351
44.3561 4.4988 -0.000503178 0.000131154 -3.75088e-05 16.558
45.3529 4.4988 -0.000554059 0.000847639 0.000146017 14.0492
46.3496 4.4988 -0.000375393 -0.00102977 0.00125674 6.52283
47.3464 4.4988 -0.00113506 7.43579e-05 0.00128901 11.0386
48.3432 4.4988 -0.00118256 0.000858688 0.000434556 10.5369
49.3399 4.4988 0.000950903 0.000841848 -0.000473742 17.5615
50.3367 4.4988 -0.000563511 0.000464008 -0.000193738 11.0386
51.3335 4.4988 0.00061896 0.000911779 0.000851514 8.0281
52.3302 4.4988 -0.000743535 -0.000387344 0.000331158 23.5825
53.327 4.4988 -0.000344228 -0.000967231 -0.000700246 13.0457
54.3238 4.4988 -0.00197123 -4.49119e-05 0.000202269 5.01756
55.3205 4.4988 0.000264235 -3.10999e-06 -0.000477757 10.5369
56.3173 4.4988 -0.00020193 -0.000392074 -0.00103744 6.02108
57.3141 4.4988 5.61497e-05 -0.000326796 0.000209262 18.565
58.3108 4.4988 -6.91154e-05 -8.38371e-05 -0.000783891 18.565
59.3076 4.4988 -0.000515446 0.000631792 1.65332e-05 11.0386
60.3044 4.4988 0.000510842 -0.000761222 -0.000450425 18.565
61.3011 4.4988 -0.000469285 0.000161902 -0.000299962 16.558
62.2979 4.4988 0.000342202 -0.000242665 0.000795317 5.01756
63.2947 4.4988 -0.00108105 0.00158315 -0.00020024 6.52283
64.2914 4.4988 -0.000120083 6.10048e-05 -0.00149478 8.0281
65.2882 4.4988 -0.000388235 -0.000513695 0.00108921 9.53337
66.285 4.4988 0.000102383 9.87794e-05 -1.86676e-05 25.5896
67.2817 4.4988 -0.000100947 8.04891e-05 -0.00127748 9.03161
68.2785 4.4988 0.000448223 -0.000289965 0.00144015 14.0492
69.2753 4.4988 -0.000961126 0.000447214 4.57447e-05 26.5931
70.272 4.4988 0.000394482 -0.000830421 0.000602579 8.0281
71.2688 4.4988 0.00162461 0.000913111 0.000264749 10.0351
72.2656 4.4988 -9.77309e-05 0.000996522 0.000292648 6.52283
73.2623 4.4988 0.000212353 -0.000140077 0.00135792 11.5404
74.2591 4.4988 0.000572159 -0.000650797 -0.000158563 16.558
75.2559 4.4988 0.000151616 0.000253279 -0.000616907 18.0632
76.2526 4.4988 0.000180695 5.03293e-05 -0.000300293 12.5439
77.2494 4.4988 0.000217501 -0.000251614 0.000239909 17.5615
78.2462 4.4988 -0.00106964 0.000380422 -0.000144591 12.5439
79.2429 4.4988 0.000112418 0.000363567 0.00101892 6.52283
80.2397 4.4988 -0.00120023 -0.000526645 -0.00037393 9.53337
81.2365 4.4988 -0.000357423 9.66142e-05 -0.000170488 14.0492
82.2332 4.4988 -0.000881748 0.00147745 -6.9646e-05 14.5509
0.498383 5.49853 -0.00139026 0.000136864 0.000156035 11.5404
1.49515 5.49853 -0.000475001 5.79825e-06 0.000276898 10.0351
2.49192 5.49853 -2.83492e-05 8.24043e-05 -0.000443133 12.0422
3.48868 5.49853 0.000768416 -0.000912994 0.000940177 11.0386
4.48545 5.49853 -0.000141191 0.000456052 -0.00123505 9.53337
5.48221 5.49853 -0.000222815 0.000605078 -0.000680767 7.02459
6.47898 5.49853 -0.000140869 -0.00110806 0.000903374 6.02108
7.47575 5.49853 -3.44057e-05 -0.00108397 -5.49685e-06 6.52283
8.47251 5.49853 0.000481474 -4.50059e-05 0.00028314 10.0351
9.46928 5.49853 4.10938e-06 -0.000864754 0.000130885 11.0386
10.466 5.49853 -5.55615e-05 0.00092506 -0.00091587 10.5369
11.4628 5.49853 0.000129468 0.000200311 0.000384203 13.5474
12.4596 5.49853 -0.000304808 -0.000144261 -0.000353772 12.5439
13.4563 5.49853 0.00122103 -0.000692493 -0.000755047 8.52986
14.4531 5.49853 -0.000296268 0.000907184 -0.00222129 4.01405
15.4499 5.49853 -0.00219966 -0.00163399 -0.00174062 7.52634
16.4466 5.49853 0.000641872 -0.000248907 0.00039155 14.0492
17.4434 5.49853 0.000785425 -0.000423504 0.000381455 12.0422
18.4402 5.49853 -0.000133978 -0.000236176 -0.000963097 9.03161
19.4369 5.49853 0.000161529 -0.000753389 -7.3084e-06 17.5615
20.4337 5.49853 0.000788145 6.24965e-05 -0.000793596 14.5509
21.4305 5.49853 -9.49787e-05 -0.000536914 -0.00053585 11.0386
22.4272 5.49853 0.00107302 0.00170201 0.000260609 5.01756
23.424 5.49853 0.000302471 -0.00164549 0.000289628 7.02459
24.4208 5.49853 -0.00068742 -0.000420319 0.000532293 13.0457
25.4175 5.49853 -0.00102137 0.00036669 0.000882432 12.5439
26.4143 5.49853 -0.000936508 -8.30433e-05 0.000644403 8.0281
27.4111 5.49853 -0.000445754 -0.000238347 1.62893e-05 17.5615
28.4078 5.49853 0.000447579 0.000928586 -0.000191271 9.53337
29.4046 5.49853 0.000701797 -0.000732991 0.000553283 7.52634
30.4014 5.49853 -0.000700205 0.00115952 0.000484463 9.03161
31.3981 5.49853 -0.000740981 -0.000336521 -0.0010926 7.02459
32.3949 5.49853 -0.0005555 0.000152043 -0.000764513 9.53337
33.3917 5.49853 0.00068207 0.000792435 -0.000471463 14.5509
34.3884 5.49853 -0.000583978 -0.000674762 4.61314e-05 11.5404
35.3852 5.49853 -0.000950476 0.000199502 0.00036712 10.5369
36.382 5.49853 1.59308e-05 0.000381364 -0.000572896 12.0422
37.3787 5.49853 -0.000220775 9.24545e-05 -0.0010375 11.0386
38.3755 5.49853 -0.000339014 0.000412311 0.000380518 7.52634
39.3723 5.49853 -0.000420903 0.00108937 -0.00103073 9.03161
40.369 5.49853 -0.00102894 -0.000201053 -0.0003087 10.0351
41.3658 5.49853 -0.000762075 -3.05569e-05 -6.83485e-05 17.5615
42.3626 5.49853 0.000337885 0.000793944 -5.21693e-05 13.0457
43.3593 5.49853 -0.00082724 -2.69219e-05 3.30635e-05 12.5439
44.3561 5.49853 -0.000216239 0.000475194 0.000117358 15.5544
45.3529 5.49853 -0.000132387 0.000716819 -0.000285006 7.52634
46.3496 5.49853 -0.000228184 -0.000465148 -0.000937417 11.0386
47.3464 5.49853 -0.00129595 -0.000586099 -0.000609238 7.02459
48.3432 5.49853 0.00113094 -0.000480683 0.000298397 10.5369
49.3399 5.49853 0.000612364 -1.43479e-05 0.000369824 14.5509
50.3367 5.49853 0.000375972 0.000556848 0.000555562 15.0527
51.3335 5.49853 0.00026509 8.54842e-05 0.000942908 12.5439
52.3302 5.49853 2.09633e-05 0.000393246 0.000267559 17.5615
53.327 5.49853 0.00138354 -0.000332574 -0.000464582 9.03161
54.3238 5.49853 0.000970747 0.000299217 -0.000395609 7.02459
55.3205 5.49853 0.00207619 0.00107745 -0.000670044 6.52283
56.3173 5.49853 -0.00100243 0.000840321 0.000431091 11.0386
57.3141 5.49853 0.00120482 -0.000147502 -0.000284572 13.0457
58.3108 5.49853 0.00018257 0.00024562 -2.57145e-05 15.0527
59.3076 5.49853 -0.00142855 0.00154525 -0.00160904 6.52283
60.3044 5.49853 -0.000334376 0.000386872 -0.000747384 15.0527
61.3011 5.49853 -0.000668503 -0.000164004 0.000176637 13.0457
62.2979 5.49853 0.00116827 0.000141025 0.000306393 8.0281
63.2947 5.49853 0.00106823 -0.000502539 0.000253117 9.53337
64.2914 5.49853 0.000835945 -0.000177262 -0.00234332 8.52986
65.2882 5.49853 0.000664315 -0.00116642 0.000326941 9.03161
66.285 5.49853 0.000272672 0.000721963 0.00108014 17.5615
67.2817 5.49853 -0.000613014 0.00028274 -4.96442e-05 8.52986
68.2785 5.49853 -0.00181662 -0.000761308 -2.86589e-05 10.5369
69.2753 5.49853 0.0013307 -0.000220311 0.000146764 11.5404
70.272 5.49853 0.00041813 -0.000609911 -0.00036392 10.5369
71.2688 5.49853 0.00156607 -0.00139183 -3.12752e-05 6.52283
72.2656 5.49853 -0.000552023 -0.000816401 -0.000902117 8.52986
73.2623 5.49853 0.000465833 0.000238372 0.000994882 8.0281
74.2591 5.49853 -0.000245042 -2.75502e-05 -2.36054e-05 13.0457
75.2559 5.49853 0.000194775 0.00110879 -0.000569864 14.0492
76.2526 5.49853 9.62507e-05 0.000537445 -0.000539655 10.0351
77.2494 5.49853 -0.0003659 0.00098276 -0.000411908 14.0492
78.2462 5.49853 -0.00146398 -0.000926433 8.86617e-05 13.0457
79.2429 5.49853 -9.39177e-05 0.000180748 0.000157179 9.03161
80.2397 5.49853 0.00100847 0.00152686 0.000318735 7.02459
81.2365 5.49853 0.000231313 -0.000526467 0.00198646 9.03161
82.2332 5.49853 -0.000102904 0.000255073 2.15719e-05 14.0492
0.498383 6.49826 -4.46483e-05 -0.00118033 -0.00130805 8.0281
1.49515 6.49826 0.000921697 -0.000437658 -0.000880467 7.52634
2.49192 6.49826 -0.000391119 -7.97418e-05 0.000377952 11.0386
3.48868 6.49826 -0.000269416 -0.000221013 0.00027424 12.0422
4.48545 6.49826 -0.000540389 0.000804725 0.000150132 14.5509
5.48221 6.49826 0.000913647 0.000233898 0.000466037 9.03161
6.47898 6.49826 2.61343e-05 0.000315109 -0.000475599 15.0527
7.47575 6.49826 0.000173947 0.000895616 -0.000158402 20.0703
8.47251 6.49826 0.000828179 0.000837318 0.00108857 7.52634
9.46928 6.49826 -0.00101256 0.000472877 -0.00186705 5.51932
10.466 6.49826 7.83385e-05 0.00115191 0.000673682 10.5369
11.4628 6.49826 0.000324902 0.00159135 0.000359169 11.5404
12.4596 6.49826 0.000461941 0.000444312 4.37716e-05 18.565
13.4563 6.49826 0.000167872 0.000538645 -0.00142649 11.0386
14.4531 6.49826 -0.000261348 -0.000880925 -0.000821311 9.03161
15.4499 6.49826 -4.23363e-05 -0.000442973 -0.000458048 15.0527
16.4466 6.49826 -1.85086e-05 4.78045e-05 0.000465526 10.0351
17.4434 6.49826 0.000354897 0.00123415 0.000104367 7.52634
18.4402 6.49826 -5.24756e-05 0.00148245 -0.000147895 9.03161
19.4369 6.49826 0.000389094 -0.000190875 -0.00117067 8.52986
20.4337 6.49826 -2.41222e-05 -0.000721493 -0.000270421 18.0632
21.4305 6.49826 -0.00115507 -0.000355573 -0.000429646 10.0351
22.4272 6.49826 -0.000417349 0.000152939 0.00105298 9.53337
23.424 6.49826 0.000279265 -0.000262271 -0.000557726 19.5685
24.4208 6.49826 0.000791355 0.00183671 -6.84034e-05 9.03161
25.4175 6.49826 -0.00156627 0.000232504 0.000254807 9.53337
26.4143 6.49826 0.000853767 -0.00118597 0.00087256 6.02108
27.4111 6.49826 -0.000626508 -0.00104948 -0.00168115 7.52634
28.4078 6.49826 0.000415887 -0.000299186 0.000188514 15.0527
29.4046 6.49826 0.000335676 -0.00105959 -0.00059997 14.5509
30.4014 6.49826 0.00161217 -0.00055415 -0.000562098 6.02108
31.3981 6.49826 -0.000980544 -0.000661857 -0.000233174 14.0492
32.3949 6.49826 -0.000477924 -8.22603e-05 0.000524665 13.5474
33.3917 6.49826 0.000758575 0.00167623 0.000295714 10.0351
34.3884 6.49826 0.000310688 -3.07412e-05 0.000433374 7.52634
35.3852 6.49826 0.000837308 -1.23828e-05 0.000728639 8.0281
36.382 6.49826 0.000730038 -0.000885403 -0.000559952 16.0562
37.3787 6.49826 2.28555e-05 -5.8039e-05 0.000315566 13.0457
38.3755 6.49826 0.00102556 0.000354474 2.64786e-05 10.0351
39.3723 6.49826 -0.00100372 -0.000115613 -0.00097729 13.0457
40.369 6.49826 0.00107509 -0.000106147 -0.000255246 14.5509
41.3658 6.49826 0.000167493 0.000905661 -0.000704666 11.0386
42.3626 6.49826 0.000783465 0.00073787 0.00139348 6.52283
43.3593 6.49826 -6.87716e-05 -0.000996317 -1.21095e-06 6.02108
44.3561 6.49826 -0.000394442 0.00015989 -0.0011272 10.5369
45.3529 6.49826 -0.00178993 -0.000333199 -0.000549441 15.5544
46.3496 6.49826 0.000492292 -0.000197607 0.000582155 11.0386
47.3464 6.49826 0.000856373 -0.000182509 -9.73646e-05 11.0386
48.3432 6.49826 0.00046895 0.000646039 0.000692474 15.0527
49.3399 6.49826 -0.000245225 -0.00156236 -0.000525659 11.0386
50.3367 6.49826 -0.000180575 -0.00128187 -0.000607982 8.0281
51.3335 6.49826 0.000461827 -0.000102923 -0.000246646 6.02108
52.3302 6.49826 -0.000234318 -0.00109819 0.000997895 8.0281
53.327 6.49826 0.000427344 0.000156398 4.18979e-06 14.5509
54.3238 6.49826 -0.000497598 -0.00110018 -0.000764792 12.0422
55.3205 6.49826 -0.000497169 -0.000252292 7.16103e-05 10.5369
56.3173 6.49826 0.000808625 0.000415214 -0.000460436 22.579
57.3141 6.49826 0.000871232 0.000384956 -0.000379597 9.03161
58.3108 6.49826 0.00130369 0.00224684 0.00244977 4.01405
59.3076 6.49826 7.39436e-05 -0.000317057 0.000137372 11.5404
60.3044 6.49826 0.00126715 -0.000325316 -0.000588187 7.02459
61.3011 6.49826 0.000894392 0.000491347 -0.000186759 9.53337
62.2979 6.49826 -8.96469e-05 0.000659055 0.000486517 16.0562
63.2947 6.49826 -0.000946444 -0.00110294 0.000147769 10.0351
64.2914 6.49826 -0.000411934 -0.000465836 0.000970327 13.5474
65.2882 6.49826 0.000248833 0.000656241 0.0014005 14.5509
66.285 6.49826 0.000394027 0.000596917 -0.00065059 7.52634
67.2817 6.49826 -0.000184073 0.000744699 0.00127921 5.01756
68.2785 6.49826 -0.00134163 -0.000279546 -1.88862e-05 9.03161
69.2753 6.49826 0.000101406 0.00108994 -0.000371061 12.5439
70.272 6.49826 -0.000139024 -0.000897594 -0.00123846 17.0597
71.2688 6.49826 0.000703394 0.00029095 0.000270259 8.0281
72.2656 6.49826 0.000207023 2.46021e-05 0.000132034 7.52634
73.2623 6.49826 -0.000332968 0.00112545 0.000394298 16.0562
74.2591 6.49826 -0.000450421 -0.00188939 -0.000228502 11.0386
75.2559 6.49826 -6.86961e-05 -5.23443e-05 -0.000654775 10.5369
76.2526 6.49826 -2.84652e-05 -0.000741273 0.00019419 7.52634
77.2494 6.49826 -0.00146661 -0.00103372 0.00175034 9.53337
78.2462 6.49826 0.00019679 -6.52941e-05 -7.75715e-05 13.5474
79.2429 6.49826 0.000226514 -0.000403215 -0.00124519 10.0351
80.2397 6.49826 -3.84218e-05 -0.000691744 -0.000299137 8.0281
81.2365 6.49826 -0.00087328 -0.00059746 -4.60144e-06 11.0386
82.2332 6.49826 0.000184724 0.000696162 -0.000100132 13.0457
0.498383 7.49799 -0.000599954 -0.000416876 -0.00163696 7.52634
1.49515 7.49799 0.000447674 -0.00124653 0.000959799 8.0281
2.49192 7.49799 -0.000912664 -0.000521623 -2.89121e-05 6.52283
3.48868 7.49799 0.000393275 0.000470278 -0.000134681 18.0632
4.48545 7.49799 0.000644478 0.000108221 -0.000483124 22.579
5.48221 7.49799 0.000173544 -0.000175093 -0.000376523 9.53337
6.47898 7.49799 -0.000150787 -0.000504622 7.60417e-05 19.0667
7.47575 7.49799 0.000676783 -0.000698673 -0.000373017 13.5474
8.47251 7.49799 0.000241978 -0.000290384 -0.000491345 9.53337
9.46928 7.49799 3.48585e-05 0.000392733 9.50434e-05 9.53337
10.466 7.49799 0.00042679 0.00101064 -0.00113781 7.02459
11.4628 7.49799 0.00075857 0.000859869 0.000397466 12.5439
12.4596 7.49799 0.000365226 0.000726186 0.000557855 21.5755
13.4563 7.49799 0.0002268 0.000425025 0.00106758 7.52634
14.4531 7.49799 0.00163224 -0.000701246 -0.000275001 18.0632
15.4499 7.49799 0.000134238 -8.15284e-05 0.000104303 25.0878
16.4466 7.49799 -0.00124298 0.00156034 -0.000157274 8.0281
17.4434 7.49799 0.00040701 0.00254056 -0.000254112 5.51932
18.4402 7.49799 -2.25751e-05 -0.000430197 0.000739867 8.0281
19.4369 7.49799 -0.000411251 0.000531407 -0.000922152 10.0351
20.4337 7.49799 -0.000141838 -1.54782e-05 -0.000387702 18.565
21.4305 7.49799 -0.000313949 -0.00125787 -0.000816533 12.5439
22.4272 7.49799 0.00147799 0.000498875 -0.000273505 9.53337
23.424 7.49799 1.8972e-05 0.000441083 0.000354396 21.5755
24.4208 7.49799 0.000185307 -0.000742322 -2.11242e-05 8.52986
25.4175 7.49799 0.00202473 0.000194428 0.000341344 7.02459
26.4143 7.49799 0.000529621 0.00112871 0.000253956 7.02459
27.4111 7.49799 -1.88627e-05 0.00142856 0.000336352 6.52283
28.4078 7.49799 0.000296737 -0.000537108 -0.000308494 15.5544
29.4046 7.49799 0.0013661 -4.9578e-05 -0.000141611 15.0527
30.4014 7.49799 -0.000189392 0.00130229 -0.000240516 11.5404
31.3981 7.49799 -0.00153839 4.77599e-05 5.13453e-05 21.5755
32.3949 7.49799 0.00170189 -0.000649269 0.000224662 11.5404
33.3917 7.49799 0.000530271 -0.000197725 0.000900975 9.03161
34.3884 7.49799 -0.00051071 -0.00050845 -0.000623301 6.52283
35.3852 7.49799 0.000804535 -0.00181992 0.00180336 7.52634
36.382 7.49799 -0.000514109 0.00110092 0.00026617 13.5474
37.3787 7.49799 -0.000380061 0.000472809 0.000801438 20.0703
38.3755 7.49799 0.000468742 5.36012e-05 -5.85434e-05 13.5474
39.3723 7.49799 -0.00071855 -0.00167906 0.000117178 15.0527
40.369 7.49799 0.000745846 0.000188508 -0.000489327 19.0667
41.3658 7.49799 -0.00146706 -0.000531148 -0.0018898 8.0281
42.3626 7.49799 -0.000566059 0.000878135 -0.000482523 9.53337
43.3593 7.49799 0.000184454 -0.00133944 -0.000367147 11.5404
44.3561 7.49799 3.30381e-05 -8.27855e-06 0.000337568 10.0351
45.3529 7.49799 0.000199093 -0.000195259 0.000572449 19.0667
46.3496 7.49799 0.000152765 0.000291212 -0.000305044 13.5474
47.3464 7.49799 -0.000325155 0.000781448 -0.00055382 16.558
48.3432 7.49799 -0.000153885 0.000639648 -0.000680405 20.572
49.3399 7.49799 0.00115418 0.000388598 0.000189021 5.51932
50.3367 7.49799 0.000100276 0.00183858 -0.000289597 10.5369
51.3335 7.49799 3.75037e-05 -0.000928398 8.02678e-05 6.02108
52.3302 7.49799 0.000752022 -0.00149738 0.00148122 6.52283
53.327 7.49799 0.000605046 0.000540836 -0.000858471 21.5755
54.3238 7.49799 -0.000836352 0.000244554 0.000586159 16.0562
55.3205 7.49799 0.00148155 -0.00021048 0.000123764 9.53337
56.3173 7.49799 5.66615e-06 -0.000621178 -0.00063584 21.0738
57.3141 7.49799 -0.000375173 -0.000151462 0.000213321 13.0457
58.3108 7.49799 0.000537914 -0.00106257 -0.000665584 8.0281
59.3076 7.49799 3.74227e-05 -0.000757331 0.00119121 6.02108
60.3044 7.49799 -0.00013302 -0.00079081 4.99299e-05 10.5369
61.3011 7.49799 0.000390586 -0.000593025 -0.00108002 14.0492
62.2979 7.49799 -0.000727572 -0.000672034 0.000603722 19.5685
63.2947 7.49799 9.35294e-05 -0.00057548 -0.000840556 10.0351
64.2914 7.49799 0.00170826 0.000232049 0.000235972 19.5685
65.2882 7.49799 0.000727984 -0.000412972 -7.05403e-06 17.0597
66.285 7.49799 -0.00064099 -4.73692e-05 0.000849053 7.52634
67.2817 7.49799 0.000483815 -6.42154e-06 0.000557122 6.52283
68.2785 7.49799 -0.0018594 0.00107347 -0.00046922 8.52986
69.2753 7.49799 0.00070302 -0.00125418 -0.000455801 10.5369
70.272 7.49799 0.000552835 0.000221003 -0.000590571 22.579
71.2688 7.49799 0.000488625 0.000216539 -0.000631171 11.5404
72.2656 7.49799 8.13475e-05 -0.00074428 -0.00162725 14.0492
73.2623 7.49799 -0.000172488 0.000555729 -0.000203781 24.0843
74.2591 7.49799 0.000512431 -0.000786369 0.000434478 12.0422
75.2559 7.49799 -0.00251922 0.000917126 0.00136709 5.01756
76.2526 7.49799 0.000321591 0.000773034 0.00124245 8.52986
77.2494 7.49799 0.00107954 -4.41007e-06 -0.000189376 13.5474
78.2462 7.49799 -0.000111314 -0.000892485 -0.000487805 20.572
79.2429 7.49799 -0.0002577 -0.000180744 0.00047526 15.0527
80.2397 7.49799 -3.7629e-05 0.000534354 -0.000156697 10.0351
81.2365 7.49799 -0.000606206 0.000293946 0.000640638 23.5825
82.2332 7.49799 -0.000554871 0.000261208 0.00209368 10.0351
0.498383 8.49773 -0.000138939 0.000474622 0.000933187 11.5404
1.49515 8.49773 -0.000293104 0.000538743 -0.000826358 7.02459
2.49192 8.49773 0.000652004 -0.000396991 -0.00112838 11.0386
3.48868 8.49773 -0.000148405 -0.000181406 0.000253693 12.5439
4.48545 8.49773 0.000833261 -0.000935411 -0.000920402 7.02459
5.48221 8.49773 -4.24095e-05 -0.00142203 0.000382115 11.5404
6.47898 8.49773 0.00191814 0.000848285 0.000566463 9.03161
7.47575 8.49773 -0.000516253 -0.000763238 -0.00125475 10.5369
8.47251 8.49773 0.00129312 7.48428e-05 0.00113101 12.5439
9.46928 8.49773 -0.000649468 0.000706075 -0.000547906 10.5369
10.466 8.49773 0.00217909 -0.00100754 3.84297e-05 7.02459
11.4628 8.49773 -0.000645753 -0.00115086 -0.000485218 11.5404
12.4596 8.49773 -8.94441e-05 0.000166857 0.000829349 11.0386
13.4563 8.49773 0.00061678 0.000713581 -0.000350897 6.02108
14.4531 8.49773 -0.000259895 -0.000692333 0.00123528 8.52986
15.4499 8.49773 -6.03992e-05 0.000730804 -7.76401e-05 10.0351
16.4466 8.49773 -0.000522313 0.000999026 0.000233155 9.53337
17.4434 8.49773 8.73565e-05 -0.000876673 -0.000716627 8.52986
18.4402 8.49773 0.000646646 -0.000694653 0.000202287 8.52986
19.4369 8.49773 0.000190593 -0.000113541 0.000962972 12.0422
20.4337 8.49773 -2.16816e-05 0.00041935 -0.000922991 9.53337
21.4305 8.49773 0.000719696 -0.00048077 -0.000441816 10.5369
22.4272 8.49773 -0.00138815 -0.000364825 -0.000208842 9.53337
23.424 8.49773 2.421e-06 0.000120951 0.000576755 11.5404
24.4208 8.49773 0.000216214 -0.000140942 -7.66689e-05 14.0492
25.4175 8.49773 0.00023514 -0.000409329 -0.00025661 8.52986
26.4143 8.49773 0.00151201 -0.000957719 -8.65865e-05 6.52283
27.4111 8.49773 -0.000319732 -0.00041517 -0.000757663 10.5369
28.4078 8.49773 -0.000386613 -7.55232e-05 0.000574734 13.0457
29.4046 8.49773 0.000117167 -0.000199612 0.000637532 10.5369
30.4014 8.49773 0.00107653 -0.000232336 -0.000533752 6.02108
31.3981 8.49773 -0.00173997 6.85814e-06 0.000472912 11.0386
32.3949 8.49773 0.000842303 5.49124e-06 0.00095083 10.5369
33.3917 8.49773 0.000549682 -0.000410375 0.00152386 13.5474
34.3884 8.49773 0.000729075 0.00150384 -0.000236094 6.52283
35.3852 8.49773 0.000539717 0.00141939 -0.000158783 8.52986
36.382 8.49773 0.00160112 -0.000516696 0.000136564 14.0492
37.3787 8.49773 0.0014646 -4.28789e-05 0.000478814 8.0281
38.3755 8.49773 -0.000584168 0.000198532 -5.93815e-05 8.0281
39.3723 8.49773 -0.000352645 0.000322645 -0.000935182 9.03161
40.369 8.49773 0.000803783 -0.000618371 -0.000298055 12.5439
41.3658 8.49773 0.00111117 0.000923124 -0.00210493 9.53337
42.3626 8.49773 4.30497e-05 -0.000774786 -6.04507e-05 14.0492
43.3593 8.49773 -0.000154917 -0.000159674 -0.000520697 10.0351
44.3561 8.49773 0.00250692 0.000575254 -0.000210955 9.03161
45.3529 8.49773 0.0013347 0.00155375 -0.00101828 13.5474
46.3496 8.49773 0.00108771 -0.000107734 0.000466015 9.53337
47.3464 8.49773 0.00088155 -0.000347833 0.00183988 6.52283
48.3432 8.49773 0.000428225 -0.00129274 -0.000963639 12.0422
49.3399 8.49773 0.00173163 -0.000511611 -0.000232654 12.0422
50.3367 8.49773 0.000275472 -0.000232234 -0.000220631 7.52634
51.3335 8.49773 0.000300779 0.000437328 0.00112346 9.03161
52.3302 8.49773 0.000114169 0.000720444 0.00036318 15.0527
53.327 8.49773 9.84306e-05 -0.000320045 -0.000584779 12.5439
54.3238 8.49773 0.000672715 0.00110014 0.000521744 10.0351
55.3205 8.49773 -0.00020985 3.2967e-05 0.000422916 7.02459
56.3173 8.49773 0.00157742 -0.000392052 0.00139656 8.52986
57.3141 8.49773 0.00103329 -0.00132393 0.000440648 14.0492
58.3108 8.49773 -9.64411e-05 -0.000227266 0.000996055 12.0422
59.3076 8.49773 0.000696654 -0.000389398 0.000198435 7.52634
60.3044 8.49773 -0.000417197 -0.000683371 0.000159518 11.0386
61.3011 8.49773 -0.000654662 -0.000113219 -0.000704805 13.0457
62.2979 8.49773 0.000595813 0.000469088 0.000225048 9.03161
63.2947 8.49773 3.78391e-05 0.000969727 -0.000309917 6.52283
64.2914 8.49773 -0.00117598 -0.00247501 0.000560901 10.0351
65.2882 8.49773 -0.00110874 -0.00176054 -0.000378952 10.0351
66.285 8.49773 -0.000455203 -0.000988421 -0.000176618 15.0527
67.2817 8.49773 -0.000355493 -0.00157256 -0.000859223 9.03161
68.2785 8.49773 0.000557706 -0.000297873 0.000641623 10.0351
69.2753 8.49773 0.000833336 0.000887298 0.00128326 11.5404
70.272 8.49773 0.000353461 0.000747204 0.00039015 7.02459
71.2688 8.49773 0.000984501 0.000728549 -0.000816452 9.03161
72.2656 8.49773 -0.0006122 0.00115939 0.000658898 10.0351
73.2623 8.49773 -0.000568854 0.000102672 -0.00104125 9.53337
74.2591 8.49773 0.00110066 0.000181669 0.000304034 12.5439
75.2559 8.49773 0.00165138 0.000672665 0.000553458 11.5404
76.2526 8.49773 -0.000160742 -0.00030833 -0.00123891 7.52634
77.2494 8.49773 0.000316502 0.000757516 -0.000408035 10.0351
78.2462 8.49773 0.000540633 0.00116527 0.000466948 10.5369
79.2429 8.49773 0.000463279 0.00101375 0.000474432 10.0351
80.2397 8.49773 0.000827319 0.00082163 0.000341738 10.0351
81.2365 8.49773 0.000265127 -0.00156117 0.000311852 9.53337
82.2332 8.49773 -0.001182 2.28753e-05 -0.000517155 13.5474
0.498383 9.49746 -0.000725186 -0.000593516 -0.000388161 15.5544
1.49515 9.49746 -0.00176306 -4.49147e-05 -0.000662896 10.0351
2.49192 9.49746 0.000132259 -0.000131404 0.000226532 28.6001
3.48868 9.49746 0.000445881 -0.0006125 0.000122505 10.0351
4.48545 9.49746 -4.60791e-05 -1.82994e-06 0.000100953 8.0281
5.48221 9.49746 -0.000246224 -0.000467164 0.000138407 7.52634
6.47898 9.49746 -0.00161093 0.00144865 0.000501648 6.52283
7.47575 9.49746 -0.000556434 -0.0004056 -0.000852457 14.5509
8.47251 9.49746 0.000393166 -6.518e-05 0.000165673 27.0948
9.46928 9.49746 0.000872408 8.13192e-05 -0.000432357 6.52283
10.466 9.49746 0.000805986 -0.00104046 -0.000239523 17.5615
11.4628 9.49746 0.000371513 8.80301e-05 0.000233655 25.5896
12.4596 9.49746 -0.00126555 5.01682e-05 0.000156536 6.02108
13.4563 9.49746 -0.000503036 -0.0013968 -0.00213761 4.51581
14.4531 9.49746 -0.00038098 0.000499214 -0.00089465 9.53337
15.4499 9.49746 -0.000992582 0.000189046 0.00154321 9.53337
16.4466 9.49746 0.000584578 0.000603291 -0.00037525 26.5931
17.4434 9.49746 -2.39504e-05 0.000176318 0.000696902 15.0527
18.4402 9.49746 -3.66003e-05 6.51584e-06 0.000198647 15.5544
19.4369 9.49746 0.00055789 0.000163836 -0.00027531 25.0878
20.4337 9.49746 0.000845549 -1.43423e-05 0.00113617 9.03161
21.4305 9.49746 0.000206595 -0.0015762 -0.00118103 3.51229
22.4272 9.49746 -0.00259762 0.000554811 -0.000402546 6.02108
23.424 9.49746 -0.00016189 0.00138981 0.00164162 6.02108
24.4208 9.49746 0.000881138 0.000684687 -8.02846e-05 22.0773
25.4175 9.49746 -0.000455581 -0.000307496 0.000280103 16.0562
26.4143 9.49746 -0.000997549 3.86047e-05 -0.00011788 13.0457
27.4111 9.49746 0.000143804 -0.000449192 0.000200655 28.0984
28.4078 9.49746 0.000261193 0.00114999 -0.000598409 11.5404
29.4046 9.49746 -0.00162707 0.00183802 0.0019522 7.52634
30.4014 9.49746 0.000591974 0.000468833 0.000279547 9.53337
31.3981 9.49746 0.000100524 0.000211167 0.000878112 6.02108
32.3949 9.49746 -0.000352345 0.000545931 -0.000239121 19.0667
33.3917 9.49746 -0.000338206 0.000225505 0.000697925 18.565
34.3884 9.49746 0.00105883 0.00042566 -0.00149211 10.0351
35.3852 9.49746 0.00061263 -0.00039042 0.000516635 18.0632
36.382 9.49746 -0.000774111 -0.000930106 -5.43639e-05 19.5685
37.3787 9.49746 0.00125378 0.000485701 0.00127728 6.52283
38.3755 9.49746 -0.00135669 9.00058e-05 0.000656953 10.0351
39.3723 9.49746 -0.00140993 -0.000914934 0.00122295 8.0281
40.369 9.49746 0.000325199 8.00446e-05 0.000628416 12.0422
41.3658 9.49746 0.000451316 0.000469581 0.00029685 25.0878
42.3626 9.49746 0.000806719 0.00083248 -0.00053068 11.0386
43.3593 9.49746 -4.00466e-05 0.000306815 -0.000443401 16.558
44.3561 9.49746 -0.000636945 0.000573722 -9.52345e-05 18.0632
45.3529 9.49746 0.000551945 0.000309595 0.000242455 13.5474
46.3496 9.49746 -0.000422717 0.000633761 0.00138292 6.02108
47.3464 9.49746 0.000372448 -0.000983793 0.000552258 7.52634
48.3432 9.49746 0.000490311 -0.00104453 0.000242458 7.02459
49.3399 9.49746 0.000608566 0.000782202 0.000327731 23.0808
50.3367 9.49746 -0.000138788 0.000220184 -0.00119126 15.0527
51.3335 9.49746 0.000370071 -0.000259988 -0.000226567 11.0386
52.3302 9.49746 -0.000289078 -0.000387066 0.00125365 17.5615
53.327 9.49746 -0.000738416 0.000189394 0.000412753 13.5474
54.3238 9.49746 -0.000200781 0.00164152 0.00128622 8.0281
55.3205 9.49746 0.000351422 -0.00116755 -0.000518912 7.02459
56.3173 9.49746 0.00051225 0.000755932 -0.00199937 8.0281
57.3141 9.49746 0.000367895 8.57177e-06 0.000124574 18.0632
58.3108 9.49746 0.00157408 0.000255718 -0.00101278 14.5509
59.3076 9.49746 -0.000583143 -0.000310308 -0.000306977 11.5404
60.3044 9.49746 0.00124305 -0.00101599 9.18949e-05 17.5615
61.3011 9.49746 -0.000152689 -0.00138031 -0.000627116 14.5509
62.2979 9.49746 -0.000736381 -0.000282815 0.000292541 11.0386
63.2947 9.49746 -0.000447749 0.00142679 0.000864601 7.02459
64.2914 9.49746 -0.000395453 0.00226317 0.000105439 8.0281
65.2882 9.49746 0.0003071 -0.000506385 -0.000153961 14.5509
66.285 9.49746 0.00119059 0.000291155 -0.000390701 16.558
67.2817 9.49746 -0.000570897 -7.06963e-06 -2.53447e-05 16.0562
68.2785 9.49746 -0.000522483 0.00127775 -0.000593646 19.5685
69.2753 9.49746 -5.56969e-05 -7.87555e-05 0.000650548 21.0738
70.272 9.49746 0.000853689 -0.000496821 0.000432494 4.51581
71.2688 9.49746 -0.000490253 1.83376e-05 0.000152003 7.52634
72.2656 9.49746 3.89327e-05 0.000606499 -0.00046798 5.51932
73.2623 9.49746 0.00156523 0.000246779 -6.97261e-05 8.52986
74.2591 9.49746 -0.000334838 -0.000401619 -0.000561758 21.0738
75.2559 9.49746 0.000138809 0.000303688 0.000358819 14.0492
76.2526 9.49746 0.000252984 0.000164487 -0.000373232 13.5474
77.2494 9.49746 -0.00059943 0.000221117 -0.000101312 20.572
78.2462 9.49746 0.000825909 -0.000220414 -0.000298662 11.5404
79.2429 9.49746 0.000316864 0.00105335 -0.000475793 8.52986
80.2397 9.49746 0.00035274 -3.67299e-05 0.000580176 10.5369
81.2365 9.49746 -1.34e-05 -0.000439354 0.000123957 11.5404
82.2332 9.49746 0.000425794 0.00112517 4.89583e-05 18.0632
0.498383 10.4972 0.000582799 -0.000684201 0.00057061 14.0492
1.49515 10.4972 -0.000749131 0.00096736 -0.00024001 10.0351
2.49192 10.4972 -0.000106986 -0.000154923 -0.00014336 12.5439
3.48868 10.4972 -0.000207261 -0.000502548 2.41262e-06 10.5369
4.48545 10.4972 -0.000839201 -0.00149331 0.000192899 9.03161
5.48221 10.4972 -0.000519187 0.000303002 -0.000202491 8.0281
6.47898 10.4972 0.000155075 -0.000657431 -0.000324088 8.0281
7.47575 10.4972 -0.000813395 0.000385205 -0.00095335 8.52986
8.47251 10.4972 0.000938735 0.000359931 -8.06217e-05 15.5544
9.46928 10.4972 0.000477542 -3.83886e-05 0.000357857 6.02108
10.466 10.4972 1.6178e-05 4.63802e-05 0.00029016 14.0492
11.4628 10.4972 0.00021042 -0.000167092 0.000610829 11.5404
12.4596 10.4972 -0.000861022 -0.00104791 0.000835414 6.02108
13.4563 10.4972 0.00082345 0.000150629 -1.44939e-05 8.0281
14.4531 10.4972 -0.00105768 0.000233677 0.00105282 7.52634
15.4499 10.4972 0.000850599 -0.00127772 -0.000325163 8.52986
16.4466 10.4972 -8.40139e-05 -0.000685746 -0.000716742 14.0492
17.4434 10.4972 0.00055218 1.54406e-05 -0.00106754 7.52634
18.4402 10.4972 0.000791693 5.61623e-05 0.000677664 10.5369
19.4369 10.4972 0.0012281 0.000985135 2.78836e-05 13.5474
20.4337 10.4972 0.000577513 0.000188081 -6.58632e-06 11.0386
21.4305 10.4972 -0.000199702 -0.000248682 0.0003294 10.5369
22.4272 10.4972 -0.000296599 -0.00107313 -0.00063257 6.02108
23.424 10.4972 -0.000545236 -0.000405872 0.000512414 8.52986
24.4208 10.4972 -0.000927167 2.54005e-05 -8.98039e-05 17.0597
25.4175 10.4972 0.000460206 0.00224018 -0.000663623 10.5369
26.4143 10.4972 0.000126499 0.000423378 0.000409417 11.0386
27.4111 10.4972 -0.000196565 0.000650198 -0.001871 10.0351
28.4078 10.4972 0.000578167 0.00267626 -0.000674479 5.01756
29.4046 10.4972 0.000353219 -0.000550753 -9.77798e-05 8.52986
30.4014 10.4972 0.000459052 0.00158952 0.000987491 9.53337
31.3981 10.4972 -0.000239405 -0.000195392 -0.000844873 10.0351
32.3949 10.4972 -0.000199726 0.000533264 0.00122005 15.0527
33.3917 10.4972 -0.000503732 -0.00086312 2.48147e-05 12.0422
34.3884 10.4972 -0.00173609 -0.000184627 -0.000679059 9.53337
35.3852 10.4972 0.000254268 4.98658e-05 -0.000285841 13.0457
36.382 10.4972 -0.000308236 0.00127661 0.00118366 10.0351
37.3787 10.4972 -0.000474677 -0.000210586 -6.61911e-05 10.0351
38.3755 10.4972 -0.000320764 0.000495185 -0.00186349 7.02459
39.3723 10.4972 0.000266946 -0.00188287 0.000949729 7.02459
40.369 10.4972 -0.000495045 -0.000887074 0.00010343 10.0351
41.3658 10.4972 -1.5523e-06 0.000157467 -0.000288694 11.0386
42.3626 10.4972 -0.00176426 0.000976671 -0.00111052 8.0281
43.3593 10.4972 -0.000505357 -0.000364084 -0.000274483 9.03161
44.3561 10.4972 0.00115946 -0.00111978 -0.000101617 13.5474
45.3529 10.4972 -0.000220861 1.85347e-05 -0.00100706 11.0386
46.3496 10.4972 -0.000684937 -0.00086771 -0.000982266 8.0281
47.3464 10.4972 0.000121162 0.000568488 0.00061145 9.03161
48.3432 10.4972 0.000902921 0.000191927 -0.000183262 9.03161
49.3399 10.4972 0.000577124 0.00103615 -0.000174808 11.5404
50.3367 10.4972 -5.655e-05 -4.39444e-05 0.000785712 15.5544
51.3335 10.4972 -0.00011868 -8.95188e-05 0.000116627 9.53337
52.3302 10.4972 0.00099897 0.00128439 0.000935238 14.5509
53.327 10.4972 0.000468117 0.000697151 -0.000566734 7.02459
54.3238 10.4972 -0.00129802 0.000318576 -0.000773026 10.0351
55.3205 10.4972 0.000342582 0.000620801 -0.000716278 9.03161
56.3173 10.4972 -0.000101883 0.00077165 0.000383624 10.5369
57.3141 10.4972 0.000523874 -0.000873974 0.000375847 13.5474
58.3108 10.4972 0.00204764 -0.000315126 0.000315093 14.5509
59.3076 10.4972 -0.00090239 0.000146525 9.25554e-05 10.0351
60.3044 10.4972 -0.000947293 -0.00109203 -7.93806e-05 12.0422
61.3011 10.4972 -4.33715e-05 0.000614527 0.000215778 11.5404
62.2979 10.4972 0.000976296 -0.000529482 0.000140945 8.52986
63.2947 10.4972 0.00115407 -0.00179147 -0.00180447 10.0351
64.2914 10.4972 -0.00100979 0.00107438 2.41445e-05 8.52986
65.2882 10.4972 0.00139477 0.000745205 -0.000491978 11.0386
66.285 10.4972 -0.000160926 -0.000304095 -0.000636317 13.5474
67.2817 10.4972 -0.000980413 0.00088691 -0.000620074 8.52986
68.2785 10.4972 0.000688168 -0.00101589 2.75286e-05 13.5474
69.2753 10.4972 -0.000312107 -0.000213856 -0.000573687 12.5439
70.272 10.4972 -0.000259449 -0.000708978 -8.25931e-05 7.02459
71.2688 10.4972 -0.00203639 -0.00116924 0.000283227 8.0281
72.2656 10.4972 -0.00107307 -0.000587886 0.000697757 9.03161
73.2623 10.4972 -0.00177366 0.00131257 -0.00114667 7.02459
74.2591 10.4972 -0.000619531 -0.000256171 -0.000578705 13.0457
75.2559 10.4972 -0.000370135 8.38845e-05 -0.000370267 12.0422
76.2526 10.4972 0.00062303 -8.57746e-05 -0.00114099 7.52634
77.2494 10.4972 -0.000767511 -0.000877125 -0.000632401 16.558
78.2462 10.4972 -0.0010151 0.00127898 0.000445314 8.52986
79.2429 10.4972 -0.001477 -0.00182367 -0.000383696 7.52634
80.2397 10.4972 -0.000344692 -0.000121982 0.00124088 7.02459
81.2365 10.4972 0.00122065 0.00119729 -9.78665e-05 10.5369
82.2332 10.4972 0.00157652 -0.000394394 0.00178822 9.53337
0.498383 11.4969 0.000438841 -0.000517236 -7.06692e-05 8.52986
1.49515 11.4969 0.000659428 0.000844857 0.00163193 7.52634
2.49192 11.4969 -0.000296738 -0.00109529 0.000724711 6.52283
3.48868 11.4969 -0.000865536 0.000643189 -0.000592185 14.0492
4.48545 11.4969 0.00074279 -0.000238818 -0.000806685 17.5615
5.48221 11.4969 -0.000957889 0.000159429 0.000265999 8.52986
6.47898 11.4969 -0.000377445 -0.000108271 0.000578963 16.558
7.47575 11.4969 -0.000150679 -0.000197845 0.000784576 14.5509
8.47251 11.4969 -0.000177644 2.62526e-05 0.000129422 8.52986
9.46928 11.4969 0.0010313 0.000563092 -0.000106511 6.52283
10.466 11.4969 0.00103557 -0.000819405 -0.000753898 5.51932
11.4628 11.4969 -0.000359205 -0.000276867 0.000529496 10.0351
12.4596 11.4969 0.000864827 2.92615e-05 -0.000111163 21.0738
13.4563 11.4969 0.000238725 0.000627816 0.000781129 10.0351
14.4531 11.4969 0.00113534 -0.000208935 2.70178e-05 10.0351
15.4499 11.4969 -0.000122794 -0.000600792 5.24769e-05 23.0808
16.4466 11.4969 0.00219008 0.00069019 -0.0022303 8.0281
17.4434 11.4969 -6.37051e-05 0.000847304 -0.000706979 7.02459
18.4402 11.4969 -0.00108978 0.000168101 8.29615e-05 6.02108
19.4369 11.4969 -0.000584551 0.000570689 0.000117256 7.02459
20.4337 11.4969 -0.000420774 0.000646075 -0.00014144 22.579
21.4305 11.4969 0.000528579 0.000966052 0.000577735 14.5509
22.4272 11.4969 -0.000209422 -0.00038844 1.1155e-05 15.0527
23.424 11.4969 -0.000183024 -0.000296524 -0.000113029 21.0738
24.4208 11.4969 -0.00055842 6.09739e-06 -0.000535835 8.0281
25.4175 11.4969 -0.00149878 -0.000855973 0.00174161 6.52283
26.4143 11.4969 -0.00208521 0.000711184 -0.00127886 4.51581
27.4111 11.4969 -0.000531825 0.00108046 -0.000255277 9.03161
28.4078 11.4969 -0.000137763 -0.000128188 -0.000731887 19.0667
29.4046 11.4969 0.000284138 -0.000243667 0.000220846 14.0492
30.4014 11.4969 -0.00061754 -0.000607555 0.000581275 10.0351
31.3981 11.4969 -0.00031523 -3.52695e-05 4.46001e-05 16.558
32.3949 11.4969 -0.00129475 0.00120326 -0.000158145 12.0422
33.3917 11.4969 0.000924293 0.000635266 0.00025635 5.51932
34.3884 11.4969 0.00061103 -0.000799997 -0.000874473 8.0281
35.3852 11.4969 0.0015298 0.00068803 -0.000362438 9.53337
36.382 11.4969 0.0002501 -0.000815741 0.000647122 14.0492
37.3787 11.4969 -0.000114019 0.000330993 -0.000851129 15.0527
38.3755 11.4969 -0.000712937 -4.17305e-05 -6.52007e-05 15.0527
39.3723 11.4969 -0.000311941 0.00122038 0.000584761 12.5439
40.369 11.4969 -0.00101665 0.000451739 -0.000840354 17.5615
41.3658 11.4969 0.00033173 -0.000562757 0.000465442 11.0386
42.3626 11.4969 -0.000331204 0.000427816 0.000568113 7.02459
43.3593 11.4969 0.000688164 -0.000333768 -0.000175216 10.0351
44.3561 11.4969 -0.000671281 0.000877627 -0.000350771 8.0281
45.3529 11.4969 0.000221254 0.000313933 -0.000586638 22.579
46.3496 11.4969 0.00044839 6.57135e-05 -0.00137365 8.0281
47.3464 11.4969 -3.08401e-05 -0.000192888 0.000490711 11.5404
48.3432 11.4969 -0.000179114 4.31506e-05 0.00104379 22.0773
49.3399 11.4969 -0.000407445 -0.00083738 0.000465432 7.52634
50.3367 11.4969 -0.000297738 0.000698426 8.21474e-05 8.0281
51.3335 11.4969 0.000448164 -0.000132235 -0.000115908 6.02108
52.3302 11.4969 -0.000522455 4.76784e-06 0.000385225 8.52986
53.327 11.4969 -0.000361786 0.000469021 -0.000721641 18.565
54.3238 11.4969 -7.47346e-05 -0.000634897 0.000470889 17.0597
55.3205 11.4969 -0.000823708 0.000705461 -0.000486423 11.0386
56.3173 11.4969 -0.000855745 5.49692e-05 0.000981535 16.558
57.3141 11.4969 0.000966721 0.000384405 0.000993592 9.03161
58.3108 11.4969 -0.00145727 0.000278788 -0.000676965 5.51932
59.3076 11.4969 0.000546702 -0.000458364 0.000308949 8.0281
60.3044 11.4969 0.00016329 0.000887096 -0.000581401 7.02459
61.3011 11.4969 0.000566628 0.000725277 -0.000267538 14.0492
62.2979 11.4969 -0.00023153 5.62786e-05 0.000312174 23.0808
63.2947 11.4969 -0.00020563 -0.000752729 0.00114163 9.53337
64.2914 11.4969 0.000333596 0.00092016 5.58782e-05 18.565
65.2882 11.4969 0.000353361 0.000466663 0.0011565 16.0562
66.285 11.4969 0.000532949 0.000790938 -1.86389e-05 7.02459
67.2817 11.4969 0.000525451 -0.000398953 -0.000487756 4.51581
68.2785 11.4969 -0.00075504 -0.00017596 -0.000895049 9.53337
69.2753 11.4969 -0.000154856 -0.000254822 0.000204693 9.03161
70.272 11.4969 -6.21261e-05 -0.000101981 -0.000217905 27.0948
71.2688 11.4969 0.000165826 0.000610475 0.000420524 8.52986
72.2656 11.4969 0.000445615 0.000691546 0.000189299 14.0492
73.2623 11.4969 -9.86766e-05 -0.00105835 -0.000298587 19.0667
74.2591 11.4969 0.000586351 -0.000223175 0.00160251 10.5369
75.2559 11.4969 0.000613784 0.0003736 0.000503061 8.0281
76.2526 11.4969 0.000881927 2.0699e-05 0.000120041 8.52986
77.2494 11.4969 0.000153216 0.0009335 0.000345113 11.5404
78.2462 11.4969 0.000323444 -9.84933e-05 0.000747814 18.0632
79.2429 11.4969 -0.0001641 0.000116114 0.00099845 18.0632
80.2397 11.4969 0.001319 -0.00110161 0.000434691 13.5474
81.2365 11.4969 0.000683751 0.000659071 0.000229199 21.5755
82.2332 11.4969 4.15271e-05 0.000914227 0.000828805 7.02459
0.498383 12.4967 1.18925e-06 -0.000921245 -0.00139632 8.0281
1.49515 12.4967 -0.000890994 0.000554745 -0.000379747 8.0281
2.49192 12.4967 -0.000223951 0.00022148 -0.000413923 8.0281
3.48868 12.4967 -0.000469717 -0.000273919 1.21159e-05 15.0527
4.48545 12.4967 -1.22031e-05 -0.000736601 0.00103865 15.5544
5.48221 12.4967 -0.000929649 0.000397304 0.000548764 9.53337
6.47898 12.4967 -0.000543816 -0.000578342 -0.00049958 19.5685
7.47575 12.4967 -0.000645211 -0.000279457 0.000347339 10.0351
8.47251 12.4967 -0.000262371 -0.000924133 0.000587136 9.53337
9.46928 12.4967 4.50169e-06 0.000484432 -0.000133913 7.02459
10.466 12.4967 0.00106988 -0.00100178 -0.00138292 5.51932
11.4628 12.4967 -0.00211763 -0.000589822 -0.00102113 10.5369
12.4596 12.4967 0.000363525 -0.000183154 0.000565971 24.5861
13.4563 12.4967 0.000517585 -0.00179014 0.00150082 8.0281
14.4531 12.4967 0.00118324 -3.50651e-05 -0.00074271 12.5439
15.4499 12.4967 -0.000692694 0.000350606 0.000235481 22.579
16.4466 12.4967 0.000120684 -0.000869211 0.000357751 9.53337
17.4434 12.4967 2.46958e-05 0.00145657 -8.59998e-05 6.02108
18.4402 12.4967 0.00186389 -0.000145592 -0.00018751 7.02459
19.4369 12.4967 0.00118067 -0.00128598 0.000562107 7.52634
20.4337 12.4967 0.000249228 -3.42141e-05 7.04645e-05 17.0597
21.4305 12.4967 -0.000813327 -0.000143717 0.000268587 13.0457
22.4272 12.4967 -0.000134692 0.000604022 0.000242658 9.53337
23.424 12.4967 0.000171561 0.000134222 -0.000139381 21.0738
24.4208 12.4967 0.00107717 -0.00158372 0.00137157 8.0281
25.4175 12.4967 -0.000341944 -0.000385316 -0.00151262 7.52634
26.4143 12.4967 0.000100404 -0.000772345 -0.0012952 10.0351
27.4111 12.4967 0.000349375 0.000617596 -0.000144617 7.52634
28.4078 12.4967 -0.000598484 -0.00119179 -0.000789035 17.5615
29.4046 12.4967 0.000629081 -0.0013316 -0.000189203 12.0422
30.4014 12.4967 0.00025622 -0.000198853 -5.8828e-05 12.0422
31.3981 12.4967 -0.000263047 0.000498849 -0.000706188 22.579
32.3949 12.4967 -0.000836234 0.000309355 0.000177059 15.5544
33.3917 12.4967 -0.000489355 0.000385855 -0.000469268 12.0422
34.3884 12.4967 0.000125888 0.000692024 0.000183607 8.0281
35.3852 12.4967 -0.00162044 -0.000313401 0.000255685 6.02108
36.382 12.4967 -0.000198362 0.000563677 -0.000183441 11.5404
37.3787 12.4967 -0.000334378 0.000585821 -0.000126186 19.5685
38.3755 12.4967 -0.000217847 -0.000595476 9.27365e-05 12.5439
39.3723 12.4967 0.00118008 -4.86894e-05 -0.000638359 11.0386
40.369 12.4967 0.000560945 -0.000374211 0.000266289 23.0808
41.3658 12.4967 -6.11276e-05 0.00101739 0.00104295 10.0351
42.3626 12.4967 -0.000807721 -0.000911874 0.000272618 6.52283
43.3593 12.4967 0.000742467 0.00110651 0.000243042 6.52283
44.3561 12.4967 -0.000755268 -0.000455642 0.00133142 7.52634
45.3529 12.4967 0.000584109 2.37885e-06 0.000205535 21.5755
46.3496 12.4967 -0.000787747 0.000858261 -0.00086213 10.5369
47.3464 12.4967 0.000376382 -0.000300912 0.00099746 13.0457
48.3432 12.4967 0.00112418 -0.000296275 0.000347499 16.0562
49.3399 12.4967 0.000103123 -7.17222e-05 -0.000611894 9.53337
50.3367 12.4967 -0.000693679 0.000607334 -0.000214613 7.52634
51.3335 12.4967 -0.000202048 -0.000103812 0.000872858 8.52986
52.3302 12.4967 -0.000151837 0.000184574 0.000186213 13.5474
53.327 12.4967 0.00115179 -9.27104e-05 -0.000507145 16.0562
54.3238 12.4967 4.01489e-05 0.000582738 -0.000217452 13.5474
55.3205 12.4967 0.000616061 0.000849897 0.000852337 7.52634
56.3173 12.4967 -0.000480731 0.00071857 0.000407895 21.0738
57.3141 12.4967 0.000616671 -0.00139557 0.000121833 14.0492
58.3108 12.4967 0.0004685 -0.000586083 -0.00098558 6.02108
59.3076 12.4967 0.000455918 -0.000343118 0.00169119 7.02459
60.3044 12.4967 0.00046552 0.00042891 0.000601885 11.5404
61.3011 12.4967 0.000228448 0.00027577 -0.000243293 12.5439
62.2979 12.4967 0.000130878 -0.000416921 -0.000498445 18.565
63.2947 12.4967 -0.000617058 -0.00108581 0.000698912 9.03161
64.2914 12.4967 -0.00017251 -0.000466515 -0.000719206 19.0667
65.2882 12.4967 0.00122455 -1.80009e-05 0.000196277 12.0422
66.285 12.4967 -0.00101322 0.000318957 0.00023291 5.01756
67.2817 12.4967 -0.000157476 0.000982247 0.000309541 9.03161
68.2785 12.4967 0.000134257 8.00142e-05 -0.000923463 10.5369
69.2753 12.4967 0.0001841 0.000796232 -0.00076861 8.0281
70.272 12.4967 0.000427852 -0.000555354 0.000814068 15.5544
71.2688 12.4967 0.00107449 -2.13708e-05 -0.000862918 13.5474
72.2656 12.4967 -0.000118196 0.000935399 0.00117221 12.0422
73.2623 12.4967 0.000347122 0.000158143 0.000315917 19.0667
74.2591 12.4967 -0.000386126 0.0010269 -0.000344905 8.52986
75.2559 12.4967 0.000648143 3.49286e-05 -0.00066276 10.5369
76.2526 12.4967 -0.000149093 0.00138661 0.000425429 8.0281
77.2494 12.4967 0.000710184 -0.000478252 0.00165009 9.53337
78.2462 12.4967 0.000672182 0.000400481 -0.000271153 11.5404
79.2429 12.4967 -0.0007168 -0.000108343 -0.000300986 13.5474
80.2397 12.4967 -0.000244973 -0.000499774 0.000148701 12.5439
81.2365 12.4967 0.000385631 -5.0861e-05 -0.00018104 16.0562
82.2332 12.4967 -0.000326443 -0.000375242 0.000651903 13.5474
0.498383 13.4964 -0.000398439 0.000147972 -0.000744319 12.5439
1.49515 13.4964 0.000152703 -0.000405708 -0.000465109 5.51932
2.49192 13.4964 0.000356581 0.000415607 -0.000444486 15.5544
3.48868 13.4964 -0.000525277 0.000431023 0.00132179 9.03161
4.48545 13.4964 0.00160095 -7.27599e-05 -0.000735306 7.02459
5.48221 13.4964 0.000638414 9.49638e-05 0.000398617 10.0351
6.47898 13.4964 -0.000462999 -0.000323478 0.000293699 6.52283
7.47575 13.4964 0.00115728 -0.000833188 0.000817067 11.0386
8.47251 13.4964 -0.00055895 -0.000385646 0.00056664 20.0703
9.46928 13.4964 0.000424187 0.000615711 0.000749986 8.0281
10.466 13.4964 -0.000423882 -0.000419549 -0.000662436 10.5369
11.4628 13.4964 -0.000655879 -0.00045085 0.000198335 13.5474
12.4596 13.4964 -0.000637119 -0.0016263 -0.00043447 9.53337
13.4563 13.4964 0.000293609 -0.000903779 -0.00140691 9.03161
14.4531 13.4964 0.00143514 -0.00180513 -0.000192231 5.01756
15.4499 13.4964 -0.000428902 0.000168517 0.00121273 9.03161
16.4466 13.4964 0.000824723 0.000981882 0.00031213 10.5369
17.4434 13.4964 -0.000653928 -4.72663e-05 -0.0010558 9.53337
18.4402 13.4964 -0.000927581 -0.000571096 -0.00182446 12.5439
19.4369 13.4964 0.00103731 0.00122761 0.000494775 13.5474
20.4337 13.4964 -0.000699273 -0.00066327 -0.000694779 11.0386
21.4305 13.4964 -0.000777216 0.000370623 0.000444109 7.52634
22.4272 13.4964 0.000838938 -0.00153853 -0.000226143 6.02108
23.424 13.4964 3.35031e-05 0.00140723 0.00126594 10.5369
24.4208 13.4964 0.000268731 -2.61895e-05 -5.2272e-05 11.5404
25.4175 13.4964 0.000563367 0.00020254 -0.000127228 14.5509
26.4143 13.4964 0.000870879 0.000941795 4.09043e-07 11.5404
27.4111 13.4964 1.3078e-05 0.00015458 -0.000186742 14.5509
28.4078 13.4964 0.000564824 -1.60533e-05 0.0011434 11.0386
29.4046 13.4964 -0.000674663 0.00095557 -0.000495165 8.0281
30.4014 13.4964 0.000327717 -0.00121082 0.000457736 7.52634
31.3981 13.4964 -8.2352e-05 -0.000648019 0.00084742 7.52634
32.3949 13.4964 0.000363058 -0.000281652 0.000431403 8.52986
33.3917 13.4964 0.00111967 -0.000332212 0.000717122 9.03161
34.3884 13.4964 -0.0011119 -0.00144921 0.000495576 7.02459
35.3852 13.4964 -0.000223421 0.00122208 -0.000205723 13.0457
36.382 13.4964 -0.000453538 -0.00034966 0.000484991 11.0386
37.3787 13.4964 -0.00053115 0.000199947 1.42308e-05 10.0351
38.3755 13.4964 -0.00113919 0.000892633 -0.000710227 9.53337
39.3723 13.4964 -0.000332014 0.000148265 -7.36387e-05 5.01756
40.369 13.4964 -0.000870287 0.000127292 -0.00028428 9.53337
41.3658 13.4964 0.000408287 0.000472226 -0.000325669 13.5474
42.3626 13.4964 -0.000358169 -3.94914e-05 -0.000269312 9.53337
43.3593 13.4964 -0.000517253 -0.000444196 -0.000281105 8.52986
44.3561 13.4964 0.000115578 0.0013239 0.000108973 13.5474
45.3529 13.4964 0.000358566 0.000330258 0.000357727 8.52986
46.3496 13.4964 -0.00098568 -0.000147717 -0.000621964 5.01756
47.3464 13.4964 -0.000795446 -6.88053e-05 0.000415975 8.52986
48.3432 13.4964 0.000489233 -0.000638296 0.000738811 10.0351
49.3399 13.4964 2.1954e-05 -0.000245436 -0.000320124 15.0527
50.3367 13.4964 0.000647281 0.000930585 9.16595e-05 13.0457
51.3335 13.4964 0.00104147 0.000304891 -0.000899825 9.03161
52.3302 13.4964 0.00100511 3.73661e-05 0.000248199 12.0422
53.327 13.4964 0.000265477 0.000783808 -0.000226154 8.52986
54.3238 13.4964 0.000513349 1.98573e-05 -8.13369e-05 12.0422
55.3205 13.4964 -0.000220636 0.00096364 0.000354862 3.51229
56.3173 13.4964 0.000552825 8.57552e-05 -4.90312e-05 13.0457
57.3141 13.4964 1.20604e-06 0.000535179 0.00013589 11.5404
58.3108 13.4964 -0.000472885 0.000191261 2.10738e-05 9.53337
59.3076 13.4964 0.000485081 -0.000187365 0.00104744 10.5369
60.3044 13.4964 0.0005582 0.00052263 0.000922033 16.558
61.3011 13.4964 0.00104404 0.0010242 8.18768e-05 7.02459
62.2979 13.4964 -0.000115536 -0.000443194 0.00124846 6.52283
63.2947 13.4964 0.000372464 -0.000218194 -0.000183323 7.02459
64.2914 13.4964 -0.00158442 -0.000931583 0.00183554 4.01405
65.2882 13.4964 5.90944e-05 -0.000523341 -0.000445496 13.5474
66.285 13.4964 -0.000241398 -0.000660211 -0.000431565 10.5369
67.2817 13.4964 -0.00076506 0.000498688 0.000349969 11.5404
68.2785 13.4964 8.44249e-05 0.00046007 -0.00126993 10.5369
69.2753 13.4964 0.00117227 0.000800212 0.000181186 11.0386
70.272 13.4964 -0.000523275 -0.002055 0.000168975 10.5369
71.2688 13.4964 -0.000205717 0.000108461 -0.00025364 6.52283
72.2656 13.4964 -0.000877332 0.00112287 -0.000379299 9.53337
73.2623 13.4964 -0.000113216 0.000267838 -2.70455e-05 8.0281
74.2591 13.4964 0.000391256 0.000994036 -0.0010015 12.5439
75.2559 13.4964 0.000832289 0.00106172 -9.15317e-05 12.0422
76.2526 13.4964 -0.000174971 -0.0010382 0.000901113 12.0422
77.2494 13.4964 -0.000522613 -0.0013008 0.000174219 15.0527
78.2462 13.4964 -0.000104277 -0.000372148 -0.00014873 8.52986
79.2429 13.4964 -0.000614668 0.000874065 -0.000478969 9.03161
80.2397 13.4964 0.000208316 -0.000590026 0.00227775 7.02459
81.2365 13.4964 -0.00108821 0.000374487 0.00242384 10.0351
82.2332 13.4964 -0.00078544 0.000797883 -0.00071215 18.0632
0.498383 14.4961 -0.000436784 -6.13179e-05 -0.000176085 16.558
1.49515 14.4961 -0.00157391 0.0014967 0.000137355 9.53337
2.49192 14.4961 -0.000462215 0.000294133 -0.000544283 23.0808
3.48868 14.4961 0.000664353 9.76066e-05 0.00019684 20.0703
4.48545 14.4961 -0.000129457 -0.00088205 0.00104461 7.02459
5.48221 14.4961 -0.000360127 -0.0016063 -0.00033255 10.0351
6.47898 14.4961 -0.00129049 0.000755063 -0.000466778 10.0351
7.47575 14.4961 -2.64434e-05 -0.000459399 0.000111228 12.5439
8.47251 14.4961 -0.000141174 3.26248e-05 -9.47572e-05 24.0843
9.46928 14.4961 -0.00012319 0.00138798 0.00128498 9.03161
10.466 14.4961 1.25465e-05 -0.000251057 8.16004e-05 19.5685
11.4628 14.4961 -0.000291716 0.000649804 -0.000129439 17.0597
12.4596 14.4961 0.000180804 -1.97925e-05 0.000500386 6.52283
13.4563 14.4961 -0.000165928 0.00111979 -0.00179057 7.02459
14.4531 14.4961 -0.00100781 -0.00179746 -0.000295554 8.52986
15.4499 14.4961 -0.000615818 -0.000619891 -9.52018e-05 13.5474
16.4466 14.4961 -8.88824e-05 0.000232645 -0.000492181 27.0948
17.4434 14.4961 -4.98724e-05 -0.000515264 0.000591789 12.0422
18.4402 14.4961 -0.000441918 -0.00188814 0.000594336 15.0527
19.4369 14.4961 -3.00009e-06 0.00031155 5.78731e-05 24.0843
20.4337 14.4961 0.000699363 0.000708307 0.00075921 11.5404
21.4305 14.4961 -0.000299748 -0.000895159 0.000884245 6.02108
22.4272 14.4961 0.000466691 -0.000128769 -0.00133736 13.0457
23.424 14.4961 0.00135385 0.000266814 0.00147736 9.03161
24.4208 14.4961 0.000380986 0.000186752 0.000589914 22.579
25.4175 14.4961 0.000750653 -0.000563153 -0.000491534 14.5509
26.4143 14.4961 -0.000429277 0.000294829 -0.000691168 13.0457
27.4111 14.4961 -0.000235159 -6.66225e-05 0.000229545 19.5685
28.4078 14.4961 0.000458408 0.000928413 -0.00052373 15.5544
29.4046 14.4961 -0.000155985 -0.000573038 -0.000613169 9.03161
30.4014 14.4961 0.00101945 -0.000134059 -0.00176632 6.52283
31.3981 14.4961 0.00252232 -0.000601618 -0.0014502 6.02108
32.3949 14.4961 -0.000158063 1.19616e-05 7.82597e-06 18.0632
33.3917 14.4961 -4.30495e-05 -9.57517e-05 0.00157273 20.572
34.3884 14.4961 -0.000574919 0.000219468 -0.000111653 12.0422
35.3852 14.4961 -0.000632759 -0.00106333 -0.000551736 17.5615
36.382 14.4961 0.000527572 -0.000329855 -0.00039524 15.0527
37.3787 14.4961 -0.000956179 -0.000210706 -0.000278755 11.5404
38.3755 14.4961 0.000219042 0.000293072 -0.00062652 6.52283
39.3723 14.4961 -0.00147875 0.00048742 -0.000929139 6.02108
40.369 14.4961 0.000329634 0.000520347 3.72891e-05 14.0492
41.3658 14.4961 -4.52275e-05 0.000967351 -0.000697751 22.0773
42.3626 14.4961 0.000321383 0.000140362 0.000953278 12.0422
43.3593 14.4961 0.000464142 -7.51311e-05 -0.00143303 11.0386
44.3561 14.4961 -6.31425e-05 0.000410871 -0.00034587 26.5931
45.3529 14.4961 0.000304966 0.00123158 -0.000175698 13.0457
46.3496 14.4961 1.09777e-05 9.57224e-05 0.00103882 8.52986
47.3464 14.4961 0.00160485 -0.000475352 -0.000579457 3.01054
48.3432 14.4961 -0.000352506 -0.000672919 0.0019877 7.52634
49.3399 14.4961 -0.000460267 -0.000557307 -0.000122537 24.5861
50.3367 14.4961 0.000824413 -1.42358e-05 -0.000681879 14.0492
51.3335 14.4961 0.00179127 0.000362313 -8.90219e-05 17.5615
52.3302 14.4961 -7.97929e-05 0.000405761 -0.000283185 24.0843
53.327 14.4961 0.000352554 0.000466759 -0.00158382 9.53337
54.3238 14.4961 -0.000893667 -0.000531988 0.000275721 8.52986
55.3205 14.4961 -0.000228792 0.000912457 -0.00140577 5.01756
56.3173 14.4961 -6.15971e-05 -0.000589187 -0.000280244 9.53337
57.3141 14.4961 -0.000800457 0.000988345 -0.000226504 17.0597
58.3108 14.4961 -0.0006286 0.000572218 -0.000628539 21.0738
59.3076 14.4961 0.000559425 0.000318845 -0.00128952 8.52986
60.3044 14.4961 0.000673726 -8.45039e-05 0.000355765 24.0843
61.3011 14.4961 0.000328698 -0.000396652 0.00133732 15.5544
62.2979 14.4961 -0.000595586 0.00113688 -0.000201477 8.52986
63.2947 14.4961 0.000229922 0.00206842 0.000478195 9.03161
64.2914 14.4961 0.000814837 -0.000107533 0.000669467 9.53337
65.2882 14.4961 -0.000430274 0.000333038 0.000568153 14.5509
66.285 14.4961 -0.000446696 -0.00122338 -7.18804e-05 25.0878
67.2817 14.4961 0.0011502 0.000320035 -0.000252337 14.0492
68.2785 14.4961 -0.000282932 0.000357208 -0.000331178 13.5474
69.2753 14.4961 -4.31625e-05 -0.00109812 0.000369069 26.0913
70.272 14.4961 2.65983e-05 0.000107276 0.00115215 7.52634
71.2688 14.4961 2.72738e-05 0.000726343 0.0011693 6.52283
72.2656 14.4961 -0.00027284 -0.000732867 -0.00157011 7.52634
73.2623 14.4961 -0.000406587 -0.000489158 -0.00098193 10.5369
74.2591 14.4961 0.000277835 -0.000620171 0.000200661 22.0773
75.2559 14.4961 0.0012284 -0.000764858 -0.000130209 11.5404
76.2526 14.4961 0.000440621 -0.000659913 -0.000342956 14.5509
77.2494 14.4961 -0.000128971 -0.000223449 0.000662775 25.0878
78.2462 14.4961 0.000999628 0.000260074 0.000123345 11.5404
79.2429 14.4961 -0.00064216 0.000613216 -3.49927e-05 6.52283
80.2397 14.4961 0.00133033 0.00142122 -0.000381234 5.01756
81.2365 14.4961 0.000410037 -0.000369395 -0.000428087 7.02459
82.2332 14.4961 0.000534648 0.000264964 -9.40277e-05 17.0597
0.498383 15.4959 0.000132397 0.000744726 1.21741e-05 11.0386
1.49515 15.4959 -0.000191203 0.000991282 -0.000190647 6.02108
2.49192 15.4959 -0.000865621 -5.15232e-05 -0.000262551 8.0281
3.48868 15.4959 0.000842235 -0.000922256 -0.000328468 13.5474
4.48545 15.4959 0.000268892 -0.000130018 -0.000798071 7.52634
5.48221 15.4959 0.000711658 0.00104609 -0.000604406 6.02108
6.47898 15.4959 3.41122e-05 0.000823175 1.73321e-05 10.0351
7.47575 15.4959 0.00118696 -0.000208703 0.000599083 9.53337
8.47251 15.4959 -0.00142937 -0.000336889 0.000116617 14.5509
9.46928 15.4959 -0.000291533 0.000951001 0.000663252 9.53337
10.466 15.4959 0.000110885 2.74449e-05 0.000293772 8.52986
11.4628 15.4959 -0.000728294 0.000846164 0.000811496 13.0457
12.4596 15.4959 0.00122529 -0.000346957 0.000924427 12.0422
13.4563 15.4959 0.00210553 -0.000539195 -0.000713332 7.02459
14.4531 15.4959 8.38767e-05 -0.000232904 -0.00025919 7.52634
15.4499 15.4959 -0.000464603 -0.000754557 0.000973464 8.52986
16.4466 15.4959 0.000361596 0.00126579 0.000147872 9.03161
17.4434 15.4959 0.000217341 -0.00138958 -0.000371745 5.51932
18.4402 15.4959 -0.00121038 -8.9763e-05 -0.000961946 5.51932
19.4369 15.4959 0.000831806 0.000491903 0.000446688 13.0457
20.4337 15.4959 -0.000890702 -0.00043628 -0.000393899 8.52986
21.4305 15.4959 0.000552514 -0.00129962 0.00183621 9.53337
22.4272 15.4959 0.000211611 0.000259468 0.000402939 7.02459
23.424 15.4959 -0.00077077 0.00122884 0.000316374 8.0281
24.4208 15.4959 -0.00191103 -0.000678664 0.00121134 8.52986
25.4175 15.4959 -0.000127372 -0.00173996 -0.00166175 5.51932
26.4143 15.4959 -9.01509e-05 -0.00109394 0.000123165 10.0351
27.4111 15.4959 0.00100764 -0.000175479 0.000303025 12.0422
28.4078 15.4959 0.000206651 0.000321248 -0.000851606 9.03161
29.4046 15.4959 -2.32775e-06 -0.0011274 -0.00230867 10.0351
30.4014 15.4959 -0.000445938 0.000127965 -0.00036113 11.5404
31.3981 15.4959 -0.000110996 -0.00113367 5.31591e-05 11.5404
32.3949 15.4959 -0.000513528 -0.000135986 0.000537614 11.0386
33.3917 15.4959 -0.000296365 0.000467438 0.000372214 11.5404
34.3884 15.4959 0.000270562 0.000167077 -9.67387e-06 9.53337
35.3852 15.4959 -4.34885e-05 0.000149681 -3.69342e-05 9.53337
36.382 15.4959 0.00103863 -0.000359084 0.000540791 13.0457
37.3787 15.4959 0.00027056 0.000268818 -0.000799082 11.0386
38.3755 15.4959 0.00106732 0.000168107 0.000505236 12.5439
39.3723 15.4959 -0.000338004 -8.22702e-05 0.000719846 14.0492
40.369 15.4959 -0.000417132 -0.000160965 -0.000504971 12.5439
41.3658 15.4959 0.00109277 -0.000561348 0.00113295 7.52634
42.3626 15.4959 0.000685676 0.000755134 0.000141966 10.0351
43.3593 15.4959 0.000490865 -0.00153567 -0.00129471 11.0386
44.3561 15.4959 -0.00076834 -0.000485135 0.00028796 10.0351
45.3529 15.4959 -0.000115229 -0.00112929 -0.000132793 9.53337
46.3496 15.4959 -0.000281664 -0.00139264 0.00120172 10.0351
47.3464 15.4959 -0.000696031 0.00125297 0.000436885 7.02459
48.3432 15.4959 -7.93383e-05 0.000358959 -0.000104497 12.5439
49.3399 15.4959 0.000308144 -0.00159018 0.00171192 10.5369
50.3367 15.4959 0.000522836 0.000756908 0.00139338 9.03161
51.3335 15.4959 0.00179387 0.000457974 -0.00214158 8.52986
52.3302 15.4959 -0.000321251 -0.000508381 -0.00136101 13.0457
53.327 15.4959 0.000553499 5.10398e-05 0.000127252 9.03161
54.3238 15.4959 -0.000822458 0.000576933 -0.00100116 8.0281
55.3205 15.4959 -0.000674494 -0.00108478 -0.000202445 7.52634
56.3173 15.4959 0.000170007 0.000570261 0.000289296 10.5369
57.3141 15.4959 0.000916251 0.000698083 0.000311325 9.53337
58.3108 15.4959 -6.88621e-05 0.00109665 -2.84914e-05 9.03161
59.3076 15.4959 0.00195977 -0.000839669 0.00131089 4.51581
60.3044 15.4959 0.00102945 -0.000781904 0.000771669 9.53337
61.3011 15.4959 -0.000684789 -0.000694201 -0.00182801 12.0422
62.2979 15.4959 0.00145271 7.33408e-05 -0.000512736 10.5369
63.2947 15.4959 0.000431349 -0.000548788 -0.00119698 9.53337
64.2914 15.4959 3.54687e-05 -0.000813398 0.000125854 7.52634
65.2882 15.4959 -0.00110232 -6.36627e-05 -0.00067564 8.52986
66.285 15.4959 -0.000293972 -0.000831926 -0.000994262 9.53337
67.2817 15.4959 -0.00116671 -0.000811735 0.000222136 7.52634
68.2785 15.4959 -0.00025947 -0.000768962 0.000109571 8.0281
69.2753 15.4959 0.000146687 -0.000494847 3.57399e-05 13.5474
70.272 15.4959 0.00078521 7.25311e-05 -0.000515408 7.02459
71.2688 15.4959 0.00180865 0.000452834 0.000478755 9.53337
72.2656 15.4959 0.000339527 -0.00157476 -0.000629766 9.03161
73.2623 15.4959 0.00012007 0.000598707 -0.000249178 9.03161
74.2591 15.4959 -0.000203712 -0.00102348 8.71139e-05 13.5474
75.2559 15.4959 -0.000217448 0.000113981 0.000578149 7.52634
76.2526 15.4959 0.000734842 0.000954392 -0.00114038 6.02108
77.2494 15.4959 0.000985938 0.00175635 0.00171626 4.51581
78.2462 15.4959 -0.000422683 0.000419474 -0.00105974 10.5369
79.2429 15.4959 0.00168284 0.000247388 0.000279494 10.5369
80.2397 15.4959 0.000742314 2.26716e-05 0.000876345 9.03161
81.2365 15.4959 -7.52884e-05 0.000404672 -0.000531373 10.5369
82.2332 15.4959 0.000472601 0.000257478 0.00047533 11.5404
0.498383 16.4956 -0.000106494 -0.000702872 -0.00109748 7.02459
1.49515 16.4956 -0.00135567 -0.000970316 0.000719716 7.52634
2.49192 16.4956 0.000149766 -9.72866e-05 -0.0015267 5.01756
3.48868 16.4956 0.000373083 0.00068963 0.000190977 15.5544
4.48545 16.4956 -0.000390839 0.000617852 -0.00108573 20.572
5.48221 16.4956 0.000630068 -0.000798909 -0.000123993 11.5404
6.47898 16.4956 0.000546645 0.000210276 -9.20595e-05 23.0808
7.47575 16.4956 5.44216e-05 -0.000416405 0.000614003 13.5474
8.47251 16.4956 -0.000909457 0.000325103 -0.000139152 5.01756
9.46928 16.4956 -0.000403231 0.000292549 0.000792706 8.0281
10.466 16.4956 -0.000536422 0.000703897 0.00027755 10.0351
11.4628 16.4956 0.000481477 0.000487556 -0.000614371 9.53337
12.4596 16.4956 -3.69869e-05 0.000439619 -0.000256189 23.5825
13.4563 16.4956 -0.00110226 -0.00105206 0.000833285 14.0492
14.4531 16.4956 -0.000334016 0.000148591 -2.15051e-05 15.5544
15.4499 16.4956 -0.000570797 0.00101054 0.000178024 24.5861
16.4466 16.4956 -0.000162282 0.000175296 0.000776683 10.5369
17.4434 16.4956 0.00163099 0.000433659 0.000351649 5.51932
18.4402 16.4956 0.000353871 -0.000748785 0.00138124 6.02108
19.4369 16.4956 -0.000147246 0.000249277 0.000836439 11.0386
20.4337 16.4956 0.000150788 -0.000383 -2.43128e-05 25.0878
21.4305 16.4956 2.26473e-05 -0.000115041 8.52157e-05 15.0527
22.4272 16.4956 -0.000923323 -0.000608432 -7.66112e-05 17.0597
23.424 16.4956 2.46508e-05 -0.000657228 0.000539474 20.572
24.4208 16.4956 -0.000808413 0.000113778 -0.000125911 14.0492
25.4175 16.4956 -0.000276334 0.000395509 0.000784279 9.03161
26.4143 16.4956 8.73204e-05 -0.000679542 -0.00107653 6.52283
27.4111 16.4956 -0.00139763 3.71921e-05 -0.000756661 7.02459
28.4078 16.4956 6.59036e-05 0.000199544 -0.000385113 19.0667
29.4046 16.4956 -0.000154624 -0.000379671 -0.000208252 14.0492
30.4014 16.4956 -0.000865106 0.00113773 -0.000790058 12.0422
31.3981 16.4956 -1.86602e-05 0.000815275 -0.000248262 19.5685
32.3949 16.4956 0.000289237 -0.00080973 0.000407302 15.5544
33.3917 16.4956 0.00050531 0.000170274 -0.00194379 6.52283
34.3884 16.4956 -0.000143045 -0.000184623 -4.81498e-05 7.52634
35.3852 16.4956 0.000324364 0.000966929 0.000517645 8.52986
36.382 16.4956 0.000728424 -0.000124587 -0.000928657 9.03161
37.3787 16.4956 -0.00054406 -0.000853998 -0.000194605 15.5544
38.3755 16.4956 -0.000138623 -0.000756692 -0.00125012 13.5474
39.3723 16.4956 -0.00123689 -6.31623e-05 -6.61408e-06 14.0492
40.369 16.4956 -9.26398e-05 -0.000378799 0.000264396 17.5615
41.3658 16.4956 -0.00063664 -0.000503168 -1.63629e-05 5.51932
42.3626 16.4956 -0.000209231 -0.000270112 0.000204775 7.52634
43.3593 16.4956 -0.000341494 0.000430096 0.000535486 7.02459
44.3561 16.4956 -0.000595582 -0.000659185 -0.000459283 7.52634
45.3529 16.4956 3.14796e-05 0.000726901 0.000408396 26.5931
46.3496 16.4956 -0.000777562 0.00115051 -0.000539556 14.0492
47.3464 16.4956 -0.000105478 9.24783e-05 -0.000438056 13.0457
48.3432 16.4956 0.000431933 6.76747e-05 -3.79363e-05 24.0843
49.3399 16.4956 -0.000877916 -0.000624373 -0.000149433 7.52634
50.3367 16.4956 0.000154341 0.000812039 0.00140447 5.01756
51.3335 16.4956 -0.000242458 0.000536596 0.000617099 7.02459
52.3302 16.4956 0.000559918 -0.000677667 0.000666295 5.51932
53.327 16.4956 -5.3024e-05 -0.000856337 0.000721712 23.5825
54.3238 16.4956 -0.000248635 -0.000117596 0.000484344 14.5509
55.3205 16.4956 0.000490122 -0.000374842 -0.000822961 8.0281
56.3173 16.4956 0.000197997 0.00057054 -0.000377148 23.5825
57.3141 16.4956 0.000430027 3.25549e-05 -0.000194311 16.558
58.3108 16.4956 -0.00111182 -0.000983931 0.00123303 7.52634
59.3076 16.4956 0.000427362 -0.000183627 -0.000134531 6.52283
60.3044 16.4956 -7.12469e-05 -0.000343793 0.00161307 7.02459
61.3011 16.4956 -0.000504041 0.000701101 -7.70377e-05 16.558
62.2979 16.4956 0.000736326 2.5862e-05 0.000155136 21.5755
63.2947 16.4956 0.000334413 -0.00126625 -0.00127774 9.03161
64.2914 16.4956 -0.00136333 -0.000421138 -0.000636184 18.0632
65.2882 16.4956 0.00020639 -0.000645893 -0.000390027 25.0878
66.285 16.4956 -0.000246067 0.000391926 0.000471319 4.51581
67.2817 16.4956 -3.45715e-05 0.000141644 0.000777684 6.52283
68.2785 16.4956 -0.00130131 0.00125882 0.000783905 8.0281
69.2753 16.4956 0.000249217 -0.000412764 -0.000399716 13.0457
70.272 16.4956 0.000790403 -0.000496591 -0.000430529 22.579
71.2688 16.4956 0.00131144 -0.000619204 -0.000241165 11.0386
72.2656 16.4956 -0.000816626 -0.00118503 -0.00106122 11.5404
73.2623 16.4956 7.50869e-05 3.57599e-05 -0.000272952 19.0667
74.2591 16.4956 0.000125404 -0.000157535 0.00144328 7.52634
75.2559 16.4956 -0.000557908 0.000309831 -0.000370595 12.5439
76.2526 16.4956 0.000651228 0.000554513 0.000717483 8.52986
77.2494 16.4956 0.000891496 -0.000618185 0.000642597 8.52986
78.2462 16.4956 0.000652064 4.3208e-05 0.00105198 22.579
79.2429 16.4956 0.00019798 -0.000417637 -0.000102194 21.0738
80.2397 16.4956 -0.000366802 0.000138948 -0.000728966 12.5439
81.2365 16.4956 0.000457953 0.00030052 0.000187162 17.0597
82.2332 16.4956 3.87136e-05 0.000393142 0.000550605 15.0527
0.498383 17.4953 0.000733775 -0.00145332 4.21486e-05 7.02459
1.49515 17.4953 -0.0013382 -0.00126591 0.00135945 7.02459
2.49192 17.4953 0.00011124 0.000968153 -0.000624972 10.5369
3.48868 17.4953 0.000162417 0.000483137 0.000256777 14.5509
4.48545 17.4953 -0.000227027 -2.6638e-05 0.000130518 14.0492
5.48221 17.4953 -0.000715669 -0.000571454 -0.000520518 8.52986
6.47898 17.4953 -0.00019405 -0.000331424 -0.000684961 14.0492
7.47575 17.4953 0.000387549 0.000235196 -0.00107742 12.0422
8.47251 17.4953 -0.00016043 0.00125429 0.000161876 8.52986
9.46928 17.4953 -0.000784363 0.000487852 0.000440482 7.52634
10.466 17.4953 -0.000818253 3.3699e-05 -0.000285886 6.52283
11.4628 17.4953 0.000250655 -0.000710017 0.000181957 8.0281
12.4596 17.4953 -0.00105873 -0.000770509 0.000376227 18.565
13.4563 17.4953 -0.000470419 0.000863388 -0.000361685 7.02459
14.4531 17.4953 -0.000577687 0.000759389 0.000659203 10.0351
15.4499 17.4953 0.000305047 -0.00118272 0.000152998 15.5544
16.4466 17.4953 -0.00105158 0.000767315 -5.31337e-05 9.53337
17.4434 17.4953 -0.000497313 -0.000451414 0.000799988 7.02459
18.4402 17.4953 -0.000546259 0.0007257 -0.00054383 10.0351
19.4369 17.4953 -0.00103674 2.93656e-05 0.000242336 7.02459
20.4337 17.4953 0.000447211 0.000294222 0.000661413 16.558
21.4305 17.4953 0.000876304 0.000929822 8.69903e-05 9.53337
22.4272 17.4953 -5.76463e-05 -0.000913954 0.000541034 7.02459
23.424 17.4953 -0.00040357 0.000311294 0.000281117 15.0527
24.4208 17.4953 -8.41098e-05 0.000374007 -0.000762581 10.0351
25.4175 17.4953 -0.00111066 -0.000143282 -0.000127315 7.02459
26.4143 17.4953 -0.000121564 0.000368078 -0.00197208 7.02459
27.4111 17.4953 0.000146886 0.000874374 0.000413501 11.0386
28.4078 17.4953 -0.000816604 -0.00131867 -0.00162528 11.5404
29.4046 17.4953 -0.000647246 0.000149099 -0.000135326 13.0457
30.4014 17.4953 0.000269128 0.000984995 -0.000873054 6.52283
31.3981 17.4953 -0.000486853 0.000376846 -0.000828135 13.5474
32.3949 17.4953 0.000529118 0.000504858 0.000150727 13.5474
33.3917 17.4953 -0.000247049 -0.000359136 0.000769836 10.0351
34.3884 17.4953 0.000190612 -0.00066042 -0.00105899 7.52634
35.3852 17.4953 -0.000412558 0.00131452 -5.63288e-05 12.5439
36.382 17.4953 -0.000133952 -0.00108351 -0.00065073 7.52634
37.3787 17.4953 0.000212606 0.000187682 0.000803536 17.0597
38.3755 17.4953 -4.34333e-05 0.000570359 -2.53682e-05 9.53337
39.3723 17.4953 -0.000196641 -0.000634877 0.0006654 12.0422
40.369 17.4953 0.000849613 0.000988324 -0.000918882 18.0632
41.3658 17.4953 -0.000562136 0.000277862 0.000210396 7.52634
42.3626 17.4953 0.000177481 0.00102487 0.00139449 11.0386
43.3593 17.4953 0.00154697 0.000270356 -4.70181e-05 6.52283
44.3561 17.4953 0.000800525 -0.00103425 0.000296541 10.0351
45.3529 17.4953 0.00134104 -0.000309565 -7.16491e-05 12.0422
46.3496 17.4953 0.000473407 0.00149184 0.00155652 8.52986
47.3464 17.4953 -0.00142434 -0.000203602 -8.19872e-05 12.0422
48.3432 17.4953 0.000124754 0.000989595 0.000192637 15.5544
49.3399 17.4953 -0.000830813 0.000556477 6.23286e-05 8.52986
50.3367 17.4953 -0.000552516 -0.000235366 0.000332961 10.5369
51.3335 17.4953 0.0010715 -0.00117151 0.00159721 7.02459
52.3302 17.4953 -0.00129197 0.00166861 -0.00143659 6.02108
53.327 17.4953 -0.000479875 -4.83588e-06 -0.00106424 13.0457
54.3238 17.4953 -0.000299567 0.000362207 0.000628599 11.5404
55.3205 17.4953 0.000100851 2.61838e-05 -8.7806e-05 9.53337
56.3173 17.4953 0.000384758 -0.000994762 0.000376877 19.0667
57.3141 17.4953 -0.00182324 0.0013496 0.000439636 8.52986
58.3108 17.4953 0.00101739 -0.000423187 0.00077284 11.0386
59.3076 17.4953 -0.000931118 -3.20425e-05 -0.000550928 6.52283
60.3044 17.4953 -0.000332555 0.00198554 0.00109973 8.52986
61.3011 17.4953 -0.000209703 -0.000142514 -0.000215918 12.0422
62.2979 17.4953 -0.000587823 -0.000234531 -0.000169612 14.0492
63.2947 17.4953 0.000563146 -0.000621564 -0.00130732 7.02459
64.2914 17.4953 -0.000161782 -0.000727863 0.000391608 13.0457
65.2882 17.4953 0.000213315 4.52622e-05 0.000462563 12.5439
66.285 17.4953 -0.000833665 -0.000517554 -0.000250661 9.03161
67.2817 17.4953 -0.000930449 -0.000770888 0.000533671 7.02459
68.2785 17.4953 0.000687047 0.000807521 0.000217254 10.0351
69.2753 17.4953 0.000282331 4.57942e-05 0.000444806 7.52634
70.272 17.4953 0.000410011 4.20627e-05 0.00054746 15.0527
71.2688 17.4953 -0.00143373 0.000664232 -0.00121848 10.0351
72.2656 17.4953 0.000671708 0.000914383 0.000480609 12.5439
73.2623 17.4953 0.000657482 0.000137827 -0.000153563 14.0492
74.2591 17.4953 -0.00070644 0.000572607 -0.000318545 11.5404
75.2559 17.4953 2.20368e-05 0.000481141 -0.00153728 4.51581
76.2526 17.4953 -0.000498765 -0.000678438 -0.000282073 5.51932
77.2494 17.4953 -0.0012771 -0.00126406 6.5625e-07 12.0422
78.2462 17.4953 -6.41987e-05 -0.00121012 0.00147553 11.5404
79.2429 17.4953 0.000790261 0.00135185 -0.000735345 12.5439
80.2397 17.4953 0.00143816 -0.00106856 -3.43727e-05 10.0351
81.2365 17.4953 -0.000435275 -0.000733333 0.00110431 14.0492
82.2332 17.4953 -0.00109181 -0.000428057 -0.000384589 12.0422
0.498383 18.4951 -0.000515703 1.13727e-05 0.000507847 16.0562
1.49515 18.4951 -0.000265926 -0.000984513 -0.00177532 8.52986
2.49192 18.4951 -0.000504397 0.000887896 0.000196584 18.0632
3.48868 18.4951 -0.000876704 -0.000477703 -0.000241865 9.03161
4.48545 18.4951 -0.000332363 0.00125202 0.000279115 7.52634
5.48221 18.4951 -0.000661249 -0.00154243 0.000319756 9.53337
6.47898 18.4951 -0.000243653 0.000894086 3.10192e-05 8.52986
7.47575 18.4951 -0.00129417 -0.000351995 0.000102519 14.0492
8.47251 18.4951 -0.000149845 -0.000797425 -0.00118882 16.0562
9.46928 18.4951 -0.000248094 -0.00024096 -0.000207445 11.0386
10.466 18.4951 0.000681194 0.000133584 0.000207847 16.0562
11.4628 18.4951 5.01348e-05 -8.32332e-05 0.000608137 13.0457
12.4596 18.4951 8.35373e-05 0.000251372 -0.000505988 8.52986
13.4563 18.4951 0.000463509 -0.000339857 -0.000668463 6.52283
14.4531 18.4951 -0.000527993 0.00223284 0.000693638 7.02459
15.4499 18.4951 0.00105528 -0.000137721 -0.00136524 11.5404
16.4466 18.4951 -5.43436e-06 0.000325306 -0.000319705 17.0597
17.4434 18.4951 0.000388471 -0.000479621 0.00137783 9.03161
18.4402 18.4951 -0.00135858 -0.000394626 0.000125172 12.5439
19.4369 18.4951 -0.000362102 -0.000451346 -0.00133581 16.558
20.4337 18.4951 0.00127255 0.000132368 -0.000733168 8.52986
21.4305 18.4951 0.000904993 -0.000782037 0.000536113 7.02459
22.4272 18.4951 -0.000192628 -0.000536779 0.000656759 7.02459
23.424 18.4951 -0.000506206 -0.00156714 0.000703422 12.0422
24.4208 18.4951 0.000652817 -1.62027e-05 -0.0010953 13.0457
25.4175 18.4951 0.00111291 -0.00113801 -0.000499213 11.5404
26.4143 18.4951 -0.000471029 1.7418e-05 -0.000340626 10.0351
27.4111 18.4951 -2.76963e-05 0.000329179 0.000651844 20.572
28.4078 18.4951 -0.000663124 -0.000645915 -0.00035114 17.5615
29.4046 18.4951 -0.000415407 -0.0010021 -0.000489081 7.52634
30.4014 18.4951 0.000251064 0.000114345 -0.000597504 10.0351
31.3981 18.4951 -0.000642209 0.000912645 -0.000484396 7.02459
32.3949 18.4951 0.00117778 -0.000815798 -0.000305597 11.0386
33.3917 18.4951 -0.000298375 0.000151238 -0.00015755 18.0632
34.3884 18.4951 0.00118359 -0.00058998 0.00010043 8.52986
35.3852 18.4951 0.000307917 -0.000256785 -0.00135206 16.0562
36.382 18.4951 -0.000588917 -0.000322191 0.00102421 15.5544
37.3787 18.4951 -0.000748254 -0.000199513 0.00129932 7.52634
38.3755 18.4951 -3.12555e-05 0.000404905 -0.000525199 12.5439
39.3723 18.4951 -0.000812937 -0.000789054 -0.000916237 4.51581
40.369 18.4951 -0.000408023 -0.000818264 0.000172009 11.0386
41.3658 18.4951 -0.000461322 -0.000368794 -0.000157472 13.0457
42.3626 18.4951 -0.000252593 0.000257241 0.00111124 7.52634
43.3593 18.4951 -0.000229208 0.00058511 -0.00102685 16.0562
44.3561 18.4951 0.00131706 -0.000511166 -2.74772e-05 19.0667
45.3529 18.4951 -5.52543e-05 0.000830127 0.000239386 11.5404
46.3496 18.4951 -0.000110682 -0.00108403 0.00042492 8.0281
47.3464 18.4951 -4.08764e-05 -0.00029016 0.000464532 5.01756
48.3432 18.4951 -0.000352794 -0.000583 0.000268335 8.0281
49.3399 18.4951 0.00106583 0.000461497 0.000440368 16.0562
50.3367 18.4951 -0.000520132 -0.000325356 -0.000403798 13.5474
51.3335 18.4951 -0.000700352 7.39041e-05 -0.00058951 9.53337
52.3302 18.4951 -0.000415907 0.000431087 -8.61487e-07 19.0667
53.327 18.4951 0.000129521 7.1891e-05 -0.000588791 12.5439
54.3238 18.4951 -0.00155706 0.000193564 -0.00143676 4.01405
55.3205 18.4951 0.00318288 -0.000443014 0.00111562 4.01405
56.3173 18.4951 -0.000593829 0.000320834 -0.00014983 6.52283
57.3141 18.4951 0.00080637 -0.000475543 -0.00032811 13.0457
58.3108 18.4951 -0.000126191 0.00045346 -0.000542672 14.0492
59.3076 18.4951 0.000739837 -0.000449614 -0.000665947 10.0351
60.3044 18.4951 0.000474144 -0.00127533 -0.000147937 13.0457
61.3011 18.4951 0.000714557 -0.000286338 0.000357822 13.5474
62.2979 18.4951 -0.0021427 -0.0018539 -0.000772162 5.51932
63.2947 18.4951 -0.00042101 0.000158418 -0.00064038 5.01756
64.2914 18.4951 0.00126817 0.00147724 -7.73188e-05 8.0281
65.2882 18.4951 0.000673657 0.000677756 -0.00171538 9.53337
66.285 18.4951 0.000759429 -4.26437e-05 -0.000143169 13.5474
67.2817 18.4951 0.000331197 -0.000388226 0.00058116 14.5509
68.2785 18.4951 0.000213967 0.000817146 0.000149402 13.0457
69.2753 18.4951 0.000396085 -0.000456872 -0.000983507 15.0527
70.272 18.4951 0.00039208 -0.000810493 0.000316397 9.53337
71.2688 18.4951 0.000322056 0.000316496 -6.35388e-06 10.5369
72.2656 18.4951 4.90397e-05 0.000900204 -0.00036104 9.53337
73.2623 18.4951 0.00062129 -0.000409334 -0.000447597 13.0457
74.2591 18.4951 0.00183562 -7.20536e-06 -0.000497816 11.0386
75.2559 18.4951 -0.00026767 -0.000631952 -0.000347015 13.5474
76.2526 18.4951 -1.68861e-05 0.000230803 0.00212166 10.5369
77.2494 18.4951 -0.000665348 0.000422624 0.00012581 19.5685
78.2462 18.4951 0.000284569 0.000485979 0.000140293 8.0281
79.2429 18.4951 0.0002797 -0.000250342 -0.000766186 5.01756
80.2397 18.4951 -0.000902352 -0.00100484 -0.000363729 6.52283
81.2365 18.4951 -0.000874351 -7.89163e-05 -0.000162815 8.0281
82.2332 18.4951 -0.000485302 -0.000511792 8.77477e-05 15.0527
0.498383 19.4948 0.000686762 -0.000725707 -0.000540111 17.0597
1.49515 19.4948 -0.00112361 -0.00111552 0.000531963 9.53337
2.49192 19.4948 0.000419209 -0.000172383 -0.000431985 24.0843
3.48868 19.4948 0.000583683 0.00116055 0.000324174 14.5509
4.48545 19.4948 -0.00126463 0.000128062 0.000538634 6.02108
5.48221 19.4948 0.000794684 -0.000537365 0.000525461 6.52283
6.47898 19.4948 -0.00032035 -0.000605336 0.000481928 6.52283
7.47575 19.4948 0.000672712 -0.000229886 -0.000517756 14.0492
8.47251 19.4948 0.000819868 -0.000356632 -0.000333136 21.0738
9.46928 19.4948 -0.000867471 0.000660218 -0.000889525 10.0351
10.466 19.4948 -0.000213826 0.00076159 -0.00102298 22.579
11.4628 19.4948 0.000293056 -0.000987823 0.000814887 18.0632
12.4596 19.4948 -0.000722227 -3.20595e-05 0.000586831 7.52634
13.4563 19.4948 -0.000184058 0.000889418 0.00087587 11.0386
14.4531 19.4948 -0.000465341 0.00080868 -0.00114753 6.02108
15.4499 19.4948 -0.000390837 0.000381138 0.000112705 10.0351
16.4466 19.4948 0.000342267 0.00117767 0.000260493 24.0843
17.4434 19.4948 -0.000228495 0.00148369 -0.000238061 13.5474
18.4402 19.4948 -0.000554153 0.00102483 -0.000426022 13.0457
19.4369 19.4948 -0.000155481 0.000646338 0.000600243 24.5861
20.4337 19.4948 0.000369695 0.000412914 -5.31169e-05 7.52634
21.4305 19.4948 0.00223901 0.000771443 4.99201e-05 7.02459
22.4272 19.4948 0.000842937 -4.70958e-05 0.00129924 10.0351
23.424 19.4948 -0.000991223 0.00157291 -0.000795942 8.52986
24.4208 19.4948 0.000534271 0.000190633 0.00149735 18.565
25.4175 19.4948 -0.00075621 -5.5314e-05 0.00019424 20.0703
26.4143 19.4948 -0.000666023 -0.000677032 4.90138e-05 11.5404
27.4111 19.4948 -0.000425138 -0.000140977 -0.00157291 14.5509
28.4078 19.4948 0.000583961 3.95895e-05 0.000430644 12.0422
29.4046 19.4948 0.00019521 0.000253593 0.000496976 5.01756
30.4014 19.4948 0.000444394 0.000252644 -0.000914244 8.52986
31.3981 19.4948 -7.38199e-05 -0.00150767 -0.00186044 8.0281
32.3949 19.4948 0.000684446 2.37042e-05 -0.000282626 13.0457
33.3917 19.4948 0.000724701 -0.00103765 -0.000403519 19.0667
34.3884 19.4948 -0.000434197 -0.000668245 -0.0011555 11.5404
35.3852 19.4948 2.3491e-05 -0.000128243 0.000405132 16.558
36.382 19.4948 0.000188053 -7.50939e-05 -5.22947e-05 14.5509
37.3787 19.4948 -0.000488605 -0.000670863 -0.000383754 9.03161
38.3755 19.4948 -0.000621622 -0.000832965 -0.000717765 8.0281
39.3723 19.4948 -0.000956388 1.90833e-05 0.000915026 7.52634
40.369 19.4948 -0.000126127 0.00045749 -0.000855161 13.5474
41.3658 19.4948 5.92681e-05 -0.000593368 0.000122397 25.0878
42.3626 19.4948 -4.89659e-05 -0.0011709 -4.41453e-05 11.0386
43.3593 19.4948 0.000438096 3.12883e-05 0.000132924 11.5404
44.3561 19.4948 0.000140383 0.000248958 0.000299493 18.565
45.3529 19.4948 0.000594117 -0.000313952 0.00133183 9.03161
46.3496 19.4948 -0.00108035 -0.000600232 0.0012175 8.52986
47.3464 19.4948 -0.000525396 0.00145615 0.00021909 6.52283
48.3432 19.4948 0.000372306 -0.00107455 -0.000598837 9.53337
49.3399 19.4948 -0.000694722 -0.000226984 0.000301544 27.0948
50.3367 19.4948 -6.88252e-05 -0.000151525 -0.000690736 11.5404
51.3335 19.4948 0.000483849 -0.000360173 -0.000198436 10.5369
52.3302 19.4948 0.000139798 -0.000280376 0.000668879 23.5825
53.327 19.4948 -0.000291626 0.000633661 0.000256753 13.5474
54.3238 19.4948 -0.00224189 0.00270385 -0.000518083 5.51932
55.3205 19.4948 0.000262571 -0.00161474 0.000218937 7.52634
56.3173 19.4948 -0.0013404 0.000187684 4.79691e-05 8.0281
57.3141 19.4948 -0.000112963 -0.000538506 0.000242196 18.0632
58.3108 19.4948 0.000310305 0.000429419 0.000238854 20.0703
59.3076 19.4948 0.000816833 -0.000863252 0.000404882 8.0281
60.3044 19.4948 -0.000128941 0.000291463 -1.57843e-05 21.0738
61.3011 19.4948 -0.00032787 -0.000337108 0.000478537 20.0703
62.2979 19.4948 0.000201112 -0.000125533 -0.00177569 9.03161
63.2947 19.4948 -0.00209874 0.000514753 -0.000169355 9.53337
64.2914 19.4948 -0.000267443 -0.00229854 0.000986961 6.52283
65.2882 19.4948 0.00027459 0.000610364 4.08645e-05 15.0527
66.285 19.4948 -0.000332772 -0.000164371 0.000199328 23.0808
67.2817 19.4948 -0.000373825 -0.000672694 0.000607009 11.5404
68.2785 19.4948 -0.000203788 -0.000336659 0.000734304 11.5404
69.2753 19.4948 2.27839e-07 -2.77949e-06 0.00112065 20.572
70.272 19.4948 0.000351166 -0.00117631 -1.58031e-05 9.03161
71.2688 19.4948 0.000983256 0.000875346 3.895e-05 8.52986
72.2656 19.4948 0.00140087 9.51226e-05 -0.000179892 6.02108
73.2623 19.4948 -0.00040987 0.000308939 -0.00052828 7.02459
74.2591 19.4948 2.76234e-05 0.000509208 -6.85167e-05 24.0843
75.2559 19.4948 -0.000599018 -2.28628e-05 -0.000436681 13.5474
76.2526 19.4948 -0.000189666 -0.000546132 -0.000688966 9.53337
77.2494 19.4948 -7.81095e-05 9.01523e-05 -0.000483753 19.5685
78.2462 19.4948 -0.000217944 0.000600926 0.00173365 8.0281
79.2429 19.4948 -0.000855005 0.00168308 -0.000697853 7.02459
80.2397 19.4948 -0.000202569 0.00087059 0.000203437 9.53337
81.2365 19.4948 0.00026911 0.000525865 -0.000401791 9.53337
82.2332 19.4948 -0.000602557 0.00126547 4.3028e-05 17.5615
0.498383 20.4945 -0.00114214 0.000442737 0.00120948 9.03161
1.49515 20.4945 -0.00113294 0.000175012 0.00030668 7.02459
2.49192 20.4945 0.00089325 -0.0014982 -0.00138256 9.53337
3.48868 20.4945 -0.00281634 -0.000785439 0.000802939 7.02459
4.48545 20.4945 0.00122194 -0.000258397 -0.000560003 9.03161
5.48221 20.4945 -0.00256867 -0.00152822 7.93072e-05 6.52283
6.47898 20.4945 0.000273867 0.000182172 -0.000718143 12.5439
7.47575 20.4945 1.72499e-05 -0.000501866 0.000961196 9.03161
8.47251 20.4945 8.31441e-05 0.000172598 0.000916651 8.52986
9.46928 20.4945 0.000221098 4.20017e-06 -0.000574099 6.02108
10.466 20.4945 0.000440338 -0.000263909 -0.00124461 6.02108
11.4628 20.4945 -0.000530137 -0.000532468 -7.76079e-05 11.0386
12.4596 20.4945 -0.000984772 -0.000991791 0.00014819 8.0281
13.4563 20.4945 0.00137231 -4.13324e-05 -0.00221469 5.01756
14.4531 20.4945 -0.00213516 0.000417527 -0.000284371 12.0422
15.4499 20.4945 0.000185848 0.0009795 -5.1783e-05 12.0422
16.4466 20.4945 0.000806554 -0.000703112 -0.00140006 6.02108
17.4434 20.4945 0.000182613 -0.000459505 0.000931194 11.0386
18.4402 20.4945 -0.00109579 -0.000254526 0.00105257 7.02459
19.4369 20.4945 0.000735427 0.000512485 -0.00131752 7.02459
20.4337 20.4945 0.000881732 0.00145903 0.000431152 10.0351
21.4305 20.4945 -0.00167324 -5.17223e-06 0.00051987 11.0386
22.4272 20.4945 0.000133172 0.000814007 -0.000537249 8.0281
23.424 20.4945 0.000344456 0.000693489 -0.00141389 7.52634
24.4208 20.4945 -0.000371696 -0.000603035 -1.03307e-05 10.0351
25.4175 20.4945 0.000378155 -0.000155549 -0.0013529 7.52634
26.4143 20.4945 -0.0011535 0.000359312 0.00178924 5.51932
27.4111 20.4945 6.0434e-05 0.000228853 5.47857e-05 13.0457
28.4078 20.4945 4.61467e-05 -0.000534174 -0.000295627 10.5369
29.4046 20.4945 0.000852292 0.000299908 0.000305243 11.0386
30.4014 20.4945 -0.000649691 -0.000628094 -0.000167476 8.52986
31.3981 20.4945 -0.000831818 0.000307712 -0.00110579 9.53337
32.3949 20.4945 0.0011611 -0.00102329 -0.00165499 11.0386
33.3917 20.4945 0.000684306 -0.00023328 0.000537359 7.52634
34.3884 20.4945 -9.80915e-05 -0.00080631 -0.00033117 7.52634
35.3852 20.4945 -5.10641e-05 -0.000925543 -0.000800183 8.0281
36.382 20.4945 6.3635e-05 0.000275195 0.000466439 12.0422
37.3787 20.4945 -0.000185095 -0.00111377 -0.000231589 16.558
38.3755 20.4945 -0.000737531 0.000341457 -0.00106732 6.02108
39.3723 20.4945 0.000386277 -0.000195193 -8.22595e-05 7.52634
40.369 20.4945 -4.5453e-05 -0.000256058 -0.000315456 13.0457
41.3658 20.4945 -0.000782901 -0.00153235 0.000204361 6.52283
42.3626 20.4945 -0.000217716 8.41356e-05 -0.000442168 8.52986
43.3593 20.4945 -0.000703317 0.000889292 0.00101835 8.52986
44.3561 20.4945 -0.000747794 0.000417661 -0.00153846 8.52986
45.3529 20.4945 -0.000389881 0.000560849 -0.000161091 9.03161
46.3496 20.4945 0.00136522 -0.000435081 0.000313214 8.0281
47.3464 20.4945 0.0005244 0.00117801 0.000808907 5.51932
48.3432 20.4945 0.000101158 -0.000170549 -0.0012702 12.0422
49.3399 20.4945 0.00076977 -5.50456e-05 0.00185035 9.03161
50.3367 20.4945 -0.00216259 0.000123208 0.000278435 5.51932
51.3335 20.4945 -0.00149038 -0.000242426 -0.00132019 8.52986
52.3302 20.4945 0.000431104 0.00171333 0.00051942 11.0386
53.327 20.4945 -4.08618e-05 -0.000232905 -0.000301712 6.52283
54.3238 20.4945 0.000386772 -5.52166e-05 0.000122632 13.5474
55.3205 20.4945 -0.000811679 0.00140843 0.000858189 11.0386
56.3173 20.4945 0.000526723 -0.000669855 0.000423799 9.03161
57.3141 20.4945 0.000133921 -0.000884558 0.00137045 11.5404
58.3108 20.4945 -0.00185729 -0.000925787 0.000566522 8.0281
59.3076 20.4945 0.00132779 -0.000539929 0.000662019 9.03161
60.3044 20.4945 -0.00200553 -0.00119117 8.93894e-06 8.0281
61.3011 20.4945 -0.000383884 -0.000495431 0.000282075 11.0386
62.2979 20.4945 0.00128653 3.40757e-06 -0.000866809 10.5369
63.2947 20.4945 -0.000491991 -0.00142874 0.000465864 8.52986
64.2914 20.4945 0.000564315 6.19879e-06 0.000942556 9.53337
65.2882 20.4945 -8.69135e-05 -9.03409e-05 0.000229404 9.03161
66.285 20.4945 2.66589e-05 0.000154112 0.00057863 9.53337
67.2817 20.4945 0.000281192 -0.000173513 -0.000255172 8.52986
68.2785 20.4945 -0.00105928 0.000250933 0.00115659 9.53337
69.2753 20.4945 0.000454235 0.000439355 -0.00258335 5.51932
70.272 20.4945 0.000255222 0.000907737 0.000280126 13.0457
71.2688 20.4945 0.00144618 -5.03357e-05 0.00166773 8.52986
72.2656 20.4945 -0.0012642 1.10387e-05 0.00010893 8.52986
73.2623 20.4945 -0.000384235 0.00113043 3.42606e-05 15.5544
74.2591 20.4945 -0.00149182 0.000457448 -0.000693741 8.52986
75.2559 20.4945 -0.000291153 -0.000720526 -0.000999817 11.0386
76.2526 20.4945 -0.000981519 -0.000140433 5.38804e-05 9.03161
77.2494 20.4945 0.000369979 0.00088626 0.00132763 14.0492
78.2462 20.4945 0.000946718 0.000523039 0.00115082 10.5369
79.2429 20.4945 0.000206295 -0.000759335 0.000635643 10.0351
80.2397 20.4945 0.000294098 -3.84825e-05 -0.000955948 7.02459
81.2365 20.4945 -0.000606363 -0.000563646 0.000154519 13.0457
82.2332 20.4945 -0.000868581 0.00107086 0.000912945 11.0386
0.498383 21.4943 0.00129335 -0.000806396 -0.00036338 10.0351
1.49515 21.4943 0.000474341 -0.000341791 -0.000102585 8.0281
2.49192 21.4943 0.000353989 0.00123376 7.10218e-05 6.02108
3.48868 21.4943 0.000154286 -0.000143667 -0.000305757 15.5544
4.48545 21.4943 -0.000569449 0.000458933 0.000164794 27.5966
5.48221 21.4943 0.00104762 0.000726208 0.000613562 10.5369
6.47898 21.4943 0.000298972 -0.00042894 0.000302854 26.5931
7.47575 21.4943 0.00042467 -0.000342842 6.42183e-05 19.5685
8.47251 21.4943 0.000180043 0.00221564 -0.00107641 8.0281
9.46928 21.4943 9.65861e-06 -0.0002684 -0.00235363 4.51581
10.466 21.4943 0.00127444 -0.000946048 0.000496477 9.53337
11.4628 21.4943 0.00048742 0.000199358 -0.000123641 11.5404
12.4596 21.4943 -0.000357009 5.91044e-05 7.85883e-05 32.1124
13.4563 21.4943 -0.00116725 0.000949674 -0.00093021 10.5369
14.4531 21.4943 0.000533376 0.000226267 -6.35448e-05 16.0562
15.4499 21.4943 -9.94133e-05 0.000102097 -2.24174e-05 25.0878
16.4466 21.4943 0.000572797 0.000653319 -6.47159e-05 10.5369
17.4434 21.4943 0.000127333 0.000242846 0.000233174 8.52986
18.4402 21.4943 -0.000943788 8.97669e-05 -0.000564815 4.51581
19.4369 21.4943 0.000700151 0.000587322 -4.56428e-05 11.5404
20.4337 21.4943 0.000597866 -0.000580449 0.000643778 30.1054
21.4305 21.4943 -0.000100145 0.00032817 0.00119747 14.5509
22.4272 21.4943 -0.000254458 0.00129565 -0.000363858 11.5404
23.424 21.4943 0.00030265 0.000423068 -0.000182774 27.0948
24.4208 21.4943 -0.00082145 9.54375e-05 -0.000683305 13.5474
25.4175 21.4943 0.00175097 0.00259887 -0.000119132 3.01054
26.4143 21.4943 -0.000733842 0.000554652 0.00023709 9.03161
27.4111 21.4943 0.0012123 -0.000268812 0.000753703 10.5369
28.4078 21.4943 0.000188594 0.000135735 -0.000526487 15.0527
29.4046 21.4943 0.000615397 -0.000123241 -0.000337942 23.0808
30.4014 21.4943 0.00154266 -0.000605047 0.000524133 11.0386
31.3981 21.4943 -6.62639e-05 0.000743826 -2.42756e-05 22.0773
32.3949 21.4943 0.000135678 -0.000340537 0.000765255 18.565
33.3917 21.4943 0.000271574 -0.00031274 0.000546708 7.02459
34.3884 21.4943 0.000494825 0.000488436 3.89895e-05 9.53337
35.3852 21.4943 -0.000866758 -0.0013614 -0.000516537 8.0281
36.382 21.4943 4.98188e-05 0.000386578 -0.000173923 13.5474
37.3787 21.4943 -6.90793e-05 -0.000934294 0.000425539 18.565
38.3755 21.4943 0.000471599 0.00023168 0.000886972 14.5509
39.3723 21.4943 0.000172006 0.000819722 0.000323521 17.0597
40.369 21.4943 0.000132196 8.50147e-05 0.000169261 18.0632
41.3658 21.4943 0.00084945 0.00106723 5.27145e-05 7.52634
42.3626 21.4943 -0.000306016 0.00062859 0.000209068 12.5439
43.3593 21.4943 -0.00137955 -0.000454597 3.91557e-05 9.03161
44.3561 21.4943 0.000143285 0.000216083 -0.000462641 11.0386
45.3529 21.4943 0.00047302 0.00019066 -0.00037896 21.5755
46.3496 21.4943 -3.32628e-05 -0.000361373 0.000549972 15.5544
47.3464 21.4943 6.9462e-05 0.000555181 0.000360238 16.558
48.3432 21.4943 0.000455645 -0.000391934 -4.36287e-05 23.5825
49.3399 21.4943 0.000276624 0.00182713 0.00137849 9.53337
50.3367 21.4943 3.28333e-06 0.000240561 0.000508819 10.5369
51.3335 21.4943 -0.000904937 -4.26191e-05 -0.00082322 6.52283
52.3302 21.4943 0.000205662 -0.000103289 0.000190498 9.03161
53.327 21.4943 0.000236478 0.000721261 0.00033022 24.0843
54.3238 21.4943 -3.64678e-05 -0.000815214 0.000500254 20.0703
55.3205 21.4943 0.000561013 -0.00015347 -0.000380744 11.0386
56.3173 21.4943 0.000620629 0.000372925 0.00131477 21.5755
57.3141 21.4943 0.000696247 0.000197654 -0.000744335 14.5509
58.3108 21.4943 -0.000140656 0.000282744 -0.000908813 7.02459
59.3076 21.4943 -8.7964e-06 0.00127952 -0.000342829 7.52634
60.3044 21.4943 -0.000956882 -0.000183979 0.000361433 4.51581
61.3011 21.4943 -0.000759154 0.000492101 0.000668198 18.565
62.2979 21.4943 0.000443672 -0.000260606 0.000151003 20.572
63.2947 21.4943 -0.000414321 -4.4765e-06 -0.00038428 11.0386
64.2914 21.4943 2.13626e-05 -0.00019847 0.000344611 20.572
65.2882 21.4943 -0.000170381 0.000679119 -0.000159689 23.5825
66.285 21.4943 -0.000821924 0.000375627 -0.000466063 6.02108
67.2817 21.4943 0.000106269 -0.0011255 -0.000308278 6.02108
68.2785 21.4943 -0.00161961 0.000522787 -0.000761002 7.52634
69.2753 21.4943 -0.00110951 -0.000331221 0.0002136 13.5474
70.272 21.4943 0.000440862 -3.65048e-05 0.000138975 24.5861
71.2688 21.4943 -0.00125592 -7.40391e-05 -0.00029437 17.5615
72.2656 21.4943 -0.000581055 -0.00029578 0.000380413 10.5369
73.2623 21.4943 4.64672e-06 -0.000656187 -0.000939496 23.5825
74.2591 21.4943 -0.00111964 -0.00037981 -0.00140472 7.02459
75.2559 21.4943 0.000108361 -0.000860465 0.000363005 7.52634
76.2526 21.4943 -0.000650322 -0.000724974 -0.000877106 9.03161
77.2494 21.4943 0.00171002 -0.00131475 0.000279351 7.02459
78.2462 21.4943 0.000810436 -0.000242508 -0.000199193 19.5685
79.2429 21.4943 5.97237e-05 -0.000570374 -1.79758e-05 17.0597
80.2397 21.4943 -0.000396073 -0.000708856 0.000884235 10.0351
81.2365 21.4943 -0.00073563 -0.00103686 0.000395646 24.0843
82.2332 21.4943 0.000275467 -0.000155292 -0.000725135 11.0386
0.498383 22.494 0.00154041 0.000551077 0.000427073 6.02108
1.49515 22.494 0.000372718 0.000632571 0.00107015 3.51229
2.49192 22.494 0.000359512 -0.000715977 -0.000906938 10.0351
3.48868 22.494 0.000850172 -0.000280727 -0.000818199 8.0281
4.48545 22.494 0.000769105 -0.000875002 5.55284e-05 12.5439
5.48221 22.494 -0.000324633 -0.0011034 -0.000621998 9.03161
6.47898 22.494 0.000221298 -0.00130211 -0.00145648 5.51932
7.47575 22.494 5.77053e-05 0.000189908 0.000845687 9.53337
8.47251 22.494 1.27743e-06 -0.000121784 0.00186332 3.51229
9.46928 22.494 0.0014003 0.000469585 0.000398944 6.52283
10.466 22.494 0.00063593 -0.00106247 0.00195785 8.0281
11.4628 22.494 -0.00186413 0.000354652 0.000378111 10.5369
12.4596 22.494 -0.000536294 0.000947787 -0.00092619 12.5439
13.4563 22.494 -0.00111079 0.000500758 -0.000516658 10.0351
14.4531 22.494 0.000747878 0.00116182 0.000276872 7.02459
15.4499 22.494 1.78781e-05 2.94438e-05 0.000108035 12.5439
16.4466 22.494 0.000421392 -0.000339345 -0.000905623 8.0281
17.4434 22.494 -0.00169673 0.0010737 -0.00273305 6.02108
18.4402 22.494 0.0015276 -0.000281335 0.00107409 9.53337
19.4369 22.494 -0.00137899 -0.000654305 -0.000142317 9.03161
20.4337 22.494 2.7297e-05 -0.00021479 -0.000653676 13.5474
21.4305 22.494 0.00134372 2.31555e-05 -0.000944996 7.52634
22.4272 22.494 0.000556903 0.00239884 0.00108931 8.0281
23.424 22.494 0.000197957 0.000365008 -0.000783616 10.0351
24.4208 22.494 0.000371999 0.00159078 -0.00140256 12.0422
25.4175 22.494 -0.000438722 0.00154785 -0.000435599 12.5439
26.4143 22.494 0.000496921 -0.000145149 0.00098369 11.0386
27.4111 22.494 -0.000710204 6.8849e-06 0.000530665 11.0386
28.4078 22.494 -0.000185841 0.00111625 -0.000722653 12.0422
29.4046 22.494 0.000245192 0.000636642 6.17383e-05 12.0422
30.4014 22.494 -0.000167575 0.000179131 0.000661889 7.52634
31.3981 22.494 -0.000930745 7.37025e-05 -0.00132526 11.5404
32.3949 22.494 0.0012891 1.46614e-05 -0.000404286 8.0281
33.3917 22.494 8.61122e-05 -0.000204501 -0.000517162 7.52634
34.3884 22.494 0.000669063 0.000444235 2.37103e-05 7.02459
35.3852 22.494 0.000194185 -0.000106324 -0.000233854 10.0351
36.382 22.494 0.00115177 0.000190619 -0.00212235 10.0351
37.3787 22.494 -0.000550932 -0.000678466 -0.000214703 13.0457
38.3755 22.494 -0.000587014 -7.34561e-05 -0.000766943 5.51932
39.3723 22.494 -0.000529393 -0.00116699 -0.00092737 7.52634
40.369 22.494 -0.00128206 0.000224613 0.000294257 15.5544
41.3658 22.494 0.00108158 -0.00116046 -4.32093e-05 13.0457
42.3626 22.494 0.00102071 -0.000942959 0.000193722 6.02108
43.3593 22.494 0.00102661 -0.000945429 0.000960927 7.52634
44.3561 22.494 -0.000741979 3.67732e-05 -9.50281e-05 9.03161
45.3529 22.494 -0.00017731 0.00020003 0.000872472 11.0386
46.3496 22.494 -0.000342326 0.00118916 0.000591797 9.03161
47.3464 22.494 0.00108808 -0.000841759 -0.000515628 11.0386
48.3432 22.494 -0.000478237 0.00116195 8.61693e-05 12.0422
49.3399 22.494 0.000124817 -0.00137967 0.000153677 9.03161
50.3367 22.494 0.000290745 -0.00045356 -0.00107988 9.03161
51.3335 22.494 0.000574386 -0.000121793 -0.00111917 4.51581
52.3302 22.494 0.000495561 0.000326968 0.00190082 10.0351
53.327 22.494 0.000342726 3.99011e-05 0.000789882 11.0386
54.3238 22.494 -0.000492982 0.000348057 0.000689268 8.0281
55.3205 22.494 0.00105948 -0.00137942 0.00125834 5.51932
56.3173 22.494 -0.000560744 0.000107604 -0.000829022 12.0422
57.3141 22.494 -0.000576568 0.000642971 0.000579272 9.53337
58.3108 22.494 0.00104065 -4.70138e-05 -0.000204173 8.52986
59.3076 22.494 0.000849947 9.63202e-05 -0.00170109 8.52986
60.3044 22.494 -2.13609e-05 -0.000909076 0.000153873 8.0281
61.3011 22.494 -0.000356888 0.000737386 0.000272936 16.0562
62.2979 22.494 4.7681e-07 -0.00121627 -0.000195569 10.5369
63.2947 22.494 0.000368101 -3.64453e-05 -4.65437e-05 12.0422
64.2914 22.494 0.00114633 0.000341206 0.000758442 9.03161
65.2882 22.494 -0.000795965 -0.000314775 -0.000533661 11.5404
66.285 22.494 -0.00107887 -0.00109474 0.000481706 9.03161
67.2817 22.494 0.00128325 -6.4771e-05 0.000947733 6.52283
68.2785 22.494 -0.000246451 0.00193991 -4.20241e-05 8.52986
69.2753 22.494 -0.00122031 0.000568273 -0.00205291 8.0281
70.272 22.494 0.000948632 -0.000504352 -0.000343585 15.0527
71.2688 22.494 0.000413831 0.000717151 -0.00122324 7.52634
72.2656 22.494 0.00142007 0.00110975 -0.000668884 7.52634
73.2623 22.494 -0.000384799 -0.000261823 -0.000312361 14.0492
74.2591 22.494 -0.000332241 0.000306732 -3.29376e-05 10.5369
75.2559 22.494 -0.000402794 -7.39423e-05 -0.000133792 6.52283
76.2526 22.494 -0.000938168 -0.00134951 -6.61072e-05 10.0351
77.2494 22.494 -0.00110326 -0.000310921 0.000227754 9.53337
78.2462 22.494 4.30147e-05 -0.00064519 -0.000899129 8.52986
79.2429 22.494 -0.000221229 0.0010477 -0.000335761 14.0492
80.2397 22.494 -0.000829733 -0.000111798 -7.45617e-05 9.03161
81.2365 22.494 -5.29569e-06 -0.000403021 -0.00175472 14.5509
82.2332 22.494 0.000118996 0.000533412 -0.000379675 11.0386
0.498383 23.4937 -0.000561333 -0.000109797 -0.000431514 20.0703
1.49515 23.4937 -0.00116672 -0.000602969 -0.000382123 10.0351
2.49192 23.4937 8.36205e-05 0.000464447 -1.26759e-05 25.0878
3.48868 23.4937 0.000733152 0.00130798 0.000516664 16.0562
4.48545 23.4937 0.00120843 0.000945054 -2.86235e-05 7.52634
5.48221 23.4937 0.000185022 0.00020692 0.000519924 6.02108
6.47898 23.4937 -0.00019644 -0.000534279 0.000299115 9.53337
7.47575 23.4937 -3.79095e-06 0.000298079 -0.000325037 11.0386
8.47251 23.4937 -0.000844298 0.000888121 -0.000197369 28.6001
9.46928 23.4937 -0.000204621 2.72012e-05 0.000896682 10.5369
10.466 23.4937 0.00159838 0.000917684 0.000433697 16.558
11.4628 23.4937 0.000204155 3.19922e-05 0.00129569 17.5615
12.4596 23.4937 -0.00013274 0.000869087 -2.90008e-05 6.52283
13.4563 23.4937 -0.000594152 -0.00111565 -0.000238153 7.02459
14.4531 23.4937 -0.00150772 0.00044167 0.0015097 7.02459
15.4499 23.4937 -2.50298e-06 8.28452e-05 4.98276e-05 10.5369
16.4466 23.4937 0.000816106 0.000117774 0.00085698 20.0703
17.4434 23.4937 -0.000493569 -0.00191896 -0.000670117 12.5439
18.4402 23.4937 0.000206824 -0.00114946 -0.000395942 17.0597
19.4369 23.4937 -0.000176442 -0.000869179 0.00052738 15.0527
20.4337 23.4937 0.000323511 -0.000516044 -0.000710066 8.0281
21.4305 23.4937 -0.000541332 -8.92457e-05 -0.000341615 9.03161
22.4272 23.4937 -0.000808559 0.000635327 -4.44048e-05 6.02108
23.424 23.4937 -0.000421778 0.000504872 -9.55061e-05 13.5474
24.4208 23.4937 0.000873629 0.000177358 -8.8996e-05 13.5474
25.4175 23.4937 0.00113686 -0.000401458 0.000807461 10.5369
26.4143 23.4937 -0.000160591 0.000142074 0.000428067 11.0386
27.4111 23.4937 0.000196175 0.000943854 -0.00120891 19.0667
28.4078 23.4937 -0.000582156 8.09471e-06 -0.000171641 10.5369
29.4046 23.4937 0.000511346 -0.00115284 -2.95455e-08 5.51932
30.4014 23.4937 0.000205846 -0.000330497 0.000674828 10.0351
31.3981 23.4937 -0.000691492 0.00044332 0.000582599 11.0386
32.3949 23.4937 -0.000972122 -0.000421665 -0.000808452 16.558
33.3917 23.4937 -0.00103019 -0.000975588 0.000131797 17.0597
34.3884 23.4937 0.000926697 -4.75021e-05 -0.000264004 11.5404
35.3852 23.4937 -0.000207144 0.000527249 -0.000347123 13.5474
36.382 23.4937 0.000966428 -0.000823277 0.00011823 17.5615
37.3787 23.4937 6.71805e-05 0.00135434 -0.00142302 12.0422
38.3755 23.4937 -0.000118056 -9.98156e-05 0.000106207 7.52634
39.3723 23.4937 -0.000204397 -0.000512941 -0.000311214 10.5369
40.369 23.4937 -0.000643637 -0.00092741 -3.83341e-05 12.5439
41.3658 23.4937 -0.000861439 0.000747781 -0.000658482 14.5509
42.3626 23.4937 -0.000167045 -0.000120645 0.0011354 10.0351
43.3593 23.4937 0.00122113 -0.0003036 0.000423178 11.5404
44.3561 23.4937 0.000132816 0.000544003 5.58148e-05 20.572
45.3529 23.4937 -0.000792718 0.000468832 -0.000160322 9.53337
46.3496 23.4937 -0.000242743 0.00132986 -0.000982746 8.0281
47.3464 23.4937 0.000256382 -0.000238862 -0.000190522 11.0386
48.3432 23.4937 0.000974185 -0.00122494 2.73572e-05 6.52283
49.3399 23.4937 -7.88421e-05 -0.000380755 0.000498921 20.0703
50.3367 23.4937 -0.000430771 -0.000115625 -0.000524513 12.0422
51.3335 23.4937 0.000241595 -4.09476e-05 0.000576895 12.5439
52.3302 23.4937 -0.000858101 -0.000141789 7.5146e-05 21.0738
53.327 23.4937 -0.000357882 0.00156558 0.000281118 8.52986
54.3238 23.4937 -0.000863854 0.0019537 0.000104691 8.0281
55.3205 23.4937 0.00125653 0.00291241 -0.000101759 7.02459
56.3173 23.4937 0.000913614 -0.000477252 -0.000209317 12.0422
57.3141 23.4937 0.000779333 -0.000434873 0.000332164 19.5685
58.3108 23.4937 -0.000103509 0.000446287 -9.6575e-05 14.5509
59.3076 23.4937 1.21385e-05 0.000822503 -0.000169517 13.0457
60.3044 23.4937 0.00102153 -0.000746494 -0.000598767 17.0597
61.3011 23.4937 0.000718946 0.00013571 -3.65857e-05 17.5615
62.2979 23.4937 -0.00149636 -0.000271748 -0.000893966 7.02459
63.2947 23.4937 0.00128487 0.000917345 -0.000202033 6.52283
64.2914 23.4937 0.000219209 -0.000336539 -0.00146242 6.02108
65.2882 23.4937 -0.000528484 -2.77622e-06 0.000792418 13.5474
66.285 23.4937 0.000934507 0.000610004 -0.000509187 19.0667
67.2817 23.4937 -0.000732747 6.56991e-05 9.63288e-06 12.5439
68.2785 23.4937 -0.000519661 -7.75392e-05 -0.000525143 15.5544
69.2753 23.4937 0.000109601 0.000591977 -0.000285329 20.0703
70.272 23.4937 7.64503e-05 -0.000901817 0.000185626 6.02108
71.2688 23.4937 0.00152311 0.000168476 -0.000909833 6.52283
72.2656 23.4937 -0.000475957 0.000862199 0.000191069 10.0351
73.2623 23.4937 -0.000784037 -0.000232819 -0.000262045 9.53337
74.2591 23.4937 -1.24868e-05 0.000367898 0.000300225 16.558
75.2559 23.4937 0.000300324 -0.000128817 -0.000526047 15.5544
76.2526 23.4937 -0.00046579 -0.000838075 -0.00174363 11.5404
77.2494 23.4937 -0.000442443 7.90158e-05 -0.000368647 25.0878
78.2462 23.4937 -0.000805111 0.000140666 0.000495848 12.5439
79.2429 23.4937 0.000862017 0.000496425 -0.000705111 8.0281
80.2397 23.4937 -0.00223284 0.00031078 -0.00112066 4.51581
81.2365 23.4937 0.00016222 -0.00012044 0.000348682 8.0281
82.2332 23.4937 -0.000415299 0.000687728 -0.000583524 21.5755
0.498383 24.4934 0.000381865 0.000260193 -0.000306924 14.0492
1.49515 24.4934 -0.000650573 1.52422e-05 0.000680335 8.52986
2.49192 24.4934 0.00122984 -0.00163622 0.000960903 11.0386
3.48868 24.4934 -5.88527e-05 4.1204e-05 0.000291635 16.0562
4.48545 24.4934 0.000935193 -0.000971024 -0.000259904 9.03161
5.48221 24.4934 -0.000940695 0.000492996 0.000903907 4.01405
6.47898 24.4934 -9.71557e-05 -0.000118364 0.000441258 9.53337
7.47575 24.4934 0.000173268 -0.000689588 0.000123439 12.5439
8.47251 24.4934 -0.000885978 0.000131373 0.000602802 17.5615
9.46928 24.4934 0.000177767 -4.98681e-05 -0.000259697 7.02459
10.466 24.4934 0.000291702 0.000469597 -0.000808347 12.5439
11.4628 24.4934 5.99139e-05 -4.18575e-05 0.00039004 17.0597
12.4596 24.4934 0.000218928 0.00151309 0.000151251 6.02108
13.4563 24.4934 -0.00073961 -0.000839421 0.00231 5.51932
14.4531 24.4934 0.000131615 -0.000499087 0.000533608 10.0351
15.4499 24.4934 0.000369424 -0.000548772 -0.000169181 11.5404
16.4466 24.4934 2.46871e-05 0.000604632 0.000427688 18.565
17.4434 24.4934 -0.000960611 -0.00053942 -0.000108101 11.0386
18.4402 24.4934 0.000595728 0.000711888 -0.000337829 13.5474
19.4369 24.4934 0.0003131 -6.37284e-05 -0.00034896 17.0597
20.4337 24.4934 -0.000778884 9.27854e-05 -0.000207131 12.0422
21.4305 24.4934 0.000545742 0.000316345 0.000636513 4.01405
22.4272 24.4934 -0.000339456 -0.000340756 -0.00103742 8.0281
23.424 24.4934 -0.000386464 0.000592753 0.000279357 13.0457
24.4208 24.4934 -0.000684528 -0.000341708 -0.000370275 12.0422
25.4175 24.4934 0.00074259 0.0010473 0.000245213 14.5509
26.4143 24.4934 0.000536972 -0.000478014 -0.000474246 12.0422
27.4111 24.4934 -0.00034658 0.000114113 0.00116117 17.5615
28.4078 24.4934 -0.00033913 -6.66459e-05 -0.000118566 10.5369
29.4046 24.4934 0.000303492 -0.000208639 0.00129849 6.52283
30.4014 24.4934 -0.000554399 0.00122815 -0.000779348 6.52283
31.3981 24.4934 -0.00119579 0.000746361 0.00113984 7.52634
32.3949 24.4934 0.000102334 -0.000505451 -0.000934979 10.5369
33.3917 24.4934 -0.000593082 0.000182163 0.000361489 19.5685
34.3884 24.4934 5.45548e-05 -0.000855865 -0.000854525 9.03161
35.3852 24.4934 -0.000213463 0.000417312 0.000718295 20.572
36.382 24.4934 -4.04694e-05 -0.000512905 0.000950743 14.0492
37.3787 24.4934 0.00158324 0.0012167 0.00130346 8.0281
38.3755 24.4934 0.00191775 0.00200047 0.000141744 7.02459
39.3723 24.4934 0.000511096 0.0019517 0.00152979 7.52634
40.369 24.4934 -9.2961e-05 -0.000139302 -0.000375776 14.5509
41.3658 24.4934 -0.000797198 -0.00032457 0.000872767 16.558
42.3626 24.4934 -0.000334846 -0.000660102 -0.000251895 12.0422
43.3593 24.4934 8.8299e-05 -0.00102844 0.000554032 10.5369
44.3561 24.4934 -0.000725378 -0.000109428 0.000723058 22.579
45.3529 24.4934 0.000962152 0.00066696 -0.00151167 13.5474
46.3496 24.4934 -0.000962923 0.000931808 0.0013324 4.01405
47.3464 24.4934 -0.000972761 -0.00121092 -0.00170985 7.52634
48.3432 24.4934 0.000206438 0.000103343 -0.000229563 6.52283
49.3399 24.4934 2.20361e-05 0.000809653 0.000424799 20.572
50.3367 24.4934 0.000997821 0.000872729 -0.000935577 14.0492
51.3335 24.4934 -0.0005822 0.000695758 0.000662628 10.0351
52.3302 24.4934 0.000484351 0.000159654 0.00100571 17.0597
53.327 24.4934 -0.000448024 -0.000979536 6.57142e-05 12.5439
54.3238 24.4934 0.00046171 0.000254514 0.00103832 9.53337
55.3205 24.4934 -0.000250747 0.00130072 0.00029136 7.02459
56.3173 24.4934 0.000264249 -1.06946e-05 -0.000511772 7.02459
57.3141 24.4934 0.000109005 -4.28427e-05 0.000818882 17.5615
58.3108 24.4934 0.000788279 -3.21176e-06 0.000260233 12.5439
59.3076 24.4934 -0.000866598 0.000166582 0.000971928 10.0351
60.3044 24.4934 -4.70101e-05 0.000692196 -0.000656998 13.0457
61.3011 24.4934 0.000842164 0.000536955 -0.000221686 16.558
62.2979 24.4934 0.00132204 -0.000673713 -0.000583044 5.51932
63.2947 24.4934 -8.14631e-05 0.000856812 -0.00131263 6.52283
64.2914 24.4934 0.000938039 0.000701722 -0.00134595 5.01756
65.2882 24.4934 -6.16151e-05 0.000331827 -0.00122192 11.0386
66.285 24.4934 -6.05335e-05 -0.000213114 0.00101628 18.565
67.2817 24.4934 -0.00027398 -0.00052704 -0.00117241 8.0281
68.2785 24.4934 -0.000918651 -0.00143804 -0.000401961 16.0562
69.2753 24.4934 0.000278463 -0.000289234 -0.000680025 15.5544
70.272 24.4934 -0.0010547 -0.000992662 -0.000256792 10.5369
71.2688 24.4934 0.00120694 0.000371403 0.00191039 6.52283
72.2656 24.4934 -0.000686061 -8.30541e-05 -0.000795021 7.52634
73.2623 24.4934 -0.00083392 -0.000238085 -0.000749332 9.03161
74.2591 24.4934 5.71092e-05 0.000354788 0.000705644 17.5615
75.2559 24.4934 -0.000158577 0.000290515 0.000226356 13.0457
76.2526 24.4934 -0.000863482 0.00161725 -0.000634486 6.52283
77.2494 24.4934 -0.00105384 -0.000253758 -0.000163036 18.565
78.2462 24.4934 0.000536723 0.00106392 -0.00113559 7.52634
79.2429 24.4934 -0.000644165 0.000761187 0.000408511 8.0281
80.2397 24.4934 -0.000818014 0.000198187 0.00091084 8.0281
81.2365 24.4934 -0.00116253 0.000685193 0.000624221 9.53337
82.2332 24.4934 0.00112135 -0.00087768 0.000524371 10.0351
0.498383 25.4932 0.000624346 8.19637e-05 0.000422594 10.5369
1.49515 25.4932 -0.000896109 -0.00197826 0.000243695 5.51932
2.49192 25.4932 0.00105509 -0.0011657 -3.33245e-05 9.53337
3.48868 25.4932 0.000350744 0.000583061 -0.000170553 11.5404
4.48545 25.4932 -0.000198313 -0.000697812 -0.000727285 13.5474
5.48221 25.4932 0.00116421 -0.00157827 0.000573968 9.03161
6.47898 25.4932 0.000471968 4.00075e-05 -0.000114465 14.5509
7.47575 25.4932 0.000804438 0.00052566 -0.000261869 12.5439
8.47251 25.4932 0.00140354 -0.00105467 -5.28042e-05 5.51932
9.46928 25.4932 0.000445318 -0.00217901 -0.000234605 8.0281
10.466 25.4932 -0.000804945 0.000756674 -0.000463996 7.52634
11.4628 25.4932 -0.000184674 0.000279384 0.000516391 13.0457
12.4596 25.4932 -0.000382671 -0.00130054 -5.10886e-05 18.565
13.4563 25.4932 -0.000346136 -0.00130984 -0.000337393 12.0422
14.4531 25.4932 0.000117942 -0.00104132 -0.000809049 7.02459
15.4499 25.4932 4.31227e-05 -0.000481845 -0.000524438 14.0492
16.4466 25.4932 0.000605641 -0.000458904 2.77942e-05 7.02459
17.4434 25.4932 -6.88522e-05 -0.000651138 -0.000395598 2.00703
18.4402 25.4932 0.000494688 0.000401279 7.43249e-05 6.52283
19.4369 25.4932 -0.00067135 0.000550359 -0.00034216 12.5439
20.4337 25.4932 0.000222437 -0.000924951 0.000713833 13.0457
21.4305 25.4932 0.000703206 -0.000203264 6.83932e-05 11.5404
22.4272 25.4932 -0.00120493 0.000894291 0.000278638 12.5439
23.424 25.4932 -0.000142245 0.000118162 0.000507675 16.0562
24.4208 25.4932 -0.000832691 0.000647527 0.000144226 12.5439
25.4175 25.4932 0.000111373 0.000143527 -0.00107244 8.0281
26.4143 25.4932 -0.00149926 -0.00113818 -0.000706192 6.52283
27.4111 25.4932 -0.000854386 0.000216076 -0.00132998 6.02108
28.4078 25.4932 -5.51775e-05 -0.000173614 -2.73934e-05 19.5685
29.4046 25.4932 -0.000394968 0.000565682 -0.000605672 9.03161
30.4014 25.4932 0.000259323 0.000244994 -0.000199744 10.0351
31.3981 25.4932 0.000166841 0.000306636 -0.000284799 19.5685
32.3949 25.4932 -0.000512021 4.86842e-05 -0.000716984 10.5369
33.3917 25.4932 4.08909e-05 -0.000596562 0.000423495 8.52986
34.3884 25.4932 -0.000157264 0.000349635 -0.000551168 8.52986
35.3852 25.4932 0.000796976 -0.000278355 0.000260334 5.01756
36.382 25.4932 0.000761852 -0.000636334 0.000653174 14.0492
37.3787 25.4932 -0.000536015 -0.000234017 0.00031017 12.5439
38.3755 25.4932 0.000309953 -0.000783316 0.000364628 7.02459
39.3723 25.4932 0.000633597 -1.18294e-05 -5.35117e-05 13.0457
40.369 25.4932 -0.000315597 0.00112921 -0.00070342 8.52986
41.3658 25.4932 -0.000290324 7.62669e-06 0.000355005 8.0281
42.3626 25.4932 0.000688795 -0.000144407 -0.000336878 11.5404
43.3593 25.4932 -4.59603e-05 0.000235619 -0.000822154 10.0351
44.3561 25.4932 -0.000105103 -0.000971306 -0.000772924 8.0281
45.3529 25.4932 -0.000110843 -2.23926e-05 -0.000510152 12.0422
46.3496 25.4932 -0.000238021 0.000628154 -0.00072807 11.0386
47.3464 25.4932 0.000370411 -0.000455177 -0.000466248 8.0281
48.3432 25.4932 0.000383244 0.000317176 -0.000349776 16.558
49.3399 25.4932 -0.000392623 0.00128223 0.000828611 10.0351
50.3367 25.4932 -0.0023311 -0.00141055 -0.0022448 4.01405
51.3335 25.4932 0.000793209 0.000205427 0.0012634 7.02459
52.3302 25.4932 -0.000256386 -2.47181e-05 -0.000269418 10.0351
53.327 25.4932 -0.00170563 0.000249731 0.00117197 15.5544
54.3238 25.4932 -0.00136015 -0.000394419 0.00163946 9.53337
55.3205 25.4932 0.00199302 0.000849054 -9.42948e-05 6.52283
56.3173 25.4932 -0.000524888 0.00104228 0.000182888 11.5404
57.3141 25.4932 0.000450343 -0.000237143 0.000796126 12.5439
58.3108 25.4932 0.000715763 0.00042988 -0.00187283 5.51932
59.3076 25.4932 -1.856e-06 0.001029 0.000186135 7.02459
60.3044 25.4932 -0.00100955 -0.000281289 0.000386275 7.52634
61.3011 25.4932 -0.000446 -0.000150614 -0.00121687 16.0562
62.2979 25.4932 0.000123077 -4.2244e-05 0.00127481 11.0386
63.2947 25.4932 0.000999387 7.85062e-05 -0.000565817 10.0351
64.2914 25.4932 0.000304514 -0.00049517 0.000410644 15.5544
65.2882 25.4932 0.000796953 0.000132673 0.000299649 13.0457
66.285 25.4932 -0.000594557 0.00126306 -4.69509e-05 8.0281
67.2817 25.4932 0.00062979 0.00127483 0.000485016 10.0351
68.2785 25.4932 0.000114368 0.000234091 -0.000227756 5.51932
69.2753 25.4932 0.000366959 0.00107442 0.000328866 12.0422
70.272 25.4932 -0.000190784 0.000616166 -0.000274623 15.0527
71.2688 25.4932 0.000269104 -0.000357081 4.84684e-05 8.0281
72.2656 25.4932 -0.0002479 -6.42093e-05 3.35912e-05 14.0492
73.2623 25.4932 0.000575604 0.000697086 0.000610492 11.5404
74.2591 25.4932 -4.25204e-05 -0.000111621 -4.15609e-05 10.0351
75.2559 25.4932 -0.000305503 -8.91392e-05 0.00070228 9.03161
76.2526 25.4932 -0.000147714 -0.00125092 0.00115271 8.0281
77.2494 25.4932 0.000457028 -0.00151208 -0.000491487 7.52634
78.2462 25.4932 0.000246931 -0.000113037 -0.000940193 15.5544
79.2429 25.4932 0.00014133 -0.000110344 0.000144249 13.0457
80.2397 25.4932 -0.00041464 -0.000392546 -0.000130298 10.5369
81.2365 25.4932 0.000719989 -0.000492807 0.000359611 18.565
82.2332 25.4932 -0.00039133 -0.00106814 0.000750783 8.52986
0.498383 26.4929 -0.000708171 0.000887821 -0.00170596 6.02108
1.49515 26.4929 0.000134621 -0.000557118 -0.00159266 8.0281
2.49192 26.4929 0.000806702 0.000642294 -0.000767565 8.0281
3.48868 26.4929 0.00087749 0.00100101 0.000364832 15.5544
4.48545 26.4929 0.000412713 -0.000177683 -0.000401298 18.0632
5.48221 26.4929 0.00061102 -0.000511788 -0.000455144 11.5404
6.47898 26.4929 0.00163009 3.45771e-05 0.000102877 18.565
7.47575 26.4929 0.000190093 -6.5935e-05 7.99414e-05 21.5755
8.47251 26.4929 0.000524992 -0.00106485 0.000821509 8.0281
9.46928 26.4929 0.000124491 -0.000495187 -0.00124073 6.02108
10.466 26.4929 -0.00180617 -0.00038815 0.00107114 3.51229
11.4628 26.4929 0.000947165 0.00089127 0.00113067 10.0351
12.4596 26.4929 -0.000655441 0.000517147 8.83124e-06 24.0843
13.4563 26.4929 9.59437e-05 -3.69397e-05 0.000801998 11.0386
14.4531 26.4929 -0.000581504 0.000389405 0.000329232 15.0527
15.4499 26.4929 0.000833128 0.000380368 0.000815306 22.0773
16.4466 26.4929 0.000582644 0.00178509 -3.85134e-05 13.0457
17.4434 26.4929 0.000806429 0.000781757 0.00119818 8.52986
18.4402 26.4929 0.000593082 -1.967e-06 0.000249158 5.51932
19.4369 26.4929 -0.000886495 -0.00102461 -5.08677e-05 11.0386
20.4337 26.4929 0.0006164 2.74289e-05 0.000510139 23.5825
21.4305 26.4929 -0.000221871 -2.56184e-05 0.000240268 12.0422
22.4272 26.4929 0.00041352 0.000651656 -0.000389664 13.0457
23.424 26.4929 -0.000375659 6.78413e-05 -7.91031e-05 17.5615
24.4208 26.4929 -0.000959595 0.000233675 -2.46578e-05 11.0386
25.4175 26.4929 0.00117357 0.000278461 0.000200779 5.01756
26.4143 26.4929 0.000734631 2.97235e-06 -0.00120001 8.52986
27.4111 26.4929 4.01286e-05 0.00022408 -0.000696966 8.0281
28.4078 26.4929 0.000222342 -0.000643787 -0.000539048 15.0527
29.4046 26.4929 -0.000608066 2.04207e-05 -0.000450374 17.0597
30.4014 26.4929 -0.00021587 0.00138724 -0.0011858 10.5369
31.3981 26.4929 -0.000284376 -0.000294195 -0.000596765 20.572
32.3949 26.4929 0.00155457 -0.00156396 -0.000402645 11.5404
33.3917 26.4929 -0.000692079 -0.000557071 -0.00131923 8.0281
34.3884 26.4929 -0.000468973 0.000711918 0.000805915 8.52986
35.3852 26.4929 0.000589234 0.000751871 0.000364304 9.53337
36.382 26.4929 -0.000374843 -0.000758949 0.000573692 11.5404
37.3787 26.4929 0.000165804 0.000216259 0.000226992 20.572
38.3755 26.4929 0.000465105 0.000699766 0.000924449 9.53337
39.3723 26.4929 -2.17486e-05 6.57773e-05 -0.000336629 15.0527
40.369 26.4929 -0.00079768 0.000353357 -3.34024e-05 22.579
41.3658 26.4929 0.000414098 0.000107283 0.000712681 8.52986
42.3626 26.4929 -0.000446129 0.000603047 0.000244892 7.02459
43.3593 26.4929 0.000856809 0.0014491 0.000202356 5.51932
44.3561 26.4929 0.000505194 0.000792852 0.00103931 8.52986
45.3529 26.4929 0.000305475 -2.2169e-05 -0.000148521 28.0984
46.3496 26.4929 -0.000477281 0.000169222 -0.000355444 17.5615
47.3464 26.4929 0.000269281 0.000505192 7.18872e-05 9.53337
48.3432 26.4929 -0.000658568 -0.00035377 0.000278694 28.6001
49.3399 26.4929 0.000457872 0.000542957 0.000888694 9.53337
50.3367 26.4929 -0.0018107 0.00198227 -0.00115227 3.01054
51.3335 26.4929 0.000737474 0.00110257 0.00024782 6.02108
52.3302 26.4929 -0.00121094 0.00107067 0.00185799 6.02108
53.327 26.4929 0.000343643 0.000820422 0.000222921 14.5509
54.3238 26.4929 0.000221139 0.00104869 0.000120493 20.0703
55.3205 26.4929 -0.000127397 -0.000204726 0.000221851 13.0457
56.3173 26.4929 0.000258487 -0.000118455 0.000846245 27.0948
57.3141 26.4929 0.000109895 0.00131576 -0.00011165 13.0457
58.3108 26.4929 0.00178809 -0.00047191 -0.00035222 6.52283
59.3076 26.4929 0.000772207 0.000762545 -0.00029572 7.02459
60.3044 26.4929 -0.000406828 -0.000196952 0.000188222 8.52986
61.3011 26.4929 0.000259281 -0.000410705 -0.00108416 15.0527
62.2979 26.4929 0.000230282 0.000285426 0.00045301 23.5825
63.2947 26.4929 -0.00113537 0.000249907 0.000560412 9.53337
64.2914 26.4929 0.000480681 0.000317885 -0.00015654 25.0878
65.2882 26.4929 -0.000493044 -0.000134491 -9.00084e-05 20.572
66.285 26.4929 0.00100275 -0.00147564 -1.396e-05 3.51229
67.2817 26.4929 -0.000152707 0.000696421 0.00010498 5.51932
68.2785 26.4929 0.000197447 -7.80275e-05 -0.000812211 9.53337
69.2753 26.4929 -6.0879e-05 0.000230383 -6.80355e-05 14.0492
70.272 26.4929 0.000196264 1.14051e-05 -1.07936e-05 24.5861
71.2688 26.4929 0.00076209 -0.000114731 -0.00108641 8.52986
72.2656 26.4929 0.0005981 0.000323709 -0.000531051 10.5369
73.2623 26.4929 -0.00053303 -0.000538399 -0.000389215 21.5755
74.2591 26.4929 0.000649078 -0.0011355 -0.000665099 7.52634
75.2559 26.4929 -0.000563447 -0.000100339 -0.00116997 7.52634
76.2526 26.4929 -0.00146607 0.00201606 0.000728717 5.51932
77.2494 26.4929 -6.6e-06 -0.000862466 -0.000122208 10.5369
78.2462 26.4929 -2.65262e-05 -3.1312e-05 -0.00024608 17.5615
79.2429 26.4929 0.000121768 0.000921504 -0.000440383 17.5615
80.2397 26.4929 0.000178312 7.39847e-05 -0.00120531 11.0386
81.2365 26.4929 0.000560928 -0.000292901 0.000806345 18.565
82.2332 26.4929 -0.000983544 -0.000217439 -4.74047e-05 13.5474
0.498383 27.4926 0.00139683 -0.00211862 0.00078923 7.52634
1.49515 27.4926 -0.000523277 0.000227302 0.000662903 11.5404
2.49192 27.4926 -0.000584596 0.0012307 -5.01456e-05 11.0386
3.48868 27.4926 -0.000572133 -4.90703e-05 0.00079547 10.0351
4.48545 27.4926 -6.9665e-05 0.000786616 -0.000104277 12.0422
5.48221 27.4926 -0.000417492 0.000635393 0.000663191 8.0281
6.47898 27.4926 0.000378038 0.00087015 -0.000178413 7.02459
7.47575 27.4926 0.000983361 7.35785e-05 -0.000484587 11.5404
8.47251 27.4926 0.000823454 0.00125975 -0.000260298 8.0281
9.46928 27.4926 5.70879e-06 -1.50891e-05 -0.000289147 12.0422
10.466 27.4926 -0.00133605 0.00115752 -0.000327584 9.53337
11.4628 27.4926 0.000823288 -0.00127191 -0.000276896 8.52986
12.4596 27.4926 0.00021041 0.000416786 -7.11304e-05 8.52986
13.4563 27.4926 -0.000428589 0.000301191 0.000747712 7.52634
14.4531 27.4926 0.000388949 5.47682e-05 -0.000211544 9.03161
15.4499 27.4926 -0.000199616 -0.000192019 0.000313275 7.52634
16.4466 27.4926 -5.35121e-05 5.55007e-05 -7.67899e-05 12.0422
17.4434 27.4926 0.00049691 1.74264e-05 -0.000113526 8.0281
18.4402 27.4926 -0.000163188 0.000874626 -0.000503026 7.02459
19.4369 27.4926 0.000484721 -0.000199913 -0.00105007 10.5369
20.4337 27.4926 0.000476749 -4.09851e-05 0.000389978 13.5474
21.4305 27.4926 0.00141795 -0.000191868 2.7204e-05 8.52986
22.4272 27.4926 0.000299734 -0.000456235 -8.94937e-05 8.0281
23.424 27.4926 0.000476 -0.000480904 -0.000275674 11.5404
24.4208 27.4926 0.000575953 0.000750772 0.000449643 14.0492
25.4175 27.4926 0.001162 0.000863952 -0.00108997 12.0422
26.4143 27.4926 -0.000179578 -0.0024103 0.00106207 9.03161
27.4111 27.4926 -9.01813e-05 -0.000534883 0.000548414 9.03161
28.4078 27.4926 -0.000958656 -2.219e-06 0.000768084 12.0422
29.4046 27.4926 0.000347712 -0.00018459 0.000471716 7.02459
30.4014 27.4926 0.00035519 0.000792421 0.000436377 7.52634
31.3981 27.4926 -0.000497128 0.00021809 0.0015808 10.5369
32.3949 27.4926 -0.000318032 0.000346005 0.00167932 9.03161
33.3917 27.4926 -0.000777641 0.000462296 0.000942119 12.5439
34.3884 27.4926 0.000254774 0.000198753 -0.000217321 9.03161
35.3852 27.4926 -0.00188857 -0.000469554 0.000840204 8.0281
36.382 27.4926 -0.000190162 -8.33941e-05 0.00147205 12.5439
37.3787 27.4926 4.71673e-05 -0.000964642 0.000875864 12.5439
38.3755 27.4926 0.002516 -0.000787576 0.00180726 6.52283
39.3723 27.4926 0.000136455 0.000703642 0.000867467 13.5474
40.369 27.4926 0.000415051 -0.00044504 0.000557245 11.0386
41.3658 27.4926 -0.000532899 -0.00104426 -0.000507313 9.03161
42.3626 27.4926 0.000745434 0.00153339 -0.000510831 9.53337
43.3593 27.4926 0.00046192 -7.3112e-05 -0.00072105 8.52986
44.3561 27.4926 0.000643809 -0.000190896 0.000460311 10.5369
45.3529 27.4926 -0.000123192 -0.00112515 0.000723256 9.03161
46.3496 27.4926 0.00056061 0.000271749 -7.32972e-05 9.03161
47.3464 27.4926 -0.0006169 -4.63957e-05 -0.000339723 9.53337
48.3432 27.4926 -0.00130959 0.000930558 0.00040647 9.03161
49.3399 27.4926 -0.000234126 0.000902911 0.000248174 7.02459
50.3367 27.4926 -0.000335768 -8.02744e-06 0.000658425 8.0281
51.3335 27.4926 -8.41301e-05 -0.000393006 -0.000490893 10.0351
52.3302 27.4926 0.000278152 -0.000394375 -0.000399755 13.0457
53.327 27.4926 -0.000611208 -0.000164315 -0.000608728 13.0457
54.3238 27.4926 -0.00103014 0.000475567 -0.000193937 11.0386
55.3205 27.4926 -0.000400255 0.00111318 -0.00014811 8.0281
56.3173 27.4926 -0.00104594 0.000181929 0.000529813 11.0386
57.3141 27.4926 -0.000188768 0.000425555 -0.00138331 14.0492
58.3108 27.4926 0.00160467 0.00143177 0.00133376 6.02108
59.3076 27.4926 0.000124133 0.000801933 0.000811172 8.0281
60.3044 27.4926 -3.52992e-05 -0.000196599 0.00145977 9.03161
61.3011 27.4926 0.00182526 -0.000117582 0.000727567 9.03161
62.2979 27.4926 0.000861883 0.000931937 0.000130556 5.01756
63.2947 27.4926 0.00184787 -0.000228997 0.000637044 11.0386
64.2914 27.4926 0.000468933 -0.000946574 -0.000617027 6.02108
65.2882 27.4926 0.00108324 -0.000317227 -0.000149019 10.5369
66.285 27.4926 -0.000749899 0.000218306 0.000583197 11.0386
67.2817 27.4926 0.000744891 0.000950853 0.00169413 6.02108
68.2785 27.4926 -0.000154396 7.08029e-05 0.000174789 11.0386
69.2753 27.4926 0.000561647 0.000557445 0.00011324 7.52634
70.272 27.4926 0.000155071 -0.00129537 -0.000382623 9.03161
71.2688 27.4926 -0.00024582 -0.000699868 -0.000251572 10.5369
72.2656 27.4926 -0.000395572 0.00115845 -0.0013374 11.0386
73.2623 27.4926 0.000654245 0.000811148 -6.04629e-05 10.5369
74.2591 27.4926 -0.000532275 -0.000442655 0.000755206 16.558
75.2559 27.4926 0.000565257 0.000763199 -0.000757445 8.0281
76.2526 27.4926 -0.00156606 -0.00100946 0.000968592 8.52986
77.2494 27.4926 -0.000353149 0.000604995 0.000244934 11.0386
78.2462 27.4926 -0.00121786 -0.000373996 0.00011434 7.02459
79.2429 27.4926 -0.00144403 -0.000926856 -0.000918337 8.0281
80.2397 27.4926 -0.000111143 0.000127056 0.000497229 7.02459
81.2365 27.4926 0.000347409 -0.000204782 0.00159812 10.0351
82.2332 27.4926 0.000594265 -0.000215306 0.000971942 15.5544
0.498383 28.4924 -9.29445e-05 -0.00120822 0.00163824 15.5544
1.49515 28.4924 -0.000571375 -0.00158366 3.20799e-05 7.52634
2.49192 28.4924 0.00064866 -0.000873178 0.000492377 21.5755
3.48868 28.4924 9.12847e-05 -0.000511881 -0.000123613 19.0667
4.48545 28.4924 -0.000124258 -0.000679475 0.00182749 8.52986
5.48221 28.4924 -0.000339703 -0.000198749 -0.000102327 7.52634
6.47898 28.4924 -0.00121399 0.000226398 0.000703179 10.5369
7.47575 28.4924 0.000168112 -0.00133917 0.000301979 9.53337
8.47251 28.4924 0.000268154 -8.61163e-05 -0.000104974 27.0948
9.46928 28.4924 0.000249557 0.000122486 -0.000283486 7.52634
10.466 28.4924 0.000836106 0.000404224 0.000450994 21.5755
11.4628 28.4924 0.000208621 -0.00109205 0.000309363 24.0843
12.4596 28.4924 -0.00114187 0.00104191 0.000915093 10.5369
13.4563 28.4924 -0.000429096 -0.000549002 0.000671217 7.52634
14.4531 28.4924 -0.000812096 -0.000705347 -0.00117179 7.02459
15.4499 28.4924 5.73608e-05 1.7733e-05 0.000517492 13.0457
16.4466 28.4924 0.0006065 -0.000272935 -2.75379e-06 30.6071
17.4434 28.4924 0.000314852 0.000243002 -0.000476859 10.0351
18.4402 28.4924 0.0011569 -0.000359207 -0.000195271 13.0457
19.4369 28.4924 -0.000268012 0.000560313 0.000505056 24.5861
20.4337 28.4924 0.000376997 -0.0021405 0.00014656 9.03161
21.4305 28.4924 -0.00101534 -0.000813467 -0.000548884 5.01756
22.4272 28.4924 -0.000659747 -0.000682328 -9.41471e-05 7.52634
23.424 28.4924 -0.00158413 -0.000570418 0.0012319 9.53337
24.4208 28.4924 -7.53864e-05 6.23596e-05 3.82976e-05 18.565
25.4175 28.4924 -7.69751e-05 -0.000253947 0.000848581 15.5544
26.4143 28.4924 -0.00133697 0.000393366 0.000314702 11.0386
27.4111 28.4924 -0.000720908 -0.00020522 -0.000818609 22.579
28.4078 28.4924 0.000442126 0.000984972 0.000215867 12.5439
29.4046 28.4924 -0.000874198 -0.000658213 -0.00124655 9.03161
30.4014 28.4924 0.00132977 -0.00172274 -9.96581e-05 7.02459
31.3981 28.4924 -0.000516489 -0.000768503 -0.00059707 9.03161
32.3949 28.4924 -0.000393885 0.0001721 1.31643e-05 20.572
33.3917 28.4924 0.000121558 0.00100038 0.000730634 20.0703
34.3884 28.4924 -0.000519238 -0.000854063 0.00055741 10.0351
35.3852 28.4924 0.000528226 0.000354183 0.000820734 23.0808
36.382 28.4924 -0.000419312 -0.000929632 -0.00105238 18.0632
37.3787 28.4924 -0.000874147 8.93966e-06 0.000663441 7.02459
38.3755 28.4924 -0.00207501 0.000181229 -0.000488727 6.52283
39.3723 28.4924 -0.00135003 -0.000200064 0.00122752 9.03161
40.369 28.4924 0.00020091 8.56155e-06 -0.000747906 11.5404
41.3658 28.4924 -0.000337617 -0.000216271 -0.000378372 17.5615
42.3626 28.4924 -0.00091394 0.000502055 0.000590671 12.5439
43.3593 28.4924 0.00020687 -0.000187263 0.000337843 13.0457
44.3561 28.4924 -0.00017506 -2.48421e-05 -0.000845474 25.0878
45.3529 28.4924 -0.000424012 0.00115791 -9.70276e-05 7.02459
46.3496 28.4924 0.000281814 -0.000484565 -0.000225717 7.02459
47.3464 28.4924 0.00139407 0.00275179 -0.000734542 3.51229
48.3432 28.4924 -0.000133138 0.00162119 0.000107392 14.0492
49.3399 28.4924 -2.2275e-05 -4.7635e-05 -0.000325351 25.0878
50.3367 28.4924 0.000181549 -0.000795097 0.000273939 17.5615
51.3335 28.4924 0.00038515 0.000340993 -0.000155874 9.53337
52.3302 28.4924 -0.00081654 0.000101443 -0.000164138 31.6106
53.327 28.4924 0.000304637 0.00115881 0.00120872 9.53337
54.3238 28.4924 0.00062925 0.002696 0.000712231 4.51581
55.3205 28.4924 -0.000437203 -0.000523587 6.98916e-05 10.0351
56.3173 28.4924 -0.000506462 8.57093e-05 0.00201897 5.01756
57.3141 28.4924 4.6497e-05 -0.000556979 -0.000622558 19.5685
58.3108 28.4924 -0.00026226 0.00017393 0.00122855 21.5755
59.3076 28.4924 0.000608305 0.000318057 -0.000416809 9.53337
60.3044 28.4924 0.000660943 -0.000426541 0.000243267 24.0843
61.3011 28.4924 0.000104217 0.000510845 -0.000828749 22.0773
62.2979 28.4924 0.000110089 0.00108077 0.00092287 8.0281
63.2947 28.4924 0.000462233 -0.00124887 -0.000967467 5.01756
64.2914 28.4924 -0.000330278 0.000368768 -0.00124197 7.52634
65.2882 28.4924 -0.000101894 -0.000804206 -0.000223066 18.565
66.285 28.4924 -5.21019e-05 -0.000241512 0.0014189 24.5861
67.2817 28.4924 -0.00240026 0.00129565 0.000386806 11.0386
68.2785 28.4924 -0.000936359 0.000250373 -0.000144977 18.565
69.2753 28.4924 -0.000146794 0.000341811 3.67762e-05 25.0878
70.272 28.4924 -0.000271313 -0.0015467 0.000299686 5.51932
71.2688 28.4924 0.000536896 0.000303733 3.93229e-05 7.02459
72.2656 28.4924 0.000524764 -0.000708697 0.000721698 10.5369
73.2623 28.4924 0.000131019 -0.000321149 0.000469126 10.0351
74.2591 28.4924 -0.000539421 -0.000288392 -2.19138e-05 20.572
75.2559 28.4924 9.37626e-05 0.000117355 0.0004614 14.5509
76.2526 28.4924 0.000168413 0.000662373 0.000464266 14.5509
77.2494 28.4924 -0.000530258 0.000103693 -0.000287392 27.0948
78.2462 28.4924 0.000779052 0.000211996 6.30187e-06 11.5404
79.2429 28.4924 -2.71659e-05 0.000462615 -0.00130601 7.52634
80.2397 28.4924 -0.000579262 -0.000389196 0.000458682 6.52283
81.2365 28.4924 -0.000506192 -0.00229362 0.00237586 4.51581
82.2332 28.4924 -0.000435538 -0.00129118 0.000146976 17.5615
0.498383 29.4921 -6.75799e-05 -0.000630682 0.000622301 14.5509
1.49515 29.4921 0.000229472 -0.000259467 0.000231067 12.0422
2.49192 29.4921 0.000491708 0.00014179 -0.000204652 14.0492
3.48868 29.4921 0.00103013 -0.00150765 -0.000131544 10.5369
4.48545 29.4921 0.00172505 0.00100103 0.00284155 6.52283
5.48221 29.4921 0.00103871 -3.67854e-05 0.000134633 7.02459
6.47898 29.4921 -0.00148412 0.00120353 0.000632299 5.01756
7.47575 29.4921 -0.000800758 -0.00110002 -0.000714784 8.52986
8.47251 29.4921 0.00103253 -9.51746e-05 0.000105363 14.5509
9.46928 29.4921 0.000341578 -0.000261351 -0.00111515 9.03161
10.466 29.4921 -0.00074308 -0.00129509 -0.000581119 11.5404
11.4628 29.4921 -0.00128415 0.00180352 0.000929627 8.0281
12.4596 29.4921 -0.000201436 -0.000545863 -9.70931e-05 11.0386
13.4563 29.4921 0.00154543 0.00141435 0.00229517 4.01405
14.4531 29.4921 0.000970784 0.000388583 -0.000304634 8.0281
15.4499 29.4921 9.33261e-05 0.000119094 0.00136668 12.0422
16.4466 29.4921 -0.000339135 -0.00134991 0.000731626 13.0457
17.4434 29.4921 -0.00122913 0.000356029 -0.000862249 8.0281
18.4402 29.4921 0.000936499 0.000255403 -0.000708912 11.0386
19.4369 29.4921 0.00051683 0.000804283 0.000137835 17.0597
20.4337 29.4921 -0.00068054 0.000521575 -6.6836e-05 12.5439
21.4305 29.4921 0.00134126 0.00148246 -0.000754841 5.01756
22.4272 29.4921 0.00168541 0.000464569 -0.00217146 5.51932
23.424 29.4921 -0.000344719 0.000378993 -7.51967e-05 9.53337
24.4208 29.4921 0.000215596 0.000302868 0.000251866 11.5404
25.4175 29.4921 -0.000497421 -0.000306046 -6.0837e-06 13.5474
26.4143 29.4921 0.000464757 0.000469685 0.00019523 11.5404
27.4111 29.4921 0.00148323 -0.000313515 -0.000885096 12.5439
28.4078 29.4921 5.25081e-05 0.000308421 0.000766708 13.0457
29.4046 29.4921 -0.000344789 -0.00100609 -0.000904785 10.0351
30.4014 29.4921 0.00119227 0.000722586 0.000313757 9.53337
31.3981 29.4921 -0.000421038 -5.22347e-06 0.000774738 7.52634
32.3949 29.4921 7.23509e-05 0.000686014 0.000797052 11.5404
33.3917 29.4921 0.000583729 0.000911814 0.000929754 11.0386
34.3884 29.4921 -0.000260719 0.000195543 -0.000278674 11.5404
35.3852 29.4921 0.000554319 -0.000331397 -0.000491433 10.5369
36.382 29.4921 0.000151308 0.00068063 0.000652092 8.52986
37.3787 29.4921 -0.000397329 0.00105802 -0.000261345 9.53337
38.3755 29.4921 -0.000336977 -0.00109573 -0.000117164 8.0281
39.3723 29.4921 0.000979751 0.000154146 -0.00199353 8.0281
40.369 29.4921 -0.00107568 -0.000606884 -0.000497774 9.53337
41.3658 29.4921 0.000943614 0.000821957 0.000101633 22.579
42.3626 29.4921 -0.00170143 -0.000855444 -0.000581853 9.53337
43.3593 29.4921 0.000813267 0.000547216 0.000372896 13.5474
44.3561 29.4921 0.000171077 -7.70944e-05 -0.000514692 14.0492
45.3529 29.4921 0.000728188 -0.0012596 -0.000142974 11.0386
46.3496 29.4921 -0.0011929 -0.00145463 -0.000152799 7.52634
47.3464 29.4921 0.000540944 -5.68895e-05 -0.000902474 7.52634
48.3432 29.4921 -0.000231542 0.000649783 0.00109866 8.52986
49.3399 29.4921 0.000320257 -0.000161057 -0.00105272 10.5369
50.3367 29.4921 -0.000277381 -0.00115472 0.000413601 8.52986
51.3335 29.4921 -0.000156872 0.000281504 0.000748085 7.02459
52.3302 29.4921 -0.000635188 0.00140046 0.000173654 16.0562
53.327 29.4921 -6.22478e-05 -0.000583065 -0.000454193 7.52634
54.3238 29.4921 -0.000638733 0.000621661 0.000197263 9.03161
55.3205 29.4921 -0.00141729 0.000239337 0.00102592 3.01054
56.3173 29.4921 -0.00179727 0.00133464 0.00180244 4.51581
57.3141 29.4921 0.00052893 0.000456236 -0.00123823 12.0422
58.3108 29.4921 -0.000749167 -0.000973161 -9.81255e-06 14.5509
59.3076 29.4921 0.000128381 -0.000577674 0.00122581 9.03161
60.3044 29.4921 1.48995e-05 -0.000400804 -0.000375644 13.0457
61.3011 29.4921 0.000907807 -0.000423336 0.000641552 10.0351
62.2979 29.4921 -3.06195e-05 0.000916792 -0.000343749 8.52986
63.2947 29.4921 0.00154888 0.00107493 -0.000823653 5.01756
64.2914 29.4921 2.78094e-05 0.000662443 0.000815922 8.0281
65.2882 29.4921 -4.77189e-05 0.00169353 -0.00021634 10.0351
66.285 29.4921 0.000374563 -0.000157026 -0.000170568 14.0492
67.2817 29.4921 -0.000332291 -0.000441285 -6.52687e-06 12.0422
68.2785 29.4921 0.000436302 0.000930785 0.000496547 12.5439
69.2753 29.4921 -0.000468925 0.000111537 0.000174518 11.5404
70.272 29.4921 -0.00115 0.000395537 0.000529197 6.02108
71.2688 29.4921 -0.000834869 0.00258565 0.00128011 6.52283
72.2656 29.4921 0.00125668 -0.000574166 0.000800062 8.0281
73.2623 29.4921 -0.000722797 -0.000632626 0.00111982 10.0351
74.2591 29.4921 0.000442364 -1.07304e-05 -0.000899047 8.0281
75.2559 29.4921 -0.0015726 0.000525103 -0.000519465 10.5369
76.2526 29.4921 -0.00057596 -0.000178021 -0.00059018 9.03161
77.2494 29.4921 0.000768808 0.000765601 -0.000158388 12.5439
78.2462 29.4921 -0.000411321 -0.000201385 -0.00115475 10.5369
79.2429 29.4921 0.000621078 6.749e-05 -0.000350098 6.02108
80.2397 29.4921 0.000142841 0.000708504 -0.00100189 13.0457
81.2365 29.4921 0.000610496 0.000132525 -0.00127213 7.52634
82.2332 29.4921 -0.000158501 0.000674326 -0.00093472 13.5474
0.498383 30.4918 -0.000964269 -0.000391439 0.00260743 7.52634
1.49515 30.4918 -0.000269809 -0.000169883 0.000109475 5.51932
2.49192 30.4918 -0.0014583 -0.000262517 -0.000416645 7.52634
3.48868 30.4918 -0.000401424 -0.000231853 0.000210789 14.0492
4.48545 30.4918 -0.00070167 0.000319866 3.23481e-05 16.558
5.48221 30.4918 0.000261646 0.00092076 -0.000133894 10.5369
6.47898 30.4918 0.000233227 0.000342208 -0.0002893 16.0562
7.47575 30.4918 -0.000967565 -0.000906334 -0.000415267 18.565
8.47251 30.4918 0.000262199 -0.000620503 0.000436121 8.0281
9.46928 30.4918 -0.000600413 0.00110227 0.000392544 8.0281
10.466 30.4918 -0.00102587 2.10279e-05 0.000462865 7.52634
11.4628 30.4918 -0.000801503 0.000735912 -0.000765403 10.5369
12.4596 30.4918 -0.000595483 -0.000360805 0.000213078 17.5615
13.4563 30.4918 -0.000125638 0.000667167 -0.000870354 11.5404
14.4531 30.4918 0.000630246 0.000365991 0.000851541 13.5474
15.4499 30.4918 -0.000666903 0.000803987 4.40019e-05 17.5615
16.4466 30.4918 0.000908397 -0.000122036 0.000679028 8.0281
17.4434 30.4918 0.00105199 -0.00019533 -0.000401384 5.01756
18.4402 30.4918 -0.0011883 0.000408029 0.000395059 8.0281
19.4369 30.4918 -0.00159466 0.0006121 -4.40362e-05 8.52986
20.4337 30.4918 0.000425247 -0.000160278 -7.91615e-05 16.558
21.4305 30.4918 -0.000146236 0.000115855 -0.00128956 11.0386
22.4272 30.4918 -1.6153e-05 0.000424696 0.000716385 11.5404
23.424 30.4918 7.11885e-05 0.000254661 0.00101398 15.5544
24.4208 30.4918 -0.00119649 0.00141087 0.000462606 11.5404
25.4175 30.4918 0.0009659 0.000885133 0.00108772 6.52283
26.4143 30.4918 0.000496083 0.00142969 0.0011773 5.51932
27.4111 30.4918 -0.000366793 9.55151e-05 -0.000150615 10.0351
28.4078 30.4918 -0.000402151 0.000925324 -0.000710205 14.5509
29.4046 30.4918 0.000431698 0.000232133 0.000235371 13.5474
30.4014 30.4918 0.000331887 5.22993e-05 1.93838e-06 9.03161
31.3981 30.4918 -0.000331501 -0.000296502 -4.14853e-05 19.0667
32.3949 30.4918 0.000801167 0.000646204 0.000399045 8.0281
33.3917 30.4918 -0.000602228 -0.00020142 0.000102066 7.52634
34.3884 30.4918 0.000434044 -0.000420997 0.00151524 6.52283
35.3852 30.4918 1.04832e-05 -0.000432797 0.00094086 7.52634
36.382 30.4918 -0.000303838 0.000396808 -0.000832064 12.0422
37.3787 30.4918 1.42968e-05 0.000431706 0.000783749 19.0667
38.3755 30.4918 0.000594141 0.00103359 -0.000367701 9.03161
39.3723 30.4918 -0.000966451 -0.000135067 -0.000656372 12.0422
40.369 30.4918 -0.000858855 -0.000567348 -0.000154837 13.0457
41.3658 30.4918 -6.96393e-05 0.00103667 -0.000380953 6.52283
42.3626 30.4918 0.000621775 -0.000658933 0.00119857 9.53337
43.3593 30.4918 0.000355867 -0.000300332 -0.000431611 10.5369
44.3561 30.4918 -0.000337509 0.000134984 0.00129348 6.52283
45.3529 30.4918 -0.000511117 -0.000421483 -8.98465e-05 16.0562
46.3496 30.4918 0.000402154 -0.000477259 0.00042867 13.0457
47.3464 30.4918 -0.000705181 0.000202449 0.000634459 13.0457
48.3432 30.4918 -0.000542788 -0.000371737 0.000679543 22.0773
49.3399 30.4918 -0.000594525 0.00147464 0.00136358 12.0422
50.3367 30.4918 0.000154924 0.00138586 -0.000884549 7.02459
51.3335 30.4918 0.00109301 0.0013425 0.000375141 8.0281
52.3302 30.4918 -0.000868954 0.000131993 -0.000975941 5.51932
53.327 30.4918 0.000402679 -0.00075729 0.000236873 23.5825
54.3238 30.4918 -0.000549113 -0.00130862 0.000505389 13.0457
55.3205 30.4918 -0.000748993 -0.00026599 -0.000928414 8.0281
56.3173 30.4918 -0.000804411 -0.000484303 -0.000858922 21.0738
57.3141 30.4918 9.74696e-05 0.000240397 -0.00139793 14.0492
58.3108 30.4918 -0.000699507 -0.00147433 0.00121641 7.02459
59.3076 30.4918 0.000221971 0.00146926 0.00144639 4.01405
60.3044 30.4918 0.000767623 -0.000325509 0.000235679 7.02459
61.3011 30.4918 0.000645889 -0.000858942 -0.000807106 14.5509
62.2979 30.4918 -9.55187e-06 8.23227e-05 0.000788031 14.5509
63.2947 30.4918 0.000569974 -0.00104697 2.80125e-06 10.0351
64.2914 30.4918 -0.000206491 6.97215e-05 -0.00057157 18.0632
65.2882 30.4918 -0.0014614 0.000566309 -0.000474083 14.0492
66.285 30.4918 0.000372395 -0.000129447 0.000926538 8.52986
67.2817 30.4918 -0.000590412 0.000658919 -0.00114716 5.51932
68.2785 30.4918 3.54759e-05 -0.00157916 -0.000218145 6.02108
69.2753 30.4918 0.000321274 -0.000240808 0.000496043 13.0457
70.272 30.4918 -0.000284501 -0.000145045 0.000526473 22.579
71.2688 30.4918 -0.000710859 0.000168298 0.000355498 10.0351
72.2656 30.4918 -0.000238408 -0.00013186 -0.00122221 11.0386
73.2623 30.4918 -0.000600415 0.000706798 0.000213193 16.0562
74.2591 30.4918 0.000397419 -0.00017203 -0.000326097 17.0597
75.2559 30.4918 0.000615448 0.000284907 0.000271825 8.52986
76.2526 30.4918 -0.00099421 -0.000666545 -0.00041258 9.03161
77.2494 30.4918 -6.44601e-05 -0.000145644 0.000762889 8.52986
78.2462 30.4918 4.90359e-05 -0.000274559 -0.000252539 14.0492
79.2429 30.4918 -0.00127543 -0.000130963 0.000265603 16.558
80.2397 30.4918 -0.00214634 0.00026671 0.00056746 8.52986
81.2365 30.4918 0.000168452 -0.000986145 -0.000673884 19.0667
82.2332 30.4918 5.36081e-05 4.35697e-05 -0.000353159 11.5404
0.498383 31.4916 0.00063092 0.000420077 -0.000831059 12.0422
1.49515 31.4916 -0.000245732 -0.000743491 -0.000437669 6.52283
2.49192 31.4916 -0.00218349 0.000679533 0.00252005 6.02108
3.48868 31.4916 7.93183e-06 -0.000146003 0.000556604 15.0527
4.48545 31.4916 -0.000743812 0.000108681 0.000806238 16.0562
5.48221 31.4916 0.000202326 0.000774638 -0.00196237 6.02108
6.47898 31.4916 -0.000553759 0.000269053 -0.000418966 17.0597
7.47575 31.4916 0.000109484 -5.00615e-05 -0.000202872 16.558
8.47251 31.4916 0.000598953 0.00124266 -2.80911e-05 8.52986
9.46928 31.4916 0.00163975 0.00128384 0.0011552 6.02108
10.466 31.4916 0.000547852 0.000882288 0.000777868 9.03161
11.4628 31.4916 0.000179219 0.00016554 0.000604337 10.0351
12.4596 31.4916 -0.000461567 -2.28909e-06 -0.000132389 23.0808
13.4563 31.4916 0.000158787 0.000508947 0.00065441 9.03161
14.4531 31.4916 8.56807e-05 -0.0013359 0.000432807 11.5404
15.4499 31.4916 -0.001124 0.000337162 -2.79365e-05 17.0597
16.4466 31.4916 -0.00125942 -0.000373738 -5.10047e-05 5.51932
17.4434 31.4916 0.000171407 0.000701697 -0.000290472 8.52986
18.4402 31.4916 -0.00112456 0.000669528 -0.00011906 8.0281
19.4369 31.4916 0.000692713 0.00130138 1.64736e-05 7.52634
20.4337 31.4916 -0.000142174 -0.000673517 3.43315e-05 19.0667
21.4305 31.4916 -0.00016579 0.000273225 -0.000800897 12.5439
22.4272 31.4916 -6.73245e-05 -0.000426383 0.000634571 13.0457
23.424 31.4916 -0.000187257 0.000165691 -0.000126184 22.579
24.4208 31.4916 0.00102502 0.000479439 -0.000305875 12.5439
25.4175 31.4916 5.27591e-05 0.000566751 -0.00125361 7.52634
26.4143 31.4916 -0.000505081 -0.000984207 0.000244071 9.03161
27.4111 31.4916 -0.000491631 0.000825195 -0.00107169 8.52986
28.4078 31.4916 0.000661226 -0.000107283 -0.00049454 17.0597
29.4046 31.4916 0.000295683 -0.000193977 -0.000384467 17.0597
30.4014 31.4916 0.000393715 -0.000272939 -0.00106032 9.03161
31.3981 31.4916 -0.000492465 0.000516625 -0.000161622 20.572
32.3949 31.4916 -0.000195593 0.000891352 -0.000123975 14.0492
33.3917 31.4916 0.000195329 -0.000450832 0.000843208 12.5439
34.3884 31.4916 -0.00107179 -0.00096276 -0.000134573 9.03161
35.3852 31.4916 6.71661e-05 0.000747951 0.000500358 8.0281
36.382 31.4916 0.000547857 -5.49447e-05 -0.00112129 18.565
37.3787 31.4916 -2.98299e-05 -0.000162098 -0.000147029 14.0492
38.3755 31.4916 0.00124988 -2.09052e-06 -7.98078e-05 14.5509
39.3723 31.4916 -4.57506e-05 -0.00061393 0.00100036 18.0632
40.369 31.4916 -0.000239473 -0.000257164 -1.60309e-05 20.572
41.3658 31.4916 0.000845842 -0.00134023 -0.000380567 12.5439
42.3626 31.4916 -0.000792818 0.000472415 -0.00147826 4.01405
43.3593 31.4916 0.00135692 -0.000419573 -0.000213579 6.52283
44.3561 31.4916 0.00193583 -3.8374e-05 -0.000741856 10.5369
45.3529 31.4916 0.000280892 -0.000924487 -0.000209595 24.5861
46.3496 31.4916 -0.000680555 0.000219282 5.40454e-05 14.5509
47.3464 31.4916 -3.83481e-05 0.000472401 -0.00036672 10.5369
48.3432 31.4916 -0.000303733 5.0979e-05 0.000700526 17.0597
49.3399 31.4916 0.000560502 -0.00059268 -0.00089587 12.0422
50.3367 31.4916 -0.00111437 -2.3744e-05 0.00164447 5.01756
51.3335 31.4916 0.0019317 0.00113774 -0.00155845 6.02108
52.3302 31.4916 0.000358904 0.000420606 -0.000116649 8.0281
53.327 31.4916 0.000347 0.000870075 -2.99238e-05 18.0632
54.3238 31.4916 -0.000233511 -0.000598189 -5.88184e-05 16.558
55.3205 31.4916 -0.00073343 -0.000444284 0.000437661 9.03161
56.3173 31.4916 -0.000194784 -0.000286673 0.000164963 25.5896
57.3141 31.4916 -0.000117551 0.00199968 0.000288763 11.0386
58.3108 31.4916 0.000935387 0.00132024 0.000846252 9.03161
59.3076 31.4916 -0.00073922 -0.000902076 0.000855882 5.51932
60.3044 31.4916 -0.00173114 0.00061024 -0.00168372 6.52283
61.3011 31.4916 0.000542716 9.90668e-05 8.98794e-05 17.0597
62.2979 31.4916 0.000166733 0.00032457 0.000270135 16.558
63.2947 31.4916 -0.00109992 0.00108669 -3.48871e-05 11.5404
64.2914 31.4916 -0.000206343 0.00028767 -0.000392069 20.0703
65.2882 31.4916 -0.000181379 0.000236499 0.00138327 17.5615
66.285 31.4916 0.000558255 -0.00170348 -0.0010084 6.52283
67.2817 31.4916 -0.000174697 -0.000271825 0.000506846 10.0351
68.2785 31.4916 -0.00116043 0.000895918 -0.00121753 5.51932
69.2753 31.4916 0.000397954 -5.40293e-05 -0.000161143 13.0457
70.272 31.4916 2.75517e-05 -0.000268143 -0.000890709 16.558
71.2688 31.4916 -0.000221143 0.000315564 0.000627494 11.5404
72.2656 31.4916 0.000276258 -0.000117079 -7.55678e-05 11.5404
73.2623 31.4916 0.00017769 0.00050978 -0.000572013 22.0773
74.2591 31.4916 0.000169989 -0.000421332 -0.000472868 11.0386
75.2559 31.4916 -0.000112901 -8.95448e-05 -0.00106334 6.02108
76.2526 31.4916 0.000318698 0.000322964 0.00104848 8.0281
77.2494 31.4916 -0.00087668 -0.000389545 -0.000220807 10.5369
78.2462 31.4916 0.000586269 0.000570593 0.000165003 17.0597
79.2429 31.4916 0.000296984 -0.000238511 0.0014721 14.0492
80.2397 31.4916 -0.00107102 -0.00127792 0.000107475 11.5404
81.2365 31.4916 0.000419049 0.000655132 1.55234e-05 20.0703
82.2332 31.4916 -0.00115352 0.000284715 -0.00115247 11.0386
0.498383 32.4913 0.000807499 0.00049443 0.0012776 12.0422
1.49515 32.4913 0.00130308 0.000598884 8.12569e-05 7.52634
2.49192 32.4913 0.000843822 -0.000137144 0.000201854 10.0351
3.48868 32.4913 0.000641873 0.000667201 -0.00086259 13.5474
4.48545 32.4913 0.00162335 0.000938004 0.00106798 10.5369
5.48221 32.4913 0.000106095 -0.000845458 0.00141136 10.0351
6.47898 32.4913 -1.03523e-05 -0.000473224 0.00125168 7.52634
7.47575 32.4913 0.00145816 0.000290918 -0.000423779 9.03161
8.47251 32.4913 -0.000814565 0.000302196 0.00012321 16.558
9.46928 32.4913 -8.6988e-05 0.00109664 0.000329307 7.52634
10.466 32.4913 -0.000101133 0.000614642 -0.00170516 10.5369
11.4628 32.4913 0.000326083 -0.000104522 -0.000174128 16.558
12.4596 32.4913 -5.28261e-05 0.000355307 0.00116626 8.52986
13.4563 32.4913 8.70436e-05 -0.00075195 0.000416946 10.0351
14.4531 32.4913 0.000729295 -0.000743865 0.000143202 7.02459
15.4499 32.4913 -0.000706522 0.000619138 -0.000552422 13.5474
16.4466 32.4913 0.000375037 0.00029737 -0.000603408 17.0597
17.4434 32.4913 0.00018954 0.000391862 0.000736408 8.52986
18.4402 32.4913 0.00137841 -0.000607304 0.00054385 8.52986
19.4369 32.4913 -0.000313088 -8.45187e-05 0.000208471 13.0457
20.4337 32.4913 0.0002688 0.000244227 0.00193793 8.52986
21.4305 32.4913 0.00138654 0.000253171 0.000199472 8.52986
22.4272 32.4913 -6.26516e-05 -0.00055724 -0.000867705 7.02459
23.424 32.4913 -0.000623134 -0.000419728 0.00020601 9.53337
24.4208 32.4913 0.000223725 -0.00128062 -0.000435398 12.5439
25.4175 32.4913 0.00101149 -0.00138436 0.000818595 6.52283
26.4143 32.4913 0.000888122 0.000652038 -0.000138868 10.0351
27.4111 32.4913 0.000680713 0.000489647 -0.000523393 10.5369
28.4078 32.4913 -0.0010632 -0.00010277 -0.00143676 8.52986
29.4046 32.4913 0.000749338 -0.000116772 -0.0013534 8.52986
30.4014 32.4913 -0.000673891 -0.000206919 -0.000809923 8.52986
31.3981 32.4913 0.000836955 -0.000755791 0.000203653 7.52634
32.3949 32.4913 -0.00136617 0.00061674 0.000338613 14.0492
33.3917 32.4913 -0.000182822 -0.000332204 -0.000618 8.52986
34.3884 32.4913 0.00163734 -0.000142544 0.000949732 7.02459
35.3852 32.4913 0.000389282 0.000328664 -0.00037861 10.5369
36.382 32.4913 -0.000633486 -0.00232854 -0.000940171 7.02459
37.3787 32.4913 -2.58167e-05 0.00146719 0.000390261 11.5404
38.3755 32.4913 0.000355883 -0.00035464 -0.000145435 9.03161
39.3723 32.4913 0.00099749 0.000173693 0.000378262 4.51581
40.369 32.4913 -0.000723416 -0.000339265 -0.000647329 8.0281
41.3658 32.4913 0.000552481 0.000914418 4.19847e-05 10.5369
42.3626 32.4913 -0.000534179 -0.000441596 0.000608101 7.52634
43.3593 32.4913 0.000266578 0.000808222 -0.000593414 8.52986
44.3561 32.4913 0.000279965 0.000121348 -0.000206414 12.0422
45.3529 32.4913 -0.000262669 0.000444229 0.00126358 5.51932
46.3496 32.4913 -2.44846e-05 -0.000353768 5.12137e-05 6.52283
47.3464 32.4913 0.00061584 0.00132317 0.000483852 6.02108
48.3432 32.4913 0.00133113 0.000451975 0.000553362 8.52986
49.3399 32.4913 0.000176832 0.000109212 3.87071e-05 17.0597
50.3367 32.4913 0.000188308 -0.000118897 -0.000284594 13.0457
51.3335 32.4913 0.00184447 0.000584189 -0.000204358 5.01756
52.3302 32.4913 -0.000208616 0.000199611 -0.000310306 12.0422
53.327 32.4913 -0.00020827 -0.000890249 -0.00105727 12.5439
54.3238 32.4913 0.00130567 -0.000110836 -0.000341369 6.52283
55.3205 32.4913 -0.000244338 0.00179317 -0.0013216 4.01405
56.3173 32.4913 -0.000899184 -0.000557046 -0.00101088 5.51932
57.3141 32.4913 0.0004959 -0.00083619 0.00104028 12.5439
58.3108 32.4913 -0.00115694 -0.000552177 -0.000738868 6.52283
59.3076 32.4913 -0.00156001 -0.000551051 -0.000652034 10.0351
60.3044 32.4913 7.41673e-05 -4.1548e-05 0.000232361 15.5544
61.3011 32.4913 -0.00094408 0.000258582 -0.000481342 10.5369
62.2979 32.4913 0.000495548 -0.000621149 -0.00157207 6.52283
63.2947 32.4913 -0.000127425 -0.000776232 -5.72138e-05 6.02108
64.2914 32.4913 -0.0013604 0.000483081 0.0013507 6.02108
65.2882 32.4913 0.000153267 0.000262128 -0.00122904 12.5439
66.285 32.4913 0.000269089 0.00042429 0.000134672 15.0527
67.2817 32.4913 -0.000280591 -0.000524928 0.000544772 9.53337
68.2785 32.4913 0.000313537 -0.00109554 -0.000644101 12.0422
69.2753 32.4913 0.000726864 0.000272862 7.23367e-05 11.5404
70.272 32.4913 -0.000387884 -0.000697318 -0.000522198 11.5404
71.2688 32.4913 -0.00110726 0.000235149 -0.000467981 7.02459
72.2656 32.4913 0.00176211 -0.00143782 0.000490208 5.01756
73.2623 32.4913 0.000939037 -0.00063929 0.000247642 9.03161
74.2591 32.4913 -0.000338328 0.00124261 0.000249439 12.5439
75.2559 32.4913 -0.0017156 0.000260811 -0.000795865 6.52283
76.2526 32.4913 0.000576188 0.00077649 0.000228954 9.53337
77.2494 32.4913 -0.000611644 -0.000414945 -7.3923e-05 13.5474
78.2462 32.4913 0.00014949 -0.000105832 0.000648585 13.5474
79.2429 32.4913 -0.000315207 0.00049404 -0.00105841 5.01756
80.2397 32.4913 0.000146423 -0.00101166 0.00122126 11.5404
81.2365 32.4913 0.00159676 0.00148951 0.00060598 7.52634
82.2332 32.4913 -5.47814e-05 0.000534154 8.33247e-05 10.5369
0.498383 33.491 0.000341767 -0.00186681 0.000812014 17.0597
1.49515 33.491 0.000111357 0.000928799 -0.000126508 11.5404
2.49192 33.491 -0.00029774 0.000286634 1.73579e-05 22.579
3.48868 33.491 0.000201977 -0.000175349 -0.000423564 16.558
4.48545 33.491 0.00107324 8.59914e-05 -0.000546577 4.51581
5.48221 33.491 -0.000501843 -0.000570512 0.00024887 8.52986
6.47898 33.491 -0.000142073 0.00127877 -0.000536253 8.52986
7.47575 33.491 0.00117865 -0.000534299 -0.000426467 12.5439
8.47251 33.491 0.000128191 0.00045697 -0.00074066 25.0878
9.46928 33.491 0.000455189 -0.00125737 -6.82427e-05 7.52634
10.466 33.491 0.000117984 -3.71537e-05 0.000506373 21.0738
11.4628 33.491 -2.65526e-05 0.00083612 0.000125298 22.0773
12.4596 33.491 0.00140605 0.000627106 -0.0016622 7.02459
13.4563 33.491 0.00121772 0.00130349 -0.000499707 6.02108
14.4531 33.491 -0.00105113 -0.000332168 -0.000896689 6.52283
15.4499 33.491 0.000116522 7.08911e-05 -0.000135176 8.52986
16.4466 33.491 -0.000510562 -0.00022986 0.000381307 25.5896
17.4434 33.491 -0.00107732 -0.000506545 0.000247707 14.0492
18.4402 33.491 0.000414901 -0.000170613 -5.37669e-05 12.5439
19.4369 33.491 -0.000830677 -0.000251627 -0.00021725 26.5931
20.4337 33.491 0.000223705 0.000852351 0.000164428 11.5404
21.4305 33.491 -0.00128528 0.00080962 0.00078477 6.02108
22.4272 33.491 0.00051474 -0.000694433 0.000581921 9.03161
23.424 33.491 -0.00093519 0.00113876 -0.00049688 12.0422
24.4208 33.491 0.000607081 0.000428986 6.57982e-05 20.0703
25.4175 33.491 0.000360103 -0.000798349 -0.000417391 20.0703
26.4143 33.491 0.00015093 -1.97658e-05 0.000118623 11.5404
27.4111 33.491 -0.000210824 0.000603292 -0.000115565 30.6071
28.4078 33.491 0.0008166 -0.000825309 -0.000752914 12.5439
29.4046 33.491 -0.000302399 -0.000952398 -0.000650159 8.52986
30.4014 33.491 0.000754248 -0.00121201 0.000933 8.0281
31.3981 33.491 -0.00076242 0.000160944 -0.000713038 8.52986
32.3949 33.491 -0.000177904 0.000970122 0.000658218 18.0632
33.3917 33.491 3.16438e-05 -0.000892565 -0.000462833 19.0667
34.3884 33.491 -0.00166044 -0.000311442 0.000665504 14.0492
35.3852 33.491 -6.67497e-05 -0.000503767 -0.000463271 20.572
36.382 33.491 8.31312e-06 -5.93302e-05 4.47415e-05 20.0703
37.3787 33.491 0.000237491 4.11248e-05 0.00118277 6.52283
38.3755 33.491 0.00191729 -0.00103241 -0.00103104 7.02459
39.3723 33.491 2.64766e-05 0.000721249 3.57161e-05 7.02459
40.369 33.491 -0.000414536 -0.000896577 0.000183017 14.0492
41.3658 33.491 -0.000315878 2.70944e-05 0.000664297 20.572
42.3626 33.491 -0.000146331 9.24378e-05 -0.000347969 12.5439
43.3593 33.491 0.000760486 -0.000439092 -0.000456792 17.0597
44.3561 33.491 0.00041279 0.000304179 -0.00017886 24.0843
45.3529 33.491 0.00122759 -0.00075133 -0.000520003 11.0386
46.3496 33.491 0.000397184 0.000139562 0.00198237 4.51581
47.3464 33.491 0.00159339 -0.00142647 -0.00179535 4.01405
48.3432 33.491 -0.000371819 0.000423191 0.000173735 9.03161
49.3399 33.491 -0.00021647 0.000183267 0.000175438 28.0984
50.3367 33.491 0.000403392 0.000122768 -0.000498048 15.5544
51.3335 33.491 -0.000507675 0.000956573 0.000205119 12.5439
52.3302 33.491 -0.000695225 -0.000237205 -0.000402118 24.5861
53.327 33.491 -0.000152244 -6.63735e-05 0.000283107 15.5544
54.3238 33.491 -8.29472e-05 0.00132178 0.000240814 8.0281
55.3205 33.491 0.000354676 0.000958455 0.00104279 6.02108
56.3173 33.491 -0.000675641 6.27455e-05 0.000245211 7.02459
57.3141 33.491 0.000621958 0.000879377 -0.00025096 23.5825
58.3108 33.491 0.000439164 -0.000819099 -0.000180126 20.572
59.3076 33.491 -0.000193146 0.000324878 0.000155419 11.5404
60.3044 33.491 -0.000495349 0.000304022 0.000231893 22.0773
61.3011 33.491 -0.000324371 0.000242795 0.00117993 19.0667
62.2979 33.491 0.00142313 0.00145665 -0.000539407 5.01756
63.2947 33.491 0.000462818 5.03514e-06 0.00133663 7.02459
64.2914 33.491 -0.000393657 0.00182375 0.000203469 7.02459
65.2882 33.491 0.00111055 -0.00115144 0.000866589 9.53337
66.285 33.491 -0.000521202 0.000463606 -0.000386169 24.5861
67.2817 33.491 0.000586591 0.000194538 -0.0016341 8.52986
68.2785 33.491 -0.00110133 -0.000536977 0.00102246 17.0597
69.2753 33.491 -0.000113717 -0.000893368 -3.95992e-05 19.5685
70.272 33.491 0.000508378 -0.000195135 -0.000966451 10.0351
71.2688 33.491 -0.00029435 0.000202449 -0.000884039 7.52634
72.2656 33.491 0.000311709 -0.000592812 -0.000310081 10.5369
73.2623 33.491 2.68606e-06 8.29273e-05 -0.00071168 8.52986
74.2591 33.491 8.35588e-05 0.000366294 0.000384889 18.565
75.2559 33.491 -2.94453e-05 -4.07454e-05 8.11396e-05 17.5615
76.2526 33.491 -3.77617e-05 -0.000758606 -0.000164859 10.5369
77.2494 33.491 0.000207214 -0.000200706 0.000835181 21.5755
78.2462 33.491 -0.000307557 0.00105059 0.000872705 11.0386
79.2429 33.491 -0.000531101 0.000721056 0.000502853 8.52986
80.2397 33.491 -0.00136839 0.000775078 -0.000370219 6.52283
81.2365 33.491 0.000210373 0.000662351 0.000340842 9.53337
82.2332 33.491 0.000148328 -0.00010015 -0.000408603 22.579
0.498383 34.4908 0.00155727 -0.00116492 -0.000585927 13.0457
1.49515 34.4908 0.000182023 0.000150859 -0.000528305 8.0281
2.49192 34.4908 0.000752161 0.000633138 0.000341147 9.53337
3.48868 34.4908 -0.000165294 0.000424388 -0.00142151 12.5439
4.48545 34.4908 -0.000525294 0.000579037 -2.10053e-05 9.03161
5.48221 34.4908 0.00141696 -0.000896708 0.000687883 8.0281
6.47898 34.4908 -0.000651977 -0.000744965 -0.000128484 12.5439
7.47575 34.4908 0.000276388 0.000190409 -0.00163123 9.53337
8.47251 34.4908 -0.00107549 -5.49678e-05 0.000420766 9.53337
9.46928 34.4908 0.000373639 -0.00132878 -0.00139044 7.52634
10.466 34.4908 -0.000383256 0.000208157 0.00120943 11.0386
11.4628 34.4908 -0.000473286 0.000890991 3.29627e-05 10.0351
12.4596 34.4908 0.000413771 -0.00142876 -0.00021083 12.0422
13.4563 34.4908 -0.000897063 0.000738581 0.000597288 7.52634
14.4531 34.4908 0.000486887 0.000217587 -0.00130061 7.02459
15.4499 34.4908 -0.000601162 0.000801675 -0.00130191 8.52986
16.4466 34.4908 -0.000286312 -0.000677533 5.90886e-05 13.5474
17.4434 34.4908 -0.000157918 -0.000421359 0.000759904 7.52634
18.4402 34.4908 -0.000712642 0.000245839 0.000686915 7.52634
19.4369 34.4908 3.21668e-05 -0.000764439 0.00148424 9.03161
20.4337 34.4908 9.45901e-05 0.000892935 0.000183566 11.0386
21.4305 34.4908 -0.000445661 0.000613299 0.00126747 5.51932
22.4272 34.4908 0.00166255 -0.000175055 0.00125197 4.01405
23.424 34.4908 0.000605533 -7.15608e-05 0.000476637 7.02459
24.4208 34.4908 -0.000302608 7.23219e-05 0.000292318 10.0351
25.4175 34.4908 -0.000658983 -0.000297258 0.00043447 11.5404
26.4143 34.4908 0.000153966 0.000872955 0.00148464 7.02459
27.4111 34.4908 -0.000162789 -0.00131067 0.00139506 12.0422
28.4078 34.4908 0.00162844 0.00190589 0.000146022 6.02108
29.4046 34.4908 0.00034313 -3.97832e-05 0.000228559 8.52986
30.4014 34.4908 0.000591308 -0.000813457 0.0022359 6.02108
31.3981 34.4908 -0.000361255 0.000458037 0.00056232 10.0351
32.3949 34.4908 0.00153846 -0.000777841 0.000115122 9.03161
33.3917 34.4908 -0.000219026 0.000836399 -0.000760202 8.52986
34.3884 34.4908 -0.000637416 -0.000106075 0.00120003 7.52634
35.3852 34.4908 -3.25887e-05 0.00147149 -0.00069317 11.0386
36.382 34.4908 0.000523075 0.000386849 0.000329242 13.5474
37.3787 34.4908 0.00118614 0.00224288 5.28308e-05 6.52283
38.3755 34.4908 -0.000333403 -0.00137318 -0.000365216 7.52634
39.3723 34.4908 -0.00112308 0.0011586 0.000169532 9.53337
40.369 34.4908 0.000223492 -0.000971669 -0.0014671 8.0281
41.3658 34.4908 -0.000576993 0.000671981 -0.000532272 14.5509
42.3626 34.4908 -0.000734083 0.000320812 -0.000469805 6.52283
43.3593 34.4908 -1.00068e-05 6.76593e-05 -0.000816791 12.5439
44.3561 34.4908 -0.000677264 -0.000248566 0.000179181 13.0457
45.3529 34.4908 -0.000323396 0.000112317 -0.00055343 11.0386
46.3496 34.4908 -0.000536361 -0.000150075 0.000702026 12.0422
47.3464 34.4908 -0.00124808 0.000404839 -0.000987831 9.03161
48.3432 34.4908 -0.000964713 0.000373915 0.000169064 5.01756
49.3399 34.4908 0.000836059 -0.000245408 -0.000568952 8.0281
50.3367 34.4908 0.000378104 -0.000325105 0.00144961 8.52986
51.3335 34.4908 -0.00141054 -0.000874552 -0.00010263 7.02459
52.3302 34.4908 0.000667047 0.00169194 0.000123021 8.52986
53.327 34.4908 -0.000595162 -0.000468423 -9.74915e-05 12.0422
54.3238 34.4908 0.00200526 0.000782696 -0.000819866 3.51229
55.3205 34.4908 -0.000666917 6.23423e-06 -9.12778e-05 11.0386
56.3173 34.4908 0.000669368 -0.00143915 0.00165691 5.51932
57.3141 34.4908 -0.000564176 0.000766528 -0.00110409 11.5404
58.3108 34.4908 -4.08092e-06 -0.000114603 0.000987736 12.5439
59.3076 34.4908 0.000405782 -7.024e-05 0.000587112 5.51932
60.3044 34.4908 -0.00158291 0.000882497 0.000393282 8.52986
61.3011 34.4908 0.000385513 -0.000115933 0.000511376 13.5474
62.2979 34.4908 -7.94691e-05 5.63976e-07 0.000450267 8.52986
63.2947 34.4908 0.000918029 0.000311983 -0.00116831 6.52283
64.2914 34.4908 -0.000486791 -0.000796696 -0.000403361 11.0386
65.2882 34.4908 -0.00100815 -2.1051e-05 0.000179111 8.52986
66.285 34.4908 0.000520412 5.80888e-05 1.87862e-06 13.0457
67.2817 34.4908 -0.00114425 -0.000470511 6.01421e-05 9.53337
68.2785 34.4908 -0.000152484 -0.000297632 0.000832285 9.03161
69.2753 34.4908 -0.000595428 0.000198753 0.000656771 13.0457
70.272 34.4908 -0.000114994 0.000109698 0.00123074 9.53337
71.2688 34.4908 4.06308e-05 -0.000327512 0.00116797 9.53337
72.2656 34.4908 -0.000360001 -0.000409103 -0.00123484 5.51932
73.2623 34.4908 -0.00105496 -0.000733863 -0.000249097 11.5404
74.2591 34.4908 5.93729e-06 0.000598958 0.000114508 12.0422
75.2559 34.4908 -0.00102825 0.000212341 0.000822223 9.03161
76.2526 34.4908 -0.0013793 0.000170714 -0.000446001 8.52986
77.2494 34.4908 0.000178149 -0.000838724 -0.00085755 16.558
78.2462 34.4908 1.205e-05 -0.000325522 0.00115259 11.0386
79.2429 34.4908 -0.00139339 0.000411666 0.000167961 8.52986
80.2397 34.4908 -0.000321952 -0.000785792 0.00256609 7.52634
81.2365 34.4908 -0.000574811 0.00209212 -8.85529e-05 6.02108
82.2332 34.4908 -0.000432678 0.000483277 -0.0014677 11.5404
0.498383 35.4905 0.000576037 0.000618077 -0.000665214 10.0351
1.49515 35.4905 0.000455186 0.00112544 -0.00123316 8.0281
2.49192 35.4905 -0.000898091 -7.64131e-06 0.000462265 8.0281
3.48868 35.4905 0.000973002 0.000323693 0.000189478 13.5474
4.48545 35.4905 -0.000250894 0.000213256 -0.000159878 22.0773
5.48221 35.4905 0.000981581 -0.000659352 -0.0009214 9.03161
6.47898 35.4905 -2.2696e-05 0.000442161 7.05395e-06 20.572
7.47575 35.4905 -6.98248e-05 0.000512986 -0.000431723 15.0527
8.47251 35.4905 0.000219857 0.000403592 -0.00104209 7.52634
9.46928 35.4905 -0.0006987 -0.00127321 0.00160764 8.0281
10.466 35.4905 7.88519e-05 0.000286408 -0.000333882 8.0281
11.4628 35.4905 0.000258312 -0.000756635 -0.000378419 12.0422
12.4596 35.4905 0.000326418 -0.000907858 0.000214517 19.0667
13.4563 35.4905 0.000295232 -0.000446825 -0.000943561 14.0492
14.4531 35.4905 -0.000433562 0.000450791 -0.000485956 18.565
15.4499 35.4905 -0.000284774 0.000176436 0.000403927 18.565
16.4466 35.4905 -0.000878696 0.000349244 0.000694165 10.5369
17.4434 35.4905 -4.29711e-06 -0.000840007 -0.000236258 9.03161
18.4402 35.4905 -0.00120442 -0.000437114 -0.000487493 9.03161
19.4369 35.4905 -0.000392387 0.000376944 0.000141077 10.0351
20.4337 35.4905 0.000298092 -0.000718328 -2.68894e-06 20.572
21.4305 35.4905 -1.38138e-05 0.000795212 0.000207366 17.0597
22.4272 35.4905 0.000788242 -0.00101269 -0.000592362 10.0351
23.424 35.4905 0.000234459 -0.000166752 -0.000114916 24.5861
24.4208 35.4905 -0.000138158 0.000649805 0.000292422 10.0351
25.4175 35.4905 0.000411062 0.000727889 0.00061334 7.52634
26.4143 35.4905 -0.000530182 0.000199595 0.000549009 7.02459
27.4111 35.4905 0.000430809 2.96853e-05 0.000276513 10.0351
28.4078 35.4905 -0.000391842 -0.000187759 0.000498573 19.0667
29.4046 35.4905 0.00189058 0.00127504 0.00157509 17.0597
30.4014 35.4905 -0.000386943 0.000740951 0.00069772 12.0422
31.3981 35.4905 -0.000156528 0.000278843 -2.49916e-05 19.0667
32.3949 35.4905 -0.00041176 -0.000583902 -0.000218078 14.5509
33.3917 35.4905 0.000961102 -0.000449467 0.00100663 9.03161
34.3884 35.4905 0.000381808 0.000796293 0.000966996 9.53337
35.3852 35.4905 0.000609358 -0.000208729 -0.000817765 5.51932
36.382 35.4905 -0.000285499 0.000494108 0.000723697 13.5474
37.3787 35.4905 -0.000101788 -0.000327556 -3.70123e-06 21.5755
38.3755 35.4905 -0.00100184 -0.000386935 0.0012856 12.5439
39.3723 35.4905 -0.000292804 7.56907e-05 -0.000151339 16.0562
40.369 35.4905 0.000989407 -0.000292124 -0.000678529 18.565
41.3658 35.4905 -0.000772125 -6.83507e-05 0.000257496 9.53337
42.3626 35.4905 -0.000394021 -0.000424327 -0.00164409 5.51932
43.3593 35.4905 -0.00110107 -9.27708e-05 -0.000268806 7.02459
44.3561 35.4905 0.000741593 -0.00115295 -0.00114555 11.5404
45.3529 35.4905 3.14274e-05 0.000318761 0.000119926 13.5474
46.3496 35.4905 -0.000964703 -0.000369034 4.6469e-05 12.5439
47.3464 35.4905 -0.000626962 -0.000411061 -0.000542251 11.0386
48.3432 35.4905 -0.000111394 -2.33352e-05 0.000326912 22.579
49.3399 35.4905 0.000368566 0.000637384 -0.000719285 12.0422
50.3367 35.4905 0.000619472 0.000289688 -0.00132852 7.02459
51.3335 35.4905 -0.00106557 -0.000746552 -0.000755701 7.02459
52.3302 35.4905 0.000790278 6.47599e-05 0.000987232 9.53337
53.327 35.4905 -0.0004855 -0.000753832 4.72862e-05 18.565
54.3238 35.4905 -6.93883e-05 -0.000391646 -0.000868625 25.0878
55.3205 35.4905 -0.000750948 4.91476e-05 -0.000215956 11.5404
56.3173 35.4905 0.000398809 -0.000362807 0.00052056 22.0773
57.3141 35.4905 -0.000281661 -0.000275958 -0.000262509 15.0527
58.3108 35.4905 0.0012654 0.000270581 0.000185151 5.01756
59.3076 35.4905 0.000390745 -0.000601813 8.16459e-05 6.52283
60.3044 35.4905 8.35361e-05 0.00042776 0.000381304 4.51581
61.3011 35.4905 -0.000282509 -0.00106341 -0.000368497 17.0597
62.2979 35.4905 0.000501136 0.00111686 0.000151572 25.5896
63.2947 35.4905 0.000248051 -0.00190189 0.000330072 9.53337
64.2914 35.4905 0.000266176 9.32132e-05 -0.000891349 18.565
65.2882 35.4905 0.000450253 -0.000343709 0.000833263 19.5685
66.285 35.4905 0.000453611 -7.01694e-05 0.00035115 9.53337
67.2817 35.4905 -0.000372966 0.000280532 0.00112557 6.02108
68.2785 35.4905 0.000777746 -0.000461179 -0.000738137 8.52986
69.2753 35.4905 -0.00096986 -0.000766209 0.000866432 11.0386
70.272 35.4905 -0.000423786 -0.000127592 0.000321981 23.5825
71.2688 35.4905 -0.000491548 0.000746501 5.03699e-05 13.0457
72.2656 35.4905 -0.000298733 -0.000251952 5.25524e-05 12.0422
73.2623 35.4905 -0.000222958 -0.000148046 -0.000567919 22.579
74.2591 35.4905 3.80576e-05 -0.000314587 0.000817699 12.5439
75.2559 35.4905 -0.000282412 -0.000520116 -0.000173028 9.03161
76.2526 35.4905 -0.00039025 -0.000179495 -0.000562718 5.01756
77.2494 35.4905 0.00101241 0.000609193 -0.000188943 7.52634
78.2462 35.4905 0.000168206 -0.000321808 -0.000393978 19.0667
79.2429 35.4905 -0.000217175 -0.000875192 -0.000591096 15.5544
80.2397 35.4905 0.000497386 2.40697e-05 -0.000589291 11.0386
81.2365 35.4905 -4.23669e-05 3.14729e-05 0.000402824 26.5931
82.2332 35.4905 4.1456e-05 0.00111896 0.00121332 10.0351
0.498383 36.4902 -0.000523551 0.000593691 0.000560033 3.51229
1.49515 36.4902 -0.000258012 0.000608028 -0.00110598 8.52986
2.49192 36.4902 4.72042e-05 0.000336917 0.000124767 6.02108
3.48868 36.4902 -5.73828e-05 -0.000452971 0.00135629 16.558
4.48545 36.4902 0.000437058 -0.000163457 -0.000719398 10.0351
5.48221 36.4902 -5.16544e-05 0.00015109 0.000882462 11.0386
6.47898 36.4902 -0.000125411 0.000788031 -0.00051573 15.0527
7.47575 36.4902 0.000222904 0.000432144 -0.000547645 15.0527
8.47251 36.4902 -0.00171816 -3.61194e-06 0.000489873 8.52986
9.46928 36.4902 0.000487287 0.000120431 -0.000396326 10.0351
10.466 36.4902 0.00142009 0.00245905 -0.000367383 5.01756
11.4628 36.4902 -0.00086876 -4.209e-05 -0.000583751 9.53337
12.4596 36.4902 0.000575712 0.00156007 0.000531957 14.0492
13.4563 36.4902 -0.000474827 1.72738e-05 -6.06009e-05 14.5509
14.4531 36.4902 0.000980719 -0.000594333 -0.000788217 12.5439
15.4499 36.4902 0.000198458 0.000231153 0.000481212 14.5509
16.4466 36.4902 0.000271859 -0.00186516 -0.00141045 9.53337
17.4434 36.4902 -0.00033851 0.000195369 0.00120435 6.02108
18.4402 36.4902 0.00134218 0.00127918 0.00101347 6.52283
19.4369 36.4902 0.000836882 -0.00118786 0.000251356 8.0281
20.4337 36.4902 0.000707382 0.000522909 -0.00106473 15.5544
21.4305 36.4902 -2.12422e-05 0.000135667 7.76725e-05 15.0527
22.4272 36.4902 -0.000319017 -0.000433145 0.000760719 10.0351
23.424 36.4902 -0.000200933 -0.000880977 0.000883543 18.0632
24.4208 36.4902 -0.000735044 -0.000574735 0.000948021 12.0422
25.4175 36.4902 0.000575477 0.000522536 0.000860944 8.0281
26.4143 36.4902 0.000937086 -0.000507214 -0.000757736 7.52634
27.4111 36.4902 0.001281 0.00200372 0.000221458 10.0351
28.4078 36.4902 -0.000653952 0.000265359 -0.000554502 10.0351
29.4046 36.4902 0.000501206 -0.000206821 0.000229929 16.0562
30.4014 36.4902 0.000576891 -0.000167168 -0.000138647 12.5439
31.3981 36.4902 0.00014802 -0.00101799 0.000274114 13.0457
32.3949 36.4902 -0.000725077 -0.000373908 -0.000131185 13.5474
33.3917 36.4902 0.000271791 -7.7829e-05 0.000967468 10.5369
34.3884 36.4902 -5.65407e-05 -7.29998e-05 0.000641576 9.03161
35.3852 36.4902 -0.0014435 0.000308687 0.000803336 4.51581
36.382 36.4902 0.000810947 -0.000118222 4.78903e-05 16.558
37.3787 36.4902 0.000318587 -0.000210584 -1.61743e-05 16.558
38.3755 36.4902 0.000865689 0.00118515 -0.00113053 11.5404
39.3723 36.4902 0.0002615 5.26154e-05 7.01529e-05 15.0527
40.369 36.4902 0.000334861 0.000418051 -0.000295195 14.0492
41.3658 36.4902 9.51705e-05 -0.000129045 -0.0020008 11.0386
42.3626 36.4902 -0.000516396 -0.000690155 -0.00131066 8.52986
43.3593 36.4902 5.74348e-05 -0.000930041 -0.000317148 6.52283
44.3561 36.4902 -0.0004618 0.000741369 0.000585465 6.52283
45.3529 36.4902 5.90432e-05 0.000597374 5.91719e-05 18.0632
46.3496 36.4902 0.000223319 -0.000509993 -0.000198945 15.5544
47.3464 36.4902 -8.62205e-05 -0.000481131 0.000346901 12.5439
48.3432 36.4902 -0.000284257 -0.00126255 -0.00098093 15.0527
49.3399 36.4902 -0.00039262 -0.000866144 -0.000342266 10.0351
50.3367 36.4902 0.000811528 0.000742706 0.00098618 8.52986
51.3335 36.4902 -0.00099181 -0.00118365 -0.00110062 11.0386
52.3302 36.4902 -0.000110266 -0.000525652 0.000176943 5.51932
53.327 36.4902 0.000120277 -0.00158367 0.000484909 11.0386
54.3238 36.4902 -0.00126826 -2.12555e-05 -0.000455993 14.5509
55.3205 36.4902 0.000663789 -0.00110741 -0.000828168 12.5439
56.3173 36.4902 0.00048187 0.000902949 -8.98443e-05 12.0422
57.3141 36.4902 -0.000183859 -0.000700342 -0.000353588 11.0386
58.3108 36.4902 0.000276428 -0.00171951 0.00105059 9.03161
59.3076 36.4902 -0.000546925 0.000773938 0.000204541 8.52986
60.3044 36.4902 -0.000653266 0.000428674 0.000199762 5.51932
61.3011 36.4902 -0.00108584 -0.000384471 0.00033146 11.5404
62.2979 36.4902 -0.000755532 -0.000440483 0.00113979 15.5544
63.2947 36.4902 0.00115572 0.000881938 -0.000144349 8.0281
64.2914 36.4902 0.000256014 -0.00113846 -4.82618e-05 12.0422
65.2882 36.4902 -0.000563147 0.000751686 -0.00050416 16.0562
66.285 36.4902 -0.00057454 -0.000379717 0.000404957 12.5439
67.2817 36.4902 -0.00117149 0.000487316 0.00106419 5.01756
68.2785 36.4902 0.000491426 -2.08378e-05 -8.19781e-06 8.0281
69.2753 36.4902 0.000849491 -0.00115031 0.000999999 10.5369
70.272 36.4902 0.00108776 1.16792e-05 2.83587e-05 13.0457
71.2688 36.4902 0.000447713 -0.000570393 -0.000246428 12.5439
72.2656 36.4902 -0.00207174 0.0014362 0.000943004 9.03161
73.2623 36.4902 0.000125104 0.000479187 -0.00103868 15.5544
74.2591 36.4902 0.000306137 -0.000530006 9.48442e-05 10.0351
75.2559 36.4902 -0.00165353 -0.000446143 0.000269223 5.51932
76.2526 36.4902 1.43927e-05 0.000737282 -3.92386e-05 11.5404
77.2494 36.4902 0.000526551 0.000746994 0.000194811 9.53337
78.2462 36.4902 -0.000723123 0.000586567 5.06134e-05 16.0562
79.2429 36.4902 -0.0011621 0.00117881 -0.000371637 7.52634
80.2397 36.4902 0.000154951 0.000723438 -7.17174e-05 9.53337
81.2365 36.4902 -0.000412132 -0.000442332 -0.000404575 20.572
82.2332 36.4902 0.000444931 0.000212922 0.00105552 7.52634
0.498383 37.49 0.000749022 -0.00141419 0.000992898 14.5509
1.49515 37.49 0.000565902 -0.000376029 0.000266165 12.0422
2.49192 37.49 9.61535e-06 6.58234e-05 0.000101651 17.0597
3.48868 37.49 0.000129336 0.00100336 0.0013967 12.0422
4.48545 37.49 0.000154862 -0.000450708 0.000988911 9.03161
5.48221 37.49 -1.34014e-05 0.00213923 0.000115834 6.02108
6.47898 37.49 0.000708185 0.000390191 0.000491257 10.5369
7.47575 37.49 -0.000737447 -0.000560067 0.000113706 10.0351
8.47251 37.49 0.00081264 -0.000361046 -0.00073806 20.0703
9.46928 37.49 1.86305e-05 0.00151579 -0.00142077 7.02459
10.466 37.49 0.000816712 0.000320022 -0.000362676 13.0457
11.4628 37.49 8.39529e-05 0.000130156 -0.000255196 16.558
12.4596 37.49 -0.000710756 0.000140968 -0.000210317 7.52634
13.4563 37.49 0.00186133 -0.00151157 4.84211e-05 7.02459
14.4531 37.49 0.000291022 -0.000457867 0.000467214 7.02459
15.4499 37.49 -0.000622987 3.14602e-05 0.000866466 9.03161
16.4466 37.49 -0.000266806 -0.000161602 0.000702231 12.0422
17.4434 37.49 0.000409959 0.00062235 -0.00110787 10.5369
18.4402 37.49 -0.0012293 -0.000282112 -0.00075989 14.0492
19.4369 37.49 0.000279192 -9.73704e-05 0.000509044 13.5474
20.4337 37.49 0.000685197 -8.15086e-05 -0.000721071 7.52634
21.4305 37.49 0.000521077 -1.53437e-05 0.00061669 6.52283
22.4272 37.49 -0.00121596 -0.000541552 0.00246558 4.51581
23.424 37.49 -0.000139099 -0.000129658 0.000725294 11.5404
24.4208 37.49 0.000124183 0.000372718 0.00108586 13.0457
25.4175 37.49 0.00149121 -8.67374e-06 -0.000501514 11.5404
26.4143 37.49 -0.000818912 7.16593e-05 -0.000194145 10.0351
27.4111 37.49 -0.000177848 -0.000615395 -0.000101468 18.565
28.4078 37.49 0.000342845 -0.000531091 0.000605317 8.0281
29.4046 37.49 0.00180342 -0.000861716 0.000487876 7.52634
30.4014 37.49 -0.000182686 -0.000209888 0.000385647 7.52634
31.3981 37.49 0.00138592 -5.76153e-06 -0.0010297 7.52634
32.3949 37.49 0.0010812 0.00116744 -0.000304164 10.5369
33.3917 37.49 -0.000553208 -0.000355079 -0.000448727 18.0632
34.3884 37.49 0.00044862 0.000587542 8.3489e-05 9.53337
35.3852 37.49 0.000244153 0.00106243 -1.72633e-06 12.0422
36.382 37.49 -0.00158518 0.000869784 -2.48304e-05 11.5404
37.3787 37.49 0.00152796 0.000969413 -0.00058317 5.51932
38.3755 37.49 -0.00147697 0.00224323 0.00142187 6.52283
39.3723 37.49 -0.00117891 -0.000481533 -0.00100407 8.52986
40.369 37.49 -0.000825133 0.000385621 -0.000745618 11.0386
41.3658 37.49 0.00100918 -0.000772525 -0.000170235 15.0527
42.3626 37.49 -0.000194201 -0.00155521 -0.00101382 11.0386
43.3593 37.49 -4.42483e-05 -3.02608e-05 5.3609e-05 11.5404
44.3561 37.49 0.00112059 0.000290953 -0.000203044 15.0527
45.3529 37.49 -0.000663083 0.00105546 -0.000415407 12.0422
46.3496 37.49 -0.0011085 -0.000252845 -0.00145657 6.02108
47.3464 37.49 0.000890847 -0.00113374 0.00156609 8.52986
48.3432 37.49 -0.00246461 -0.000136014 0.000184321 7.52634
49.3399 37.49 -0.000410544 3.87657e-05 0.00117817 13.5474
50.3367 37.49 0.000372504 0.00190531 0.000511124 15.0527
51.3335 37.49 -0.00240691 -0.000579031 -0.000704475 5.51932
52.3302 37.49 -0.000131665 -0.000757774 -0.000247835 17.5615
53.327 37.49 -0.000364494 0.00024496 0.00121454 11.0386
54.3238 37.49 -0.00041065 0.00060464 0.00115563 6.52283
55.3205 37.49 0.00147504 0.000615549 0.0014587 5.51932
56.3173 37.49 -0.000114055 -0.0017089 -0.000717801 7.02459
57.3141 37.49 -0.00051165 -0.000239644 0.000230401 18.565
58.3108 37.49 -0.00024695 0.00100297 -0.000413527 14.5509
59.3076 37.49 -6.28315e-05 -0.000530153 -0.00285883 4.01405
60.3044 37.49 -0.000239985 0.000340298 0.000757672 24.5861
61.3011 37.49 -0.00117832 0.000125945 0.000639869 11.5404
62.2979 37.49 -0.000149915 0.000384149 -0.000860986 8.0281
63.2947 37.49 -0.0012458 3.06709e-06 0.00247126 5.51932
64.2914 37.49 0.00132507 5.29835e-05 -0.000407462 7.52634
65.2882 37.49 -0.000670631 0.000783097 -0.000566809 4.51581
66.285 37.49 0.000330666 -0.000711347 0.00080673 18.565
67.2817 37.49 0.00104251 -0.000709314 -1.10427e-05 8.52986
68.2785 37.49 0.00123614 0.000207799 0.000142669 10.0351
69.2753 37.49 -0.000307134 -0.00115013 -0.000527241 14.0492
70.272 37.49 -0.000610923 0.000269088 -0.0023079 5.51932
71.2688 37.49 0.000767755 -0.00083072 0.000797505 10.5369
72.2656 37.49 -0.000707276 -0.000399803 0.00116093 5.01756
73.2623 37.49 0.000131272 5.89631e-05 0.000761964 13.5474
74.2591 37.49 -0.00023765 0.000856681 0.000512321 15.5544
75.2559 37.49 -0.000602514 0.000270884 0.000679088 9.03161
76.2526 37.49 0.000296314 0.00072004 0.000357596 8.52986
77.2494 37.49 0.00121259 -0.000314191 0.000243985 14.0492
78.2462 37.49 0.000468301 0.000836272 0.000297299 9.53337
79.2429 37.49 0.000910942 -0.00149521 -0.000951927 7.52634
80.2397 37.49 0.00121862 -0.000468238 0.000712552 6.52283
81.2365 37.49 -0.00158813 0.000733209 -0.000588914 9.53337
82.2332 37.49 0.000240802 -0.000382489 0.00119515 13.5474
0.498383 38.4897 0.000753821 2.61377e-05 -3.95534e-05 18.0632
1.49515 38.4897 0.000654999 0.00034169 -0.00106684 7.52634
2.49192 38.4897 -0.000180688 0.000398045 -0.000414472 24.0843
3.48868 38.4897 -0.000471399 0.000476583 -0.000327736 13.0457
4.48545 38.4897 0.000204556 0.00116767 0.000600827 8.0281
5.48221 38.4897 -0.000621912 -0.000534706 -0.00107614 7.52634
6.47898 38.4897 -0.000106766 -0.00153175 0.00145041 6.02108
7.47575 38.4897 -0.000869552 -0.000643076 -0.000164444 9.53337
8.47251 38.4897 0.000159992 -0.000752228 -0.00104992 16.558
9.46928 38.4897 -0.000675818 -0.000359175 0.000325687 11.0386
10.466 38.4897 -0.000163404 -0.000302127 -7.18754e-05 22.0773
11.4628 38.4897 0.000383175 0.00170067 -8.3277e-06 16.0562
12.4596 38.4897 -0.000245698 -0.000545034 0.000995793 8.0281
13.4563 38.4897 -0.000167772 -0.000519793 -0.000146463 5.51932
14.4531 38.4897 3.39841e-06 0.00149269 0.000669371 11.0386
15.4499 38.4897 0.000626442 0.000748907 0.000989573 12.0422
16.4466 38.4897 -4.6502e-05 0.000334135 -0.000208984 19.0667
17.4434 38.4897 -0.00031823 -0.000233629 -0.00135782 18.0632
18.4402 38.4897 0.000103873 0.000480825 -0.00093692 11.5404
19.4369 38.4897 0.000867636 -0.00013868 -9.66014e-05 24.5861
20.4337 38.4897 -0.00044484 -0.00087356 0.0009626 11.0386
21.4305 38.4897 0.000938227 -0.00245395 -0.000349436 6.02108
22.4272 38.4897 0.00071433 -0.000382022 -0.000888101 9.53337
23.424 38.4897 0.000306742 0.000711363 0.00133872 7.52634
24.4208 38.4897 -0.000433903 0.000366283 0.000288699 21.5755
25.4175 38.4897 0.000648427 0.00075447 0.000439206 14.0492
26.4143 38.4897 0.000641506 -0.000615574 2.95748e-05 11.5404
27.4111 38.4897 0.000294262 -0.000254831 0.000564291 23.5825
28.4078 38.4897 -0.00032952 0.0011393 7.8971e-05 12.0422
29.4046 38.4897 -0.000162938 -0.00104349 -0.00013313 9.03161
30.4014 38.4897 0.00155379 0.000227084 -0.00052964 7.52634
31.3981 38.4897 0.000680717 0.000888016 -0.00227678 7.02459
32.3949 38.4897 0.00081082 -0.000525864 0.000252273 18.565
33.3917 38.4897 5.17429e-05 0.000306051 0.00106374 18.565
34.3884 38.4897 3.33539e-05 0.00104751 -0.000386805 12.5439
35.3852 38.4897 -0.000342938 0.000303038 0.000744786 22.579
36.382 38.4897 -0.000510955 0.000370848 -0.000310959 20.572
37.3787 38.4897 0.00141806 -0.00305003 8.45422e-05 4.51581
38.3755 38.4897 0.00206407 0.000772535 0.000797647 7.02459
39.3723 38.4897 0.00092014 -0.00140044 0.000186624 6.52283
40.369 38.4897 -0.000564553 -0.000413876 -0.00143535 10.5369
41.3658 38.4897 0.000291093 0.000946709 0.000292573 22.579
42.3626 38.4897 1.09227e-05 8.61985e-05 -0.000290972 9.53337
43.3593 38.4897 -0.00101278 0.000175735 -0.000249285 14.5509
44.3561 38.4897 0.000247501 -0.000251019 -0.000211338 22.579
45.3529 38.4897 -0.00027347 -0.000201184 0.000131506 8.52986
46.3496 38.4897 -0.000741939 0.00244426 0.000840075 6.02108
47.3464 38.4897 -0.000169069 -0.00135565 -0.000218774 8.0281
48.3432 38.4897 0.000725408 -0.000436086 0.000112089 9.03161
49.3399 38.4897 -0.00108105 -0.000129677 0.000643962 23.5825
50.3367 38.4897 0.000735541 -0.000464154 -0.000537517 14.0492
51.3335 38.4897 -5.60172e-05 -6.17e-06 -0.00160904 11.0386
52.3302 38.4897 -0.000239132 -0.000165669 -0.000410061 24.0843
53.327 38.4897 0.000702876 -0.000528205 -0.000297425 14.5509
54.3238 38.4897 0.00163162 -0.000643628 -3.85228e-05 6.52283
55.3205 38.4897 0.000603452 -0.00127831 -0.00110396 4.51581
56.3173 38.4897 0.00184974 -0.00125872 -0.000315602 5.51932
57.3141 38.4897 0.00029517 -0.000999408 -0.000246243 18.565
58.3108 38.4897 0.000351624 -0.000236652 0.000722456 21.5755
59.3076 38.4897 0.000910796 -0.000520039 4.26457e-05 10.0351
60.3044 38.4897 0.000583601 0.000105472 4.95092e-06 20.572
61.3011 38.4897 -0.000586471 -0.000749374 -0.00110199 15.0527
62.2979 38.4897 -0.000530305 0.00171144 0.000707139 5.51932
63.2947 38.4897 -0.000355146 -0.000674835 0.000956642 11.0386
64.2914 38.4897 0.000690749 0.000403815 0.00135929 11.0386
65.2882 38.4897 5.85656e-05 0.000434166 1.15487e-05 13.5474
66.285 38.4897 3.2557e-05 -0.000202566 3.96927e-05 26.5931
67.2817 38.4897 0.00114397 -8.12116e-05 0.000913562 8.0281
68.2785 38.4897 -0.000138479 0.00122801 -0.00018738 15.5544
69.2753 38.4897 0.000160613 -0.000448385 -0.00104873 22.0773
70.272 38.4897 -0.000634285 0.000956084 -0.000783684 10.5369
71.2688 38.4897 8.90996e-05 -0.00046543 -0.000536107 6.52283
72.2656 38.4897 -0.000903183 0.000194241 0.000524814 9.53337
73.2623 38.4897 0.000219854 0.00078224 -0.000806062 9.03161
74.2591 38.4897 -0.000476274 -0.000213702 0.00013561 22.0773
75.2559 38.4897 0.000274011 -0.000332284 0.000760652 11.0386
76.2526 38.4897 0.0005637 0.000408959 0.00111367 13.0457
77.2494 38.4897 0.00063205 -0.000328007 0.000133106 24.5861
78.2462 38.4897 -0.000549906 -6.25981e-05 -0.000794522 9.53337
79.2429 38.4897 0.000299932 0.00083423 -9.59533e-05 7.02459
80.2397 38.4897 -0.000909471 0.00035743 -0.000651746 7.02459
81.2365 38.4897 0.000589161 0.000571173 -0.000913368 9.03161
82.2332 38.4897 -0.000110342 -0.000508565 -0.000367275 21.0738
0.498383 39.4894 0.000310308 -0.000390247 -0.000266057 11.0386
1.49515 39.4894 0.000353881 0.00102316 -0.00106965 5.51932
2.49192 39.4894 0.000305933 0.00018355 -0.00143887 7.52634
3.48868 39.4894 -0.00029837 -7.23402e-05 0.000465821 8.0281
4.48545 39.4894 0.000662041 -1.15672e-05 0.000971852 12.5439
5.48221 39.4894 -0.000209132 -0.000699165 0.000191504 10.5369
6.47898 39.4894 9.41787e-05 0.00077303 0.000806166 7.52634
7.47575 39.4894 0.000334986 7.81399e-05 -0.000383408 14.5509
8.47251 39.4894 0.00040579 -0.00176001 0.00069512 12.0422
9.46928 39.4894 0.00239425 -0.000246513 0.000367857 7.52634
10.466 39.4894 -0.000208549 -0.000978152 -5.3122e-05 6.52283
11.4628 39.4894 -0.000281824 -0.00010952 0.000495419 11.5404
12.4596 39.4894 -0.00049936 -0.000164089 -0.000347 15.5544
13.4563 39.4894 -0.000460621 -0.000790889 9.5288e-06 5.01756
14.4531 39.4894 -3.274e-05 -0.00067317 -0.000477291 11.5404
15.4499 39.4894 0.00040755 -0.000780429 0.00168288 9.53337
16.4466 39.4894 -0.00167227 -0.000891859 0.000277131 9.53337
17.4434 39.4894 0.000608888 -0.0016122 0.000719944 7.02459
18.4402 39.4894 -0.00109114 0.000484 -0.00124866 9.53337
19.4369 39.4894 -0.00106731 0.000344628 0.000317224 8.52986
20.4337 39.4894 -0.000406959 -0.00117995 -0.00168638 9.53337
21.4305 39.4894 -0.000589366 -0.000642911 -0.000220195 11.0386
22.4272 39.4894 -6.13301e-05 -0.000501647 -0.000170723 4.51581
23.424 39.4894 0.000304825 -0.00081331 -0.000561935 6.52283
24.4208 39.4894 -0.000164679 0.000360663 -0.000376729 12.5439
25.4175 39.4894 -0.00136267 0.000401347 -0.00030242 9.03161
26.4143 39.4894 0.000687933 0.000666325 0.00113578 4.51581
27.4111 39.4894 -0.000482661 -0.000233376 0.000443498 9.53337
28.4078 39.4894 0.000682535 -0.00032388 -4.08766e-05 10.0351
29.4046 39.4894 -0.000663722 -0.00156185 0.00018889 10.5369
30.4014 39.4894 -0.000394878 0.000396025 -0.000642864 9.53337
31.3981 39.4894 -0.000134881 -4.06527e-05 0.000686687 11.5404
32.3949 39.4894 -0.000821391 -0.0003448 -0.000304168 10.0351
33.3917 39.4894 0.00134976 0.000720607 -0.000197212 7.02459
34.3884 39.4894 0.000424341 0.000176001 -0.000865119 7.52634
35.3852 39.4894 -0.000572791 -0.000629736 0.000410198 4.01405
36.382 39.4894 -0.000442697 0.000892254 -0.00118816 8.0281
37.3787 39.4894 4.31791e-05 -6.65974e-06 0.00145977 11.5404
38.3755 39.4894 0.000678783 0.00105563 7.79668e-06 8.52986
39.3723 39.4894 0.000207552 -0.000254288 0.000321097 12.5439
40.369 39.4894 0.000651349 -0.000319973 0.0013628 10.0351
41.3658 39.4894 0.000601377 -0.00153552 -0.00130154 7.52634
42.3626 39.4894 -0.000972226 0.000708096 -0.000313376 9.03161
43.3593 39.4894 -0.000909752 0.000820166 0.00112129 13.5474
44.3561 39.4894 -0.00052111 0.00180976 0.00152987 5.01756
45.3529 39.4894 -0.000754753 -0.0002601 0.000264271 11.5404
46.3496 39.4894 6.05989e-05 -0.000196804 -2.64907e-05 11.0386
47.3464 39.4894 -0.00102022 -0.000846339 0.000502115 8.0281
48.3432 39.4894 0.000745609 0.000602117 -9.34771e-05 9.53337
49.3399 39.4894 -0.00163396 0.000386202 0.000588625 9.53337
50.3367 39.4894 -0.000226825 0.000395349 0.000857488 9.53337
51.3335 39.4894 0.000105524 -0.000600097 -0.000992395 5.51932
52.3302 39.4894 0.0014291 -0.000395544 -0.000207955 11.0386
53.327 39.4894 -9.13263e-05 -0.000809407 0.000124166 11.5404
54.3238 39.4894 -7.9612e-05 -0.000511146 -0.000109564 11.5404
55.3205 39.4894 0.0019487 -0.000486653 0.000907415 7.52634
56.3173 39.4894 0.00141856 0.000471109 -0.00065496 10.0351
57.3141 39.4894 -0.000636015 -0.00166159 -0.00117656 8.0281
58.3108 39.4894 0.000941331 -0.000346414 0.000138146 7.52634
59.3076 39.4894 -0.000335407 -0.00230226 0.000429816 9.03161
60.3044 39.4894 0.000244325 1.68036e-05 0.000313246 8.0281
61.3011 39.4894 -4.96884e-05 0.000791346 -0.000245434 11.0386
62.2979 39.4894 5.93323e-05 4.88783e-06 0.000896039 11.0386
63.2947 39.4894 -0.000488788 3.11645e-05 0.00138407 7.52634
64.2914 39.4894 0.000237918 -0.000470673 -0.000711778 7.02459
65.2882 39.4894 0.000470583 0.000401305 -0.000841029 14.0492
66.285 39.4894 0.000766236 0.000774651 -0.000353849 7.52634
67.2817 39.4894 0.000867968 0.000223035 -0.000281618 6.02108
68.2785 39.4894 -0.000445636 0.000608136 0.00106486 9.53337
69.2753 39.4894 -0.000381516 -0.000125667 -0.000828538 11.5404
70.272 39.4894 0.00126575 -0.00014859 0.00153372 10.5369
71.2688 39.4894 0.000540956 -1.59751e-05 -0.00104622 8.52986
72.2656 39.4894 -0.000678397 0.00112711 0.000590946 8.0281
73.2623 39.4894 -0.000145643 0.000517995 -0.000483819 9.53337
74.2591 39.4894 -0.0020744 0.000124616 0.00121821 8.52986
75.2559 39.4894 -0.00107282 -0.00211954 -0.000885596 7.52634
76.2526 39.4894 -0.000234885 -0.000449708 0.000844616 12.0422
77.2494 39.4894 0.000186229 -0.000572755 0.000439048 15.0527
78.2462 39.4894 0.000715234 -0.000228359 0.00114116 7.02459
79.2429 39.4894 0.000659765 -0.000410026 0.00181778 8.0281
80.2397 39.4894 0.000607268 0.000220077 -0.000256855 8.0281
81.2365 39.4894 0.00120367 -0.000654461 0.00134835 9.53337
82.2332 39.4894 -0.000268381 -0.00094873 -0.00105375 8.0281
0.498383 40.4892 0.00165108 -0.000558269 4.71729e-05 7.52634
1.49515 40.4892 -0.000197112 -0.00121728 5.16151e-05 8.0281
2.49192 40.4892 -3.92118e-05 0.000158047 8.06395e-05 13.0457
3.48868 40.4892 0.000264003 0.000134934 -0.000346288 18.565
4.48545 40.4892 -0.000198934 0.000441537 -0.000827439 18.565
5.48221 40.4892 4.07577e-05 -0.000802851 -0.000142714 11.5404
6.47898 40.4892 0.000866603 -0.00046055 -0.00060274 20.0703
7.47575 40.4892 0.000652756 0.00036099 6.08589e-05 18.565
8.47251 40.4892 0.000947825 -0.000469442 0.000979074 8.52986
9.46928 40.4892 -0.00021234 -0.000160209 0.0010983 8.52986
10.466 40.4892 -0.000323681 0.000244144 0.000529383 6.52283
11.4628 40.4892 0.000996861 -0.000225615 0.00050258 8.0281
12.4596 40.4892 -3.58524e-05 0.000197781 0.000726193 24.5861
13.4563 40.4892 -0.000340779 -0.00046468 -0.00042857 12.0422
14.4531 40.4892 0.000145655 -0.000610104 -0.000443086 13.0457
15.4499 40.4892 -0.000177789 -0.000213477 -0.000194664 25.5896
16.4466 40.4892 0.000398506 -0.00062719 0.000397036 10.0351
17.4434 40.4892 0.00030629 0.000774112 0.000975457 6.52283
18.4402 40.4892 0.000544444 -0.000756937 0.00151339 7.02459
19.4369 40.4892 -0.000702301 0.000425134 -0.000847778 13.0457
20.4337 40.4892 0.000332268 -8.61197e-05 0.000306123 19.0667
21.4305 40.4892 -0.000327124 0.000332093 -0.000904143 19.0667
22.4272 40.4892 -0.000726847 0.000548933 -0.000395844 13.5474
23.424 40.4892 9.95071e-05 -0.000422085 0.000270586 29.6036
24.4208 40.4892 -0.000748448 0.000907807 0.00013686 11.0386
25.4175 40.4892 -0.000116678 -0.000537253 -0.000313658 9.03161
26.4143 40.4892 0.000809898 0.00113373 0.000267027 7.52634
27.4111 40.4892 -0.000501126 -0.000369083 -0.000369099 10.5369
28.4078 40.4892 0.000909116 -0.000426954 0.000484957 13.0457
29.4046 40.4892 0.000540213 0.000791567 0.000832183 20.0703
30.4014 40.4892 0.000465315 -1.26333e-05 -0.000780306 9.03161
31.3981 40.4892 0.000102232 0.000146219 0.000437816 19.0667
32.3949 40.4892 -0.000112761 -0.0004669 0.000435664 21.5755
33.3917 40.4892 -4.9388e-05 -0.00193311 0.00113427 6.02108
34.3884 40.4892 8.52912e-05 -2.70751e-05 0.00015203 8.0281
35.3852 40.4892 0.00024219 0.00058357 0.000820428 8.52986
36.382 40.4892 0.000107731 0.00085336 0.000671055 20.572
37.3787 40.4892 -0.00013152 -0.000675034 6.1955e-05 22.0773
38.3755 40.4892 6.36528e-05 0.0016977 -0.000723915 11.0386
39.3723 40.4892 -9.34011e-05 -0.000179206 -0.000801446 16.558
40.369 40.4892 -0.00110488 -4.8482e-07 -0.000665291 22.579
41.3658 40.4892 -0.00058201 0.00056632 -0.00119063 8.0281
42.3626 40.4892 0.000209814 0.000156224 -0.00160151 5.51932
43.3593 40.4892 0.000742656 0.000728951 0.00104667 11.0386
44.3561 40.4892 0.000928187 -0.000567873 -1.52115e-05 6.02108
45.3529 40.4892 0.000346841 1.23121e-05 0.000207499 24.0843
46.3496 40.4892 -9.22595e-05 -0.00016439 0.00131893 13.5474
47.3464 40.4892 -0.00132709 -0.000622859 0.000681302 14.5509
48.3432 40.4892 -0.00017348 -0.00115119 -0.000812142 28.6001
49.3399 40.4892 0.000168431 -8.73097e-06 -0.000581574 10.5369
50.3367 40.4892 0.00118336 0.00031844 0.0023355 7.02459
51.3335 40.4892 0.000755596 -6.75695e-05 0.00118828 7.52634
52.3302 40.4892 0.000599449 -0.000239703 -0.00104221 9.03161
53.327 40.4892 0.000132224 0.000496974 0.00057248 21.0738
54.3238 40.4892 0.000703651 0.000426418 0.000313392 17.0597
55.3205 40.4892 4.39174e-05 -0.000648573 5.53019e-05 10.5369
56.3173 40.4892 -0.000302131 0.000616983 0.000826526 26.0913
57.3141 40.4892 -0.000423096 0.0003883 0.000800823 16.0562
58.3108 40.4892 -0.000123411 0.000383322 -1.61919e-06 9.53337
59.3076 40.4892 -0.000116273 -0.000852057 -0.00168692 6.02108
60.3044 40.4892 1.86263e-05 0.000452769 0.00138134 7.02459
61.3011 40.4892 -0.000260667 -3.95175e-05 4.81401e-05 16.558
62.2979 40.4892 -3.23064e-05 -0.000135596 -0.000641424 26.0913
63.2947 40.4892 -0.000570384 -0.000163212 -9.08643e-05 12.0422
64.2914 40.4892 -0.000250592 -0.000525317 0.000101454 15.5544
65.2882 40.4892 0.000221063 7.03468e-06 0.00019543 20.572
66.285 40.4892 0.000340282 0.00111781 0.000899815 9.53337
67.2817 40.4892 0.00120315 0.000486468 -0.000490912 7.52634
68.2785 40.4892 0.000574805 0.000970352 -0.000780478 7.52634
69.2753 40.4892 0.000396343 0.000948677 0.000439376 10.0351
70.272 40.4892 -0.000106285 -0.000156043 0.000678874 20.0703
71.2688 40.4892 2.50189e-05 -4.08255e-05 -0.000376103 11.5404
72.2656 40.4892 3.23368e-05 0.000280196 0.00117888 14.5509
73.2623 40.4892 -0.000512251 -0.000808342 0.000235624 25.5896
74.2591 40.4892 0.000553744 -3.94831e-06 -0.000355694 14.5509
75.2559 40.4892 -0.000394642 0.000185942 0.00077714 5.01756
76.2526 40.4892 -0.000807031 -0.000342079 0.000486776 6.52283
77.2494 40.4892 0.0005303 -0.000260888 0.00103302 5.51932
78.2462 40.4892 0.00018971 0.000467058 0.000133319 28.6001
79.2429 40.4892 0.000140128 9.04558e-05 -4.79887e-05 12.5439
80.2397 40.4892 -0.00081739 -0.000399711 0.000310924 14.5509
81.2365 40.4892 -0.000567439 -7.69949e-05 0.000118016 22.579
82.2332 40.4892 -0.000305332 0.00147042 -0.00131925 10.0351
0.498383 41.4889 0.000396225 -0.000826963 0.001408 6.52283
1.49515 41.4889 0.00125121 -7.64379e-05 -0.00137829 6.52283
2.49192 41.4889 0.000932994 0.000703616 0.000296934 7.52634
3.48868 41.4889 0.000545726 4.93965e-05 0.00041886 13.5474
4.48545 41.4889 0.001307 0.000331992 -0.000405199 6.52283
5.48221 41.4889 -0.000670875 -0.000258785 -0.000177283 8.52986
6.47898 41.4889 4.60434e-05 0.000395867 -0.0002908 15.5544
7.47575 41.4889 -0.000152312 -0.00116006 -0.000815266 10.5369
8.47251 41.4889 -4.27151e-05 0.000165854 -0.000719478 9.53337
9.46928 41.4889 -0.000579789 0.00119946 0.000449307 9.03161
10.466 41.4889 0.000843606 0.000220214 -0.000481493 7.02459
11.4628 41.4889 -0.00049419 -0.000223696 0.000505575 13.5474
12.4596 41.4889 -0.000504324 -0.000747789 0.000503879 11.0386
13.4563 41.4889 0.000496188 -0.00164044 -0.00140477 7.02459
14.4531 41.4889 -8.99247e-05 -0.000697762 0.000349738 14.0492
15.4499 41.4889 0.000499357 0.000630264 -0.000931673 11.0386
16.4466 41.4889 -0.000865542 -0.00107356 -0.00108611 9.03161
17.4434 41.4889 -0.000176492 -1.56057e-05 -0.000730347 9.53337
18.4402 41.4889 -0.000307948 -0.000439327 0.00211474 6.52283
19.4369 41.4889 -0.00024832 2.72973e-05 -0.000426869 8.0281
20.4337 41.4889 0.00112065 -0.000435675 0.000722227 11.0386
21.4305 41.4889 0.00119371 -0.00109803 0.000484147 10.0351
22.4272 41.4889 0.00124405 0.000593817 -0.000697794 8.52986
23.424 41.4889 -0.000241547 -0.000355683 -0.00132156 13.0457
24.4208 41.4889 -4.07175e-05 -0.000518543 0.000875475 12.0422
25.4175 41.4889 0.0010633 -0.000585728 -0.000329877 8.0281
26.4143 41.4889 5.71e-07 -8.05454e-05 0.00126026 10.5369
27.4111 41.4889 -0.000448926 0.000573712 -7.16969e-05 10.0351
28.4078 41.4889 0.000520989 0.000553819 0.000673661 15.5544
29.4046 41.4889 -0.000281592 9.54756e-06 0.000501631 12.5439
30.4014 41.4889 -0.000339739 -0.00057944 -0.000655559 8.52986
31.3981 41.4889 0.000466443 -0.000394524 0.000421037 12.0422
32.3949 41.4889 0.000547716 -0.000517312 -3.15796e-05 14.0492
33.3917 41.4889 -0.000233486 0.00101939 -0.000203841 8.0281
34.3884 41.4889 0.000814204 0.00145046 -0.00132959 5.51932
35.3852 41.4889 0.00028716 -0.000534863 -0.000202823 7.52634
36.382 41.4889 0.000720035 -0.00121849 -4.36389e-05 13.0457
37.3787 41.4889 0.00154279 -0.000699876 0.000799356 9.53337
38.3755 41.4889 0.000646362 -0.00117563 0.000453435 11.5404
39.3723 41.4889 -0.000939442 -0.000471085 -0.000892652 8.0281
40.369 41.4889 -0.000665177 6.70431e-05 0.00111792 14.0492
41.3658 41.4889 0.000684025 -0.00234395 -0.00112242 12.0422
42.3626 41.4889 -0.00300097 0.0007621 0.000742276 3.51229
43.3593 41.4889 -0.000623437 0.000436734 0.000427104 8.52986
44.3561 41.4889 0.000828207 -1.49888e-05 -0.000761193 13.5474
45.3529 41.4889 -0.00107831 -2.90366e-05 -0.000321774 16.558
46.3496 41.4889 -0.000374213 0.000631539 -0.000575863 8.52986
47.3464 41.4889 -0.000987652 0.000361365 0.00256998 8.0281
48.3432 41.4889 0.000297825 -0.000201713 -6.28468e-05 9.53337
49.3399 41.4889 -3.78435e-05 0.00059504 -0.00042863 11.5404
50.3367 41.4889 5.67453e-05 -0.000174788 -0.000210961 9.03161
51.3335 41.4889 -0.000408753 1.6645e-07 0.000627562 8.0281
52.3302 41.4889 -0.000289139 -0.000990092 1.21714e-05 7.52634
53.327 41.4889 0.00164131 0.000326255 -0.00133406 10.5369
54.3238 41.4889 0.00112065 -0.000774172 0.00101419 10.0351
55.3205 41.4889 0.00103197 -0.000541249 0.000934641 6.02108
56.3173 41.4889 0.000197363 0.000435368 0.000645815 13.0457
57.3141 41.4889 -0.00127102 -0.00141123 0.000172668 9.53337
58.3108 41.4889 0.000241452 -0.000350807 0.000469189 9.53337
59.3076 41.4889 0.000409662 0.000856463 -0.000329226 8.0281
60.3044 41.4889 -0.000812769 0.000386713 -0.000460297 8.52986
61.3011 41.4889 -0.00169804 2.245e-05 0.00100328 11.5404
62.2979 41.4889 0.000401075 0.000464388 5.33507e-05 11.5404
63.2947 41.4889 -0.000465154 0.000185655 -5.1844e-05 8.52986
64.2914 41.4889 0.000208883 0.000372763 -0.000608529 10.5369
65.2882 41.4889 2.45564e-05 0.00011722 0.000136331 13.5474
66.285 41.4889 -0.000792745 -0.00139895 -0.000876664 12.0422
67.2817 41.4889 -0.000606504 1.81298e-05 0.000656156 7.52634
68.2785 41.4889 0.000471731 -0.000256988 -0.000344537 6.02108
69.2753 41.4889 0.00031073 0.00101794 0.0015502 9.03161
70.272 41.4889 -0.000608812 0.000918821 0.000286478 15.5544
71.2688 41.4889 0.000954071 -6.78397e-05 0.000715204 11.0386
72.2656 41.4889 -7.12253e-06 -0.00112764 0.000162116 7.52634
73.2623 41.4889 0.00141995 0.000912232 0.00126905 14.5509
74.2591 41.4889 0.000134512 -0.000773175 -0.000166864 10.5369
75.2559 41.4889 -0.000951764 -0.000299202 -7.82904e-05 7.52634
76.2526 41.4889 -0.000381843 0.000332409 -0.000688571 9.53337
77.2494 41.4889 -0.000181662 -0.000478905 0.000119212 7.02459
78.2462 41.4889 -0.000808867 -4.84238e-06 -0.000172103 18.0632
79.2429 41.4889 -0.000866495 0.000230893 0.00129753 10.0351
80.2397 41.4889 -0.000468065 6.12027e-05 -0.000849404 10.0351
81.2365 41.4889 0.000415087 -0.00019802 -8.68653e-05 18.0632
82.2332 41.4889 -0.000583267 0.000786909 -0.00011399 12.5439
0.498383 42.4886 -0.000723097 -0.000457097 -0.000543101 15.0527
1.49515 42.4886 -0.000497651 -0.000619924 0.000837389 11.0386
2.49192 42.4886 -0.000226271 0.000814042 -0.00011167 20.0703
3.48868 42.4886 -0.000444947 0.00162719 0.00084062 15.5544
4.48545 42.4886 0.000152538 -0.000873819 0.000222455 7.52634
5.48221 42.4886 0.00122405 -0.000754139 -0.000451918 9.53337
6.47898 42.4886 -6.02299e-05 -0.000838865 -0.000914456 6.52283
7.47575 42.4886 -0.000567459 0.000189946 -8.6106e-05 10.5369
8.47251 42.4886 -5.39649e-05 -0.00047428 -0.000307958 18.565
9.46928 42.4886 -0.000727898 0.00121784 -0.00138342 7.02459
10.466 42.4886 0.000294661 -0.000226337 0.000505877 18.0632
11.4628 42.4886 0.000330827 -0.000243313 0.000572923 19.0667
12.4596 42.4886 0.000405632 0.000234481 -0.000717616 8.0281
13.4563 42.4886 -0.00132803 -0.000990928 0.00134546 6.52283
14.4531 42.4886 0.00135936 0.000181851 -0.00109876 5.01756
15.4499 42.4886 -0.00125724 -0.000663528 3.38855e-05 12.0422
16.4466 42.4886 0.000553325 -0.000298949 -6.46524e-05 18.565
17.4434 42.4886 1.59663e-05 0.000130545 -0.000136859 9.53337
18.4402 42.4886 0.00063978 0.000722231 -0.00101586 11.5404
19.4369 42.4886 0.000521663 -0.000431939 0.000127157 22.0773
20.4337 42.4886 0.00102473 0.000222666 0.00027943 7.02459
21.4305 42.4886 0.00102059 0.00151662 -0.000640926 7.02459
22.4272 42.4886 4.50271e-05 -0.000217583 0.000289344 7.52634
23.424 42.4886 -3.0372e-05 -0.000439086 8.37528e-05 6.52283
24.4208 42.4886 0.00130402 -0.000233774 0.000810144 17.0597
25.4175 42.4886 0.000866304 0.000111703 0.000165528 12.0422
26.4143 42.4886 -0.000401802 0.00086829 -0.000330677 5.01756
27.4111 42.4886 -5.09553e-05 9.53866e-05 -0.000177922 22.579
28.4078 42.4886 0.00072744 7.34626e-05 -0.000197907 13.5474
29.4046 42.4886 0.00101697 -0.000551993 9.67106e-05 7.02459
30.4014 42.4886 -0.000674404 0.000726972 0.000111075 6.02108
31.3981 42.4886 0.00107895 0.000579638 0.00116351 5.51932
32.3949 42.4886 0.000200364 0.000302958 0.000685337 11.5404
33.3917 42.4886 -0.00070709 -0.000605151 -0.000176815 19.0667
34.3884 42.4886 -0.000172301 -0.000323218 -0.000272908 8.52986
35.3852 42.4886 0.000268254 0.00048556 -0.00051867 17.5615
36.382 42.4886 0.000792695 3.55292e-05 -0.000313032 16.0562
37.3787 42.4886 0.000450305 0.00130486 0.000765547 7.02459
38.3755 42.4886 0.000104315 0.00104418 0.000846421 6.52283
39.3723 42.4886 -4.54625e-05 -0.000102708 -0.000416747 8.0281
40.369 42.4886 0.00026742 0.000439832 0.000805707 8.52986
41.3658 42.4886 0.000154067 -0.000401 0.00129205 19.0667
42.3626 42.4886 -0.00029839 0.000474505 -0.00011919 12.5439
43.3593 42.4886 0.000132308 -0.000483563 0.000108941 13.5474
44.3561 42.4886 0.00104068 0.000225436 -0.000451042 21.5755
45.3529 42.4886 -0.000614836 -0.000411009 0.000270266 7.02459
46.3496 42.4886 -0.00149947 0.00014405 -0.00187529 7.02459
47.3464 42.4886 0.00111234 -0.00114185 -1.46118e-05 8.52986
48.3432 42.4886 -0.00137952 -0.00048183 -0.000403863 6.52283
49.3399 42.4886 0.000506152 -0.000538633 -0.000296211 19.5685
50.3367 42.4886 9.56672e-05 -2.80504e-05 -0.000190794 14.5509
51.3335 42.4886 0.0017343 -0.000895605 0.000377915 11.5404
52.3302 42.4886 -0.000427056 0.000264457 -0.000474602 22.0773
53.327 42.4886 -9.71213e-05 -0.00089311 0.000744261 13.5474
54.3238 42.4886 -8.26205e-05 -5.21262e-06 0.00156118 6.52283
55.3205 42.4886 -0.000201069 -0.000822853 1.29419e-05 10.5369
56.3173 42.4886 0.000137755 -0.00023788 -0.000350106 8.0281
57.3141 42.4886 -6.61156e-05 -0.00065902 -8.49617e-05 16.0562
58.3108 42.4886 -0.000860495 0.000235718 -0.000197799 15.0527
59.3076 42.4886 0.000919367 0.000408976 0.00121929 9.03161
60.3044 42.4886 -0.000263571 0.000148201 -0.000146673 19.5685
61.3011 42.4886 0.000594739 -0.000783403 -0.000655573 11.5404
62.2979 42.4886 -0.000328035 -7.524e-06 0.000154033 7.52634
63.2947 42.4886 0.000518467 0.000857198 -0.000208952 6.02108
64.2914 42.4886 1.21524e-05 0.000323125 -0.000336095 9.03161
65.2882 42.4886 0.000619765 0.000663559 -0.000488477 10.0351
66.285 42.4886 0.000926471 0.000152725 0.000117659 18.0632
67.2817 42.4886 0.00108127 2.49339e-05 0.000151358 10.5369
68.2785 42.4886 -0.000366104 -0.000142783 -0.00115638 17.0597
69.2753 42.4886 -0.000396886 0.000450169 -0.000254112 18.0632
70.272 42.4886 -0.000241488 -0.000874164 -0.00117797 9.03161
71.2688 42.4886 -0.00143902 0.000752912 -1.25377e-05 8.0281
72.2656 42.4886 0.000719331 -0.000209527 -0.000139875 7.02459
73.2623 42.4886 0.00142562 0.000471259 0.000415254 11.0386
74.2591 42.4886 -0.00053672 -0.000246477 -8.66436e-05 16.0562
75.2559 42.4886 7.21867e-05 0.000622764 0.00110406 12.0422
76.2526 42.4886 -0.00159552 0.000198461 -0.000435483 12.5439
77.2494 42.4886 3.84713e-05 -0.000556896 -0.000549697 19.5685
78.2462 42.4886 -0.000925905 0.000117173 0.0010854 10.5369
79.2429 42.4886 0.000952047 0.000186745 0.000498125 9.03161
80.2397 42.4886 0.00218488 0.00169064 -0.0020983 4.01405
81.2365 42.4886 0.000410352 0.000814846 -0.000733555 7.52634
82.2332 42.4886 -0.000619195 0.00033722 0.00067952 16.0562
0.498383 43.4884 0.000249208 -0.00130842 0.000799218 15.0527
1.49515 43.4884 0.000358773 -0.000146034 -0.000122866 10.0351
2.49192 43.4884 0.000128798 9.28901e-05 3.85374e-05 18.565
3.48868 43.4884 -0.000569731 -8.44904e-05 0.000193152 12.0422
4.48545 43.4884 0.000193039 8.9346e-05 0.000157324 5.51932
5.48221 43.4884 0.00228333 -0.00198212 -0.0007899 9.53337
6.47898 43.4884 0.000477373 6.64935e-05 -0.00195297 7.02459
7.47575 43.4884 -0.00150133 0.000181775 0.00119905 15.0527
8.47251 43.4884 0.000526159 0.00122089 7.77903e-05 18.0632
9.46928 43.4884 -0.000902628 -0.000103084 0.000588086 10.0351
10.466 43.4884 -0.000113061 -0.000767588 -0.000285587 13.5474
11.4628 43.4884 -0.000891995 -7.89014e-05 0.000536767 18.0632
12.4596 43.4884 -0.00158045 -0.000984576 8.23157e-05 7.52634
13.4563 43.4884 0.000653308 0.00111293 -0.000641177 8.52986
14.4531 43.4884 -0.000890665 0.000855737 -0.000566373 10.5369
15.4499 43.4884 -0.00145392 -0.000432348 -0.000140772 8.0281
16.4466 43.4884 0.000639827 0.000145816 -0.000832178 19.5685
17.4434 43.4884 0.000318768 0.000152129 0.00052934 13.0457
18.4402 43.4884 0.000392004 0.000230576 -0.000544875 14.5509
19.4369 43.4884 -0.000282196 -0.000112263 -0.000771934 20.572
20.4337 43.4884 0.000754479 -0.000217903 0.000624455 11.5404
21.4305 43.4884 0.00118012 0.000408825 0.000116962 8.52986
22.4272 43.4884 0.000773773 8.68622e-05 -0.000542323 5.51932
23.424 43.4884 0.000361622 -0.00102931 0.000359238 11.5404
24.4208 43.4884 -2.79434e-05 0.000717617 -0.000334402 15.0527
25.4175 43.4884 -0.00015856 1.31772e-05 0.000866565 18.0632
26.4143 43.4884 -0.000134713 -0.000235942 0.000271488 14.0492
27.4111 43.4884 -0.000230287 -5.53734e-05 -0.000805821 13.5474
28.4078 43.4884 0.000391207 -0.000290419 0.000172488 12.5439
29.4046 43.4884 -0.000139615 0.000760341 0.0010362 7.52634
30.4014 43.4884 -6.66452e-05 -0.00105322 -2.05643e-05 8.52986
31.3981 43.4884 -0.000802436 0.000123781 6.09172e-05 9.53337
32.3949 43.4884 0.000409955 0.00070152 -0.000658617 15.5544
33.3917 43.4884 -0.000346786 -0.000515572 -7.34074e-05 16.0562
34.3884 43.4884 0.000888313 -0.000725198 0.000488969 8.0281
35.3852 43.4884 2.84732e-05 9.74069e-05 -0.000284787 20.0703
36.382 43.4884 -0.000271007 0.000920574 -0.000707091 15.0527
37.3787 43.4884 0.000147211 -0.000364967 -0.00181086 6.52283
38.3755 43.4884 0.000691493 0.000813032 -0.000584893 8.52986
39.3723 43.4884 -0.000112136 6.34625e-07 -0.000781614 8.0281
40.369 43.4884 -0.000226985 0.000134598 0.00107886 11.0386
41.3658 43.4884 0.000300972 -0.000444914 0.000839793 17.0597
42.3626 43.4884 0.00139535 0.000204925 -1.67356e-05 7.52634
43.3593 43.4884 0.000949539 0.000286175 5.44759e-05 14.0492
44.3561 43.4884 0.000871018 0.000304995 0.000686743 17.0597
45.3529 43.4884 3.86501e-05 -1.07777e-05 0.000524351 11.0386
46.3496 43.4884 0.00125141 0.000622886 0.000378552 4.51581
47.3464 43.4884 0.000512541 0.00139674 -0.00237111 6.52283
48.3432 43.4884 -0.000878541 -0.00023207 -0.000164312 11.0386
49.3399 43.4884 0.000457723 -0.00020848 0.000854715 16.0562
50.3367 43.4884 0.00104742 0.000440057 -0.000599303 14.5509
51.3335 43.4884 7.1437e-05 -0.000716265 0.00044181 9.53337
52.3302 43.4884 0.000807766 1.20974e-05 0.000707711 20.572
53.327 43.4884 0.00124257 0.000365955 0.00136656 10.0351
54.3238 43.4884 0.000117154 -0.000347767 -4.03896e-05 7.02459
55.3205 43.4884 0.000954517 0.000451804 -8.25555e-05 5.51932
56.3173 43.4884 0.000513349 0.000500013 0.000451592 9.03161
57.3141 43.4884 0.000911559 0.00027204 -0.000531418 14.5509
58.3108 43.4884 -0.000333984 0.000442363 -0.000119409 15.0527
59.3076 43.4884 -5.45723e-05 0.000476732 0.00156356 10.0351
60.3044 43.4884 -4.51407e-05 8.98231e-05 0.00092602 21.5755
61.3011 43.4884 0.000108811 -0.000650311 0.000216361 13.5474
62.2979 43.4884 0.000390153 0.000785712 -0.000422379 6.52283
63.2947 43.4884 -0.00134212 0.00150557 0.000971282 5.01756
64.2914 43.4884 5.00469e-06 -1.88e-05 -0.000192483 8.0281
65.2882 43.4884 -0.000806004 -0.000997567 0.000682424 14.5509
66.285 43.4884 -0.000247156 -7.81686e-05 -0.000801489 18.0632
67.2817 43.4884 -0.00041466 -0.000414205 -0.000309304 9.53337
68.2785 43.4884 -0.000153155 -0.000243232 0.000423619 16.558
69.2753 43.4884 8.17827e-05 0.000327646 5.72681e-05 17.0597
70.272 43.4884 -0.0011214 -0.00156416 0.00188166 8.52986
71.2688 43.4884 -0.00119211 0.000681515 -0.00105497 5.01756
72.2656 43.4884 0.000227428 0.000281404 -0.000486131 7.52634
73.2623 43.4884 -3.53168e-06 0.000970453 0.000344796 11.0386
74.2591 43.4884 -0.000570598 -0.000216734 -0.000370214 16.0562
75.2559 43.4884 0.000373312 0.000430645 -0.00146558 12.0422
76.2526 43.4884 -0.000335564 0.000422509 0.0005724 8.0281
77.2494 43.4884 -0.000883739 -2.76991e-05 -8.04516e-05 22.579
78.2462 43.4884 -0.000190932 0.000461545 -0.000287775 9.53337
79.2429 43.4884 8.17858e-05 -0.000143039 0.00119177 9.03161
80.2397 43.4884 -0.0012728 0.00129751 0.000149651 6.52283
81.2365 43.4884 -0.000201206 0.00155524 -0.00080752 6.52283
82.2332 43.4884 0.000302914 -6.55966e-05 -0.000355022 19.5685
0.498383 44.4881 3.98059e-05 -0.000247067 -0.000111058 7.52634
1.49515 44.4881 -0.00211418 0.00210499 -0.000894487 6.52283
2.49192 44.4881 -0.000837595 0.00125151 -0.000664636 6.52283
3.48868 44.4881 -0.000519613 -0.000623757 -0.000888582 13.0457
4.48545 44.4881 0.00100993 0.00137238 -0.000152413 9.03161
5.48221 44.4881 -0.000386383 0.000712833 0.00073356 10.5369
6.47898 44.4881 -0.000307305 0.000740031 0.00047895 12.0422
7.47575 44.4881 -0.000558126 -0.000242098 -0.000600292 13.5474
8.47251 44.4881 -0.00163726 0.000618111 0.000680654 11.0386
9.46928 44.4881 -0.000132774 -0.000235289 -3.72771e-05 6.02108
10.466 44.4881 0.0014141 -0.0012651 -0.000694557 5.51932
11.4628 44.4881 1.43222e-05 0.00057484 -0.000548583 17.5615
12.4596 44.4881 -0.000447658 0.000304969 -0.00101414 14.5509
13.4563 44.4881 -0.000752342 -0.000288277 0.000219156 9.53337
14.4531 44.4881 -0.00116471 -0.000327287 0.000101044 9.53337
15.4499 44.4881 0.00087639 6.91053e-05 -0.000698819 14.5509
16.4466 44.4881 -0.000359302 0.000829382 -0.00179255 10.0351
17.4434 44.4881 0.000949785 -0.000339245 0.00115782 7.52634
18.4402 44.4881 0.000662618 0.00102672 -0.000189628 7.52634
19.4369 44.4881 -0.000913233 -0.000221139 0.000398503 6.02108
20.4337 44.4881 0.00147852 0.000687002 0.000848243 11.5404
21.4305 44.4881 0.000422983 -0.00116054 -0.000643521 9.53337
22.4272 44.4881 0.00121824 0.000715248 0.000299428 8.52986
23.424 44.4881 -0.00105779 -3.7688e-05 -0.000911847 14.5509
24.4208 44.4881 -0.000782918 -0.000221977 0.000948523 6.02108
25.4175 44.4881 -0.00235868 -0.00136629 -0.00061521 7.02459
26.4143 44.4881 0.000106576 -2.18103e-05 -0.000470089 9.53337
27.4111 44.4881 0.000917376 0.000122885 -0.000508978 9.03161
28.4078 44.4881 -0.000116264 -0.000716892 0.000865167 13.5474
29.4046 44.4881 1.59651e-05 0.000689393 0.000257537 14.5509
30.4014 44.4881 0.000644741 -0.00137596 -0.000608001 9.03161
31.3981 44.4881 -0.000681603 -0.000810182 -0.00119154 12.0422
32.3949 44.4881 -0.000369258 -0.000473277 -0.000781796 12.0422
33.3917 44.4881 -0.000608749 0.00133767 -0.00198751 10.0351
34.3884 44.4881 0.00105705 0.000515724 -0.00028373 9.03161
35.3852 44.4881 0.00138535 -0.00087036 -0.000877671 7.52634
36.382 44.4881 -0.00124633 -0.000319834 -0.000848884 9.53337
37.3787 44.4881 8.9249e-05 -0.000159012 0.00183632 13.5474
38.3755 44.4881 0.000765772 -0.000478251 0.000777206 11.0386
39.3723 44.4881 -7.72763e-05 0.000397911 -0.000468513 7.52634
40.369 44.4881 0.000512631 -0.000513771 0.000956545 16.0562
41.3658 44.4881 0.000321672 0.000210707 0.000158537 16.558
42.3626 44.4881 -2.52858e-05 -0.00102769 0.000154121 6.52283
43.3593 44.4881 -0.00105901 -0.000424547 5.22618e-05 8.0281
44.3561 44.4881 -0.000407746 0.000795625 -0.000202409 9.03161
45.3529 44.4881 -0.000410834 0.000738702 0.00011342 8.52986
46.3496 44.4881 0.000386117 -0.00161025 7.59433e-05 14.0492
47.3464 44.4881 -0.000750485 0.000231298 -2.556e-05 9.03161
48.3432 44.4881 -0.000597392 -0.000304592 0.000363513 9.03161
49.3399 44.4881 -9.73342e-06 -0.000154115 -0.00137197 12.0422
50.3367 44.4881 -0.000156922 0.000441092 0.000339513 6.02108
51.3335 44.4881 -4.83301e-05 0.000108295 4.27785e-05 10.0351
52.3302 44.4881 0.0002797 -1.92461e-05 -0.000837514 9.03161
53.327 44.4881 -0.000669334 0.00128092 0.000930792 14.5509
54.3238 44.4881 -0.000277484 0.000448435 -0.000303373 12.5439
55.3205 44.4881 0.00048499 0.000621439 -0.00023338 9.03161
56.3173 44.4881 0.000502538 -0.000282641 -0.000136671 11.5404
57.3141 44.4881 -0.000240161 0.000464068 -0.000102815 11.5404
58.3108 44.4881 -0.000126619 0.000881919 0.000449036 8.0281
59.3076 44.4881 0.000754108 -0.00112097 -0.000653408 9.03161
60.3044 44.4881 -0.000117396 -0.000404806 -0.000204336 9.53337
61.3011 44.4881 -0.000296279 -0.000795941 0.000609358 14.0492
62.2979 44.4881 0.000724733 -0.000784813 0.00102355 9.03161
63.2947 44.4881 -0.000918371 0.000156582 -0.000871989 12.5439
64.2914 44.4881 -0.000238935 0.000152023 0.00128897 9.53337
65.2882 44.4881 -0.000950876 4.95557e-05 -0.000126212 15.5544
66.285 44.4881 -0.00117526 3.94442e-05 0.000109434 9.53337
67.2817 44.4881 -0.000425475 0.00133121 0.000214398 7.52634
68.2785 44.4881 -0.000477398 -0.000991108 1.87383e-05 7.52634
69.2753 44.4881 -0.000566035 -8.28117e-05 0.00110665 10.0351
70.272 44.4881 -3.8453e-05 0.00066861 -0.000264431 12.5439
71.2688 44.4881 -0.000348103 0.000513412 7.29689e-07 13.5474
72.2656 44.4881 -0.000567282 -0.00013535 0.000861854 11.5404
73.2623 44.4881 0.000679595 -0.000523538 -0.000179221 12.0422
74.2591 44.4881 -0.00127313 0.000711838 0.00158243 10.0351
75.2559 44.4881 0.000181607 -0.000973097 -0.00158628 10.0351
76.2526 44.4881 0.00117062 -1.94501e-05 0.000301526 6.02108
77.2494 44.4881 0.00116583 -0.000160059 -0.000696418 10.5369
78.2462 44.4881 -0.000800002 -0.000151206 -8.87219e-05 8.0281
79.2429 44.4881 0.000183138 0.000879106 -0.000787461 10.0351
80.2397 44.4881 6.01814e-05 0.000499267 0.000522045 8.0281
81.2365 44.4881 -0.000633494 3.01443e-05 -0.000723322 15.5544
82.2332 44.4881 0.000342482 0.00149766 -0.00309854 7.02459
0.498383 45.4878 0.00115743 -0.000779701 0.0016162 6.52283
1.49515 45.4878 0.000829177 0.000512513 -5.35225e-05 9.53337
2.49192 45.4878 -0.000111364 0.000274409 0.000307246 10.5369
3.48868 45.4878 0.000760162 0.000665991 0.000435498 15.0527
4.48545 45.4878 0.000156047 -0.000318565 0.000356509 24.5861
5.48221 45.4878 -0.000307775 -0.000378218 0.000239259 9.03161
6.47898 45.4878 -5.3601e-05 -2.05111e-05 -5.06573e-05 16.0562
7.47575 45.4878 -0.00019228 8.81217e-05 -4.894e-05 21.5755
8.47251 45.4878 -0.000125225 -0.000470264 0.00131484 8.52986
9.46928 45.4878 0.000351629 -0.000780367 0.000413528 6.52283
10.466 45.4878 -0.00159087 -0.000339551 0.00102222 5.51932
11.4628 45.4878 -0.0003923 0.000618909 3.43326e-05 12.0422
12.4596 45.4878 0.000806671 0.000474464 0.000312544 24.0843
13.4563 45.4878 -0.000241218 -0.000242638 -5.8945e-06 10.5369
14.4531 45.4878 0.000244464 -0.000182349 -1.80091e-05 11.0386
15.4499 45.4878 0.00111441 -0.000345728 -0.000171165 20.572
16.4466 45.4878 8.8282e-06 -0.000212849 6.76829e-05 10.5369
17.4434 45.4878 -0.000650754 0.000504492 -0.000533696 8.52986
18.4402 45.4878 0.000244227 -9.99511e-05 -1.09638e-05 8.52986
19.4369 45.4878 -0.000480732 0.000554181 -0.000547214 12.5439
20.4337 45.4878 -0.000462296 -0.0001301 0.000396927 24.5861
21.4305 45.4878 0.000788694 -0.000427888 0.00016608 16.558
22.4272 45.4878 -2.69933e-05 -2.80991e-05 0.000228227 13.5474
23.424 45.4878 -0.000256142 -0.00121257 0.00037109 23.0808
24.4208 45.4878 0.000538452 -0.000799 0.00110384 13.5474
25.4175 45.4878 -0.000183881 3.91538e-05 0.000377301 7.52634
26.4143 45.4878 4.45022e-06 0.000421938 0.000236032 6.02108
27.4111 45.4878 -0.000410212 -0.00039517 -0.000992308 10.5369
28.4078 45.4878 -0.000246306 0.000327132 -0.00012841 13.0457
29.4046 45.4878 0.000194417 -4.86501e-05 -0.000529994 23.0808
30.4014 45.4878 0.000924124 0.00104457 -0.00102933 9.53337
31.3981 45.4878 1.39753e-05 -0.000103646 -3.32863e-06 23.0808
32.3949 45.4878 0.000341365 0.000133144 1.7346e-05 19.0667
33.3917 45.4878 -0.000363455 0.000566671 0.00126597 7.02459
34.3884 45.4878 3.39615e-06 0.000231144 -0.000324731 6.52283
35.3852 45.4878 -0.000353087 0.000618191 -0.00159669 5.01756
36.382 45.4878 -0.000444156 0.000414779 3.62546e-05 21.0738
37.3787 45.4878 0.000239298 0.000631758 -0.000199418 25.0878
38.3755 45.4878 0.000162014 0.000726103 -0.000975969 8.0281
39.3723 45.4878 0.000275485 -0.000568702 1.48346e-05 18.0632
40.369 45.4878 0.00041817 0.000544922 -0.00127816 18.565
41.3658 45.4878 -5.45676e-05 0.00021663 0.00015148 10.0351
42.3626 45.4878 4.16214e-05 0.000546794 -0.000335211 7.02459
43.3593 45.4878 0.000281736 0.000147687 -0.000674675 6.52283
44.3561 45.4878 -0.000598921 0.00161852 0.000137877 14.5509
45.3529 45.4878 -0.000458651 -3.25375e-05 -0.000579133 23.0808
46.3496 45.4878 -5.60518e-05 -0.000298756 -8.16867e-05 13.0457
47.3464 45.4878 2.87585e-05 0.000194787 0.000637484 13.0457
48.3432 45.4878 -0.000113536 -0.000465332 0.000189678 27.0948
49.3399 45.4878 0.000605173 -0.000569104 0.00064892 13.0457
50.3367 45.4878 -0.000422314 -0.00064181 -0.000420597 9.03161
51.3335 45.4878 0.000273955 0.00138379 -0.00109767 5.01756
52.3302 45.4878 -0.000195825 0.00149592 0.000473754 4.51581
53.327 45.4878 0.000955608 -0.000535994 -0.000648828 18.565
54.3238 45.4878 -0.00134677 0.000320811 -6.78041e-06 17.0597
55.3205 45.4878 -0.000194403 0.00055346 -0.000198164 11.5404
56.3173 45.4878 -0.000222186 -0.000182663 -0.000610145 23.5825
57.3141 45.4878 0.000496438 0.000444865 0.000397496 14.5509
58.3108 45.4878 0.000554543 0.000612495 0.000924426 5.01756
59.3076 45.4878 -0.000167917 -0.000252297 -0.000654055 7.52634
60.3044 45.4878 0.000503757 -0.000266428 -0.000313056 7.02459
61.3011 45.4878 -0.000374136 -0.000251595 0.000528464 15.5544
62.2979 45.4878 6.69473e-05 -0.00102882 0.00078778 23.0808
63.2947 45.4878 -0.000389492 -0.00031334 -0.00108417 12.5439
64.2914 45.4878 -0.00048596 -0.000751977 -0.00046107 15.0527
65.2882 45.4878 -0.000525146 -0.000375892 0.000675954 19.5685
66.285 45.4878 -0.000366991 7.80545e-05 0.000472245 12.0422
67.2817 45.4878 0.00116309 0.000886318 -2.01546e-05 9.03161
68.2785 45.4878 0.000736248 -0.000146598 -0.00187987 6.02108
69.2753 45.4878 -0.000500316 -0.000717973 0.00107612 11.5404
70.272 45.4878 -3.84884e-05 -0.000211419 0.000215556 24.0843
71.2688 45.4878 0.000263186 -0.000796309 0.000806337 12.5439
72.2656 45.4878 0.000297557 0.000849904 0.00052565 10.5369
73.2623 45.4878 -0.000281107 0.000463264 -0.000992847 22.0773
74.2591 45.4878 0.000792891 0.000480639 -0.00048246 11.0386
75.2559 45.4878 0.000227336 0.000453261 0.000314397 8.52986
76.2526 45.4878 0.00019622 0.000816927 0.000879291 9.53337
77.2494 45.4878 0.000239504 -2.96891e-05 -0.000551224 9.03161
78.2462 45.4878 -9.05293e-06 0.000129084 -0.000656224 25.5896
79.2429 45.4878 -0.000621031 0.000956511 0.000569476 18.0632
80.2397 45.4878 0.000698724 0.000577845 -0.000750466 10.5369
81.2365 45.4878 -0.000144615 0.0011818 0.00120008 27.5966
82.2332 45.4878 -0.000481895 0.000138823 -0.000838844 18.565
0.498383 46.4876 0.000179301 -0.000584913 -0.00120625 11.0386
1.49515 46.4876 -0.000808656 -0.000493108 -0.000811301 6.52283
2.49192 46.4876 -0.000999363 -0.000326266 0.000172422 13.0457
3.48868 46.4876 -0.00038432 0.000748292 0.00055493 8.0281
4.48545 46.4876 4.644e-05 -0.000138575 0.000261618 11.5404
5.48221 46.4876 -0.000415048 0.00113805 -0.000550031 6.02108
6.47898 46.4876 0.000344261 -0.000183186 -0.000987029 12.5439
7.47575 46.4876 0.00136348 -5.36407e-06 -0.000102056 7.52634
8.47251 46.4876 -0.000200605 -0.00045437 4.43705e-05 11.5404
9.46928 46.4876 -0.000476811 -0.00202795 0.000807119 10.0351
10.466 46.4876 -4.1121e-05 -0.000853784 -0.00268963 8.52986
11.4628 46.4876 -7.80473e-05 -0.00111491 -0.000739103 8.52986
12.4596 46.4876 0.000306182 0.000299143 0.000206467 9.53337
13.4563 46.4876 0.000262067 0.000792809 -0.00146961 9.53337
14.4531 46.4876 0.000909621 0.000599492 0.000203946 8.52986
15.4499 46.4876 0.000628773 0.000877162 0.0010828 12.5439
16.4466 46.4876 -0.000348498 -0.000350462 2.09333e-06 10.5369
17.4434 46.4876 0.00133107 0.00184369 0.0012745 8.0281
18.4402 46.4876 -0.000453416 0.000863207 -0.000600654 10.5369
19.4369 46.4876 0.00190522 0.000383722 0.00202702 6.52283
20.4337 46.4876 -0.00044009 -3.93843e-05 9.12791e-05 7.52634
21.4305 46.4876 -0.000109969 0.000685398 4.74854e-06 6.52283
22.4272 46.4876 0.000689596 5.16722e-05 0.000499978 8.52986
23.424 46.4876 0.000172527 1.30599e-05 4.84958e-05 10.5369
24.4208 46.4876 -9.05403e-05 -0.000511074 -2.07375e-05 11.5404
25.4175 46.4876 -9.7791e-05 -0.00087067 -0.000784256 10.5369
26.4143 46.4876 0.0016773 -0.00174735 0.00035455 5.01756
27.4111 46.4876 -0.00135338 -4.53662e-05 0.00075576 11.0386
28.4078 46.4876 -0.00056908 -0.000291726 -4.59051e-05 10.0351
29.4046 46.4876 0.0005778 0.000106283 -0.000528356 11.5404
30.4014 46.4876 0.00101581 -8.61645e-05 -0.000195728 8.52986
31.3981 46.4876 -0.00140002 -0.000390392 0.00145292 8.0281
32.3949 46.4876 -0.000761927 0.00125908 0.000721197 8.52986
33.3917 46.4876 0.000264347 -0.000207971 -0.00119563 10.5369
34.3884 46.4876 -0.000717684 -0.000943697 0.000881621 5.51932
35.3852 46.4876 -0.00114734 0.00125557 -0.000565976 11.5404
36.382 46.4876 -0.000797115 -0.000805551 -0.000310741 11.5404
37.3787 46.4876 9.99971e-05 -1.40242e-05 -0.000167817 10.0351
38.3755 46.4876 -0.00157001 0.00125335 0.000207696 6.52283
39.3723 46.4876 0.000570298 2.02891e-05 -0.00094208 14.5509
40.369 46.4876 -8.55862e-05 0.000837475 -0.000148841 9.53337
41.3658 46.4876 0.00022032 0.000616186 1.79645e-05 11.0386
42.3626 46.4876 4.01972e-05 0.000856045 -0.00113224 7.52634
43.3593 46.4876 0.000450639 0.000332743 0.000179902 9.53337
44.3561 46.4876 0.0007762 -0.000607657 0.000204529 8.0281
45.3529 46.4876 -0.00113847 -0.00148653 -0.000144444 10.0351
46.3496 46.4876 -0.000250563 0.0012174 -0.000308835 9.03161
47.3464 46.4876 0.000298886 -0.00017958 0.000886831 7.02459
48.3432 46.4876 0.00111731 0.000985171 0.000326099 10.5369
49.3399 46.4876 0.00174284 -0.000254424 -0.000200259 9.03161
50.3367 46.4876 2.48525e-05 0.000885854 -0.00108286 12.0422
51.3335 46.4876 0.00108629 -0.000727056 0.00132041 5.01756
52.3302 46.4876 0.000483839 -0.000498537 0.000808108 10.0351
53.327 46.4876 0.00073735 -0.0008231 -0.000225865 12.5439
54.3238 46.4876 -0.000177277 -0.000779309 0.00176298 8.52986
55.3205 46.4876 0.000358987 0.000844007 -0.00011279 10.5369
56.3173 46.4876 -0.00176221 -0.000996861 -0.000876917 8.0281
57.3141 46.4876 0.000652362 -0.00105035 0.00157965 11.5404
58.3108 46.4876 0.000158781 0.000437726 0.000967205 8.0281
59.3076 46.4876 0.000958089 0.000104655 -0.000351807 12.5439
60.3044 46.4876 -0.000718604 -0.00172842 0.000219514 5.51932
61.3011 46.4876 0.000207525 5.75147e-05 -0.000224054 11.5404
62.2979 46.4876 -0.00095693 -0.000407178 -0.000330711 14.5509
63.2947 46.4876 0.000194976 6.46278e-05 0.000439689 7.02459
64.2914 46.4876 -0.000437855 0.000650894 0.000141203 8.52986
65.2882 46.4876 -0.0010484 0.000594321 -0.000454052 7.52634
66.285 46.4876 0.000189819 2.2397e-05 -0.000581338 12.0422
67.2817 46.4876 0.000884979 -0.00142407 0.000322121 9.53337
68.2785 46.4876 0.000406082 0.000493798 -0.000268819 8.52986
69.2753 46.4876 0.000236657 -0.000984819 -0.000150519 12.0422
70.272 46.4876 -0.000185135 -0.000255715 -0.00118008 14.5509
71.2688 46.4876 0.000170274 0.00187725 0.000480829 9.53337
72.2656 46.4876 0.000823054 -0.000180229 -0.000342902 9.53337
73.2623 46.4876 0.00107333 0.00140428 0.000674044 15.0527
74.2591 46.4876 -0.000647952 2.66644e-05 5.5094e-05 12.5439
75.2559 46.4876 -0.00259355 3.0421e-05 -0.000773431 4.51581
76.2526 46.4876 -0.000429458 4.68586e-05 0.000191733 7.02459
77.2494 46.4876 0.00130991 -0.000211702 0.000107068 10.5369
78.2462 46.4876 0.000629011 0.000288768 -0.00184144 10.5369
79.2429 46.4876 0.000137341 -0.000733347 0.000549521 9.53337
80.2397 46.4876 -0.000327257 -0.000290067 -0.00106073 8.52986
81.2365 46.4876 0.000299176 -0.000803156 -9.62171e-05 8.52986
82.2332 46.4876 -0.00138606 -0.000259862 0.00129103 7.02459
0.498383 47.4873 0.000502545 -0.000358851 -0.00015392 17.0597
1.49515 47.4873 -0.000282771 0.000493865 0.000923443 12.0422
2.49192 47.4873 0.000147757 0.000189268 0.000107156 19.5685
3.48868 47.4873 4.08433e-06 -0.000176359 0.000628599 12.0422
4.48545 47.4873 0.000784495 -2.75916e-05 -0.00087229 9.03161
5.48221 47.4873 0.00100323 0.000692265 0.00177362 6.52283
6.47898 47.4873 -0.000148478 0.00130159 0.000195961 8.0281
7.47575 47.4873 0.000519733 -0.000213724 -0.000640209 13.0457
8.47251 47.4873 0.000103666 -0.000430657 0.000606697 22.579
9.46928 47.4873 -0.000176749 0.000220604 -0.000580094 11.5404
10.466 47.4873 0.000498781 0.000597374 0.000317391 14.0492
11.4628 47.4873 0.000129079 5.53616e-05 0.000606103 20.572
12.4596 47.4873 0.000155567 0.0014745 0.000606128 9.53337
13.4563 47.4873 -0.00051031 0.00160949 5.61745e-05 9.03161
14.4531 47.4873 -0.0011619 0.000392088 -0.0022743 5.01756
15.4499 47.4873 0.000277876 -0.000534376 0.000701955 8.0281
16.4466 47.4873 -0.000201094 0.000805366 -0.000125101 23.0808
17.4434 47.4873 -0.000327196 0.000134354 -0.000829752 13.5474
18.4402 47.4873 0.000101965 -0.000185737 -0.000811442 15.0527
19.4369 47.4873 0.000252027 0.000401335 -1.37845e-05 24.5861
20.4337 47.4873 0.000514328 4.25433e-05 -0.00180651 12.5439
21.4305 47.4873 0.000997332 -0.000520745 -0.00111721 6.52283
22.4272 47.4873 -0.00107514 0.00116957 -0.00170719 9.03161
23.424 47.4873 -0.00232545 0.00223417 0.000277184 5.01756
24.4208 47.4873 -7.42239e-05 -0.000621511 -0.00144188 14.5509
25.4175 47.4873 0.000849971 -0.00135426 0.000193394 19.5685
26.4143 47.4873 -3.15536e-05 0.00097371 -0.000127208 10.0351
27.4111 47.4873 0.000150038 -0.00101521 0.000128115 20.572
28.4078 47.4873 0.00120781 -0.000115353 -0.00113665 9.53337
29.4046 47.4873 0.000854844 -0.000964952 -0.000139005 9.53337
30.4014 47.4873 -0.000834539 -2.12532e-05 0.000169342 6.52283
31.3981 47.4873 0.000510593 0.000158644 -0.000210127 7.52634
32.3949 47.4873 -0.000311466 -0.000143997 0.000249868 16.0562
33.3917 47.4873 0.000337058 -0.000297764 -0.000646183 23.0808
34.3884 47.4873 -0.000498482 0.000196024 0.000554189 8.0281
35.3852 47.4873 0.000109296 0.000302194 0.00104786 16.558
36.382 47.4873 9.17139e-05 0.00101538 -0.000426967 14.5509
37.3787 47.4873 -0.00016618 -0.00127138 0.000692518 10.5369
38.3755 47.4873 -0.000862303 0.000515505 -0.000743699 4.01405
39.3723 47.4873 0.000805846 0.000520169 -0.000245743 7.02459
40.369 47.4873 0.000634582 0.000834549 0.000233396 12.0422
41.3658 47.4873 -0.000144814 -0.00132719 -0.000278512 17.5615
42.3626 47.4873 -0.000139959 0.000263121 -0.000282586 11.5404
43.3593 47.4873 -0.000145343 -2.83144e-05 0.000152278 15.5544
44.3561 47.4873 0.000144153 -0.000456169 0.000201678 25.0878
45.3529 47.4873 0.000683103 0.00110243 0.000132367 11.0386
46.3496 47.4873 -0.00134329 8.21249e-05 0.0015771 7.02459
47.3464 47.4873 0.000929112 0.000711593 -0.000457593 6.02108
48.3432 47.4873 -4.44248e-05 0.000430141 0.000181256 9.53337
49.3399 47.4873 -0.00044379 -0.000365755 0.0002331 22.579
50.3367 47.4873 -0.00132386 -0.000193679 0.00011074 17.5615
51.3335 47.4873 0.000918566 -7.90425e-05 0.000594549 10.5369
52.3302 47.4873 -0.000297771 0.000240824 0.000265927 16.558
53.327 47.4873 -0.000454168 0.000661316 -0.000680755 12.0422
54.3238 47.4873 -0.000124976 5.14279e-05 -0.000586106 12.5439
55.3205 47.4873 -0.00215846 0.00177981 -0.000896083 8.52986
56.3173 47.4873 -0.000645077 0.00118819 0.00217169 8.52986
57.3141 47.4873 -0.000376049 0.0010771 -0.000135369 13.0457
58.3108 47.4873 -0.000211007 0.000105383 -0.000117676 23.0808
59.3076 47.4873 0.000187961 0.000620034 -0.000516203 11.0386
60.3044 47.4873 0.000475793 -0.000234364 -0.000204545 17.5615
61.3011 47.4873 -0.00094225 0.000968016 0.000247437 13.5474
62.2979 47.4873 -0.000409493 -0.00108174 -0.0015835 9.03161
63.2947 47.4873 0.000817072 0.000201704 -0.000473216 9.53337
64.2914 47.4873 0.00058472 2.24271e-05 6.80389e-06 8.0281
65.2882 47.4873 -0.000946456 -0.00105523 -1.68483e-05 9.03161
66.285 47.4873 -0.000194191 0.000447585 -3.61394e-05 25.0878
67.2817 47.4873 0.000256889 0.000574529 -0.00161772 10.5369
68.2785 47.4873 -0.00041607 -0.00106025 -0.000793562 16.0562
69.2753 47.4873 0.00102309 -0.000208745 -0.00133811 18.565
70.272 47.4873 -0.00203887 -0.000706389 -9.31235e-05 8.52986
71.2688 47.4873 -0.000400528 -5.23711e-05 -0.000573441 5.01756
72.2656 47.4873 0.00106245 -0.000876296 0.000767592 5.51932
73.2623 47.4873 0.000171718 6.85356e-05 0.000448346 10.0351
74.2591 47.4873 -0.000946328 -0.000378987 -0.000224091 17.0597
75.2559 47.4873 0.00031735 -0.000193228 -1.99755e-05 15.5544
76.2526 47.4873 0.00148831 -0.00161181 -0.00132885 7.52634
77.2494 47.4873 1.09788e-05 0.000354734 -2.92862e-05 21.0738
78.2462 47.4873 0.000201644 0.000355741 -0.0010391 13.5474
79.2429 47.4873 -0.000520366 -0.000950867 -0.000826586 5.51932
80.2397 47.4873 -0.00104158 -2.70656e-05 -0.000990348 5.51932
81.2365 47.4873 -0.000666194 -0.000112189 0.000817322 7.02459
82.2332 47.4873 6.85589e-05 0.000502224 -0.00033298 20.0703
0.498383 48.487 -2.1963e-05 0.000295213 -0.00103272 14.5509
1.49515 48.487 0.00104426 0.00140954 0.00033167 7.02459
2.49192 48.487 0.000356401 0.000951807 -0.000462234 15.5544
3.48868 48.487 -6.20668e-05 0.000121249 0.000549197 10.5369
4.48545 48.487 0.000606759 0.0010382 0.0018303 10.0351
5.48221 48.487 -0.000291956 -2.73438e-05 -0.000375462 8.52986
6.47898 48.487 0.00114665 0.000317489 -0.000476069 6.52283
7.47575 48.487 -0.00139858 -0.000344151 -0.000638527 10.0351
8.47251 48.487 0.000272058 0.000530158 -5.77545e-05 17.0597
9.46928 48.487 -0.00042176 -0.00147425 -0.000426486 7.02459
10.466 48.487 0.000185357 0.000111936 0.00163236 11.0386
11.4628 48.487 -0.000231474 2.15646e-05 -0.000102566 18.0632
12.4596 48.487 -0.000216006 1.92198e-05 0.00092582 7.52634
13.4563 48.487 -0.00104109 -0.000316224 -0.000161255 7.02459
14.4531 48.487 0.00123798 -0.000188096 -0.000878402 7.02459
15.4499 48.487 0.000293911 -0.000146719 -0.00071583 8.0281
16.4466 48.487 -0.000515607 -0.00058704 0.000369241 18.565
17.4434 48.487 -0.000200637 -0.000262243 0.00096169 9.03161
18.4402 48.487 0.000530676 0.0007668 0.000485136 9.03161
19.4369 48.487 0.000335972 -0.000230014 0.000901736 18.565
20.4337 48.487 -7.70365e-05 0.000611743 -0.000347362 9.53337
21.4305 48.487 0.000290811 -0.00118912 -0.000643328 4.51581
22.4272 48.487 -0.000154681 -1.48135e-05 -0.000740979 10.0351
23.424 48.487 -0.000530018 -0.000503101 0.000478515 12.0422
24.4208 48.487 -0.000533012 0.000253208 -0.00041917 12.5439
25.4175 48.487 0.000947667 -0.00123108 0.000473822 11.0386
26.4143 48.487 0.000466006 -0.000274931 -0.000209743 11.5404
27.4111 48.487 -1.37026e-05 -0.000357427 -0.000602981 15.5544
28.4078 48.487 0.000244773 0.000451112 4.33755e-05 13.0457
29.4046 48.487 -8.51047e-05 -8.28961e-05 0.000735891 13.0457
30.4014 48.487 -2.0064e-05 -9.25929e-05 0.000587408 8.52986
31.3981 48.487 -0.00107989 0.000670599 -0.000548355 7.02459
32.3949 48.487 -0.00101467 0.000478507 0.000718914 11.0386
33.3917 48.487 -0.000281386 0.000376412 0.000653926 18.0632
34.3884 48.487 -0.00231771 -0.000631943 0.00150223 8.0281
35.3852 48.487 1.38596e-05 0.000903297 0.000712144 12.0422
36.382 48.487 1.37468e-05 -0.000111636 0.000715035 16.0562
37.3787 48.487 0.00111028 0.00011806 0.000638801 12.0422
38.3755 48.487 -8.56962e-05 0.0016107 0.000444208 6.52283
39.3723 48.487 -0.0018293 -0.000803955 0.0017827 7.52634
40.369 48.487 -0.000218552 0.000292096 0.00134159 12.0422
41.3658 48.487 -0.000615683 4.90346e-05 0.000362172 17.0597
42.3626 48.487 -0.000196932 0.000150918 6.15161e-05 9.53337
43.3593 48.487 0.00114199 -0.000363217 0.000104132 9.03161
44.3561 48.487 -0.000617237 -0.000217203 -0.000237799 12.0422
45.3529 48.487 -0.000614701 0.000333976 -0.000602823 6.02108
46.3496 48.487 0.00138968 -0.000480549 -0.0012714 9.53337
47.3464 48.487 0.000837189 -0.000351071 0.000169349 9.03161
48.3432 48.487 0.000155724 0.000360085 0.000625596 8.0281
49.3399 48.487 -0.00101764 0.000988388 7.03045e-05 12.0422
50.3367 48.487 0.00053991 0.000574706 -0.000583435 12.0422
51.3335 48.487 -0.000683253 5.12075e-05 0.000847556 10.5369
52.3302 48.487 -0.00013317 0.000438428 -0.000505906 21.0738
53.327 48.487 0.00133804 -0.000839633 0.000478814 13.0457
54.3238 48.487 -0.00147918 0.00153942 0.00114779 3.01054
55.3205 48.487 -0.00022847 0.000411791 -5.24204e-05 8.0281
56.3173 48.487 -0.000883147 -0.00131319 0.000787292 9.53337
57.3141 48.487 0.000986375 -0.000604903 0.00140146 12.5439
58.3108 48.487 -0.000919846 -0.000444236 -0.000149434 12.5439
59.3076 48.487 4.04623e-05 3.98637e-06 0.000250887 14.5509
60.3044 48.487 -0.000796087 0.000302245 -0.000108565 12.5439
61.3011 48.487 -5.34632e-05 0.000667814 0.0012671 13.5474
62.2979 48.487 -7.62206e-05 -0.000746228 -0.000978134 8.0281
63.2947 48.487 -0.0008293 -5.44841e-05 0.000285968 9.03161
64.2914 48.487 0.000902134 0.00121621 -4.65332e-06 9.53337
65.2882 48.487 -4.62984e-05 -0.000518635 0.0011464 11.0386
66.285 48.487 0.00130048 -0.000420847 0.000272128 14.0492
67.2817 48.487 -0.00184681 0.000809059 -0.000882939 10.0351
68.2785 48.487 0.000521854 0.00047408 -0.00030272 13.0457
69.2753 48.487 1.59966e-05 0.000604188 -0.000415686 13.0457
70.272 48.487 0.00085668 0.00141687 -0.000145056 11.0386
71.2688 48.487 0.000394207 -0.00053755 0.000648129 11.5404
72.2656 48.487 0.00111545 0.000203963 -0.000525233 9.53337
73.2623 48.487 0.000322038 0.000130398 0.000798277 9.53337
74.2591 48.487 0.000542451 -0.000439513 -0.000832135 16.0562
75.2559 48.487 0.000240586 0.000925635 0.000598711 11.5404
76.2526 48.487 0.000555407 -7.3584e-05 -0.000523907 11.0386
77.2494 48.487 -0.00126423 5.99575e-05 0.000833054 16.558
78.2462 48.487 0.000714887 -0.000280417 -0.00039596 14.5509
79.2429 48.487 0.000742624 0.000974675 -9.53662e-05 6.52283
80.2397 48.487 4.57599e-06 0.000274954 -0.000602155 9.53337
81.2365 48.487 0.00224085 0.000523628 0.000912043 8.0281
82.2332 48.487 0.00107829 0.000656107 -0.000875436 15.0527
0.498383 49.4868 -0.00074356 0.000260863 -0.000658079 8.52986
1.49515 49.4868 -0.000774761 0.000404384 0.000282483 8.0281
2.49192 49.4868 0.000238201 7.51192e-05 -0.000572165 13.0457
3.48868 49.4868 -0.00062131 0.000360813 -0.000540402 13.0457
4.48545 49.4868 -0.00098962 -0.00095532 -0.000133631 16.0562
5.48221 49.4868 0.000178401 0.000147064 -0.00024136 12.0422
6.47898 49.4868 -0.000235876 0.00136558 0.000474861 14.0492
7.47575 49.4868 -0.00092187 0.000542827 -0.000565172 13.0457
8.47251 49.4868 0.000482907 0.000180409 -0.000846377 7.02459
9.46928 49.4868 -0.000445513 0.000978227 -0.000800049 5.51932
10.466 49.4868 0.000114731 -0.00134044 -0.00164124 8.0281
11.4628 49.4868 -7.64869e-05 0.000431494 -0.000971739 12.0422
12.4596 49.4868 -0.000304947 0.00114753 -4.09204e-05 13.5474
13.4563 49.4868 -6.46151e-05 -0.000312182 -0.0015704 8.0281
14.4531 49.4868 0.000840571 0.000609624 0.000670091 13.5474
15.4499 49.4868 0.000368155 0.000110788 0.00148151 13.5474
16.4466 49.4868 0.000464252 0.000584567 0.000727248 10.5369
17.4434 49.4868 0.000578714 0.000119906 -0.000772416 9.03161
18.4402 49.4868 -0.00121297 0.000576465 -0.000163048 7.52634
19.4369 49.4868 0.000609298 0.000111334 0.000580636 11.0386
20.4337 49.4868 0.000421994 -0.000702657 0.000801874 12.5439
21.4305 49.4868 0.000107858 6.82932e-05 -0.000676174 13.0457
22.4272 49.4868 -0.000705744 6.91313e-05 -0.000229799 11.5404
23.424 49.4868 -0.000367105 -0.000261316 -0.000583122 16.0562
24.4208 49.4868 -0.00150293 -0.000166908 0.000594149 10.0351
25.4175 49.4868 -0.000351015 -0.000404879 -0.00128772 9.03161
26.4143 49.4868 0.000191448 -0.000673692 -0.00018486 7.52634
27.4111 49.4868 -0.000127454 0.000299171 0.00105762 8.0281
28.4078 49.4868 0.0012129 -0.000204651 -0.000310468 12.0422
29.4046 49.4868 0.000779766 -0.000514299 0.0001216 14.0492
30.4014 49.4868 0.000488383 0.000407439 -0.00121918 11.5404
31.3981 49.4868 -5.62832e-05 -0.000888635 -0.000100864 13.0457
32.3949 49.4868 0.000861388 -0.000594903 -0.000206927 16.558
33.3917 49.4868 -0.000115693 0.00138996 0.000316623 7.02459
34.3884 49.4868 -0.000959578 -0.00161072 -0.000393635 9.03161
35.3852 49.4868 0.0010948 -0.00192002 -0.000329136 5.01756
36.382 49.4868 -0.000454773 0.000350548 2.23955e-05 11.0386
37.3787 49.4868 0.000508211 3.15208e-05 -0.00111738 10.5369
38.3755 49.4868 0.00118821 0.000948337 -0.000298068 12.0422
39.3723 49.4868 0.000481104 0.000751862 -0.000370908 13.0457
40.369 49.4868 0.000312498 0.000813866 -0.000642099 16.558
41.3658 49.4868 0.000475015 0.000111608 0.00220232 11.0386
42.3626 49.4868 -9.15533e-05 -0.000665639 -0.000336178 9.03161
43.3593 49.4868 -0.000444282 -0.00154448 -0.0002992 7.02459
44.3561 49.4868 -2.55925e-05 -0.000250532 -0.000516282 10.5369
45.3529 49.4868 -0.000196362 0.00026433 0.000489238 15.0527
46.3496 49.4868 -0.000472755 -0.000211661 0.000817072 12.5439
47.3464 49.4868 0.000326681 0.000134314 -0.000181577 9.53337
48.3432 49.4868 0.000608444 -0.000365847 -0.00132841 16.0562
49.3399 49.4868 0.000992394 0.000484895 0.000662773 13.0457
50.3367 49.4868 0.00137486 -0.000200731 0.00111479 6.02108
51.3335 49.4868 -0.000547684 -0.00116134 -0.000714678 6.52283
52.3302 49.4868 0.000159128 -1.7939e-06 -0.000692907 10.0351
53.327 49.4868 -0.000514657 -0.000104686 -0.000292452 12.5439
54.3238 49.4868 -0.00133741 -0.000233744 -0.000795999 14.5509
55.3205 49.4868 -0.000923484 -0.000443119 -0.00148989 9.53337
56.3173 49.4868 0.000307446 0.000160933 0.000724652 17.5615
57.3141 49.4868 0.000581148 0.00162136 0.000437658 10.5369
58.3108 49.4868 0.000289958 0.000574514 -0.000161363 11.0386
59.3076 49.4868 7.48064e-06 0.000360593 -0.00086392 9.03161
60.3044 49.4868 0.000379908 -0.000153011 0.000133535 6.02108
61.3011 49.4868 -0.00104189 0.000353616 -0.000666032 16.0562
62.2979 49.4868 0.000300386 -0.00024337 -0.000746218 9.53337
63.2947 49.4868 -0.00108575 -0.000296931 0.00109356 11.0386
64.2914 49.4868 -0.000111146 0.000517638 0.000565377 14.5509
65.2882 49.4868 0.000713992 -0.000198355 -0.000435392 11.0386
66.285 49.4868 -5.48058e-05 0.000287778 -0.000292983 9.53337
67.2817 49.4868 0.000727371 2.93519e-05 -0.000350669 6.52283
68.2785 49.4868 0.000798647 0.000552064 0.00129361 9.53337
69.2753 49.4868 -0.00100776 0.00139249 -0.000423288 9.53337
70.272 49.4868 0.000549372 -0.000754061 -5.7007e-06 14.0492
71.2688 49.4868 0.000254891 0.000204318 0.000806251 10.5369
72.2656 49.4868 0.000220412 0.0012608 -2.07628e-05 10.0351
73.2623 49.4868 0.000138388 0.000271316 0.00114655 20.0703
74.2591 49.4868 -0.000850471 0.000243744 0.000442454 8.52986
75.2559 49.4868 -0.000840082 0.000604496 -0.00164072 5.51932
76.2526 49.4868 0.00124601 -0.000917008 0.000156628 8.52986
77.2494 49.4868 3.27186e-05 0.00148277 0.000175548 9.53337
78.2462 49.4868 0.00048315 -0.000233401 -0.00101062 14.0492
79.2429 49.4868 0.000472154 -0.000171633 0.000273783 11.5404
80.2397 49.4868 0.000111134 -7.52471e-06 -0.000529365 7.02459
81.2365 49.4868 -0.000951535 0.000132002 0.00037738 16.558
82.2332 49.4868 -0.000868331 0.00107077 0.000620075 9.03161
0.498383 50.4865 -8.76484e-05 -0.000611433 0.000222605 12.0422
1.49515 50.4865 0.00290403 0.000861198 0.000467113 6.52283
2.49192 50.4865 0.000482387 0.000851922 0.000436956 9.03161
3.48868 50.4865 0.000924701 -0.00109269 0.000103415 14.5509
4.48545 50.4865 0.000416528 0.00183577 -0.00102272 16.558
5.48221 50.4865 0.000180871 -0.000784731 -8.06206e-05 10.5369
6.47898 50.4865 6.75278e-05 -0.00144675 0.000440036 13.0457
7.47575 50.4865 -0.00010352 -2.01032e-05 0.000481576 20.0703
8.47251 50.4865 0.0006395 5.55992e-05 9.05687e-06 7.52634
9.46928 50.4865 0.0005154 -0.000228293 -0.00213726 8.0281
10.466 50.4865 -0.00104964 0.00061101 -0.000666136 6.02108
11.4628 50.4865 -0.00095935 0.000322235 -0.00112409 11.5404
12.4596 50.4865 0.000568762 0.000463364 -0.000146096 24.5861
13.4563 50.4865 -1.72803e-05 0.00157994 -2.98593e-05 13.0457
14.4531 50.4865 -0.000394786 0.000124239 -0.000832974 13.5474
15.4499 50.4865 7.73723e-05 -0.000302745 -0.000611024 25.0878
16.4466 50.4865 3.85563e-05 -0.000239652 -0.000800215 9.53337
17.4434 50.4865 0.00128699 0.00150787 0.00132313 6.02108
18.4402 50.4865 0.000449003 0.000374287 -0.000284437 5.51932
19.4369 50.4865 4.67826e-05 0.000872546 -0.000306271 9.53337
20.4337 50.4865 -0.000475887 0.000340349 0.000427572 19.0667
21.4305 50.4865 0.000641406 0.000186042 -0.000568142 15.0527
22.4272 50.4865 9.19365e-05 2.12647e-05 0.000486144 9.53337
23.424 50.4865 0.000764336 -0.000211118 -0.000158382 22.579
24.4208 50.4865 -0.000273661 -0.000509712 0.000414121 15.5544
25.4175 50.4865 -0.00126906 -0.000164268 0.00038598 9.03161
26.4143 50.4865 0.000563653 -0.00162087 0.00128794 7.02459
27.4111 50.4865 0.000664296 0.000359528 -0.000634039 9.03161
28.4078 50.4865 0.00031932 0.000139743 -0.000343926 15.0527
29.4046 50.4865 0.000357735 -0.000403023 -0.000176739 21.0738
30.4014 50.4865 -0.000374907 -0.000109066 0.000632902 8.52986
31.3981 50.4865 0.000981146 0.000474628 -0.000443296 23.5825
32.3949 50.4865 3.47046e-06 -0.000253951 1.57614e-05 13.5474
33.3917 50.4865 -0.000103683 0.00103969 0.000527233 10.0351
34.3884 50.4865 -0.000294278 -0.00049801 -0.000262163 7.52634
35.3852 50.4865 -0.000531058 -0.00104056 0.000647499 6.02108
36.382 50.4865 -0.000795775 0.000131374 0.00104765 11.5404
37.3787 50.4865 0.000778998 0.000573539 -0.000165591 30.6071
38.3755 50.4865 -0.000802727 -0.00160006 -0.000462899 8.0281
39.3723 50.4865 -0.00110703 8.76766e-05 0.000427825 18.0632
40.369 50.4865 0.000425582 0.000326711 0.000483476 17.5615
41.3658 50.4865 -7.61405e-05 0.000247731 0.000217515 6.52283
42.3626 50.4865 -0.000503201 3.9714e-05 0.00020271 8.0281
43.3593 50.4865 0.00226389 0.000553334 0.000348472 7.02459
44.3561 50.4865 0.000246877 0.000423592 2.73659e-05 12.0422
45.3529 50.4865 -1.99794e-05 0.000155247 -0.000750104 20.0703
46.3496 50.4865 -0.000722485 -0.000807233 4.6725e-05 10.5369
47.3464 50.4865 -0.000505765 -0.000270722 -0.000634883 14.5509
48.3432 50.4865 -0.000347736 0.000231436 0.000343746 29.1019
49.3399 50.4865 7.87791e-05 -0.00124062 -0.00146356 8.52986
50.3367 50.4865 -0.00075842 0.000246834 0.00092972 6.02108
51.3335 50.4865 0.000450231 -0.00151542 0.000349148 5.01756
52.3302 50.4865 -0.00116528 -0.00100048 -5.48961e-06 10.0351
53.327 50.4865 -0.00100168 -0.000160713 -0.00038469 17.0597
54.3238 50.4865 -1.59777e-05 -0.000433614 0.000200666 17.5615
55.3205 50.4865 -0.000400624 -1.9128e-05 0.000571675 11.5404
56.3173 50.4865 0.000484922 0.000390964 -0.00119797 17.0597
57.3141 50.4865 8.17313e-05 0.000214764 -0.000233269 10.0351
58.3108 50.4865 -0.00208459 0.00228449 0.000101557 5.01756
59.3076 50.4865 0.000536415 0.00153458 -0.000943908 7.02459
60.3044 50.4865 -0.000467175 -0.000787782 -0.000388742 7.52634
61.3011 50.4865 -0.000546724 0.000638482 -0.000142976 15.0527
62.2979 50.4865 0.000958762 0.000947441 0.000314171 21.0738
63.2947 50.4865 -0.000545247 -0.000638131 2.34498e-05 16.0562
64.2914 50.4865 0.000188995 -0.000220393 -0.000486264 15.0527
65.2882 50.4865 0.000208061 0.000409299 0.000456682 21.0738
66.285 50.4865 0.00130036 -0.000689547 -0.00018249 12.0422
67.2817 50.4865 0.00105434 -0.000119578 0.00104449 8.52986
68.2785 50.4865 0.00230701 0.00048805 -0.000338104 8.52986
69.2753 50.4865 0.000744528 -0.000554441 -0.000123623 9.03161
70.272 50.4865 0.000297731 -0.000566001 -0.00053801 22.579
71.2688 50.4865 0.00030916 0.000302733 0.00123878 13.0457
72.2656 50.4865 -5.21034e-05 0.000410847 0.000612045 10.0351
73.2623 50.4865 -0.000485176 0.000590165 0.000202463 20.572
74.2591 50.4865 -0.000365879 0.00137353 0.00099139 9.03161
75.2559 50.4865 0.000810697 0.000569013 -0.000396043 10.0351
76.2526 50.4865 -0.000482965 -0.000104007 0.000112263 8.0281
77.2494 50.4865 0.00118962 0.000288952 0.000484272 4.51581
78.2462 50.4865 0.000748646 0.000212266 0.000488575 22.0773
79.2429 50.4865 0.000370783 0.000180906 -0.000136394 19.5685
80.2397 50.4865 0.000948702 -0.000110195 0.000167945 11.5404
81.2365 50.4865 -0.000722852 -0.00034076 0.000291798 25.5896
82.2332 50.4865 0.000588321 0.00121365 9.71029e-05 11.0386
0.498383 51.4862 0.000457679 -0.000758139 0.000564348 9.53337
1.49515 51.4862 0.000396013 -0.000700702 -0.000833959 9.53337
2.49192 51.4862 0.000188283 -0.00086978 -0.000645567 10.5369
3.48868 51.4862 0.000206647 -0.000338102 0.00170271 8.52986
4.48545 51.4862 -7.1538e-05 0.000704471 0.000794414 10.5369
5.48221 51.4862 -0.00108376 -0.000506112 -0.000532139 8.52986
6.47898 51.4862 0.000154061 -0.000466142 -8.91216e-05 13.5474
7.47575 51.4862 -0.000609314 -0.000169376 2.37063e-05 12.0422
8.47251 51.4862 -0.000735401 0.00120885 0.000874872 14.5509
9.46928 51.4862 0.000385476 -0.00104966 0.000315918 8.0281
10.466 51.4862 0.000723723 0.000787127 0.00128739 9.53337
11.4628 51.4862 0.00025959 -8.50662e-06 -0.000917811 10.5369
12.4596 51.4862 0.000306324 0.000973644 0.000195197 9.03161
13.4563 51.4862 0.000186203 -0.002078 -0.00060441 5.01756
14.4531 51.4862 -0.001669 0.000568955 0.000537222 7.02459
15.4499 51.4862 -0.000794913 -0.000456219 -0.000248447 11.0386
16.4466 51.4862 -0.000625274 0.000121763 0.000534828 10.0351
17.4434 51.4862 -0.000216723 -0.000860849 -0.000415169 8.52986
18.4402 51.4862 -0.000242269 -7.70643e-05 0.000232829 13.0457
19.4369 51.4862 0.00119616 0.00108972 -0.000558838 9.53337
20.4337 51.4862 0.000255624 0.000522365 0.000329833 11.5404
21.4305 51.4862 -0.000143396 -0.000504145 -1.03354e-05 9.53337
22.4272 51.4862 -0.000130827 1.43711e-05 0.00172988 9.53337
23.424 51.4862 0.000710666 -0.000925127 0.000444504 7.52634
24.4208 51.4862 0.000283773 0.000402369 0.000303346 12.0422
25.4175 51.4862 -0.00178661 -0.000394086 -0.00026847 7.02459
26.4143 51.4862 0.000119091 0.000611073 0.00119527 9.53337
27.4111 51.4862 0.000964492 0.00022014 -0.0013397 10.5369
28.4078 51.4862 0.000322263 -0.000452418 -0.000492343 10.5369
29.4046 51.4862 0.00164088 -0.000383112 0.000114668 8.52986
30.4014 51.4862 -0.000932746 -0.000518527 -0.000448196 9.03161
31.3981 51.4862 -0.000174159 -0.000161974 4.97733e-05 7.52634
32.3949 51.4862 0.000464952 -0.00111634 0.000553535 7.52634
33.3917 51.4862 -0.000530842 -0.00101961 3.8336e-06 10.0351
34.3884 51.4862 -0.00119853 0.000808355 -0.00166776 6.52283
35.3852 51.4862 -0.000733176 0.0008552 -0.000232072 9.53337
36.382 51.4862 0.000495349 -0.00119974 -6.50005e-05 11.0386
37.3787 51.4862 -0.000226435 -0.00097903 0.0011108 9.53337
38.3755 51.4862 -0.000655223 0.00052399 0.00161558 9.53337
39.3723 51.4862 0.000441089 0.000496593 -0.000552773 6.52283
40.369 51.4862 0.00054474 0.000220298 -0.000484908 11.0386
41.3658 51.4862 -0.000605151 0.000567572 -0.00029456 10.0351
42.3626 51.4862 -0.000760645 -0.00123528 0.00071865 9.03161
43.3593 51.4862 -0.000209566 -6.7569e-05 -8.89848e-05 12.0422
44.3561 51.4862 -0.000712983 0.000236888 0.000132876 13.5474
45.3529 51.4862 -8.58655e-05 0.000394309 0.000945729 9.53337
46.3496 51.4862 -0.000569014 -0.000603446 0.000697953 11.0386
47.3464 51.4862 0.000220401 0.000249137 -0.000337056 5.01756
48.3432 51.4862 0.000814547 -0.000367327 -0.00169549 10.0351
49.3399 51.4862 0.000996017 -0.000307984 0.00138027 8.52986
50.3367 51.4862 6.8711e-05 -0.000636594 0.000292388 11.5404
51.3335 51.4862 -0.000396247 0.000320661 0.00104893 11.5404
52.3302 51.4862 -0.00108236 0.0006982 -0.000975816 11.0386
53.327 51.4862 0.000642998 -0.00151185 0.00103126 10.0351
54.3238 51.4862 -3.91027e-05 0.00111374 0.00156764 3.01054
55.3205 51.4862 -0.000158247 0.000256311 0.000401426 8.52986
56.3173 51.4862 -0.000702204 -7.83413e-05 -0.00156874 11.0386
57.3141 51.4862 0.000602186 -0.000738059 -0.00127987 13.0457
58.3108 51.4862 0.000142682 -0.000387727 0.000157116 13.0457
59.3076 51.4862 -0.000148079 -0.00104485 -0.000717281 6.02108
60.3044 51.4862 -0.000127048 3.20315e-05 0.000649925 11.5404
61.3011 51.4862 3.4848e-05 0.000798253 -0.000308833 11.0386
62.2979 51.4862 0.000636734 -7.45642e-05 -0.000709522 6.52283
63.2947 51.4862 0.000591663 0.00173742 0.000887583 8.0281
64.2914 51.4862 -0.000276193 0.00192043 -0.000110546 4.01405
65.2882 51.4862 2.45542e-05 -0.0020247 -0.000232638 6.02108
66.285 51.4862 0.00109738 -0.000408619 -0.000738738 14.5509
67.2817 51.4862 0.00135633 0.000434279 -0.000768187 9.03161
68.2785 51.4862 0.000250538 -0.000605431 0.00140351 10.5369
69.2753 51.4862 -0.0002262 0.000536762 0.000163004 9.53337
70.272 51.4862 -2.99399e-05 0.000210995 -0.000730514 12.0422
71.2688 51.4862 0.00108639 0.000444991 0.000879851 7.52634
72.2656 51.4862 -0.000209289 -0.000353829 0.000998758 8.0281
73.2623 51.4862 -0.00130254 0.000724153 0.000914138 10.0351
74.2591 51.4862 0.000776034 -0.000790093 -0.000979537 15.5544
75.2559 51.4862 0.000318181 0.000642108 0.00156914 11.0386
76.2526 51.4862 0.000226939 0.000935235 0.000428066 10.0351
77.2494 51.4862 -0.000641161 0.000494774 0.000936629 12.0422
78.2462 51.4862 -0.000384834 0.00136119 -0.000599977 6.02108
79.2429 51.4862 -0.00119811 0.000249478 0.000320574 10.0351
80.2397 51.4862 -0.000876683 0.00158726 0.000814855 5.51932
81.2365 51.4862 0.000406649 -0.000972113 0.000358017 8.0281
82.2332 51.4862 0.000503998 -0.000390125 0.000915514 12.0422
0.498383 52.486 7.91224e-05 -0.000129109 -0.000434766 14.0492
1.49515 52.486 0.00041716 0.00174578 0.000850068 9.53337
2.49192 52.486 0.000433054 0.000228515 -1.05806e-05 21.5755
3.48868 52.486 0.00112237 0.000832767 0.000469976 14.0492
4.48545 52.486 0.000414166 -0.00023916 2.23741e-05 8.52986
5.48221 52.486 -0.000396618 -0.000391123 0.000136622 10.5369
6.47898 52.486 0.00088624 0.00220721 0.00130416 7.02459
7.47575 52.486 0.000891877 -0.000365389 0.00096648 8.52986
8.47251 52.486 -0.000682255 -5.32029e-06 -0.0002395 19.0667
9.46928 52.486 -0.000241969 0.000334395 -0.000308314 11.5404
10.466 52.486 0.000733585 -0.000612182 -0.000456133 19.0667
11.4628 52.486 -0.00064832 -0.000436816 0.00010759 20.572
12.4596 52.486 -8.02037e-05 0.00102714 0.00016986 10.0351
13.4563 52.486 -0.00062277 -0.00220628 0.000177781 4.51581
14.4531 52.486 -0.000172326 -0.000354293 -0.00110459 10.0351
15.4499 52.486 0.000129159 0.00125336 -0.000122473 11.5404
16.4466 52.486 0.00159054 -0.000329802 0.000372479 23.0808
17.4434 52.486 6.76021e-05 -0.000164253 0.000522603 17.0597
18.4402 52.486 -0.000742337 0.000279246 -0.000715885 13.5474
19.4369 52.486 -0.000837509 -0.000418237 0.000113949 19.5685
20.4337 52.486 0.000513156 -0.00130762 -0.000371302 16.0562
21.4305 52.486 -0.00077438 0.00128946 -0.000395629 8.52986
22.4272 52.486 0.000442788 0.000158763 0.000994691 9.53337
23.424 52.486 0.000244566 0.000221225 0.000145801 9.03161
24.4208 52.486 -0.000382128 0.000833968 6.38903e-05 16.0562
25.4175 52.486 8.93395e-05 -0.000128566 0.000348574 18.0632
26.4143 52.486 -0.00121209 -0.000556707 -0.000325613 15.0527
27.4111 52.486 0.00041425 0.000160944 -0.000345054 22.0773
28.4078 52.486 -9.24065e-05 -0.000277196 -0.00100931 11.0386
29.4046 52.486 1.23594e-06 -0.000583942 1.05071e-05 8.52986
30.4014 52.486 -2.43451e-05 0.000614684 -0.000112496 10.5369
31.3981 52.486 0.000446006 0.000141347 0.000703894 11.5404
32.3949 52.486 0.000700311 -0.000401559 7.85448e-05 16.0562
33.3917 52.486 -0.000270565 -0.000346646 0.000396879 23.5825
34.3884 52.486 0.000196289 0.00121685 0.000161884 13.0457
35.3852 52.486 0.000537556 2.52252e-05 -7.96894e-05 21.0738
36.382 52.486 0.00126308 0.000564781 -0.00119598 19.0667
37.3787 52.486 0.000857551 0.00103971 -0.000143385 7.02459
38.3755 52.486 -0.00188845 0.000202174 0.000472766 6.52283
39.3723 52.486 -0.000256159 -0.000346472 0.000430836 10.5369
40.369 52.486 3.79187e-05 1.41824e-05 8.95335e-05 12.0422
41.3658 52.486 0.000605087 0.000263751 0.000671405 24.5861
42.3626 52.486 0.000176368 3.25545e-05 -0.00123518 12.0422
43.3593 52.486 -0.000605079 -0.000464344 0.00097791 15.5544
44.3561 52.486 -0.000359502 -0.000392828 -0.000643204 20.0703
45.3529 52.486 -0.00107695 -0.000485876 0.000101244 7.52634
46.3496 52.486 3.47864e-05 0.000691352 0.000749382 10.5369
47.3464 52.486 -0.00133102 -0.000137433 -0.000624461 5.51932
48.3432 52.486 0.00078286 0.000145771 3.08918e-05 13.0457
49.3399 52.486 0.000599437 0.000304819 0.000732775 20.572
50.3367 52.486 -0.000528014 -0.000118979 0.000369932 18.0632
51.3335 52.486 0.000628669 -0.000207056 -0.000526893 12.5439
52.3302 52.486 5.49009e-05 -7.80312e-05 3.27126e-05 27.0948
53.327 52.486 -0.000779927 0.000673405 -0.000337081 11.0386
54.3238 52.486 0.000246551 -0.000845517 -0.000161943 9.03161
55.3205 52.486 -0.000153763 0.000914905 0.000489208 11.5404
56.3173 52.486 -0.000897742 -0.000327272 -0.00010062 6.52283
57.3141 52.486 -0.000788263 0.000497788 -0.000172472 14.0492
58.3108 52.486 -6.25731e-06 -6.93945e-05 0.000510387 21.5755
59.3076 52.486 0.000412249 0.00105241 -0.0011785 10.0351
60.3044 52.486 0.00029399 0.000602333 -0.00059078 23.5825
61.3011 52.486 -0.000337787 0.00049116 -0.00062023 17.5615
62.2979 52.486 0.00044811 0.000904472 0.000541966 8.0281
63.2947 52.486 0.000807903 -0.000624574 0.00173907 7.02459
64.2914 52.486 -0.000104858 -0.000821162 0.00049347 10.5369
65.2882 52.486 0.000659874 0.000807186 0.000108789 13.0457
66.285 52.486 -0.000740222 -0.000351728 -0.000634245 21.5755
67.2817 52.486 -0.000224976 -0.00073001 0.000299838 13.5474
68.2785 52.486 0.000380302 -0.000294322 0.000602394 14.0492
69.2753 52.486 -0.000809054 -0.000377017 0.000302537 19.0667
70.272 52.486 0.000194432 -0.000229896 -0.000320136 10.5369
71.2688 52.486 -0.000311437 0.0013598 0.000563732 5.01756
72.2656 52.486 -0.00070165 -0.000820411 -0.00066542 6.52283
73.2623 52.486 0.00053008 0.000147472 -0.000560696 11.0386
74.2591 52.486 -0.00168378 0.000304093 -0.000438137 22.0773
75.2559 52.486 0.000101797 0.000378589 0.000389264 12.5439
76.2526 52.486 -0.000556229 -0.000326569 -0.000474566 13.0457
77.2494 52.486 0.000344011 0.000492978 0.000366848 27.5966
78.2462 52.486 0.00116507 -7.93286e-05 0.00121328 13.5474
79.2429 52.486 -0.000582669 -0.00021317 -0.000974389 11.5404
80.2397 52.486 0.00101588 -0.000384002 -0.00035663 5.51932
81.2365 52.486 -0.000447135 -0.000418438 0.0005526 8.0281
82.2332 52.486 -0.000411646 3.34274e-05 -0.000554841 22.579
0.498383 53.4857 -0.000935914 0.00051127 0.000624931 9.53337
1.49515 53.4857 0.00179858 -0.000918959 0.00031785 12.5439
2.49192 53.4857 -0.000333924 -0.000281356 -0.00092245 12.5439
3.48868 53.4857 -5.54304e-05 -0.000658844 0.00107875 10.5369
4.48545 53.4857 0.000607521 0.000631275 -0.000150881 9.03161
5.48221 53.4857 -0.000128754 -0.000344703 -0.00117303 9.03161
6.47898 53.4857 -0.000593165 0.000181813 -0.000905632 11.0386
7.47575 53.4857 -0.000640585 -0.000566419 -0.00155306 11.0386
8.47251 53.4857 0.000469844 -0.000639413 -0.000195394 16.558
9.46928 53.4857 0.000185061 0.000268305 -0.000400871 10.5369
10.466 53.4857 -0.00014504 -0.000935482 0.00072067 8.52986
11.4628 53.4857 0.000537317 -0.000291693 0.000909033 8.0281
12.4596 53.4857 -0.000246902 -0.000546665 0.000550757 14.5509
13.4563 53.4857 -0.000622461 0.000928053 -0.000896098 7.52634
14.4531 53.4857 -0.00145901 0.000139965 0.00151895 5.51932
15.4499 53.4857 0.000477755 0.0012417 0.000592592 6.02108
16.4466 53.4857 0.000224355 -0.000619481 -0.000960089 13.0457
17.4434 53.4857 0.000460638 -0.000702098 0.00081107 7.02459
18.4402 53.4857 0.00112762 7.44783e-06 0.000967204 9.03161
19.4369 53.4857 0.000991739 0.00122088 4.57431e-05 13.0457
20.4337 53.4857 3.93676e-05 -0.000429474 -0.000618736 8.52986
21.4305 53.4857 0.0017203 -0.000480677 9.05889e-05 3.51229
22.4272 53.4857 -6.09679e-05 0.00044187 0.000852505 9.03161
23.424 53.4857 0.000123577 0.00163136 -0.00181757 6.52283
24.4208 53.4857 0.000874121 -0.000457039 -0.000802349 14.0492
25.4175 53.4857 -0.00071041 0.000721726 0.000581837 12.0422
26.4143 53.4857 -0.000504884 -0.000927461 0.00168139 9.03161
27.4111 53.4857 0.000406799 -0.00079349 0.00042514 12.5439
28.4078 53.4857 -0.000195848 0.00144964 -0.00143584 9.03161
29.4046 53.4857 0.000149821 -0.00245262 0.000719499 3.51229
30.4014 53.4857 0.00121418 -0.000282309 0.000360697 8.52986
31.3981 53.4857 -0.00160602 7.33611e-05 0.000169811 6.02108
32.3949 53.4857 0.000359235 0.00117276 -0.000315837 13.5474
33.3917 53.4857 0.00053 -0.000126108 0.000141194 11.0386
34.3884 53.4857 8.16402e-05 -0.00134612 -0.000137226 7.52634
35.3852 53.4857 -0.000899533 -0.000345635 0.000758816 12.0422
36.382 53.4857 0.000838803 0.00136621 0.000519869 13.0457
37.3787 53.4857 0.00011984 -0.00171515 0.000239691 8.0281
38.3755 53.4857 0.000461756 -0.001239 -0.000896612 7.02459
39.3723 53.4857 0.000101229 -1.67993e-05 8.53374e-05 7.52634
40.369 53.4857 0.000439169 0.00138096 0.000506559 12.5439
41.3658 53.4857 -0.000499489 0.000995748 0.000315217 7.52634
42.3626 53.4857 0.000807846 0.000557448 -0.000269418 10.5369
43.3593 53.4857 5.39277e-05 -6.64335e-05 0.000944655 10.0351
44.3561 53.4857 0.000583445 -6.52258e-05 -0.00067243 12.0422
45.3529 53.4857 -0.000374967 -0.000856903 0.000128637 8.52986
46.3496 53.4857 0.00194672 -0.000569624 0.000868181 5.01756
47.3464 53.4857 0.000151656 0.00156295 -2.44728e-06 9.03161
48.3432 53.4857 -0.00081894 -0.0025108 -0.0013611 8.0281
49.3399 53.4857 -0.000710112 0.000342091 -0.000114182 12.5439
50.3367 53.4857 -0.000295016 0.00127213 -0.00105199 7.52634
51.3335 53.4857 0.000205607 -0.000869057 0.000456151 8.0281
52.3302 53.4857 8.2419e-06 4.39918e-05 -0.000713684 10.5369
53.327 53.4857 -0.000643466 -0.00016924 -0.000290173 9.53337
54.3238 53.4857 -0.000956287 -0.00117513 -0.00227261 5.51932
55.3205 53.4857 0.000669806 -0.00135735 0.000202099 9.03161
56.3173 53.4857 -4.79641e-05 0.00111953 0.000928497 9.03161
57.3141 53.4857 0.000529653 -0.00141131 -0.00109657 6.52283
58.3108 53.4857 0.00075831 0.000271983 0.000223365 11.5404
59.3076 53.4857 0.000600618 -2.12628e-05 -0.000333795 9.03161
60.3044 53.4857 0.000956974 5.91936e-05 0.000261166 12.0422
61.3011 53.4857 -3.47485e-05 -3.79313e-05 -0.000236209 10.5369
62.2979 53.4857 0.00041224 -7.70047e-05 0.000338654 6.02108
63.2947 53.4857 -0.000606236 0.00077298 -0.00230229 9.03161
64.2914 53.4857 -6.10143e-05 0.000861937 -0.000316391 7.02459
65.2882 53.4857 0.000261171 -0.000710471 -0.000757288 12.5439
66.285 53.4857 0.000316593 0.000460254 -8.25377e-05 11.0386
67.2817 53.4857 -0.000542453 0.00111643 0.000681359 10.5369
68.2785 53.4857 6.49946e-05 0.000458129 -0.000910005 11.0386
69.2753 53.4857 3.98089e-05 0.000105561 -0.000227875 17.5615
70.272 53.4857 -0.000360599 -0.00138183 7.56401e-05 10.0351
71.2688 53.4857 0.00146523 0.0015022 0.00188071 5.51932
72.2656 53.4857 0.000521234 0.000686183 -0.000224064 8.0281
73.2623 53.4857 -0.000427891 0.000451973 -0.00128762 13.5474
74.2591 53.4857 -0.000552245 -0.000316429 0.000256945 10.5369
75.2559 53.4857 -2.13254e-05 0.000477565 0.00040218 10.0351
76.2526 53.4857 -0.000197836 -0.000138421 -0.000333382 5.51932
77.2494 53.4857 -0.000684789 0.000447108 -7.26935e-05 12.0422
78.2462 53.4857 -0.000235786 0.00058391 -0.000371643 9.03161
79.2429 53.4857 -0.00131731 0.000410997 -6.06271e-05 6.52283
80.2397 53.4857 -0.000421858 0.000625476 -0.000148508 8.52986
81.2365 53.4857 0.0012821 -0.000340034 0.00140088 5.51932
82.2332 53.4857 -0.00024932 0.000130434 0.000506759 13.5474
0.498383 54.4854 -0.00117314 -0.00149222 -0.000660263 13.0457
1.49515 54.4854 0.000540192 -0.000617628 -0.000317486 9.03161
2.49192 54.4854 0.000783778 -0.00206459 -0.00242226 6.02108
3.48868 54.4854 -0.000108609 0.000726337 9.90418e-05 18.0632
4.48545 54.4854 -0.000745864 -0.00143019 -0.000541326 15.0527
5.48221 54.4854 -0.000262285 0.000942463 0.000172953 8.52986
6.47898 54.4854 0.000533035 0.00156397 -0.00120394 10.5369
7.47575 54.4854 -4.67758e-05 -0.000305915 0.000445878 14.5509
8.47251 54.4854 -0.000163573 -0.000594534 0.000421481 8.52986
9.46928 54.4854 0.000251731 -0.000743272 0.00144474 5.01756
10.466 54.4854 0.000224784 -0.00083519 -1.99827e-05 6.52283
11.4628 54.4854 4.21881e-05 0.000659405 0.000386364 15.5544
12.4596 54.4854 0.00058541 -0.000218673 -0.000990436 20.572
13.4563 54.4854 0.000613106 0.000420781 -0.000376527 13.5474
14.4531 54.4854 -0.000432579 -0.000540907 0.000554295 14.5509
15.4499 54.4854 0.000149262 0.000585048 0.000124166 20.0703
16.4466 54.4854 -0.00170749 -0.000614084 0.000316654 13.5474
17.4434 54.4854 -0.000882597 -0.000474079 -1.41379e-05 7.02459
18.4402 54.4854 0.000576543 -7.55172e-06 0.000185574 6.52283
19.4369 54.4854 -0.000479363 -7.51146e-05 0.00114195 10.0351
20.4337 54.4854 0.000435717 0.00060153 0.000117007 16.558
21.4305 54.4854 0.000395955 -0.000750827 0.000307812 17.0597
22.4272 54.4854 -0.000532633 0.00133946 0.000559446 11.0386
23.424 54.4854 -0.000785618 -0.000352056 9.0621e-05 18.565
24.4208 54.4854 0.000211634 0.000528093 0.000476671 16.558
25.4175 54.4854 0.00146118 -0.000599345 0.00049338 7.52634
26.4143 54.4854 -0.00109034 0.000376249 0.000631414 7.02459
27.4111 54.4854 -1.36508e-05 0.000345317 -0.000229644 11.5404
28.4078 54.4854 -0.000301565 0.000668449 0.000795506 17.5615
29.4046 54.4854 0.00103268 -0.000920536 -0.00100905 17.5615
30.4014 54.4854 3.90717e-05 -0.00116582 0.000450328 11.0386
31.3981 54.4854 -0.000470811 -9.11185e-05 -0.000302865 19.0667
32.3949 54.4854 -0.00024578 -0.000199622 -0.00016534 12.0422
33.3917 54.4854 0.000872868 0.000316579 0.000424106 10.0351
34.3884 54.4854 -0.000423873 -8.11349e-05 -0.000107105 5.01756
35.3852 54.4854 -0.000669942 0.00146677 -0.0013191 5.01756
36.382 54.4854 -0.00105508 -0.0004033 -0.000144615 13.0457
37.3787 54.4854 -0.00159358 2.0868e-05 -0.000184083 19.5685
38.3755 54.4854 -0.000103963 -0.00149028 -0.000902174 9.53337
39.3723 54.4854 0.000215906 0.000686871 9.01704e-05 14.5509
40.369 54.4854 -0.00026707 -0.000828941 -0.000805685 17.0597
41.3658 54.4854 -0.00108245 -9.90542e-05 0.000863713 11.0386
42.3626 54.4854 -0.000700482 0.000128912 -0.000956221 8.0281
43.3593 54.4854 0.000681241 0.000239746 0.000263735 11.0386
44.3561 54.4854 -0.00136306 -0.00117333 0.000822218 11.0386
45.3529 54.4854 0.000290841 0.000133946 0.000269972 18.0632
46.3496 54.4854 7.49457e-05 7.66661e-05 -0.000511414 13.5474
47.3464 54.4854 -0.00121669 5.81473e-05 0.000235708 11.5404
48.3432 54.4854 5.20369e-05 -0.00148489 -0.000525638 19.5685
49.3399 54.4854 0.000608033 -8.34813e-05 0.00139569 10.0351
50.3367 54.4854 -0.000540439 -0.000510847 -0.0007692 4.51581
51.3335 54.4854 0.00033654 -0.00227362 7.71837e-05 5.01756
52.3302 54.4854 0.000378889 7.78652e-05 -0.00104957 12.0422
53.327 54.4854 0.00035734 6.24608e-05 -0.000563439 20.0703
54.3238 54.4854 -0.000660989 -3.68636e-05 0.000545798 15.0527
55.3205 54.4854 -0.00154762 0.00208501 0.000874501 7.02459
56.3173 54.4854 -0.000233663 -0.000170951 -0.000615506 27.0948
57.3141 54.4854 4.19371e-05 0.000494916 -0.000527702 17.0597
58.3108 54.4854 0.000291852 -4.98145e-05 -0.00018997 7.52634
59.3076 54.4854 -0.00249962 0.000330193 0.00087318 8.52986
60.3044 54.4854 -0.000971921 0.00169545 -0.000851091 5.01756
61.3011 54.4854 -0.000309597 -0.00058321 -0.000218167 12.0422
62.2979 54.4854 0.000244219 0.000808668 0.000191138 20.0703
63.2947 54.4854 -0.00046604 0.000418473 0.000501691 10.5369
64.2914 54.4854 4.89007e-05 0.000733576 0.000109874 17.5615
65.2882 54.4854 0.00111204 0.000185113 -0.000736997 16.0562
66.285 54.4854 0.000796715 0.000139291 0.00125397 5.01756
67.2817 54.4854 0.000883945 0.000208733 0.00199678 8.52986
68.2785 54.4854 -7.22974e-05 -0.000663376 -4.83595e-06 10.5369
69.2753 54.4854 -0.00129085 0.000196328 0.000449347 8.52986
70.272 54.4854 -0.000925573 2.06572e-05 -0.000695982 18.565
71.2688 54.4854 -0.000174889 0.00060361 -0.000282967 11.0386
72.2656 54.4854 -6.85115e-05 -0.000124018 0.000389603 12.5439
73.2623 54.4854 -0.00111633 0.000639612 -0.000260491 18.565
74.2591 54.4854 -0.00104739 0.00168593 0.000329424 11.0386
75.2559 54.4854 -0.00124437 -0.000203363 0.000232233 7.52634
76.2526 54.4854 -0.000383805 0.000550866 0.00135432 6.02108
77.2494 54.4854 -0.000729311 -0.00041274 0.000976872 10.0351
78.2462 54.4854 0.000519435 0.000227749 -0.000502199 21.5755
79.2429 54.4854 -0.000489007 0.000393549 0.000364331 14.0492
80.2397 54.4854 0.000202155 -0.000372889 -0.000619252 12.5439
81.2365 54.4854 -0.000529368 -4.50789e-05 -0.000641271 17.0597
82.2332 54.4854 -8.0802e-05 0.000177311 -0.000928966 7.02459
0.498383 55.4852 0.00065823 -0.000587246 -0.000470816 8.0281
1.49515 55.4852 0.000386649 0.000505674 -0.000782756 9.03161
2.49192 55.4852 -0.00166103 0.00116608 -0.00055118 7.52634
3.48868 55.4852 0.000346168 -0.000528366 -0.000514911 13.5474
4.48545 55.4852 2.69216e-05 -6.34965e-05 -0.000877351 21.0738
5.48221 55.4852 0.000262613 0.0005644 0.00091812 12.5439
6.47898 55.4852 0.000211749 -0.000984152 0.000454172 14.5509
7.47575 55.4852 -0.00048567 3.72528e-06 0.0002672 16.0562
8.47251 55.4852 -0.000980017 -0.000108479 0.000146892 9.53337
9.46928 55.4852 -0.00147467 0.000547002 0.000342168 8.52986
10.466 55.4852 -0.000162772 0.000286565 -0.0010397 10.0351
11.4628 55.4852 0.00031955 -0.00204303 -0.000314211 8.0281
12.4596 55.4852 0.000233578 0.000402325 5.56064e-05 13.5474
13.4563 55.4852 0.000405231 -0.000363745 0.00198168 11.5404
14.4531 55.4852 -0.000152697 0.000831126 -0.00122203 11.0386
15.4499 55.4852 -0.00103931 0.000861574 0.000330299 15.0527
16.4466 55.4852 0.000374835 0.00195633 0.000691356 7.02459
17.4434 55.4852 -0.000430464 -0.000238222 -4.73884e-05 6.02108
18.4402 55.4852 0.000535481 -0.000273048 0.00212964 8.52986
19.4369 55.4852 2.42079e-05 0.00146679 -0.000577768 8.0281
20.4337 55.4852 -0.000451648 -2.42258e-05 -0.000328584 17.0597
21.4305 55.4852 0.000162468 -0.000386244 -0.000607666 14.5509
22.4272 55.4852 -0.00029872 0.000184164 0.000294466 9.53337
23.424 55.4852 -0.000527757 -0.000465522 0.000134533 21.0738
24.4208 55.4852 0.000751197 0.000620715 0.000635619 9.03161
25.4175 55.4852 0.00057938 0.00187389 1.72686e-05 3.51229
26.4143 55.4852 -0.000690607 -0.000296214 0.00153407 5.51932
27.4111 55.4852 -0.000232999 -2.70044e-06 -0.000355336 10.0351
28.4078 55.4852 0.000526224 -0.000941798 0.000355533 14.5509
29.4046 55.4852 0.00020523 -0.000420862 -0.000259532 15.0527
30.4014 55.4852 0.00121663 -0.000767813 -0.000680467 9.53337
31.3981 55.4852 0.000685577 0.00136872 -0.00011912 17.5615
32.3949 55.4852 -0.000205328 0.000426897 -0.00134552 18.0632
33.3917 55.4852 0.00149447 -0.000567006 -0.000274381 7.52634
34.3884 55.4852 0.00156246 -0.000125868 -9.01935e-05 7.52634
35.3852 55.4852 -0.00169675 -9.00193e-05 -0.000867162 9.03161
36.382 55.4852 -0.000162677 0.000106795 0.00106158 13.5474
37.3787 55.4852 -3.80056e-06 -0.000817431 0.000139374 21.5755
38.3755 55.4852 -0.000836923 -0.000693184 0.000137607 9.53337
39.3723 55.4852 0.000874214 0.000475991 -0.000726016 14.5509
40.369 55.4852 0.000224165 3.44177e-05 -0.00019956 18.0632
41.3658 55.4852 0.00126338 0.000285338 0.00151234 8.52986
42.3626 55.4852 -0.00108387 0.00102787 0.000183541 8.52986
43.3593 55.4852 0.000870116 -0.000893417 0.00141588 4.01405
44.3561 55.4852 0.000266535 -0.000658132 0.000487125 9.53337
45.3529 55.4852 -0.000841237 -0.000336226 0.000336184 18.0632
46.3496 55.4852 -0.000197131 0.000254946 0.000143278 14.5509
47.3464 55.4852 0.00094175 -0.00164935 -0.000331315 11.0386
48.3432 55.4852 -0.000944633 -7.92386e-05 8.2705e-05 21.0738
49.3399 55.4852 -0.000209105 -0.00012193 0.000109948 14.0492
50.3367 55.4852 -1.47209e-05 -0.000349473 -0.000746917 10.5369
51.3335 55.4852 0.00159846 0.000220289 -0.00134522 5.51932
52.3302 55.4852 0.000238128 -0.00022705 -0.000814895 8.0281
53.327 55.4852 -0.000242029 2.15408e-06 -0.000581539 21.5755
54.3238 55.4852 -0.000622364 0.000729981 0.000600399 13.0457
55.3205 55.4852 -0.000538649 -0.000326375 -0.000574442 10.5369
56.3173 55.4852 0.000133177 -0.000619215 -0.000428009 16.558
57.3141 55.4852 0.000742542 -0.000115143 -0.000458017 13.0457
58.3108 55.4852 -0.000861809 -0.000469549 0.000991753 8.52986
59.3076 55.4852 -0.000152581 -0.00105627 0.000155073 9.03161
60.3044 55.4852 -0.00139976 0.000128356 0.000123979 7.02459
61.3011 55.4852 2.18009e-05 -0.000152564 -0.00086543 14.5509
62.2979 55.4852 0.000563263 0.000757963 -0.000669788 19.0667
63.2947 55.4852 -0.000486161 -0.00109725 0.000627076 11.0386
64.2914 55.4852 -0.000548643 0.000110595 0.000246384 11.5404
65.2882 55.4852 0.000343658 -0.000124768 0.000129835 22.0773
66.285 55.4852 0.0013467 -0.000304078 -0.00105955 6.52283
67.2817 55.4852 -0.000262399 -8.16917e-05 -0.000614879 8.52986
68.2785 55.4852 0.0016145 -0.000645699 0.00118659 6.52283
69.2753 55.4852 0.00152511 -0.000458802 0.000491775 9.03161
70.272 55.4852 0.000585775 0.000483121 0.000530124 19.0667
71.2688 55.4852 -0.000185683 -0.00123715 -0.000302388 16.558
72.2656 55.4852 0.000110092 -0.000188627 0.000951611 8.0281
73.2623 55.4852 0.000545458 6.41059e-05 -0.000709725 20.572
74.2591 55.4852 0.000680455 0.000274149 0.000476064 14.5509
75.2559 55.4852 0.000341126 -0.00145895 -0.0016546 5.01756
76.2526 55.4852 -0.00152174 -0.00111536 0.000896973 6.02108
77.2494 55.4852 0.0015295 -0.000180285 0.000501092 7.52634
78.2462 55.4852 -0.000139291 0.000932163 -0.000275364 14.0492
79.2429 55.4852 0.00101626 -0.000407499 0.00158005 10.5369
80.2397 55.4852 0.000824012 0.000219959 -0.000814886 11.5404
81.2365 55.4852 -0.00041027 0.00030184 -0.00102021 20.572
82.2332 55.4852 0.000516772 0.000320619 -0.000335825 11.0386
0.498383 56.4849 -1.42505e-05 0.000510222 -0.00121412 10.0351
1.49515 56.4849 -0.000168651 -0.000351388 -0.000102119 9.53337
2.49192 56.4849 0.000798371 -0.000887752 -0.000931608 11.0386
3.48868 56.4849 0.000631185 -0.00177616 0.000548902 6.02108
4.48545 56.4849 -0.000287957 -0.000919779 -0.00107094 8.52986
5.48221 56.4849 -0.000498831 0.000109263 0.00142906 7.52634
6.47898 56.4849 0.000145774 0.000877152 0.00145069 9.53337
7.47575 56.4849 4.9591e-05 -0.000592464 0.000316192 11.5404
8.47251 56.4849 0.00068732 -0.000560633 -0.000487685 7.52634
9.46928 56.4849 -0.00105519 0.000831881 0.000414791 12.0422
10.466 56.4849 -0.000326594 2.69161e-05 0.000251053 14.5509
11.4628 56.4849 -8.83109e-05 0.000299099 -0.000513379 13.0457
12.4596 56.4849 -4.41238e-05 0.00032023 0.00147265 8.52986
13.4563 56.4849 0.000413771 0.000356235 8.00981e-05 11.0386
14.4531 56.4849 0.00164021 -0.000111602 0.000909281 7.02459
15.4499 56.4849 -0.000408701 -0.000490948 0.000311216 10.5369
16.4466 56.4849 -0.000761875 -0.000440784 -0.000153027 14.5509
17.4434 56.4849 -0.000893254 -0.000534472 7.94e-06 9.53337
18.4402 56.4849 0.000113158 0.00111422 -0.000753838 10.0351
19.4369 56.4849 -1.39394e-05 0.000702747 0.000105534 19.5685
20.4337 56.4849 0.000134512 -1.9762e-05 0.000374843 11.0386
21.4305 56.4849 -0.000121923 4.60931e-05 -0.000926174 8.0281
22.4272 56.4849 -0.000765127 -0.000427085 -0.00015756 7.52634
23.424 56.4849 -0.000579801 0.00210674 0.000328996 8.0281
24.4208 56.4849 9.0378e-05 -7.30771e-05 -2.4405e-05 16.558
25.4175 56.4849 -0.000359087 0.000295968 0.00106933 15.0527
26.4143 56.4849 -0.000349345 -0.00105243 -0.00151063 7.52634
27.4111 56.4849 -0.000462027 0.000716455 -0.000235383 16.0562
28.4078 56.4849 -0.000134105 -0.000987243 -0.00089538 13.0457
29.4046 56.4849 -0.000532509 -0.000150785 -0.000582669 8.52986
30.4014 56.4849 0.000819639 0.000496848 0.00129753 7.52634
31.3981 56.4849 0.000310363 0.000659819 -0.000877394 7.02459
32.3949 56.4849 0.00190146 -0.00116546 0.000129788 12.5439
33.3917 56.4849 0.000330696 -0.00206977 0.000678732 10.5369
34.3884 56.4849 -0.00082462 0.000974 0.000850963 11.0386
35.3852 56.4849 -0.000203288 0.000932677 -0.000582611 10.0351
36.382 56.4849 -0.000465152 -0.000912845 0.000948099 10.0351
37.3787 56.4849 0.000850348 -0.000157709 0.000378742 7.02459
38.3755 56.4849 -0.00243277 -0.000841908 -0.000111196 3.01054
39.3723 56.4849 -0.000992898 0.00110928 -0.000309609 7.52634
40.369 56.4849 0.000895992 -0.000709628 -0.000122529 10.5369
41.3658 56.4849 0.000309886 3.12683e-05 -0.000132737 12.5439
42.3626 56.4849 0.00132016 -0.00111184 -0.000122416 6.52283
43.3593 56.4849 -0.000923016 -0.000481492 2.9954e-05 10.0351
44.3561 56.4849 0.000182889 0.000598217 0.000296002 9.53337
45.3529 56.4849 -6.93487e-05 0.00152336 -0.000885382 12.0422
46.3496 56.4849 0.000319419 -0.000338376 0.000411212 6.02108
47.3464 56.4849 -0.00111445 -0.000449267 5.63387e-06 4.51581
48.3432 56.4849 0.000349732 0.000520865 0.00119927 13.5474
49.3399 56.4849 -0.0011037 -0.00161927 0.000856813 7.02459
50.3367 56.4849 0.000148942 -0.000334762 0.000230307 12.5439
51.3335 56.4849 0.000951741 -6.63135e-05 0.000576502 10.0351
52.3302 56.4849 0.000297251 0.000270167 0.000213394 14.5509
53.327 56.4849 -0.000482401 0.00118808 5.95545e-06 10.0351
54.3238 56.4849 -0.00169853 0.000865558 -0.000617751 7.02459
55.3205 56.4849 -0.000420318 0.000785873 0.00104087 12.0422
56.3173 56.4849 -0.00072281 0.000773256 0.000985507 8.52986
57.3141 56.4849 6.63401e-05 0.000420367 0.00031898 9.53337
58.3108 56.4849 -0.000192269 -0.000527853 -9.72972e-05 14.5509
59.3076 56.4849 -0.000115135 -0.000465466 0.000658741 7.52634
60.3044 56.4849 -0.000371484 -0.000468571 0.000348067 16.0562
61.3011 56.4849 0.000677267 -0.000699033 -0.000668298 10.5369
62.2979 56.4849 0.00102432 0.000747369 -0.000667514 7.52634
63.2947 56.4849 1.85761e-05 0.000796302 -0.00114649 7.02459
64.2914 56.4849 6.57012e-05 -0.00102952 -2.38012e-05 8.0281
65.2882 56.4849 0.000596654 -0.0012813 -0.000857268 12.0422
66.285 56.4849 0.000706906 -0.000937232 0.000487216 12.5439
67.2817 56.4849 -0.000760238 0.00150136 -1.54996e-05 14.0492
68.2785 56.4849 0.000520247 0.0001905 0.000264382 13.5474
69.2753 56.4849 0.00014797 0.00140114 -0.000421139 9.53337
70.272 56.4849 0.000267823 -0.000349226 0.000444838 11.0386
71.2688 56.4849 -0.00178141 -0.000911126 0.000633434 7.02459
72.2656 56.4849 -0.000531876 0.00171525 -0.000510243 6.52283
73.2623 56.4849 -0.000103055 -0.00125745 0.000279445 8.52986
74.2591 56.4849 0.000923451 -0.000406342 0.000227753 14.0492
75.2559 56.4849 -0.000735709 0.000388794 4.22631e-05 10.5369
76.2526 56.4849 -0.000319088 0.000269563 0.000261725 12.5439
77.2494 56.4849 -0.000376376 0.000307319 0.000666526 15.5544
78.2462 56.4849 -0.000275705 0.000223682 -0.00179211 12.0422
79.2429 56.4849 0.00153633 0.000859834 0.000579191 5.51932
80.2397 56.4849 0.000776889 -0.000413802 -0.000116065 13.0457
81.2365 56.4849 0.00061066 0.000428797 0.000442199 9.03161
82.2332 56.4849 0.000248279 0.000305604 0.000441939 11.0386
0.498383 57.4846 -0.000528329 -0.000790624 0.000338827 22.579
1.49515 57.4846 0.000139362 0.000394102 2.39956e-05 12.5439
2.49192 57.4846 -0.000445155 -0.000417767 0.000651743 24.0843
3.48868 57.4846 0.00106324 -0.000485968 -0.000284992 14.0492
4.48545 57.4846 0.00161191 -0.000918405 0.000820434 6.52283
5.48221 57.4846 0.000942275 -0.000393634 0.00147404 5.01756
6.47898 57.4846 -0.00259523 -0.000263954 -7.32073e-05 6.02108
7.47575 57.4846 6.93374e-05 0.000136742 0.000252323 14.5509
8.47251 57.4846 -0.000664548 6.37686e-05 -0.000339908 23.5825
9.46928 57.4846 -0.000110702 0.000890077 -0.00124333 13.0457
10.466 57.4846 -0.000519423 -0.000974946 -0.000415209 14.0492
11.4628 57.4846 0.000925527 -0.00029921 0.000949248 17.5615
12.4596 57.4846 0.000688246 -0.000550775 0.000126168 11.0386
13.4563 57.4846 -0.00095735 -0.000189109 0.000238537 6.52283
14.4531 57.4846 0.00105815 0.000168116 0.00078081 11.0386
15.4499 57.4846 0.00133951 0.000955814 2.62157e-05 11.0386
16.4466 57.4846 -0.000285117 -0.0006851 -0.000247321 19.5685
17.4434 57.4846 1.58881e-05 0.000308907 -0.000142925 14.5509
18.4402 57.4846 -0.000263403 0.000579291 -0.000283653 8.0281
19.4369 57.4846 -0.000185473 -8.30365e-06 -0.000602498 24.0843
20.4337 57.4846 0.000155221 -0.000341808 -0.000295158 8.0281
21.4305 57.4846 0.000525375 6.11242e-05 -0.00167455 5.01756
22.4272 57.4846 0.00174083 -0.000927923 0.00036364 5.51932
23.424 57.4846 0.000950966 -0.000462587 0.000329936 10.5369
24.4208 57.4846 0.00019067 0.000332267 -7.84851e-05 18.0632
25.4175 57.4846 -0.000182737 0.000513281 -0.000835007 18.565
26.4143 57.4846 -0.0015667 0.000498064 -0.00131853 7.52634
27.4111 57.4846 -3.49309e-05 -0.000174108 0.000167957 26.5931
28.4078 57.4846 -0.000405762 -1.43345e-05 -5.18597e-05 11.5404
29.4046 57.4846 -0.000628552 -0.00078722 -0.00256649 3.01054
30.4014 57.4846 0.000846707 -3.09724e-05 0.000468337 7.02459
31.3981 57.4846 0.000137647 -0.000192877 -0.000753561 7.52634
32.3949 57.4846 0.000146727 -7.11206e-05 0.00134746 19.0667
33.3917 57.4846 0.000463726 -4.14625e-05 -0.000387987 20.0703
34.3884 57.4846 0.000987859 0.000309432 -0.000673978 9.53337
35.3852 57.4846 -0.000611719 0.000643355 -0.000343278 20.572
36.382 57.4846 -3.1811e-06 0.00050331 0.000219261 21.5755
37.3787 57.4846 0.000117735 0.000873946 -0.00126767 6.52283
38.3755 57.4846 -0.0012937 -0.000382358 0.000688485 15.0527
39.3723 57.4846 -0.00146218 -0.000579218 0.000573115 8.52986
40.369 57.4846 -0.000388806 0.000233798 -0.000215591 15.0527
41.3658 57.4846 -0.000416087 -0.000239014 0.000238551 23.5825
42.3626 57.4846 0.00106994 0.00147274 -0.000168883 13.0457
43.3593 57.4846 -1.97004e-05 0.00025773 0.000792423 18.565
44.3561 57.4846 -7.2128e-06 0.000101684 0.000391477 24.5861
45.3529 57.4846 -0.00101727 -0.00165537 0.000869002 10.5369
46.3496 57.4846 -0.00172862 0.000112203 -2.4877e-05 5.01756
47.3464 57.4846 -1.23378e-05 -0.00168885 0.000953946 9.03161
48.3432 57.4846 0.000764908 -0.000411919 -0.000333394 13.0457
49.3399 57.4846 5.42834e-05 -0.000242601 3.22178e-05 16.0562
50.3367 57.4846 0.000770268 -0.000584072 -0.000109463 19.5685
51.3335 57.4846 0.000860208 -0.000350738 -0.000309456 11.5404
52.3302 57.4846 0.000556861 -0.000673726 -0.000211236 18.565
53.327 57.4846 0.000257021 -0.000451872 0.000187124 15.5544
54.3238 57.4846 0.000249489 -0.00152403 -0.00174276 7.02459
55.3205 57.4846 -3.84187e-05 0.0016087 0.00173246 7.02459
56.3173 57.4846 0.000794786 0.000292225 0.000118392 5.01756
57.3141 57.4846 -0.000218104 0.00109419 -0.000314017 15.0527
58.3108 57.4846 -0.00034835 0.00104905 -0.000834872 18.0632
59.3076 57.4846 -0.000623023 0.000110121 0.000240543 12.0422
60.3044 57.4846 0.000682944 -0.00073283 0.000268464 15.5544
61.3011 57.4846 -0.00113857 4.00819e-06 -0.000620128 20.572
62.2979 57.4846 -0.0013106 -7.04817e-05 0.000521287 5.01756
63.2947 57.4846 -0.000211292 0.000505025 -0.000772019 9.03161
64.2914 57.4846 -0.00138607 -0.00113107 -0.00113857 7.02459
65.2882 57.4846 0.00100337 -0.000171117 -0.00101138 10.5369
66.285 57.4846 0.000139046 -0.000302452 -0.000250453 23.0808
67.2817 57.4846 -9.61479e-05 1.5834e-05 0.000368408 10.5369
68.2785 57.4846 3.85886e-05 2.69258e-06 0.000118502 11.5404
69.2753 57.4846 0.000424668 -8.37425e-05 -0.000991549 25.0878
70.272 57.4846 0.000147158 0.000731884 0.00106056 10.5369
71.2688 57.4846 -0.000646908 -0.000693758 -0.000265423 6.52283
72.2656 57.4846 -0.00108769 -0.000497612 -0.000318472 9.03161
73.2623 57.4846 0.000972717 -0.000535391 -0.000649564 10.5369
74.2591 57.4846 0.000109648 -4.84373e-05 0.000409424 17.0597
75.2559 57.4846 -0.00103002 -0.000180441 0.00118332 14.5509
76.2526 57.4846 0.000215368 0.000125166 0.000504236 11.5404
77.2494 57.4846 0.000253046 -0.000115847 0.000687617 19.0667
78.2462 57.4846 0.000129696 0.000126987 0.000854884 11.5404
79.2429 57.4846 -0.0015492 -0.00018901 4.92779e-05 6.02108
80.2397 57.4846 0.00121219 -0.000620771 8.53049e-05 6.52283
81.2365 57.4846 5.42508e-05 -0.000527555 -0.000140071 12.5439
82.2332 57.4846 -0.000702727 0.000444409 0.000647227 14.5509
0.498383 58.4844 -0.000800298 -0.000727277 0.000504934 10.5369
1.49515 58.4844 7.69975e-06 -0.00127509 -0.000916216 4.01405
2.49192 58.4844 -0.000257757 -8.18398e-05 0.000603168 10.5369
3.48868 58.4844 -0.00039184 8.71876e-05 6.03816e-05 13.5474
4.48545 58.4844 -0.00106636 0.00125193 0.000792733 10.5369
5.48221 58.4844 -5.46704e-05 -9.6735e-05 -3.42804e-05 7.02459
6.47898 58.4844 0.000564171 -0.00111919 -0.000294124 12.5439
7.47575 58.4844 0.00109099 0.000536838 -0.000577599 9.53337
8.47251 58.4844 -5.19642e-05 0.00128327 -0.000884182 8.52986
9.46928 58.4844 -0.000285191 -0.000108935 0.000829432 10.5369
10.466 58.4844 -0.000122062 -0.00050878 0.000225942 8.0281
11.4628 58.4844 -4.05312e-05 0.00104588 -1.1046e-05 12.0422
12.4596 58.4844 -0.000558784 -0.000711987 9.58725e-05 10.0351
13.4563 58.4844 -0.00015596 0.000710927 0.000585175 11.0386
14.4531 58.4844 -0.000630299 -0.000957838 0.000208295 8.0281
15.4499 58.4844 -0.000294805 0.000268321 -0.000424274 14.5509
16.4466 58.4844 0.00037551 0.00129253 -3.84772e-05 9.03161
17.4434 58.4844 -0.00080843 9.19245e-06 0.00148146 10.0351
18.4402 58.4844 -0.000330507 -0.000239691 -0.000342953 9.53337
19.4369 58.4844 0.000656721 0.000548077 1.29825e-05 8.52986
20.4337 58.4844 -0.000829891 -0.000512168 -0.000347342 11.0386
21.4305 58.4844 0.000906893 0.00126808 -0.00090428 11.5404
22.4272 58.4844 0.000265423 0.00074993 -0.00188951 6.02108
23.424 58.4844 0.00181714 -0.000549132 0.00102639 10.5369
24.4208 58.4844 0.00106858 0.00038869 -3.09762e-06 10.5369
25.4175 58.4844 -0.000256529 0.00128051 0.000602653 9.03161
26.4143 58.4844 0.000509816 -0.000643918 0.00084664 7.52634
27.4111 58.4844 -0.000603776 2.891e-05 -8.55953e-05 11.5404
28.4078 58.4844 0.000340057 0.000106614 -0.00021679 11.5404
29.4046 58.4844 -0.000648463 -0.000184225 -0.000431169 12.5439
30.4014 58.4844 0.000430115 0.000194849 -0.000437486 6.02108
31.3981 58.4844 0.000394782 3.6668e-05 0.000590914 12.5439
32.3949 58.4844 0.000950703 -0.000414896 -0.0012447 12.0422
33.3917 58.4844 0.000943828 -0.00107007 2.66765e-05 10.0351
34.3884 58.4844 -0.00174046 -0.00131821 0.000905114 6.52283
35.3852 58.4844 0.00109129 -0.000147571 -2.02978e-05 10.5369
36.382 58.4844 0.00147672 -7.53372e-05 -0.000162795 14.0492
37.3787 58.4844 0.000304948 -0.000469283 -0.000559657 9.53337
38.3755 58.4844 -0.000431093 0.00110503 0.00122539 5.01756
39.3723 58.4844 -0.000119847 -0.000407742 0.00104487 9.03161
40.369 58.4844 0.000607035 0.000959688 0.00115923 12.5439
41.3658 58.4844 0.000679373 0.000694621 0.00191773 7.02459
42.3626 58.4844 0.000414927 -0.000437112 0.000620659 7.52634
43.3593 58.4844 0.000608689 0.000722511 7.3352e-05 9.03161
44.3561 58.4844 -0.000154968 0.00045804 0.000867986 9.53337
45.3529 58.4844 3.31694e-05 0.000215786 0.000472344 7.02459
46.3496 58.4844 -0.000520477 0.000927914 0.00022992 7.02459
47.3464 58.4844 -0.000787751 0.00137176 -9.93391e-05 8.52986
48.3432 58.4844 -0.000181511 -0.000376275 -0.000220432 12.0422
49.3399 58.4844 -0.0017816 -0.000243598 0.000695164 11.0386
50.3367 58.4844 -0.000530574 0.000524214 0.000630374 7.52634
51.3335 58.4844 -0.00125488 -0.00069638 0.000724585 8.52986
52.3302 58.4844 -0.000903034 -0.000261236 0.000582169 10.0351
53.327 58.4844 0.000161634 0.000184542 -9.37768e-05 12.5439
54.3238 58.4844 -5.49766e-05 -0.000896652 0.00120978 8.52986
55.3205 58.4844 -0.00156219 -0.00171827 0.000894845 6.02108
56.3173 58.4844 0.000774976 3.56041e-06 0.00122908 8.52986
57.3141 58.4844 0.000572646 0.000455736 0.000618791 13.5474
58.3108 58.4844 -0.000394642 0.000176643 6.04746e-05 9.03161
59.3076 58.4844 -6.52677e-07 -0.000618701 -0.00100718 8.52986
60.3044 58.4844 2.77224e-05 -0.000349883 -0.000436483 9.03161
61.3011 58.4844 0.000604623 0.000177637 0.00104066 13.5474
62.2979 58.4844 -0.000732534 -0.000603366 -0.00164459 11.5404
63.2947 58.4844 0.000852533 -0.000467477 0.00084178 4.51581
64.2914 58.4844 -0.000152906 0.000316678 0.000886849 5.51932
65.2882 58.4844 0.00071959 -0.000405996 0.00178791 9.53337
66.285 58.4844 0.00149715 -0.000324586 0.00091639 14.0492
67.2817 58.4844 0.00100063 -0.0016138 -0.00146656 6.52283
68.2785 58.4844 0.00171154 -0.000531286 -6.63625e-05 6.02108
69.2753 58.4844 0.000771852 -0.00010805 0.00078706 15.0527
70.272 58.4844 -0.000245071 1.75211e-05 -0.000445168 10.0351
71.2688 58.4844 0.00130465 -0.00093977 -4.94702e-05 6.02108
72.2656 58.4844 -0.000573746 -0.000383127 0.00114556 6.02108
73.2623 58.4844 -0.000521476 -0.00142015 -0.00018441 13.0457
74.2591 58.4844 -0.000144054 0.00111192 0.000482674 10.5369
75.2559 58.4844 -6.5453e-06 0.000387187 -0.000310211 10.0351
76.2526 58.4844 -0.00171303 -0.00212823 0.000674826 7.02459
77.2494 58.4844 -0.000582115 0.000613562 0.000142403 12.0422
78.2462 58.4844 -0.000302464 0.000238089 -0.00042147 14.0492
79.2429 58.4844 -0.000432768 -0.00093074 0.000562861 10.0351
80.2397 58.4844 0.000222401 -1.90936e-05 -0.000674531 6.52283
81.2365 58.4844 0.000954309 -0.000300244 -0.000491664 9.53337
82.2332 58.4844 0.00137456 0.00107343 0.000110452 13.0457
0.498383 59.4841 -0.000924115 -0.000826801 -0.000488885 8.52986
1.49515 59.4841 -0.000309664 0.0011958 -0.000555329 7.52634
2.49192 59.4841 0.000350775 0.000630785 0.000206919 7.52634
3.48868 59.4841 -0.000106567 0.000773622 0.000373179 13.0457
4.48545 59.4841 2.47629e-05 -0.000164545 0.000812151 18.565
5.48221 59.4841 0.000191195 0.000164489 -0.000230755 10.0351
6.47898 59.4841 0.000349681 -0.000526272 -2.77373e-05 19.0667
7.47575 59.4841 0.00041081 -0.00054237 0.000405093 16.558
8.47251 59.4841 -0.000660522 0.000367231 0.000976625 11.5404
9.46928 59.4841 0.000117166 1.8482e-05 0.000281212 7.02459
10.466 59.4841 4.6016e-05 -2.75932e-05 -0.000703501 10.5369
11.4628 59.4841 0.000714024 -0.00157832 9.63665e-05 12.0422
12.4596 59.4841 -0.000564026 0.000277427 0.000772536 24.5861
13.4563 59.4841 0.00115135 -0.000536359 -0.00013296 14.0492
14.4531 59.4841 0.000593814 0.000177405 -0.000352434 12.5439
15.4499 59.4841 0.000298408 0.000364233 -0.000131765 19.5685
16.4466 59.4841 -0.000276154 -0.000831085 -0.000194753 9.53337
17.4434 59.4841 0.000874698 0.000619602 -0.000865249 6.52283
18.4402 59.4841 -0.00106613 -0.00128167 -0.000506697 7.02459
19.4369 59.4841 -0.000775078 0.000967495 -0.000349322 10.0351
20.4337 59.4841 0.000389038 5.02544e-06 4.32441e-05 22.579
21.4305 59.4841 -0.000533002 0.000444309 -0.000353166 16.558
22.4272 59.4841 0.00139732 0.000734468 -0.000412867 5.51932
23.424 59.4841 0.000218533 -0.000714045 0.000475049 26.5931
24.4208 59.4841 -0.000108001 0.000146527 -0.000386723 15.0527
25.4175 59.4841 0.000972258 -0.000756221 -0.000383518 8.0281
26.4143 59.4841 -8.40254e-05 0.000986173 0.000578589 7.02459
27.4111 59.4841 -0.000542294 -0.00091331 -0.000805674 8.0281
28.4078 59.4841 0.000465706 0.000279356 -5.24303e-05 17.0597
29.4046 59.4841 7.64495e-06 9.69199e-05 0.000434758 19.0667
30.4014 59.4841 0.000289033 -0.000117134 0.000293766 12.0422
31.3981 59.4841 0.000232012 0.000541661 7.78945e-05 23.5825
32.3949 59.4841 0.000472768 0.000373703 0.000291406 11.5404
33.3917 59.4841 -0.000303761 -9.0431e-05 -0.00112135 10.0351
34.3884 59.4841 -0.000769069 0.000420782 -0.000436693 11.0386
35.3852 59.4841 -0.00144281 1.30302e-05 -0.000469612 9.53337
36.382 59.4841 -0.000924352 -0.000555462 0.000122443 13.0457
37.3787 59.4841 -0.000933757 0.000446481 0.00084089 24.5861
38.3755 59.4841 -0.00101579 -0.000702414 3.704e-05 12.0422
39.3723 59.4841 -0.000274937 -7.6155e-05 0.000580695 21.0738
40.369 59.4841 0.000773645 -9.65338e-05 -0.000362317 19.0667
41.3658 59.4841 -1.31554e-05 0.000304895 0.000350261 7.52634
42.3626 59.4841 0.000876578 -0.001352 0.0012488 6.52283
43.3593 59.4841 -0.000305497 -0.000663555 -2.14306e-05 8.52986
44.3561 59.4841 0.000923888 -0.000537256 -0.000246178 12.0422
45.3529 59.4841 -5.53698e-05 0.00098109 -0.000210482 25.5896
46.3496 59.4841 -0.000537982 0.000105124 -0.000483213 15.5544
47.3464 59.4841 0.000355217 -0.000327794 -0.000390128 15.0527
48.3432 59.4841 0.000293634 -0.000341029 -0.000808257 21.0738
49.3399 59.4841 -0.000421389 0.000230041 0.000211267 9.03161
50.3367 59.4841 4.15835e-05 -0.00128222 0.000696653 9.03161
51.3335 59.4841 0.000429871 -0.00049237 -0.000118309 8.52986
52.3302 59.4841 -0.000450091 -0.00021357 0.000183661 7.52634
53.327 59.4841 -0.00130191 -0.000221368 -0.000525573 20.572
54.3238 59.4841 -0.000125437 -0.00055135 0.000136776 20.0703
55.3205 59.4841 -0.000430111 0.000234341 -0.000293412 7.02459
56.3173 59.4841 0.000107365 -0.000383188 -0.000415363 23.0808
57.3141 59.4841 9.25168e-05 8.17004e-05 -0.000469724 17.5615
58.3108 59.4841 -0.000111189 0.000188787 -0.000671867 8.52986
59.3076 59.4841 0.000344625 -0.000403269 2.72065e-05 6.52283
60.3044 59.4841 -0.000695851 0.000135631 0.000589092 4.51581
61.3011 59.4841 0.000187989 -0.000751668 1.40944e-05 13.5474
62.2979 59.4841 0.00049985 0.000586603 0.000353501 21.0738
63.2947 59.4841 0.000828899 0.000424255 0.000221488 10.5369
64.2914 59.4841 0.000406656 -1.87083e-05 -0.000186124 18.0632
65.2882 59.4841 0.00133804 -0.000325165 -0.000487497 17.0597
66.285 59.4841 -0.000433257 -0.000675204 0.0013803 11.0386
67.2817 59.4841 -0.000418949 -0.000252573 0.000677135 8.52986
68.2785 59.4841 0.000247575 -0.00118334 0.00161297 7.52634
69.2753 59.4841 -0.00148918 -0.000196321 0.000354014 9.53337
70.272 59.4841 3.2421e-05 0.000408027 3.12771e-06 24.0843
71.2688 59.4841 -9.3554e-05 -9.45287e-05 0.000778787 16.0562
72.2656 59.4841 0.000313769 0.000322898 0.000470258 12.0422
73.2623 59.4841 -0.000707839 0.000591514 0.00106411 24.0843
74.2591 59.4841 -0.0010102 -0.00117257 -0.000298307 8.52986
75.2559 59.4841 0.000872738 -0.000471819 0.000278443 10.0351
76.2526 59.4841 -0.000405859 -0.000705015 0.00124296 7.02459
77.2494 59.4841 1.13551e-05 0.00107928 -0.00173777 6.52283
78.2462 59.4841 -0.000271801 0.00088552 0.000596529 20.0703
79.2429 59.4841 0.000382764 0.000424452 -9.25373e-05 14.5509
80.2397 59.4841 0.00117886 -0.000297103 0.000414235 11.5404
81.2365 59.4841 -0.000299269 7.14002e-05 -3.08993e-05 21.0738
82.2332 59.4841 -0.000727715 -0.000287855 2.94283e-05 13.0457
0.498383 60.4838 0.00011276 -0.0009165 0.000757341 8.52986
1.49515 60.4838 -0.000722085 -0.00172363 -0.00179722 6.02108
2.49192 60.4838 0.001616 0.00162302 -1.09706e-05 6.52283
3.48868 60.4838 0.000238956 0.000777005 0.00053666 17.0597
4.48545 60.4838 0.00037071 -0.000117849 0.000165826 13.5474
5.48221 60.4838 0.00177985 -0.00055487 -0.00139853 9.53337
6.47898 60.4838 0.000266075 -0.000343 -0.000458801 12.5439
7.47575 60.4838 0.000658403 -0.000135455 0.000134714 12.0422
8.47251 60.4838 -0.00098359 -3.23283e-05 -0.000298083 10.0351
9.46928 60.4838 -0.000336734 -0.000496062 -0.000430789 10.0351
10.466 60.4838 -0.000554164 0.000526999 0.00071962 4.01405
11.4628 60.4838 0.000175467 -0.000235746 0.000489214 12.5439
12.4596 60.4838 0.000281584 -0.000435857 0.00080193 13.5474
13.4563 60.4838 -0.00142953 0.000314189 0.000647718 10.5369
14.4531 60.4838 -0.00140888 -0.00136854 0.00163523 8.52986
15.4499 60.4838 0.000605629 -0.000770883 -0.000649423 15.0527
16.4466 60.4838 -0.00018785 0.0005388 -0.000594729 11.0386
17.4434 60.4838 0.00125468 -0.000328584 -0.000551405 10.0351
18.4402 60.4838 0.000579075 -4.40885e-05 -0.00109267 5.01756
19.4369 60.4838 0.00130016 -0.000639544 -0.00101571 9.03161
20.4337 60.4838 0.000164759 0.000440625 -0.000446798 16.558
21.4305 60.4838 0.00136426 0.000970211 -6.54475e-05 7.02459
22.4272 60.4838 -0.000770521 -0.000110116 -0.00094604 14.0492
23.424 60.4838 0.000292579 0.000644769 -0.000399169 10.5369
24.4208 60.4838 0.00017054 -0.00108359 -0.00126543 7.02459
25.4175 60.4838 0.000474495 -0.000304876 -0.000130602 9.03161
26.4143 60.4838 0.00108715 3.82864e-06 -0.00115161 7.02459
27.4111 60.4838 0.000478723 -0.00109542 -0.000690149 6.02108
28.4078 60.4838 0.000264231 -0.000583192 0.000239877 16.0562
29.4046 60.4838 0.000362567 -0.000827874 -0.00103367 12.5439
30.4014 60.4838 -0.000297915 -0.000450627 -0.000686601 10.0351
31.3981 60.4838 -0.000760849 0.000679824 -0.000588054 10.0351
32.3949 60.4838 0.000583344 0.000401088 -0.000316751 10.5369
33.3917 60.4838 -0.000505159 0.000611873 -0.000383981 6.52283
34.3884 60.4838 0.000799731 -0.00143393 0.000125299 8.52986
35.3852 60.4838 0.000762204 0.00015197 -0.000869278 7.52634
36.382 60.4838 -0.000147195 0.000341312 -5.42956e-05 11.5404
37.3787 60.4838 0.000113067 0.000545816 -0.000330721 11.5404
38.3755 60.4838 -0.000630921 0.000367317 0.000533681 9.03161
39.3723 60.4838 0.000576637 -0.000237587 0.000658712 10.5369
40.369 60.4838 -0.000966881 0.000130401 -0.000378487 12.5439
41.3658 60.4838 0.000854777 0.000268923 -0.00101686 7.02459
42.3626 60.4838 -0.000138815 -0.000246582 -4.15209e-05 7.02459
43.3593 60.4838 -3.23015e-05 0.00113592 0.000489355 5.01756
44.3561 60.4838 0.000241913 0.000103061 -0.000716794 9.03161
45.3529 60.4838 -0.000171788 0.000269563 0.00033043 16.0562
46.3496 60.4838 -0.000771115 0.000318015 -0.00042591 9.53337
47.3464 60.4838 -0.000236242 0.000495843 0.00109285 9.03161
48.3432 60.4838 -0.000790877 -0.00132095 -0.000217344 13.5474
49.3399 60.4838 -3.03433e-05 -0.000583312 0.000746693 12.0422
50.3367 60.4838 -0.000681381 -0.000345052 -0.000263097 10.5369
51.3335 60.4838 0.000643344 -0.000507636 0.00032146 6.02108
52.3302 60.4838 -0.000602391 0.000673443 -0.000653658 6.52283
53.327 60.4838 -0.000166922 2.17959e-06 -5.36449e-05 13.5474
54.3238 60.4838 -0.00119609 -0.000217821 -0.000381517 15.5544
55.3205 60.4838 -0.0014082 -0.000135746 0.000365896 6.52283
56.3173 60.4838 -0.000619188 -7.03278e-05 -0.000623383 11.0386
57.3141 60.4838 3.17164e-05 -0.000552987 0.000756314 15.0527
58.3108 60.4838 -0.000816718 0.000823969 -0.000957998 8.52986
59.3076 60.4838 9.10336e-05 0.00146114 0.00109726 5.51932
60.3044 60.4838 -0.000244326 0.00107212 -0.000397768 9.03161
61.3011 60.4838 0.00097865 -0.000311597 0.000554591 12.5439
62.2979 60.4838 4.5669e-05 0.000703229 -0.000183342 18.0632
63.2947 60.4838 0.0010441 -0.000602686 -0.000422735 8.52986
64.2914 60.4838 0.000301236 -0.00049283 -0.000291432 15.0527
65.2882 60.4838 -0.000144467 0.00188521 -0.000384712 15.5544
66.285 60.4838 0.000336353 0.000367929 0.000584602 11.0386
67.2817 60.4838 0.000499385 0.000743758 -0.0008225 9.53337
68.2785 60.4838 0.00166267 0.000294508 0.000144213 8.0281
69.2753 60.4838 -0.000246014 0.000465843 0.000631739 11.5404
70.272 60.4838 3.33642e-05 -0.00121044 0.0011108 14.5509
71.2688 60.4838 -0.000714782 0.00118753 -0.000633998 11.5404
72.2656 60.4838 5.65911e-05 -0.0010365 -0.000855019 10.5369
73.2623 60.4838 0.000291788 0.000366219 -0.000487054 13.5474
74.2591 60.4838 -0.000130595 -0.00164017 -0.0012089 7.02459
75.2559 60.4838 -0.000536449 0.000143972 -0.00086239 7.02459
76.2526 60.4838 -0.000384984 -0.000201935 -0.000673367 5.51932
77.2494 60.4838 0.00121893 0.000635064 0.000605508 9.03161
78.2462 60.4838 -0.00061628 0.000475713 5.33644e-05 17.0597
79.2429 60.4838 0.000674024 0.0010457 7.21221e-05 15.5544
80.2397 60.4838 -0.000442752 -0.000864844 0.00176737 11.0386
81.2365 60.4838 -0.000420218 -0.00025861 -0.000279029 10.5369
82.2332 60.4838 -0.00030079 0.00078757 -0.00126223 13.5474
0.498383 61.4836 -0.000262099 -0.000236699 -0.00120621 14.0492
1.49515 61.4836 0.000246765 -0.000315988 0.000485443 11.0386
2.49192 61.4836 0.000593141 0.000677654 3.22478e-05 20.0703
3.48868 61.4836 -0.000482275 -0.000122212 0.00032868 13.0457
4.48545 61.4836 -0.00113393 -0.000474142 -0.00096941 6.02108
5.48221 61.4836 0.000113023 -0.00149583 0.000476242 7.02459
6.47898 61.4836 -0.000503476 -0.00124403 -0.00103102 6.02108
7.47575 61.4836 -2.34168e-05 0.00121066 0.000581453 13.5474
8.47251 61.4836 0.000243334 -0.00038109 -0.000962857 16.558
9.46928 61.4836 0.000145229 -0.000617045 -0.00167046 12.0422
10.466 61.4836 -0.000510294 -0.000239351 -0.00060554 16.0562
11.4628 61.4836 0.000120129 0.000236604 -0.000498843 15.0527
12.4596 61.4836 0.00074777 -0.000179594 -0.000136089 9.53337
13.4563 61.4836 -0.000883854 -0.000143185 -0.00200696 4.01405
14.4531 61.4836 -0.000963648 -1.24669e-05 -0.000758877 13.5474
15.4499 61.4836 -0.000204616 9.53927e-05 0.000819009 11.5404
16.4466 61.4836 -5.01481e-05 0.00060386 0.000768035 15.0527
17.4434 61.4836 0.00114877 -0.00026172 -0.000377691 10.5369
18.4402 61.4836 0.000139029 -0.000924202 0.000727068 10.5369
19.4369 61.4836 -0.00114749 0.000753356 -5.22068e-06 14.5509
20.4337 61.4836 0.000530818 -0.00083642 0.000466178 9.03161
21.4305 61.4836 0.00121544 0.000192511 0.000496671 10.5369
22.4272 61.4836 0.000420403 0.000805359 0.00027954 8.52986
23.424 61.4836 -0.00128249 -0.000139578 -0.000269036 7.52634
24.4208 61.4836 6.81681e-05 -0.000124232 0.000184981 20.0703
25.4175 61.4836 -8.86927e-05 -0.000453319 -0.000896164 13.5474
26.4143 61.4836 -0.000586079 -0.000976042 -9.27536e-05 11.0386
27.4111 61.4836 0.000417832 -7.69301e-05 -0.0012387 19.0667
28.4078 61.4836 -3.63995e-05 0.000616627 -0.000421096 12.5439
29.4046 61.4836 0.00217269 -0.000846197 -0.00177443 4.01405
30.4014 61.4836 -5.33587e-05 -0.000352106 0.00026349 5.51932
31.3981 61.4836 2.01042e-05 -0.000341266 0.00129906 6.52283
32.3949 61.4836 0.000238834 -0.000665973 -0.000621363 14.0492
33.3917 61.4836 0.000417207 0.000437416 0.000144094 22.579
34.3884 61.4836 0.0010903 -0.000674964 0.000948344 7.02459
35.3852 61.4836 -9.11234e-05 -3.87985e-05 0.000576639 13.5474
36.382 61.4836 -0.00117194 -0.000257299 -0.000561867 14.0492
37.3787 61.4836 0.000184945 0.00134614 -0.00069991 11.0386
38.3755 61.4836 -0.000196926 0.000853108 0.000263258 7.52634
39.3723 61.4836 -0.000393797 -6.20391e-05 -6.09522e-06 9.03161
40.369 61.4836 0.00085807 0.00123676 -0.00117361 14.5509
41.3658 61.4836 0.000446116 -0.000897785 0.000925894 18.565
42.3626 61.4836 0.000336915 0.000178914 -0.000624004 14.0492
43.3593 61.4836 -0.000605364 0.000243762 0.000463484 16.0562
44.3561 61.4836 0.000985312 0.000224149 0.000850204 19.5685
45.3529 61.4836 0.000980667 -0.000721614 -6.11499e-05 6.02108
46.3496 61.4836 -0.00085023 -4.14589e-05 -1.69805e-05 9.53337
47.3464 61.4836 -5.02004e-05 -0.000271432 0.000133788 8.0281
48.3432 61.4836 -0.00145128 5.46427e-05 -0.000636816 7.52634
49.3399 61.4836 -0.00108554 0.000705368 2.58143e-05 11.5404
50.3367 61.4836 -6.33606e-05 4.44802e-05 0.000646757 15.5544
51.3335 61.4836 0.000547481 -0.000163717 0.000301709 7.02459
52.3302 61.4836 -0.00100685 0.000270752 -0.000156023 13.5474
53.327 61.4836 -0.000422258 0.00121499 0.000121077 13.0457
54.3238 61.4836 0.000419548 -9.18028e-05 -7.40685e-05 5.51932
55.3205 61.4836 -0.000922787 0.000939348 8.23786e-05 11.5404
56.3173 61.4836 0.00178234 0.000521111 0.00101439 9.03161
57.3141 61.4836 0.000130796 -3.5943e-05 -0.000837948 15.0527
58.3108 61.4836 -0.00018806 -0.000825852 0.00083301 12.5439
59.3076 61.4836 -0.000567089 -6.42155e-05 0.00076781 9.03161
60.3044 61.4836 0.0007733 -0.000999698 0.000410688 14.5509
61.3011 61.4836 0.000728357 -1.97868e-05 -2.26647e-05 9.03161
62.2979 61.4836 0.00102462 -0.00106428 0.000599767 8.52986
63.2947 61.4836 -0.000671798 0.00108639 -0.000846155 7.02459
64.2914 61.4836 0.000667582 0.000507487 0.000713079 7.02459
65.2882 61.4836 0.000114179 -0.000183233 0.000487429 8.0281
66.285 61.4836 -0.000451557 -0.000361876 -0.00066182 14.5509
67.2817 61.4836 5.73261e-05 -0.00151099 0.000991865 7.02459
68.2785 61.4836 0.00049357 -0.000917783 -0.000798304 15.5544
69.2753 61.4836 -2.31768e-05 -0.000146226 -0.000175148 13.0457
70.272 61.4836 0.00145184 0.00171873 -0.00107156 7.02459
71.2688 61.4836 -0.000156208 0.000384499 -0.00142661 6.52283
72.2656 61.4836 -0.00112202 -0.00119471 -0.00189654 6.52283
73.2623 61.4836 0.0011242 -0.000152544 6.78183e-05 12.0422
74.2591 61.4836 0.000901901 0.00114496 -0.00067436 20.0703
75.2559 61.4836 0.00121329 -6.16157e-05 0.000546561 12.5439
76.2526 61.4836 0.00144312 0.000424122 6.82613e-05 8.0281
77.2494 61.4836 0.000322747 -0.000382057 0.000689461 18.565
78.2462 61.4836 0.00104521 0.000426159 -0.00010122 10.5369
79.2429 61.4836 0.000868744 0.00145744 0.00161793 5.51932
80.2397 61.4836 0.000730023 -0.00126681 0.000127124 5.51932
81.2365 61.4836 -0.00120658 0.000500782 1.38543e-05 8.0281
82.2332 61.4836 -0.0011772 0.000251864 0.000421774 14.0492
0.498383 62.4833 -0.000184902 -0.00122624 7.21145e-05 12.0422
1.49515 62.4833 -0.00161794 -0.000263687 -8.1149e-05 9.03161
2.49192 62.4833 0.000158837 -0.000855465 0.000594435 22.0773
3.48868 62.4833 -0.000914155 -0.000102665 0.000314129 15.0527
4.48545 62.4833 -5.02158e-05 0.000606268 0.00113985 8.0281
5.48221 62.4833 6.1576e-05 0.00182673 0.00070131 8.52986
6.47898 62.4833 0.000757055 3.81319e-05 0.00175984 7.02459
7.47575 62.4833 0.000307682 0.00030569 -0.00020854 15.0527
8.47251 62.4833 0.000119224 -0.00041131 0.000146231 18.565
9.46928 62.4833 0.000164912 -0.000233259 -0.000474802 10.5369
10.466 62.4833 4.8554e-05 -0.000105926 0.00108337 15.0527
11.4628 62.4833 4.07759e-07 0.0004154 -0.000404085 14.5509
12.4596 62.4833 0.000390205 0.000930319 8.0677e-05 15.0527
13.4563 62.4833 -0.000369343 0.000446751 0.00134459 4.51581
14.4531 62.4833 0.000516371 -0.000166895 0.000905025 4.51581
15.4499 62.4833 8.81806e-05 9.83094e-06 0.00111809 8.52986
16.4466 62.4833 0.00052948 -0.000495455 -0.000120317 21.5755
17.4434 62.4833 -0.000271337 -0.00124615 -0.000462889 10.0351
18.4402 62.4833 0.000746922 0.000374813 0.000348763 15.0527
19.4369 62.4833 8.17621e-05 -0.00054106 -0.000293917 20.0703
20.4337 62.4833 0.00131679 8.65752e-05 -0.000821606 11.0386
21.4305 62.4833 -0.000589903 -0.000533337 9.44022e-05 9.53337
22.4272 62.4833 0.000244604 -0.0014263 0.000119619 5.51932
23.424 62.4833 0.000423994 -0.00114374 0.000105762 10.0351
24.4208 62.4833 -0.000817329 0.000431763 -0.000477358 16.558
25.4175 62.4833 -0.000778216 3.03231e-05 0.000298521 13.5474
26.4143 62.4833 0.00174889 -0.00062938 -0.000104485 10.0351
27.4111 62.4833 -0.000336262 9.6255e-05 -0.000203541 20.0703
28.4078 62.4833 -0.000409231 -9.31302e-05 0.000251305 15.5544
29.4046 62.4833 0.0017415 0.0014721 0.000301634 6.52283
30.4014 62.4833 0.000270632 -0.00211051 -0.000971923 7.52634
31.3981 62.4833 -0.000741754 -0.000521097 0.00108503 6.02108
32.3949 62.4833 -0.00136573 0.000601632 0.000312684 18.565
33.3917 62.4833 0.000143654 -0.00128972 -0.000179852 13.0457
34.3884 62.4833 -0.000239406 0.00120938 4.5977e-05 13.0457
35.3852 62.4833 -0.000136765 0.000760556 0.000422663 14.5509
36.382 62.4833 -0.000444403 -0.000730957 6.66662e-05 19.0667
37.3787 62.4833 -0.000628852 8.04871e-05 -0.000449493 8.52986
38.3755 62.4833 0.000123901 -0.00107328 0.000823025 9.53337
39.3723 62.4833 -0.00198851 0.00154897 -0.000594405 4.01405
40.369 62.4833 0.000321703 0.000371488 0.000368481 8.52986
41.3658 62.4833 0.000826066 0.000155846 8.72118e-05 14.5509
42.3626 62.4833 -0.000805815 -0.00113974 -0.000147829 12.0422
43.3593 62.4833 -0.000263011 -0.00020534 0.00107212 16.0562
44.3561 62.4833 0.000346059 0.000317383 -0.000274256 18.0632
45.3529 62.4833 0.000969286 -0.000223305 -5.89541e-05 9.53337
46.3496 62.4833 0.00102422 0.000911728 0.000286117 10.0351
47.3464 62.4833 -0.000546439 -0.000299841 -0.00158921 8.52986
48.3432 62.4833 -0.000196095 -0.000408559 0.000284131 12.0422
49.3399 62.4833 -0.000300063 0.000445457 -7.12532e-05 20.0703
50.3367 62.4833 -0.000644837 -0.000803584 -0.000206443 14.0492
51.3335 62.4833 0.000180749 0.000230222 -0.000709668 10.5369
52.3302 62.4833 -0.000980991 8.65332e-05 -0.000244381 21.0738
53.327 62.4833 0.00136077 -0.000450011 0.00046099 13.5474
54.3238 62.4833 -0.000665383 0.000334831 0.000390708 8.52986
55.3205 62.4833 0.000368786 0.00140301 0.0016556 4.51581
56.3173 62.4833 -0.000663851 0.00118732 0.000153112 8.0281
57.3141 62.4833 0.000769192 -0.000234163 1.00262e-05 16.558
58.3108 62.4833 -0.000216152 -0.000213737 -0.000256335 18.565
59.3076 62.4833 -0.000651481 -0.000508403 -0.000636526 12.0422
60.3044 62.4833 -0.0015336 0.000126195 0.000556094 17.5615
61.3011 62.4833 -0.000550472 -0.00109035 0.000178718 18.0632
62.2979 62.4833 -0.00118574 9.35062e-05 0.000617394 8.0281
63.2947 62.4833 0.000290468 4.54881e-05 -0.000493618 9.03161
64.2914 62.4833 0.000294289 0.000597158 0.00171132 8.52986
65.2882 62.4833 -0.000173379 0.000862613 3.27992e-05 9.53337
66.285 62.4833 0.000435696 0.000194139 -0.0002914 22.579
67.2817 62.4833 -5.8484e-05 -0.000292369 -0.000164974 10.5369
68.2785 62.4833 -0.00028178 0.00101761 0.000898127 17.0597
69.2753 62.4833 0.000187204 -0.00054351 -0.000523809 20.572
70.272 62.4833 0.00103602 2.2022e-05 0.000158844 10.0351
71.2688 62.4833 0.000794102 0.000794382 -8.45544e-05 7.02459
72.2656 62.4833 0.00013196 -0.00116305 -0.000365445 8.0281
73.2623 62.4833 7.0038e-05 0.0013593 -0.000999995 7.02459
74.2591 62.4833 0.000313838 0.000140866 8.81684e-05 24.5861
75.2559 62.4833 0.000854854 0.000205229 -0.000429348 14.0492
76.2526 62.4833 0.00055239 0.000799491 -2.6176e-05 10.0351
77.2494 62.4833 0.000442276 0.000559693 0.000632624 25.5896
78.2462 62.4833 -0.00174012 -0.000397344 0.000573082 6.02108
79.2429 62.4833 0.000447088 0.000433041 0.000966415 10.0351
80.2397 62.4833 0.000388495 -0.00132378 0.000410775 8.0281
81.2365 62.4833 0.00105988 -3.69947e-07 0.000900012 8.52986
82.2332 62.4833 -0.000174659 -0.000399388 0.000795908 18.0632
0.498383 63.483 6.64472e-05 -7.46586e-05 0.000409682 12.5439
1.49515 63.483 -0.00101528 0.000523412 0.000983727 10.0351
2.49192 63.483 -0.00111345 0.000532752 0.00238503 8.0281
3.48868 63.483 -0.000200085 0.000171639 0.000715799 12.0422
4.48545 63.483 -8.52296e-05 0.000855935 -0.000102392 12.0422
5.48221 63.483 -0.0010842 -0.000613021 0.00114803 6.52283
6.47898 63.483 0.000496846 0.000834038 9.57266e-05 12.0422
7.47575 63.483 -0.00030152 -0.000337943 0.000631759 10.0351
8.47251 63.483 0.000729221 -0.0018835 4.56665e-05 6.52283
9.46928 63.483 -0.000761106 0.000172209 0.00111703 7.52634
10.466 63.483 6.10249e-05 0.00107404 0.00109848 9.03161
11.4628 63.483 -0.000830331 -0.00025186 0.00127342 10.0351
12.4596 63.483 0.000238615 -0.000387896 0.000177987 15.5544
13.4563 63.483 -0.000496516 -0.000281758 -0.00083904 7.52634
14.4531 63.483 -7.65868e-05 -0.000349434 0.000211584 14.5509
15.4499 63.483 -0.00120621 -0.000126205 -5.96851e-05 17.0597
16.4466 63.483 5.258e-05 -7.8957e-05 0.000960886 10.5369
17.4434 63.483 -0.000392616 -0.000531977 -0.000459264 10.0351
18.4402 63.483 0.000824838 0.000269463 0.000899619 8.0281
19.4369 63.483 -0.00108878 0.00114361 0.000656887 9.53337
20.4337 63.483 -0.00139469 -0.00129624 -0.000665412 10.5369
21.4305 63.483 0.00149108 -0.00148559 0.000787389 9.53337
22.4272 63.483 -0.000256335 -0.000479367 -0.000906241 7.02459
23.424 63.483 -0.000429925 -0.000588166 0.00043135 13.5474
24.4208 63.483 7.73437e-05 -0.000957591 0.000974647 13.5474
25.4175 63.483 -0.000108361 3.53342e-05 -1.67962e-05 9.53337
26.4143 63.483 -0.000738179 0.00122291 0.00123928 5.01756
27.4111 63.483 -0.000128951 -8.67907e-05 0.00102274 9.53337
28.4078 63.483 -0.00114584 -0.000623245 0.000234074 12.0422
29.4046 63.483 0.00101682 -0.00114904 0.000406851 12.5439
30.4014 63.483 0.000462778 0.000625941 0.000755069 9.03161
31.3981 63.483 0.000801051 0.000665658 -0.000244479 11.5404
32.3949 63.483 -0.000739895 -0.000303046 -0.000240213 10.5369
33.3917 63.483 0.00092776 0.000629872 0.000880031 9.03161
34.3884 63.483 -0.00147257 0.000966804 -0.00203181 5.01756
35.3852 63.483 -0.000448 -0.000436931 -0.000186553 8.0281
36.382 63.483 -0.000786333 -0.000311167 -0.000278074 10.0351
37.3787 63.483 0.000436095 -0.000118615 -0.00133557 9.53337
38.3755 63.483 -0.00026822 0.000798588 -0.000476841 7.02459
39.3723 63.483 0.00208846 0.000915132 0.000511401 11.0386
40.369 63.483 0.000352885 0.000908436 0.000215589 17.0597
41.3658 63.483 -0.000155316 0.000945146 -0.000141696 7.52634
42.3626 63.483 -0.000266483 0.00148313 0.00063612 13.5474
43.3593 63.483 -0.000581086 0.0020567 0.00241322 3.01054
44.3561 63.483 -7.68143e-05 0.00043383 0.000899552 8.0281
45.3529 63.483 0.000697431 -0.000172644 -0.000423449 9.53337
46.3496 63.483 0.000151766 -0.00046228 -0.00078902 9.03161
47.3464 63.483 -0.00057451 0.000770578 -0.000524884 11.5404
48.3432 63.483 0.000149414 0.0010371 -0.000287015 14.5509
49.3399 63.483 0.000973866 0.00135958 -0.000150344 5.51932
50.3367 63.483 -0.000896813 0.000578497 -0.000386647 7.52634
51.3335 63.483 0.00103239 0.00115256 -4.13435e-05 10.0351
52.3302 63.483 0.000611441 0.00158747 -0.00114157 7.52634
53.327 63.483 0.000200483 0.000814874 6.56744e-06 12.5439
54.3238 63.483 0.000511426 -0.000127226 0.000116719 10.5369
55.3205 63.483 0.000808515 0.000737974 -0.00107028 8.52986
56.3173 63.483 0.000474672 0.00114314 0.000456658 8.52986
57.3141 63.483 0.00113348 -0.000553018 -0.000317169 10.5369
58.3108 63.483 -0.000186159 0.000309997 0.000223082 7.02459
59.3076 63.483 -0.000366857 0.000833075 0.000284464 7.52634
60.3044 63.483 -0.00092171 0.00112114 0.00132652 11.0386
61.3011 63.483 0.00145097 0.000219592 0.000179283 10.0351
62.2979 63.483 -0.000416176 -0.000800405 -0.000217365 11.5404
63.2947 63.483 8.98942e-05 4.42505e-05 0.000397359 6.02108
64.2914 63.483 0.000560683 -0.000382213 -0.00158431 10.5369
65.2882 63.483 0.000475398 -0.000153596 5.25544e-05 12.5439
66.285 63.483 -0.000235585 0.000577715 -0.000213253 8.0281
67.2817 63.483 0.00138005 -0.000152301 -0.000777966 8.52986
68.2785 63.483 0.000392918 6.75918e-05 0.000157334 8.0281
69.2753 63.483 -0.000473515 0.000735094 0.000182128 11.0386
70.272 63.483 -0.000258524 0.000662369 0.000893513 13.0457
71.2688 63.483 -1.77127e-05 -0.000912158 0.00101575 9.53337
72.2656 63.483 -0.000924736 -5.27197e-05 -0.000621165 8.52986
73.2623 63.483 0.000698834 0.000372244 0.000496802 10.5369
74.2591 63.483 -0.00023265 2.91742e-05 0.000480993 8.52986
75.2559 63.483 0.000661142 -0.00202715 0.00213316 6.52283
76.2526 63.483 0.00134628 5.36854e-05 -0.00100818 9.53337
77.2494 63.483 -0.000270522 -5.77051e-05 7.24001e-05 10.0351
78.2462 63.483 -0.000221113 -8.72065e-05 0.00101988 10.5369
79.2429 63.483 -2.55392e-05 -2.49087e-05 -0.000476204 12.5439
80.2397 63.483 -4.60187e-05 -0.000771541 0.000951683 4.51581
81.2365 63.483 0.000119759 0.000691626 -0.000115719 11.0386
82.2332 63.483 0.00165666 0.000814339 0.00104775 11.0386
0.498383 64.4827 0.000152383 -0.000265043 0.000733047 9.53337
1.49515 64.4827 0.000115554 -0.00120182 0.00160942 3.51229
2.49192 64.4827 0.00105442 0.000371772 -0.00120363 5.01756
3.48868 64.4827 2.25864e-05 0.000631376 -2.19168e-05 14.0492
4.48545 64.4827 -0.000274681 -0.000481159 -0.000327074 22.579
5.48221 64.4827 0.000640271 -0.000762471 6.97518e-05 12.0422
6.47898 64.4827 0.000528505 0.000106399 0.000237306 16.0562
7.47575 64.4827 0.000233211 0.000557568 0.000971278 24.0843
8.47251 64.4827 6.4107e-05 0.000977992 -0.000312087 10.0351
9.46928 64.4827 0.000642 -8.39615e-05 0.00073352 12.0422
10.466 64.4827 0.000157477 0.000574386 0.000226223 8.0281
11.4628 64.4827 0.00014873 -0.000660252 -0.000219278 13.0457
12.4596 64.4827 -0.000807778 0.000716028 -7.0549e-05 21.5755
13.4563 64.4827 0.000802184 0.000688354 0.000191097 10.0351
14.4531 64.4827 -0.000844512 0.000120901 -0.00091687 11.5404
15.4499 64.4827 -0.000578807 -5.68613e-05 -7.60297e-05 21.5755
16.4466 64.4827 0.00134563 0.00138014 0.000379081 10.5369
17.4434 64.4827 0.000369034 -0.00026182 -0.000965251 7.02459
18.4402 64.4827 -0.000665376 7.39739e-05 -0.000630877 9.53337
19.4369 64.4827 -0.000359849 9.75573e-05 -0.000995162 9.03161
20.4337 64.4827 0.000317114 0.000547275 0.000232766 21.0738
21.4305 64.4827 3.79634e-05 -0.00031783 0.000620274 15.5544
22.4272 64.4827 -0.000211369 0.000776768 0.000579995 16.0562
23.424 64.4827 0.000251467 0.000561412 -2.63033e-05 18.0632
24.4208 64.4827 -0.00084036 -0.000129344 0.000315632 12.5439
25.4175 64.4827 -0.000468518 -0.000371141 0.000394618 6.02108
26.4143 64.4827 0.000686683 -0.000843668 0.000134884 11.5404
27.4111 64.4827 -0.00106253 9.43172e-05 -0.00111851 8.0281
28.4078 64.4827 -2.91544e-06 0.000265237 -0.000339048 18.0632
29.4046 64.4827 0.00102504 0.000467231 -0.000363385 17.5615
30.4014 64.4827 0.00109073 5.13846e-05 -0.00118107 10.5369
31.3981 64.4827 0.000342971 0.000456761 0.000114229 21.0738
32.3949 64.4827 4.22198e-05 0.000175855 -0.000347523 18.0632
33.3917 64.4827 -0.00071113 0.0012601 -0.000647176 7.52634
34.3884 64.4827 0.000470945 9.12161e-05 0.000160889 9.03161
35.3852 64.4827 0.000289237 -8.31026e-05 0.000846298 9.03161
36.382 64.4827 -0.000783536 0.000204812 0.00104125 11.5404
37.3787 64.4827 0.000407179 0.000184144 0.000648103 25.5896
38.3755 64.4827 -0.000342112 0.000768187 5.74196e-05 9.53337
39.3723 64.4827 -0.000730042 -0.000430583 -0.000897848 19.5685
40.369 64.4827 -6.28811e-05 0.000274665 -6.42111e-08 18.0632
41.3658 64.4827 0.000244366 -8.87572e-05 6.35404e-05 8.0281
42.3626 64.4827 0.000716787 0.00096618 0.000286236 9.53337
43.3593 64.4827 -0.000221214 0.000881422 0.000382243 5.01756
44.3561 64.4827 -0.0007936 -0.000733844 -0.000570912 15.5544
45.3529 64.4827 0.00108393 0.000138993 -0.000466696 23.5825
46.3496 64.4827 9.79784e-05 0.000498151 0.000385377 11.5404
47.3464 64.4827 -0.000712278 -0.000423285 -0.00121635 15.0527
48.3432 64.4827 0.000531065 0.000563025 -2.97711e-05 19.5685
49.3399 64.4827 -3.46319e-05 0.000718847 -0.000128977 13.5474
50.3367 64.4827 -0.00118609 5.00434e-05 -0.00122605 8.0281
51.3335 64.4827 0.000223913 0.00093882 0.00117065 8.0281
52.3302 64.4827 0.000956974 0.000791529 0.000762709 9.03161
53.327 64.4827 0.000192042 0.000114552 5.13887e-05 16.0562
54.3238 64.4827 0.000255846 0.000378068 -0.000359192 23.0808
55.3205 64.4827 0.000120342 -0.000487901 -0.000884955 10.0351
56.3173 64.4827 2.92896e-05 -0.000419326 -9.92353e-05 23.0808
57.3141 64.4827 7.00718e-05 0.00105078 0.000359659 15.0527
58.3108 64.4827 0.000298304 -0.000242746 -0.000520065 9.03161
59.3076 64.4827 0.000722546 5.48602e-05 -0.000627029 6.02108
60.3044 64.4827 0.00143675 0.00160569 0.000368497 8.52986
61.3011 64.4827 -0.00051802 0.00188319 -0.0017007 11.5404
62.2979 64.4827 -0.000659084 -0.000549866 -0.000734552 27.5966
63.2947 64.4827 0.00064105 0.000230387 0.000371954 15.0527
64.2914 64.4827 0.000368444 -0.000323762 -0.000346316 16.558
65.2882 64.4827 -0.000880437 2.70125e-05 0.000817646 25.0878
66.285 64.4827 -0.000829998 -5.52739e-05 -0.000659422 10.0351
67.2817 64.4827 6.49578e-05 0.000511947 0.00036553 7.02459
68.2785 64.4827 -0.000400728 -0.000211858 0.000830699 3.51229
69.2753 64.4827 -0.000720132 0.000108046 0.000736477 11.5404
70.272 64.4827 -0.000110753 -0.000384116 0.000178083 26.5931
71.2688 64.4827 -0.00066221 0.000172746 0.000648886 12.5439
72.2656 64.4827 0.000294462 0.000765665 -0.000778799 11.0386
73.2623 64.4827 -8.85227e-05 -0.000386589 0.000730838 26.5931
74.2591 64.4827 0.00073709 0.000301909 0.000762119 11.0386
75.2559 64.4827 -0.000848742 0.00059887 -0.00109914 7.02459
76.2526 64.4827 0.000174647 0.000134774 0.00162773 5.01756
77.2494 64.4827 0.000820568 -0.000911303 -0.000276141 10.5369
78.2462 64.4827 -1.07847e-05 -0.000138298 -0.000979368 27.0948
79.2429 64.4827 0.000668092 0.000557333 -0.000663018 15.5544
80.2397 64.4827 -0.000442114 -0.000919146 0.000646295 9.53337
81.2365 64.4827 0.00039105 -0.000253047 0.00055011 30.1054
82.2332 64.4827 9.30185e-05 -0.000577383 0.000246834 12.0422
0.498383 65.4825 -0.000120928 -0.000151476 -0.000446689 8.52986
1.49515 65.4825 0.000227603 0.00227837 0.000162189 6.52283
2.49192 65.4825 -0.000111947 0.000980476 -0.000348801 9.53337
3.48868 65.4825 -0.000718232 -0.00045971 -0.000700637 9.53337
4.48545 65.4825 0.000540642 0.000803924 0.000275263 13.0457
5.48221 65.4825 -7.50748e-05 -0.000765187 -0.000308722 8.0281
6.47898 65.4825 -0.00149284 0.000817993 0.000236909 7.52634
7.47575 65.4825 0.000225665 -0.000674412 0.000654609 13.0457
8.47251 65.4825 0.000797309 0.00131571 -0.00138118 6.52283
9.46928 65.4825 -0.000275929 -0.000820503 0.000183209 6.02108
10.466 65.4825 0.00010131 0.000222901 2.54016e-06 9.53337
11.4628 65.4825 -0.00134314 -0.000146827 0.0010289 6.52283
12.4596 65.4825 -0.000475754 0.000186393 0.000785913 17.5615
13.4563 65.4825 0.000791223 0.000558288 -0.000521556 13.0457
14.4531 65.4825 6.00747e-06 0.00027022 0.000138989 9.53337
15.4499 65.4825 -0.00119685 -0.00116597 -0.000227601 10.5369
16.4466 65.4825 0.000116386 0.000401323 -0.000523593 7.02459
17.4434 65.4825 0.000601591 6.26219e-06 0.000400643 9.53337
18.4402 65.4825 -0.000294712 0.000915862 0.000955445 9.53337
19.4369 65.4825 -9.19827e-05 0.000735372 -7.38566e-05 9.03161
20.4337 65.4825 0.00114814 5.45295e-05 0.000920856 11.5404
21.4305 65.4825 0.000411697 0.000653592 2.79924e-05 10.5369
22.4272 65.4825 -0.000768729 -0.00106972 0.000770796 10.5369
23.424 65.4825 -0.000230602 -0.000684808 0.000527901 12.0422
24.4208 65.4825 0.00185702 -0.00071699 -0.000493067 9.53337
25.4175 65.4825 0.000139775 -0.000458335 0.000482741 7.52634
26.4143 65.4825 -0.000154033 1.95832e-05 -0.000432843 5.51932
27.4111 65.4825 -7.08927e-05 0.00109437 -0.00010239 11.0386
28.4078 65.4825 -0.000403053 0.000112702 0.000563251 12.0422
29.4046 65.4825 -0.00100827 0.000528165 0.000534747 9.53337
30.4014 65.4825 -0.00134529 1.61385e-06 -0.00104433 6.52283
31.3981 65.4825 -0.000223245 0.000711224 0.000659878 8.0281
32.3949 65.4825 -0.000249763 -0.00067158 -0.000686532 10.0351
33.3917 65.4825 0.00140928 -0.00017708 0.000820822 10.5369
34.3884 65.4825 0.00152177 0.00100644 0.000153775 8.52986
35.3852 65.4825 0.000607149 -0.00017435 -0.000272026 11.0386
36.382 65.4825 -0.000582809 -0.000432856 0.000406501 9.03161
37.3787 65.4825 0.00117776 0.00067305 4.64085e-06 11.5404
38.3755 65.4825 1.65929e-05 -0.000612443 0.000801419 7.52634
39.3723 65.4825 0.000677427 -0.000191666 0.000846606 11.5404
40.369 65.4825 0.00117137 -0.00107425 -0.00192871 12.0422
41.3658 65.4825 -6.51839e-05 -0.000821111 -0.000313239 8.52986
42.3626 65.4825 -0.000969296 -0.0012369 -0.000129287 8.0281
43.3593 65.4825 0.000941374 -0.000653427 -0.000865128 8.0281
44.3561 65.4825 0.000436071 0.000776286 -0.000674159 13.0457
45.3529 65.4825 -0.00132282 0.000233974 -7.47685e-05 14.0492
46.3496 65.4825 -0.00127946 0.000778616 -0.000173038 10.0351
47.3464 65.4825 -0.000647428 -0.000586379 -0.00101256 8.52986
48.3432 65.4825 -0.000243723 0.000801971 0.000434716 12.0422
49.3399 65.4825 -1.68812e-05 0.000600094 0.000922279 8.52986
50.3367 65.4825 7.63989e-05 -0.000250286 -0.000429489 10.0351
51.3335 65.4825 0.000147151 5.39501e-05 -0.000591278 7.02459
52.3302 65.4825 -0.00085566 -0.000167684 -0.000491502 9.53337
53.327 65.4825 0.000324026 0.000847812 -9.25026e-05 12.5439
54.3238 65.4825 1.74169e-05 -0.000567325 0.000350038 13.5474
55.3205 65.4825 0.000961757 9.97958e-05 -0.000912698 9.53337
56.3173 65.4825 -0.00103369 0.000211413 0.000207802 9.03161
57.3141 65.4825 0.000465641 3.98979e-06 0.000387438 9.53337
58.3108 65.4825 0.00116012 0.000149924 -0.000165487 10.0351
59.3076 65.4825 0.000780546 0.000147826 0.000265373 5.51932
60.3044 65.4825 0.000609577 0.000316037 -0.000581375 6.52283
61.3011 65.4825 -0.000290222 -0.000168258 -1.19799e-05 8.0281
62.2979 65.4825 -0.00115565 0.000564376 0.00031084 10.0351
63.2947 65.4825 0.00051515 0.000406709 -0.00124182 9.53337
64.2914 65.4825 -0.000915342 0.000586702 0.000137689 9.03161
65.2882 65.4825 0.000591638 -0.000325871 -0.000446615 8.52986
66.285 65.4825 -0.000268735 6.86711e-05 6.8243e-05 11.5404
67.2817 65.4825 0.00117686 0.000192677 0.000977005 7.02459
68.2785 65.4825 0.00163761 -0.00106867 -0.000460305 7.52634
69.2753 65.4825 -0.000754626 -0.000410675 -0.000229609 7.52634
70.272 65.4825 0.00107393 -0.000488692 0.000360411 12.0422
71.2688 65.4825 0.000382475 0.000209482 0.00103432 8.0281
72.2656 65.4825 -0.00103125 0.00216256 0.000673845 10.0351
73.2623 65.4825 -0.00010327 2.64206e-05 -8.23372e-05 14.0492
74.2591 65.4825 -0.000137466 -0.00160239 0.000397984 9.53337
75.2559 65.4825 -0.000608329 0.00103497 6.31751e-05 7.02459
76.2526 65.4825 -0.000455139 0.00133268 0.000157323 9.53337
77.2494 65.4825 0.00130866 -9.72618e-05 -0.000574993 6.52283
78.2462 65.4825 -0.000431238 -0.000392248 -0.000554814 12.5439
79.2429 65.4825 -0.000462746 0.00276661 0.000426594 9.53337
80.2397 65.4825 -0.00014761 0.00127698 0.000467808 6.02108
81.2365 65.4825 -0.00119138 -0.000312987 0.000192205 8.52986
82.2332 65.4825 -1.87846e-07 0.000464827 0.000944903 13.0457
0.498383 66.4822 -0.000489519 -0.000466008 0.000348551 18.0632
1.49515 66.4822 0.00022079 -0.000154298 0.000652058 12.0422
2.49192 66.4822 -5.0982e-05 0.00017656 0.000125353 26.5931
3.48868 66.4822 -0.000121575 -0.000169146 -0.000298318 13.0457
4.48545 66.4822 -0.000722773 -0.000923025 -0.00207935 6.52283
5.48221 66.4822 -0.00011137 -0.00021777 0.00158392 10.0351
6.47898 66.4822 0.000145734 0.0012623 0.000816639 9.03161
7.47575 66.4822 -1.46541e-05 0.000764076 -0.000453938 10.0351
8.47251 66.4822 6.02755e-06 -0.000316254 0.000445155 23.5825
9.46928 66.4822 -0.000126624 -0.00136181 -0.000184298 11.0386
10.466 66.4822 0.000101527 0.000412105 -0.000808126 16.0562
11.4628 66.4822 -0.000103984 -0.000149312 0.000335026 20.0703
12.4596 66.4822 0.000174813 -0.000140723 0.000363302 3.01054
13.4563 66.4822 -0.000170196 0.000818259 -6.15623e-05 6.52283
14.4531 66.4822 0.00134577 -0.000549383 -0.00055374 11.5404
15.4499 66.4822 -0.000179073 -0.000539886 0.000596938 14.0492
16.4466 66.4822 0.000704611 0.00049563 3.06096e-05 15.0527
17.4434 66.4822 0.000694439 4.88686e-05 0.00096951 11.0386
18.4402 66.4822 -0.00105487 -0.00016934 -0.000603297 16.0562
19.4369 66.4822 0.000989654 6.55503e-05 2.03646e-05 15.0527
20.4337 66.4822 -0.000224641 -0.00118587 -0.000430408 8.52986
21.4305 66.4822 -0.000111861 -0.000681603 -0.000232302 10.5369
22.4272 66.4822 0.00184243 0.000378983 0.000885074 6.52283
23.424 66.4822 0.00189433 0.000207925 0.000735119 7.02459
24.4208 66.4822 -0.000507632 -0.000111679 -0.000400236 19.5685
25.4175 66.4822 0.000510055 -4.50832e-05 0.00078978 15.0527
26.4143 66.4822 0.000629456 0.000390805 -0.00153135 9.53337
27.4111 66.4822 0.000447094 -0.000220079 0.00117749 17.5615
28.4078 66.4822 -0.000727795 0.000784869 -0.000124439 14.0492
29.4046 66.4822 -0.00117004 0.00121606 -0.000126329 6.02108
30.4014 66.4822 -0.0013622 -0.000775392 0.0010217 11.5404
31.3981 66.4822 -0.000110881 0.000575355 0.0004236 10.5369
32.3949 66.4822 -0.00144964 0.000108653 0.000981367 13.5474
33.3917 66.4822 -0.00105391 -0.000987267 -0.000162969 20.572
34.3884 66.4822 0.00123932 -0.000237289 0.000498464 13.5474
35.3852 66.4822 0.000392991 -0.000677986 -0.000145412 19.0667
36.382 66.4822 -0.000613414 0.00056841 0.000351449 14.5509
37.3787 66.4822 -0.00130871 0.000642279 -0.000227795 12.0422
38.3755 66.4822 4.36413e-05 -0.00101009 0.0014459 10.0351
39.3723 66.4822 0.000329014 -0.00125945 -0.00119614 6.02108
40.369 66.4822 0.000549849 0.000503462 0.00129286 10.0351
41.3658 66.4822 0.000156373 -0.0001613 -0.000540227 22.579
42.3626 66.4822 0.000856246 -0.000198081 0.000972026 11.0386
43.3593 66.4822 0.000361467 -0.000644216 0.000904135 13.0457
44.3561 66.4822 5.45251e-06 0.000593411 0.000468266 22.579
45.3529 66.4822 -0.000910126 -0.000531383 0.000191852 7.52634
46.3496 66.4822 -0.000600379 -0.000588456 0.00078522 7.02459
47.3464 66.4822 0.000140128 0.00272558 0.000294348 7.02459
48.3432 66.4822 -0.000568481 0.000310567 -0.000207436 14.5509
49.3399 66.4822 -0.000245299 -0.000356654 0.000297202 20.0703
50.3367 66.4822 0.000137043 -3.25584e-05 -0.000691472 14.0492
51.3335 66.4822 -0.000123063 -0.00114058 -0.000104978 11.0386
52.3302 66.4822 0.000311964 0.000707435 0.000712214 20.0703
53.327 66.4822 0.000823551 -0.000881539 -0.00010682 6.52283
54.3238 66.4822 -0.000633012 -0.000666389 0.00137749 8.52986
55.3205 66.4822 -0.000174002 0.000190278 -0.000659831 8.0281
56.3173 66.4822 0.000395952 0.000826133 -0.00133259 10.5369
57.3141 66.4822 7.8127e-05 0.000187971 0.000338431 14.0492
58.3108 66.4822 0.00127628 -0.000352967 0.000917273 22.0773
59.3076 66.4822 0.000388717 -0.000827662 -2.32621e-05 16.0562
60.3044 66.4822 -0.000432622 0.000481074 -0.000135554 19.0667
61.3011 66.4822 0.000212518 -0.000746859 -0.000123162 19.0667
62.2979 66.4822 0.000691376 -0.000375172 0.000314936 9.53337
63.2947 66.4822 -0.000551735 -2.96546e-05 -0.0010832 9.03161
64.2914 66.4822 -0.000566347 0.000703039 -1.31869e-05 7.52634
65.2882 66.4822 0.000290053 0.000401196 -0.000739405 8.52986
66.285 66.4822 0.000975882 0.000296077 0.000617745 21.5755
67.2817 66.4822 -0.000221819 0.000449068 0.000209304 10.5369
68.2785 66.4822 -0.000747404 0.000182905 -0.000240945 17.0597
69.2753 66.4822 0.000236839 0.000278157 -0.000188174 22.579
70.272 66.4822 0.000876876 -0.000373343 0.000547498 12.5439
71.2688 66.4822 -3.81746e-05 0.000652299 -0.00159158 6.02108
72.2656 66.4822 -0.000638512 -0.00187293 0.000563634 6.02108
73.2623 66.4822 -0.0010899 0.000707531 -0.000679822 10.5369
74.2591 66.4822 -0.000527974 -0.000987925 5.84771e-06 22.579
75.2559 66.4822 -0.000487567 -0.00010101 0.000141421 13.5474
76.2526 66.4822 -0.00121058 -0.00106444 -0.000171379 11.5404
77.2494 66.4822 -0.000551239 8.47161e-05 -5.89859e-05 24.0843
78.2462 66.4822 0.00136096 -3.41608e-05 0.00108773 8.52986
79.2429 66.4822 -0.000104886 0.000384719 7.19189e-05 9.53337
80.2397 66.4822 -0.00148099 -5.06758e-05 -0.000264259 6.02108
81.2365 66.4822 0.00107232 0.000771053 -0.000535132 10.0351
82.2332 66.4822 -0.000254498 -0.000164238 -0.000111239 16.0562
0.498383 67.4819 -0.000858453 -0.00156005 0.000877253 12.5439
1.49515 67.4819 0.000380009 0.0012485 0.000607411 7.52634
2.49192 67.4819 1.77417e-06 0.00072536 -0.000338622 18.565
3.48868 67.4819 -0.00049141 0.000541803 -0.000302869 11.5404
4.48545 67.4819 0.000432422 0.000328794 -0.00173962 9.53337
5.48221 67.4819 -0.000105855 0.000553985 -0.000662722 9.03161
6.47898 67.4819 -0.000327355 0.000170744 0.000918694 8.0281
7.47575 67.4819 0.000273032 0.000222111 0.000302175 11.5404
8.47251 67.4819 -0.000903805 -0.000371045 -0.000824849 12.5439
9.46928 67.4819 -0.00033752 0.000500663 -0.000307248 8.52986
10.466 67.4819 -0.00013085 -0.000296269 -0.000438651 14.0492
11.4628 67.4819 0.000254772 0.000510265 0.000817589 12.5439
12.4596 67.4819 0.00088741 -9.55924e-05 0.00143573 8.0281
13.4563 67.4819 0.000424112 0.0024388 0.00116547 8.0281
14.4531 67.4819 0.000323143 0.00221534 -4.29537e-05 6.02108
15.4499 67.4819 -0.00118612 0.001068 -0.00128736 7.02459
16.4466 67.4819 7.50997e-05 -0.000404139 0.000800208 21.0738
17.4434 67.4819 -0.000450594 0.000822991 0.00118527 9.03161
18.4402 67.4819 -0.000725586 0.000487168 -0.00082538 13.0457
19.4369 67.4819 0.000353727 0.000633605 0.000450155 17.5615
20.4337 67.4819 -7.39639e-05 -0.00168589 -0.000837315 7.02459
21.4305 67.4819 0.000442223 0.000747161 -0.000548903 8.52986
22.4272 67.4819 0.000165507 0.000458911 -0.000198317 9.53337
23.424 67.4819 -0.000182553 -0.000435402 4.11391e-05 5.51932
24.4208 67.4819 -0.000238407 -0.000502104 -0.000126052 13.0457
25.4175 67.4819 4.24064e-05 -0.000780267 -0.00111517 17.0597
26.4143 67.4819 0.000692977 0.000680457 -0.00132657 10.0351
27.4111 67.4819 -0.000565068 -0.000270347 -0.000302224 15.5544
28.4078 67.4819 0.00116798 0.000302485 -0.00136579 15.5544
29.4046 67.4819 0.000146194 -4.02467e-05 0.00080259 9.03161
30.4014 67.4819 0.000133173 0.000283534 -0.000494609 9.03161
31.3981 67.4819 0.000275984 -0.00129489 0.000560564 8.0281
32.3949 67.4819 -6.19638e-05 3.84296e-05 8.30465e-05 12.0422
33.3917 67.4819 -0.0015787 -0.000761018 0.000945098 12.5439
34.3884 67.4819 -0.000616743 0.000228697 -0.000855982 10.5369
35.3852 67.4819 -0.00085752 0.000819293 0.000377364 14.0492
36.382 67.4819 -0.000548752 3.96169e-05 -0.000759846 15.0527
37.3787 67.4819 0.000830577 -0.000333364 0.00138476 8.52986
38.3755 67.4819 -0.00233306 0.000449799 0.000348421 2.50878
39.3723 67.4819 -0.00129467 0.000408665 -0.000147387 10.0351
40.369 67.4819 -0.00120545 0.000298748 0.00104448 11.0386
41.3658 67.4819 3.72434e-05 0.00050986 -0.00040926 17.0597
42.3626 67.4819 -0.0010335 0.00101621 0.0019789 12.0422
43.3593 67.4819 0.000439561 0.00023496 0.00105523 12.5439
44.3561 67.4819 6.51989e-05 0.000980038 0.00128103 10.0351
45.3529 67.4819 0.000731688 0.00059893 0.000194219 8.0281
46.3496 67.4819 0.000392391 0.000303649 -0.000952968 8.0281
47.3464 67.4819 0.00055828 -0.000932421 0.000740295 6.52283
48.3432 67.4819 -0.00011135 0.00156567 0.000208488 7.02459
49.3399 67.4819 -3.42678e-05 0.000396227 -0.000119098 15.0527
50.3367 67.4819 0.000635306 0.000169229 0.000922101 12.0422
51.3335 67.4819 -0.000389549 0.000449601 0.00127839 11.0386
52.3302 67.4819 0.000645431 -0.000849534 0.000961563 15.5544
53.327 67.4819 -9.99516e-05 5.03962e-05 -0.000902429 14.0492
54.3238 67.4819 0.00129414 0.000239676 0.000332244 7.52634
55.3205 67.4819 0.000168905 -0.00106344 0.000504446 7.52634
56.3173 67.4819 0.00148124 -0.000263278 4.59103e-05 8.52986
57.3141 67.4819 -0.000525882 0.000124644 0.00207806 9.03161
58.3108 67.4819 4.48025e-05 -0.000342946 -0.000149291 17.0597
59.3076 67.4819 -0.000718051 -0.00115587 -0.00113238 5.51932
60.3044 67.4819 -0.000496563 0.00131979 -0.00174455 10.5369
61.3011 67.4819 -0.000465389 0.00111771 0.000821693 17.5615
62.2979 67.4819 -0.00129266 0.000713644 0.000352551 6.52283
63.2947 67.4819 -0.00048507 0.00061486 -0.000625571 7.52634
64.2914 67.4819 0.000207153 0.000477444 0.000455174 9.53337
65.2882 67.4819 -0.000352696 -0.00109359 0.000593612 12.5439
66.285 67.4819 -6.86265e-05 0.000125048 -0.000626456 18.565
67.2817 67.4819 0.000201248 0.000771571 -0.000635957 12.0422
68.2785 67.4819 -0.000488803 0.00118768 -0.000210762 10.5369
69.2753 67.4819 7.20437e-05 -0.000880216 -0.000232202 18.0632
70.272 67.4819 -0.00113754 -0.000855359 -0.00158782 9.03161
71.2688 67.4819 -0.000975614 -0.000225602 0.000294088 5.51932
72.2656 67.4819 -0.000572381 0.000224413 -0.00166518 4.01405
73.2623 67.4819 -0.00111578 0.000111742 -0.00097651 12.0422
74.2591 67.4819 8.95128e-06 -0.000281602 -0.000872977 19.0667
75.2559 67.4819 0.000747272 -0.00057823 2.48408e-05 11.5404
76.2526 67.4819 -0.000134316 0.00109124 0.000785565 10.5369
77.2494 67.4819 0.000446834 -0.000337188 -2.92381e-05 17.5615
78.2462 67.4819 0.00147519 4.587e-06 0.000745955 11.0386
79.2429 67.4819 -0.0010024 -0.000206634 -0.000713233 4.51581
80.2397 67.4819 0.000429336 0.000403139 0.000409797 7.02459
81.2365 67.4819 -0.000285295 -0.000422853 0.0012298 7.02459
82.2332 67.4819 -0.000453354 0.000168265 1.68561e-05 15.5544
0.498383 68.4817 -0.000102339 0.000401557 0.000560521 7.02459
1.49515 68.4817 0.000441301 0.00106019 3.64182e-05 9.03161
2.49192 68.4817 0.000520051 -5.00294e-05 0.000826462 8.0281
3.48868 68.4817 1.47146e-05 -0.00047227 -0.000181359 16.0562
4.48545 68.4817 -0.00072121 0.000109262 0.00166894 13.0457
5.48221 68.4817 0.000421663 0.00137689 0.0018716 9.03161
6.47898 68.4817 0.000602666 -3.74885e-05 -0.000188195 12.0422
7.47575 68.4817 0.000163149 -0.00127228 0.000177633 11.0386
8.47251 68.4817 0.000608225 0.000159749 0.000166729 11.5404
9.46928 68.4817 0.000547404 0.00197566 0.000114584 9.03161
10.466 68.4817 -4.85717e-05 -0.00096459 -0.00145915 10.0351
11.4628 68.4817 0.00014486 0.000301934 0.000240021 10.0351
12.4596 68.4817 -0.000606775 0.000538061 0.000747137 12.5439
13.4563 68.4817 -0.00100166 0.000162437 -0.000376758 11.0386
14.4531 68.4817 0.000757301 -0.000500803 0.000488918 12.0422
15.4499 68.4817 -0.000192111 0.000566767 0.000260955 12.0422
16.4466 68.4817 -0.000360478 -0.000628207 0.000690957 11.5404
17.4434 68.4817 0.000583196 0.000993079 0.00138288 4.01405
18.4402 68.4817 0.000427585 -7.11791e-05 -0.00137806 8.0281
19.4369 68.4817 0.000802854 -9.35136e-05 0.000158806 7.52634
20.4337 68.4817 -0.000500776 -3.02721e-05 0.000383539 14.5509
21.4305 68.4817 0.00123749 0.000822999 -0.000428603 10.0351
22.4272 68.4817 -0.000483099 -0.000406316 -5.33575e-05 8.0281
23.424 68.4817 0.000932364 -0.000254449 7.95042e-05 16.0562
24.4208 68.4817 0.000227562 -0.000150643 0.000219791 11.0386
25.4175 68.4817 0.00142417 -0.000832174 -0.00124151 7.02459
26.4143 68.4817 0.00134785 0.000144696 0.00122039 8.0281
27.4111 68.4817 -2.8799e-05 -0.00035467 -0.00142024 9.03161
28.4078 68.4817 0.000209759 -0.000117106 0.000141528 15.0527
29.4046 68.4817 -0.000433038 -0.000943226 0.000533493 10.5369
30.4014 68.4817 -0.00128373 0.000242934 -0.00122959 6.52283
31.3981 68.4817 0.00108257 0.000657159 -0.000274512 15.5544
32.3949 68.4817 0.000334582 -0.000508402 0.00124892 12.0422
33.3917 68.4817 -0.000833597 -0.00059495 7.04759e-05 9.03161
34.3884 68.4817 -0.0023138 -0.00131994 -0.00188392 5.01756
35.3852 68.4817 0.00021581 8.01273e-05 -0.000975113 7.52634
36.382 68.4817 -1.75114e-05 -0.000972685 -0.000684894 13.0457
37.3787 68.4817 0.000110358 -0.000165075 0.00141342 11.5404
38.3755 68.4817 -0.000678109 -0.000960734 0.000190588 12.0422
39.3723 68.4817 -0.000524953 -0.00076232 -0.000738785 10.5369
40.369 68.4817 0.000451882 0.00170855 -0.000511969 14.5509
41.3658 68.4817 -0.000129236 0.000338707 0.000197155 14.5509
42.3626 68.4817 0.000427468 0.000522851 -0.000768401 9.03161
43.3593 68.4817 0.000458851 -0.000258426 0.000609338 11.0386
44.3561 68.4817 0.000701944 -0.00144831 -0.00094308 9.03161
45.3529 68.4817 0.000378822 -0.000103432 -0.000789127 19.5685
46.3496 68.4817 0.00104906 0.000433816 -0.00060427 11.0386
47.3464 68.4817 3.79727e-05 0.00038723 0.000182329 11.0386
48.3432 68.4817 -0.000536775 0.000687548 0.000310427 13.5474
49.3399 68.4817 0.000299424 -5.28097e-05 0.000143004 15.5544
50.3367 68.4817 -0.000253881 -0.000309019 0.000499748 7.02459
51.3335 68.4817 -2.1093e-05 0.000715573 0.000321098 8.52986
52.3302 68.4817 3.63413e-05 -0.000562615 0.000779143 7.02459
53.327 68.4817 0.0010088 7.33089e-05 -0.000418872 12.0422
54.3238 68.4817 -0.00016063 0.000638948 -0.000286671 14.5509
55.3205 68.4817 -0.00173855 -0.000995066 -0.00109451 7.52634
56.3173 68.4817 -0.000240869 0.00110483 -0.000389496 12.0422
57.3141 68.4817 0.000311069 -0.000616189 -0.000133692 12.0422
58.3108 68.4817 -0.00112515 -0.000452423 0.0012497 8.0281
59.3076 68.4817 -0.000206161 0.000227479 0.000612673 7.52634
60.3044 68.4817 -0.000787535 -0.000354648 0.00138278 6.52283
61.3011 68.4817 0.000566177 0.000151079 -0.000257159 16.0562
62.2979 68.4817 0.000867701 -0.000171027 0.000447301 9.53337
63.2947 68.4817 -0.000614767 -5.67895e-06 0.000487208 11.0386
64.2914 68.4817 -0.000246493 0.000590842 -0.000344183 17.0597
65.2882 68.4817 -0.00148916 0.000153981 -0.00044552 15.0527
66.285 68.4817 -0.000117449 0.000458505 -0.000973157 9.03161
67.2817 68.4817 0.000316767 -0.00109162 -0.000351331 5.51932
68.2785 68.4817 0.000120494 0.000244771 0.00226838 5.01756
69.2753 68.4817 0.00109887 -0.000335702 0.000266136 8.0281
70.272 68.4817 2.98842e-05 0.000595727 -0.000294773 18.565
71.2688 68.4817 0.000716372 -0.00143211 0.000115938 9.03161
72.2656 68.4817 0.000566306 9.01326e-05 -0.000676168 12.5439
73.2623 68.4817 0.000361707 -0.000947766 0.000653935 15.0527
74.2591 68.4817 -0.000771172 0.000127859 -0.000344272 10.5369
75.2559 68.4817 -0.00074113 -0.000834984 0.000914773 10.0351
76.2526 68.4817 -0.000173563 -1.66849e-05 0.000276525 6.52283
77.2494 68.4817 0.000233649 -6.89583e-05 0.000994974 9.03161
78.2462 68.4817 -4.19405e-06 -0.000394369 0.000351168 13.5474
79.2429 68.4817 0.000323131 -0.000587607 -0.000594833 16.0562
80.2397 68.4817 -9.78382e-05 0.000252603 -0.00174422 9.53337
81.2365 68.4817 0.000147432 -0.00050146 -0.00044248 13.0457
82.2332 68.4817 -0.000518443 0.00128597 -0.000326864 11.5404
0.498383 69.4814 -0.000109249 -0.000859112 -0.000982392 7.52634
1.49515 69.4814 -0.000617302 0.00166907 -0.00037695 6.02108
2.49192 69.4814 0.000579051 -0.000400058 -0.00204226 7.52634
3.48868 69.4814 0.00129667 0.00149532 -0.00110045 11.5404
4.48545 69.4814 -0.000171313 -4.13276e-06 4.6564e-05 16.558
5.48221 69.4814 -0.000521423 0.000415508 0.000480106 12.0422
6.47898 69.4814 0.000786696 -0.000374151 0.000200992 17.0597
7.47575 69.4814 -0.000120558 -0.000748294 5.04909e-05 17.5615
8.47251 69.4814 -7.00099e-05 -0.00060032 0.00060049 6.02108
9.46928 69.4814 0.00011827 -0.00132256 0.000606619 11.0386
10.466 69.4814 0.000394371 -0.000237927 -0.000634294 7.52634
11.4628 69.4814 0.000438462 0.000230828 0.000829602 11.0386
12.4596 69.4814 1.37514e-05 -0.00042345 -0.000236368 25.0878
13.4563 69.4814 5.83484e-05 0.000220191 -2.51276e-05 13.0457
14.4531 69.4814 0.000285136 -0.000243309 0.000242348 14.5509
15.4499 69.4814 -1.83821e-05 0.000135425 -0.000120192 19.0667
16.4466 69.4814 -0.000687023 -0.000566305 -0.000599975 9.03161
17.4434 69.4814 0.00095367 0.00126679 -4.28281e-05 10.0351
18.4402 69.4814 -0.000105749 0.000163558 0.000628711 9.53337
19.4369 69.4814 0.00151881 -0.000712021 -0.000236186 9.03161
20.4337 69.4814 -0.000460956 -0.000320378 0.000651759 21.5755
21.4305 69.4814 0.000884864 0.000140109 -0.00131786 12.5439
22.4272 69.4814 -0.000138612 0.00132813 0.000527573 15.0527
23.424 69.4814 -0.000346919 0.000388705 -0.000182261 22.0773
24.4208 69.4814 -0.00118393 0.000814162 0.000908834 13.5474
25.4175 69.4814 0.000219538 0.000731409 -6.82868e-05 6.02108
26.4143 69.4814 0.000261433 -0.0011221 0.00203487 5.51932
27.4111 69.4814 -8.75599e-05 3.41605e-05 8.30446e-05 6.02108
28.4078 69.4814 -0.000282896 0.00027202 0.000261963 18.0632
29.4046 69.4814 0.000261176 -0.000524481 0.000697214 20.572
30.4014 69.4814 0.000183531 0.00190091 0.000192397 10.5369
31.3981 69.4814 0.000182432 0.000631612 -0.000509574 16.558
32.3949 69.4814 -0.000712158 -0.00040762 -0.000124649 19.0667
33.3917 69.4814 6.81998e-05 -0.000461946 -0.000323455 8.52986
34.3884 69.4814 -0.000925282 0.00033511 -9.91553e-05 10.5369
35.3852 69.4814 0.00133447 -0.000153011 0.000440646 7.02459
36.382 69.4814 0.000676565 -0.00112817 -0.000142981 12.5439
37.3787 69.4814 0.000408095 0.000254578 -0.000231599 23.0808
38.3755 69.4814 0.000666 0.000190066 -0.000518483 11.5404
39.3723 69.4814 -0.000459219 0.000734601 -0.000878191 16.558
40.369 69.4814 -0.000281174 -0.00102262 -0.000573056 16.558
41.3658 69.4814 6.27705e-05 -0.000940448 0.000232277 5.01756
42.3626 69.4814 -0.00229722 -0.00165051 0.00040525 6.02108
43.3593 69.4814 -0.000752033 -0.000841105 0.00115905 5.51932
44.3561 69.4814 -0.000480622 -4.7965e-05 -0.000605132 9.03161
45.3529 69.4814 0.000327466 8.23656e-05 0.000357667 20.0703
46.3496 69.4814 0.000526044 0.000239171 0.000101467 15.5544
47.3464 69.4814 -0.000436271 -0.000229536 3.90487e-05 16.0562
48.3432 69.4814 7.90848e-05 2.40841e-05 -0.000637939 21.0738
49.3399 69.4814 0.000486469 -0.00106018 -0.00012841 10.5369
50.3367 69.4814 -0.000763029 -0.000845874 -0.000354755 6.52283
51.3335 69.4814 -0.000574801 -0.000382203 0.000414634 8.52986
52.3302 69.4814 -0.000577068 0.000274501 0.000138356 14.5509
53.327 69.4814 -0.000195924 -0.000253579 6.08071e-05 18.0632
54.3238 69.4814 0.000427696 0.000373955 -0.00109184 12.5439
55.3205 69.4814 -0.000244732 -0.000871609 -0.000600314 15.0527
56.3173 69.4814 -0.000304014 0.000507269 2.8772e-05 25.5896
57.3141 69.4814 -0.000381681 -0.000581992 0.000577927 14.5509
58.3108 69.4814 -0.00144549 0.000812879 0.00125451 7.02459
59.3076 69.4814 -0.000484114 0.00132865 -0.000288215 11.5404
60.3044 69.4814 0.000160961 -8.3927e-05 0.00181775 7.52634
61.3011 69.4814 0.000800627 -0.000105145 0.000197539 14.0492
62.2979 69.4814 -0.000150703 -0.000371458 -0.000354679 18.0632
63.2947 69.4814 -0.00080658 -6.17945e-05 -0.000481141 11.5404
64.2914 69.4814 0.000526607 -1.25746e-05 0.00103025 16.0562
65.2882 69.4814 -0.000621706 -0.000864695 5.67203e-05 15.0527
66.285 69.4814 0.000524247 -0.000297868 0.00075393 7.02459
67.2817 69.4814 1.31486e-05 -0.00128857 -0.000373383 10.0351
68.2785 69.4814 -0.000455413 -0.00135078 0.00217436 8.0281
69.2753 69.4814 0.000151521 -0.000600081 0.000659362 9.53337
70.272 69.4814 0.000193586 4.7425e-05 0.000949163 27.5966
71.2688 69.4814 0.000129515 0.000466604 -0.00054812 12.5439
72.2656 69.4814 -0.000789289 0.000316022 0.000680041 13.5474
73.2623 69.4814 -0.000174816 0.0005275 -3.26453e-05 23.0808
74.2591 69.4814 0.000383987 0.00108472 -0.000409632 10.5369
75.2559 69.4814 -4.81853e-05 -0.000177344 -0.000556732 7.02459
76.2526 69.4814 -0.000217023 -6.19025e-05 0.000105431 8.52986
77.2494 69.4814 0.000421431 -0.000123444 0.00032052 10.5369
78.2462 69.4814 0.000150035 0.000207413 0.000523851 19.0667
79.2429 69.4814 3.7875e-05 0.000112602 -0.000453231 16.0562
80.2397 69.4814 -9.33347e-05 -0.000250371 -0.000972547 11.5404
81.2365 69.4814 -0.000548975 -0.000455611 -0.000152417 25.5896
82.2332 69.4814 0.000140274 -0.000481957 -0.00117727 10.5369
0.498383 70.4811 0.000344556 -0.000221014 -0.000911933 11.5404
1.49515 70.4811 -8.10473e-05 0.00113093 0.000472663 8.52986
2.49192 70.4811 0.0013176 -0.000208415 -0.000713972 9.53337
3.48868 70.4811 -0.000564784 -0.000159699 0.000319655 13.5474
4.48545 70.4811 8.28993e-05 0.00020953 -7.82121e-05 12.0422
5.48221 70.4811 -0.00155239 0.000281636 -0.000863208 8.52986
6.47898 70.4811 -0.000330279 0.000466619 -0.00024098 12.0422
7.47575 70.4811 -0.000362528 -0.00137496 -0.000181261 13.0457
8.47251 70.4811 -0.00108559 0.000888986 0.00170115 5.51932
9.46928 70.4811 0.000593093 0.00152029 0.00124434 5.51932
10.466 70.4811 -0.00024311 -0.000497496 0.00121243 10.5369
11.4628 70.4811 0.00103088 -0.000600191 0.000389437 9.53337
12.4596 70.4811 -0.0002092 -0.000286433 -0.000716333 15.5544
13.4563 70.4811 0.00102482 0.00122923 0.00140344 5.51932
14.4531 70.4811 0.000484395 0.00090161 -0.00030616 11.5404
15.4499 70.4811 0.000811898 0.000203629 -9.01396e-05 17.0597
16.4466 70.4811 -2.7558e-05 0.000365557 -0.000213139 9.03161
17.4434 70.4811 -0.000825912 0.00130791 -0.00171671 8.52986
18.4402 70.4811 -0.000713677 0.000526801 0.000114245 5.51932
19.4369 70.4811 0.00018295 0.000266877 0.00124044 12.0422
20.4337 70.4811 -0.00139533 -0.000542251 -0.000312031 13.5474
21.4305 70.4811 0.000486342 -0.000422306 -0.000803581 10.0351
22.4272 70.4811 -0.000168101 -0.000834972 7.87656e-05 6.02108
23.424 70.4811 -0.00136149 -0.00109515 -0.000173574 12.5439
24.4208 70.4811 -0.000275786 0.000956293 0.000241877 11.0386
25.4175 70.4811 -0.00023291 -0.00195307 0.000992417 6.52283
26.4143 70.4811 -2.67074e-05 -0.00142685 -0.00107508 8.52986
27.4111 70.4811 -0.00092878 0.000872438 0.000901591 9.53337
28.4078 70.4811 0.000189006 0.000923106 -0.000454555 10.5369
29.4046 70.4811 0.000182443 0.000791927 0.000452427 11.5404
30.4014 70.4811 0.00173371 -0.000494497 -0.00143046 7.02459
31.3981 70.4811 -0.000240724 -0.00082101 -0.000413068 10.5369
32.3949 70.4811 0.00158865 -0.000613917 -0.000609035 9.53337
33.3917 70.4811 -0.00036446 -0.000542876 0.000729229 8.52986
34.3884 70.4811 0.000108209 0.000265583 -0.000240574 8.52986
35.3852 70.4811 -0.000300158 0.00025661 -1.4004e-05 12.5439
36.382 70.4811 -3.35389e-07 -0.000285454 0.000201965 9.03161
37.3787 70.4811 0.000929845 0.000258872 -0.000270952 9.03161
38.3755 70.4811 0.000613768 0.000404725 0.000311313 9.03161
39.3723 70.4811 6.98645e-05 0.000863875 0.000972538 9.53337
40.369 70.4811 -0.000407242 0.000147843 -0.00108014 14.5509
41.3658 70.4811 0.00136601 0.000534634 0.00169862 8.52986
42.3626 70.4811 -0.000271582 0.000318715 -0.00025738 11.5404
43.3593 70.4811 -0.000830098 0.000327908 0.000304019 8.52986
44.3561 70.4811 -0.000458061 -0.000461291 -0.000313644 14.5509
45.3529 70.4811 -0.000581173 -8.04189e-05 -0.000973652 8.52986
46.3496 70.4811 0.000266688 4.1203e-05 -0.000999955 7.52634
47.3464 70.4811 0.000615346 -0.00217651 -0.000314572 9.03161
48.3432 70.4811 -0.000227863 0.000344791 0.000608445 8.52986
49.3399 70.4811 -0.000185007 0.000155399 0.000352144 8.52986
50.3367 70.4811 -0.000957073 -0.00102103 0.00194971 7.52634
51.3335 70.4811 -0.000337722 -0.000147154 0.00104307 6.52283
52.3302 70.4811 0.000592474 0.000344582 7.09031e-05 7.02459
53.327 70.4811 -0.00214573 -0.000604381 -0.00130407 7.02459
54.3238 70.4811 0.00074713 -0.000871896 -0.000459533 14.0492
55.3205 70.4811 -5.92851e-05 -0.000685029 0.000160602 8.0281
56.3173 70.4811 0.000806707 0.000877929 -0.000357572 7.02459
57.3141 70.4811 0.000109771 0.000716893 -0.00119612 13.0457
58.3108 70.4811 3.24008e-05 -0.00108347 -0.00062936 10.0351
59.3076 70.4811 0.000173532 -0.000126211 -0.00137156 7.02459
60.3044 70.4811 0.000317104 -0.000700436 0.0004847 13.0457
61.3011 70.4811 0.000713431 0.000945186 0.000445963 8.52986
62.2979 70.4811 0.000104938 -0.000904225 -0.000734408 8.52986
63.2947 70.4811 0.000540966 -0.000980567 -0.000963449 10.5369
64.2914 70.4811 0.00034314 -0.000319934 0.000266976 6.52283
65.2882 70.4811 -0.000315749 0.000242031 -0.000596521 10.0351
66.285 70.4811 -0.00041633 0.00019583 0.000807827 13.5474
67.2817 70.4811 0.00122629 -0.00172681 -4.51983e-06 6.02108
68.2785 70.4811 0.00116667 0.000239627 0.000720292 8.52986
69.2753 70.4811 -0.000285881 0.000939112 -0.000903106 15.0527
70.272 70.4811 0.0014848 -0.00198241 -0.00125095 10.0351
71.2688 70.4811 0.000267723 -4.81893e-05 6.04542e-05 4.51581
72.2656 70.4811 5.09083e-05 -0.00032944 0.000912399 6.52283
73.2623 70.4811 0.000294242 -0.000180857 0.000461521 10.5369
74.2591 70.4811 0.00125199 0.000697988 -0.000950283 10.0351
75.2559 70.4811 0.000268718 -0.000131394 -9.19344e-06 9.03161
76.2526 70.4811 0.00160017 0.000887663 0.000490444 5.01756
77.2494 70.4811 0.000203012 -0.000818321 -0.00126141 9.53337
78.2462 70.4811 -0.000799211 0.000491781 0.000941306 10.0351
79.2429 70.4811 -7.88191e-05 -0.000111887 0.000674478 9.03161
80.2397 70.4811 -0.000691002 -0.000228042 0.00131533 7.02459
81.2365 70.4811 0.00149531 7.99714e-05 -0.000438662 11.0386
82.2332 70.4811 4.24773e-05 0.000379941 0.00125615 12.0422
0.498383 71.4809 0.000769797 -0.000172109 0.000576848 12.0422
1.49515 71.4809 -0.000275431 -0.000181289 -0.000101925 13.0457
2.49192 71.4809 -0.000184616 -0.000347168 0.000802126 21.5755
3.48868 71.4809 0.000515737 0.000915117 -0.000922918 17.5615
4.48545 71.4809 -0.000552693 0.00121108 -0.00133174 8.52986
5.48221 71.4809 0.000432229 -0.000745001 0.000395404 4.01405
6.47898 71.4809 -0.0021651 0.00120024 0.000551423 5.01756
7.47575 71.4809 -6.70126e-06 0.00117565 -0.000253388 19.5685
8.47251 71.4809 0.000291965 0.000389255 -0.000804919 18.565
9.46928 71.4809 -0.000150251 0.000548764 0.00013908 12.5439
10.466 71.4809 0.000979319 0.000431767 -0.000493404 18.0632
11.4628 71.4809 0.000184472 0.00061815 -0.00035884 16.558
12.4596 71.4809 -0.00123767 -0.00034535 -0.000246872 8.0281
13.4563 71.4809 3.10311e-05 2.0165e-05 0.000798194 8.0281
14.4531 71.4809 6.74082e-05 0.000981406 0.00104859 6.02108
15.4499 71.4809 0.00201774 0.00126667 -0.000239907 12.5439
16.4466 71.4809 -9.7634e-05 1.79642e-05 0.000105701 20.0703
17.4434 71.4809 -0.000225599 -0.000520275 -0.000507226 11.0386
18.4402 71.4809 -0.000665553 -0.000231609 -0.000608564 21.0738
19.4369 71.4809 -0.000509959 0.000699226 0.000270192 21.0738
20.4337 71.4809 0.000588988 0.000292171 0.000182454 11.0386
21.4305 71.4809 0.00032679 0.00152049 -0.000630033 8.0281
22.4272 71.4809 -0.00146303 0.00123667 -0.000205582 5.51932
23.424 71.4809 0.000618684 1.50491e-05 0.000285453 10.0351
24.4208 71.4809 -0.000326108 0.000474769 -0.00026925 20.0703
25.4175 71.4809 -0.000290824 -0.000343324 0.000377907 17.5615
26.4143 71.4809 -0.000308299 -0.000812924 1.01857e-05 13.0457
27.4111 71.4809 -2.1878e-08 0.000464357 0.000401045 20.572
28.4078 71.4809 -0.000439354 0.000602213 -0.00077496 18.565
29.4046 71.4809 0.000716659 -0.000148642 0.000865052 5.01756
30.4014 71.4809 0.00101763 -0.000999951 -0.000130413 11.5404
31.3981 71.4809 -0.000368593 6.38101e-05 -0.00131667 9.03161
32.3949 71.4809 0.000600774 -0.00024783 0.000343831 12.0422
33.3917 71.4809 -0.000140474 0.000235672 -0.000148092 19.0667
34.3884 71.4809 7.71871e-05 -0.000194375 0.000645163 12.0422
35.3852 71.4809 -0.000293524 -0.000780251 0.000191716 18.565
36.382 71.4809 0.000509928 0.000625075 -0.000598889 19.5685
37.3787 71.4809 -0.000570958 -0.000332869 -0.00198681 8.52986
38.3755 71.4809 0.000325368 0.00115988 -0.000267876 8.0281
39.3723 71.4809 -7.94075e-05 -0.000654855 0.000608746 8.0281
40.369 71.4809 0.000818815 -0.000252016 -0.00188953 10.5369
41.3658 71.4809 -0.000513746 0.000234094 5.62562e-05 24.5861
42.3626 71.4809 -0.000728073 -0.000925689 -0.00017574 9.53337
43.3593 71.4809 -0.000730949 9.19832e-05 0.000710635 16.558
44.3561 71.4809 0.000165853 -9.0176e-05 -0.000136605 20.0703
45.3529 71.4809 -0.000447363 -0.000391231 -0.00170948 7.02459
46.3496 71.4809 0.000583159 0.000668491 0.00226648 6.52283
47.3464 71.4809 -0.000557497 -0.000345658 -0.000847899 9.53337
48.3432 71.4809 0.000827093 0.00025003 -0.000204207 7.02459
49.3399 71.4809 6.91204e-05 0.000329104 -0.000444724 21.0738
50.3367 71.4809 -0.000345395 -0.000633485 0.000550005 17.5615
51.3335 71.4809 -0.000558977 0.000751717 -9.25702e-05 10.5369
52.3302 71.4809 -0.000331462 0.000308645 0.000665271 24.5861
53.327 71.4809 0.000122027 -0.000348518 0.000517143 9.53337
54.3238 71.4809 -0.000504935 -0.000911325 -0.000349619 8.0281
55.3205 71.4809 -0.00236986 -0.000701908 -0.000234069 4.51581
56.3173 71.4809 -0.00249285 0.00109232 -0.000271268 6.52283
57.3141 71.4809 -1.14716e-05 -0.000162445 0.00076342 16.0562
58.3108 71.4809 0.000290906 0.000725493 0.000264628 21.5755
59.3076 71.4809 0.000396747 -0.000331412 0.000686265 8.0281
60.3044 71.4809 0.00103076 0.000539559 0.00059494 20.0703
61.3011 71.4809 2.9006e-05 0.000375259 -0.000674244 20.0703
62.2979 71.4809 -0.000351343 0.00101352 0.00037063 7.52634
63.2947 71.4809 0.00107812 -0.000668404 0.00104239 9.03161
64.2914 71.4809 -0.000375586 -0.000720206 0.000556011 9.53337
65.2882 71.4809 0.000262573 -0.000792223 0.00033931 14.0492
66.285 71.4809 8.01283e-05 0.000330012 0.000337787 18.0632
67.2817 71.4809 0.000179561 -0.0009475 0.000320039 10.0351
68.2785 71.4809 -0.00077985 -0.000130122 -0.000619939 14.0492
69.2753 71.4809 0.000330138 -0.000427081 -0.000488381 18.0632
70.272 71.4809 0.000212375 -0.000204178 0.000500876 10.5369
71.2688 71.4809 -0.00151644 -0.000161696 -0.00018169 8.52986
72.2656 71.4809 -0.00018298 -0.000292348 -0.00120077 9.53337
73.2623 71.4809 -0.00103803 0.000726603 -0.000530774 13.0457
74.2591 71.4809 -0.000535836 -0.00072827 -0.000494923 17.0597
75.2559 71.4809 -4.65969e-05 -0.000556319 0.000643586 14.5509
76.2526 71.4809 -0.000243358 -0.000762582 0.0012637 14.5509
77.2494 71.4809 0.000538936 -0.000226405 0.000144128 22.579
78.2462 71.4809 0.000267637 0.000686947 0.000358612 8.52986
79.2429 71.4809 -0.000216699 -3.82241e-05 0.00162853 7.02459
80.2397 71.4809 -0.00215547 -0.00102175 0.000612971 5.51932
81.2365 71.4809 5.84896e-05 -3.66985e-05 -0.000177312 9.03161
82.2332 71.4809 0.000117102 -0.000281922 -0.000498799 17.5615
0.498383 72.4806 0.00088882 -0.00064526 -0.000132269 12.5439
1.49515 72.4806 0.00137723 4.7006e-05 -0.000325001 10.0351
2.49192 72.4806 0.000250786 -0.000688334 0.000244723 10.0351
3.48868 72.4806 -1.9758e-05 -9.80892e-05 0.0010331 11.0386
4.48545 72.4806 -0.000188702 0.000783784 0.000519111 9.53337
5.48221 72.4806 -3.65466e-05 -0.0003114 -0.000301785 7.02459
6.47898 72.4806 -0.000952796 -0.000199419 0.000389677 7.52634
7.47575 72.4806 -9.99349e-06 -0.000790865 -0.000789353 14.0492
8.47251 72.4806 -0.000642975 -0.000432427 5.83703e-05 12.0422
9.46928 72.4806 0.000468467 -0.000876725 -0.000240888 10.5369
10.466 72.4806 -0.00017279 0.00107237 0.000281209 12.5439
11.4628 72.4806 0.000213867 -0.000685337 -0.000494407 13.5474
12.4596 72.4806 -0.00012827 -0.00174816 -0.00126529 7.02459
13.4563 72.4806 -0.000877793 0.000359947 0.00134278 6.52283
14.4531 72.4806 -0.000467592 0.000963953 -5.77145e-06 11.0386
15.4499 72.4806 0.000441903 0.000421646 0.000232897 13.0457
16.4466 72.4806 -0.000931581 0.000993833 0.000185464 12.0422
17.4434 72.4806 -7.80589e-06 0.000120996 8.08297e-05 9.53337
18.4402 72.4806 -0.000544298 -0.00013945 0.00069964 8.0281
19.4369 72.4806 -0.000504505 0.000134954 -3.83192e-05 14.0492
20.4337 72.4806 -0.00246242 0.000638362 -0.000382883 10.5369
21.4305 72.4806 -2.14488e-05 -2.67249e-05 0.000396516 6.52283
22.4272 72.4806 -0.000467047 0.00131534 -0.00144947 8.0281
23.424 72.4806 0.000763465 4.50389e-07 0.000452192 9.03161
24.4208 72.4806 0.000852447 -0.000126471 0.0001818 14.5509
25.4175 72.4806 -0.000371274 -0.00052834 0.000286923 12.5439
26.4143 72.4806 -0.00029019 -0.000286225 -0.000124754 13.0457
27.4111 72.4806 -0.000157727 1.46988e-05 0.00023234 11.5404
28.4078 72.4806 -0.000666837 -0.000633861 4.87736e-05 12.0422
29.4046 72.4806 -0.00144104 -0.000826809 0.000568563 8.0281
30.4014 72.4806 -0.00134312 0.00121448 0.000246578 5.51932
31.3981 72.4806 -0.00250529 0.00115714 7.8012e-05 7.02459
32.3949 72.4806 7.7094e-05 0.00077159 -0.000563474 18.0632
33.3917 72.4806 -7.54951e-05 0.00133937 -0.00136493 11.0386
34.3884 72.4806 0.00015192 -0.000729346 0.00176085 7.02459
35.3852 72.4806 -0.000431406 -0.000747135 -0.000261874 16.558
36.382 72.4806 0.00021203 0.000496242 -6.24311e-05 13.0457
37.3787 72.4806 0.000797087 -0.000691699 0.000188558 7.02459
38.3755 72.4806 -0.000959588 -0.000637805 0.000510177 5.01756
39.3723 72.4806 0.00183456 0.000701282 0.000635142 9.03161
40.369 72.4806 -0.00035336 -0.000341966 -0.000314794 10.0351
41.3658 72.4806 0.00125474 0.000551395 0.000279883 15.5544
42.3626 72.4806 -0.00032727 -0.000159933 0.00103437 10.5369
43.3593 72.4806 -0.00130854 -0.00120307 0.000686684 7.52634
44.3561 72.4806 0.000388949 -0.000540445 -0.000491673 16.0562
45.3529 72.4806 -0.00103411 4.72671e-05 0.000825793 8.52986
46.3496 72.4806 -3.44523e-05 0.000111822 -0.00113696 11.0386
47.3464 72.4806 0.000673752 3.81136e-05 -0.000232167 9.03161
48.3432 72.4806 -0.00124497 0.000260106 0.000565258 9.53337
49.3399 72.4806 0.000840783 0.000236687 0.000361692 14.5509
50.3367 72.4806 -0.0006822 -0.00031428 -0.0006846 12.5439
51.3335 72.4806 0.000413363 -0.00139671 -0.00136867 9.03161
52.3302 72.4806 0.00157622 -0.000167098 -0.000169686 15.5544
53.327 72.4806 -2.8255e-05 0.00100718 -0.00161458 12.0422
54.3238 72.4806 0.00100721 0.000516422 0.000484517 10.0351
55.3205 72.4806 -0.000453407 -0.00206855 -0.000426761 9.53337
56.3173 72.4806 0.000676852 0.00019175 -0.00100496 12.0422
57.3141 72.4806 -0.000101486 -0.000426612 0.000824832 12.0422
58.3108 72.4806 0.000392605 0.000248714 -0.000650888 10.5369
59.3076 72.4806 -0.00081995 0.000381672 0.00138289 8.0281
60.3044 72.4806 0.000105791 0.000268012 -4.64759e-05 14.0492
61.3011 72.4806 0.000628709 0.000103334 -0.00133927 12.5439
62.2979 72.4806 0.000801799 0.00063799 -0.00100813 10.5369
63.2947 72.4806 -0.0012184 0.000202956 0.00113651 9.53337
64.2914 72.4806 -0.00283778 0.00120891 -0.000297461 5.51932
65.2882 72.4806 -0.000515427 -0.00153163 0.000318677 7.02459
66.285 72.4806 0.000527455 0.000594729 -0.000547639 17.0597
67.2817 72.4806 -3.18117e-05 -0.000253099 -0.000332672 14.5509
68.2785 72.4806 -0.000158975 0.000278996 -0.00146288 13.5474
69.2753 72.4806 -0.000304368 -0.00105722 0.000120641 15.5544
70.272 72.4806 -0.000485827 0.00043493 0.00132559 12.5439
71.2688 72.4806 0.000204433 -1.89829e-05 -0.00118072 7.02459
72.2656 72.4806 -0.000486055 0.000139676 0.00184305 7.52634
73.2623 72.4806 -0.00157307 0.000618514 -0.00145913 6.52283
74.2591 72.4806 0.00169725 0.000127184 0.000910934 16.558
75.2559 72.4806 -0.000433501 0.000245908 -0.000379439 11.0386
76.2526 72.4806 -0.000439225 0.000653059 0.000899151 10.0351
77.2494 72.4806 0.00025909 0.000412764 0.000331932 19.5685
78.2462 72.4806 -0.000373448 -0.000151637 0.00205075 6.52283
79.2429 72.4806 -0.00192457 -0.000711976 0.000614746 7.52634
80.2397 72.4806 -0.00101679 -0.00146207 0.00077291 10.0351
81.2365 72.4806 -0.00114702 0.000701989 -0.000666827 8.0281
82.2332 72.4806 -0.000648191 0.00117233 -0.00100103 16.558
0.498383 73.4803 -0.000646988 0.000295491 0.000524764 6.52283
1.49515 73.4803 -0.0011152 -0.000995193 0.000716972 9.03161
2.49192 73.4803 0.00039633 9.38321e-05 0.000407334 10.0351
3.48868 73.4803 -0.000621713 -0.000450557 -0.00048803 14.0492
4.48545 73.4803 0.000172655 8.47475e-05 6.93427e-05 16.0562
5.48221 73.4803 -0.00108055 0.000153006 -0.000674963 11.0386
6.47898 73.4803 0.000887731 0.000619867 -0.000492885 17.0597
7.47575 73.4803 0.000266295 -0.00101708 -0.000293062 15.5544
8.47251 73.4803 -0.00116492 -0.00134764 -0.000735809 5.01756
9.46928 73.4803 7.49954e-05 0.000599695 -0.00017626 10.5369
10.466 73.4803 -0.000592383 -0.0016328 -0.000796123 4.51581
11.4628 73.4803 -0.000910111 -0.000449296 -0.00112631 11.0386
12.4596 73.4803 -6.49774e-05 -0.000272925 0.000276194 24.0843
13.4563 73.4803 -0.000453904 -0.000984495 0.000655858 10.0351
14.4531 73.4803 0.000225111 -0.000428667 -0.000270632 9.03161
15.4499 73.4803 0.00045358 -4.82819e-05 0.000829431 16.558
16.4466 73.4803 7.99949e-05 0.00116819 0.000200929 7.52634
17.4434 73.4803 0.00203385 -0.000472456 -9.74807e-05 6.02108
18.4402 73.4803 -0.000664972 -0.00049816 3.97295e-05 8.52986
19.4369 73.4803 -2.42679e-06 0.000337119 0.000474989 9.53337
20.4337 73.4803 -0.000934716 -0.000764168 0.000399759 21.0738
21.4305 73.4803 0.00140321 -0.00090817 -0.000199218 9.53337
22.4272 73.4803 0.000117002 9.38748e-05 0.000287086 15.0527
23.424 73.4803 0.000576506 -0.0010406 0.000578006 17.0597
24.4208 73.4803 -0.000102159 0.00114345 -0.00137435 10.0351
25.4175 73.4803 0.000362842 0.000387274 -0.00179322 6.02108
26.4143 73.4803 0.000723703 -0.000192388 -0.000237935 6.52283
27.4111 73.4803 0.000360617 0.00128026 -0.000113761 8.0281
28.4078 73.4803 0.000600919 -5.24564e-05 -0.000306178 13.5474
29.4046 73.4803 0.000254209 -0.000649294 -0.000323468 13.5474
30.4014 73.4803 0.000240287 0.00052267 -0.000294189 10.5369
31.3981 73.4803 0.000524525 0.00025796 -0.000379565 19.5685
32.3949 73.4803 0.000165815 0.000692362 -0.000261053 9.53337
33.3917 73.4803 0.00045592 0.00147612 0.000713091 7.02459
34.3884 73.4803 -1.21455e-05 -0.000819577 0.000716764 8.0281
35.3852 73.4803 0.000221448 -1.75823e-06 0.00119355 6.52283
36.382 73.4803 -0.000857847 -0.000751584 -0.00092143 12.5439
37.3787 73.4803 0.000174182 -0.000144809 -0.000680765 15.5544
38.3755 73.4803 -0.000595186 -0.000529208 5.15323e-05 13.0457
39.3723 73.4803 -0.00155884 0.000227476 -8.3604e-05 13.5474
40.369 73.4803 0.000329399 -0.000865187 0.000323143 15.0527
41.3658 73.4803 -4.61164e-05 -0.000221071 0.000432545 10.5369
42.3626 73.4803 -0.00117967 0.000808391 0.000443134 4.51581
43.3593 73.4803 -0.000266263 -0.00108499 0.000984986 9.03161
44.3561 73.4803 0.00126607 0.0012859 -0.000102657 10.5369
45.3529 73.4803 -0.000363309 0.000131657 0.000258429 19.0667
46.3496 73.4803 -0.00154534 0.000272436 -0.000263137 11.5404
47.3464 73.4803 0.00113924 1.99198e-05 0.000131001 11.5404
48.3432 73.4803 8.90774e-05 -0.000919668 0.00011781 21.0738
49.3399 73.4803 0.000529567 0.000396472 -0.000230583 11.0386
50.3367 73.4803 -0.0008009 0.000737867 0.0010596 9.53337
51.3335 73.4803 0.000259007 0.000402687 0.00034282 11.5404
52.3302 73.4803 0.000306427 -0.00119833 -0.000211147 6.52283
53.327 73.4803 -7.488e-05 -0.00058617 0.00063784 14.5509
54.3238 73.4803 -0.00017642 0.000215503 -0.000414584 16.0562
55.3205 73.4803 -1.48262e-05 -0.000883325 -0.000711643 13.0457
56.3173 73.4803 -0.000582805 -0.000293375 -0.000615742 17.5615
57.3141 73.4803 0.000321395 0.00080934 0.00151404 11.5404
58.3108 73.4803 -0.0010327 -0.000654862 0.000437296 9.03161
59.3076 73.4803 0.000612691 -0.00111478 0.000871894 7.02459
60.3044 73.4803 -0.000907762 -0.000460214 0.000498504 10.0351
61.3011 73.4803 0.00138105 -0.000433889 -0.000111266 9.53337
62.2979 73.4803 -0.000663172 -0.000140388 -8.17402e-05 18.565
63.2947 73.4803 3.86465e-05 5.29421e-05 -9.48961e-05 10.5369
64.2914 73.4803 -0.000702499 0.000379599 -0.000318667 12.0422
65.2882 73.4803 -0.000111553 0.000285581 -0.000367195 19.0667
66.285 73.4803 0.000909448 4.60675e-06 -0.00025922 8.0281
67.2817 73.4803 0.000493758 0.000382501 -0.00153711 5.51932
68.2785 73.4803 -0.00150888 0.000627715 -0.000589223 4.01405
69.2753 73.4803 0.000518068 0.000744998 0.000394313 17.0597
70.272 73.4803 6.72128e-05 0.000255492 -0.000115437 18.0632
71.2688 73.4803 -0.00171119 1.10817e-05 -0.000857478 11.5404
72.2656 73.4803 0.000681747 -0.000963278 0.000351169 13.0457
73.2623 73.4803 -0.000673181 0.000234833 -0.000427965 18.0632
74.2591 73.4803 0.000982697 0.000382089 0.000251062 10.5369
75.2559 73.4803 -0.000668857 0.000687777 0.000710306 5.51932
76.2526 73.4803 -0.000257775 0.000741321 -0.000719677 7.02459
77.2494 73.4803 0.000988286 -0.00063315 -1.12176e-05 8.52986
78.2462 73.4803 0.000202085 0.000362592 -1.18564e-05 14.5509
79.2429 73.4803 -0.000979583 0.000343608 0.000421292 14.0492
80.2397 73.4803 -9.40715e-05 -0.000538206 -6.49162e-05 14.5509
81.2365 73.4803 0.000683679 -0.000273276 0.000344111 19.0667
82.2332 73.4803 -0.000297662 -0.000492244 -0.00069205 11.0386
0.498383 74.4801 0.00183372 -0.000448764 0.00155935 9.03161
1.49515 74.4801 -0.000957739 0.000175137 -0.000812275 6.52283
2.49192 74.4801 -0.000316568 -0.000947887 0.000568544 7.52634
3.48868 74.4801 -0.000304511 0.000289506 -0.000452206 14.0492
4.48545 74.4801 6.7282e-06 0.000487208 0.000571123 16.558
5.48221 74.4801 0.000385836 -0.000648903 -0.000160071 12.5439
6.47898 74.4801 -8.85491e-05 -0.00113587 -0.000515772 14.0492
7.47575 74.4801 0.00112756 -0.000344054 0.000498818 19.0667
8.47251 74.4801 -0.000820892 -0.000994446 0.000569058 6.52283
9.46928 74.4801 -0.000357159 0.000482985 0.000289886 11.5404
10.466 74.4801 0.000846815 0.000180542 -0.0010269 9.03161
11.4628 74.4801 0.000173477 0.000777156 0.000702871 10.0351
12.4596 74.4801 0.000296056 -0.0008365 8.28645e-05 17.5615
13.4563 74.4801 -0.000819148 0.000340576 -0.000642782 12.0422
14.4531 74.4801 -6.00876e-05 0.000255697 -0.000842457 13.0457
15.4499 74.4801 2.14582e-05 -0.000395834 0.000702549 25.5896
16.4466 74.4801 0.000596683 0.000690432 -7.79875e-05 10.5369
17.4434 74.4801 -0.00116874 -0.00123557 -5.13601e-05 7.52634
18.4402 74.4801 0.000143443 0.000149294 0.00133507 6.52283
19.4369 74.4801 9.90649e-05 0.000403086 -0.000150035 6.52283
20.4337 74.4801 0.000815308 -0.000562932 -0.000614651 14.5509
21.4305 74.4801 0.000296397 0.000602157 -0.000181738 14.0492
22.4272 74.4801 -0.0010207 0.00100512 0.000124771 13.5474
23.424 74.4801 -0.000288709 6.83595e-05 0.000479849 18.565
24.4208 74.4801 0.000167813 -0.00114767 -0.000567586 14.0492
25.4175 74.4801 -6.42792e-05 -0.000758563 -9.49924e-05 4.51581
26.4143 74.4801 0.000896114 0.000156854 9.74838e-05 6.52283
27.4111 74.4801 -0.000222963 -0.0011392 -6.95488e-05 11.5404
28.4078 74.4801 -0.00111784 -0.000561967 -0.000848442 18.0632
29.4046 74.4801 0.000135211 0.00128349 -0.000215584 15.0527
30.4014 74.4801 3.85805e-06 0.000239942 0.000920868 11.0386
31.3981 74.4801 -0.000178914 0.00108358 0.0011128 14.5509
32.3949 74.4801 0.00123995 -0.00138359 0.000440229 14.5509
33.3917 74.4801 -3.41687e-05 -0.000739029 -0.000531989 11.0386
34.3884 74.4801 0.000737851 0.000398239 -0.00052696 7.52634
35.3852 74.4801 0.00195613 -0.000231646 -0.000882449 5.51932
36.382 74.4801 -0.000897182 -7.83597e-05 -0.00154902 12.0422
37.3787 74.4801 -2.61885e-05 -0.000262714 0.000666589 25.5896
38.3755 74.4801 0.00114502 -0.000726988 0.000235947 9.03161
39.3723 74.4801 -0.000122226 -0.000279002 3.85789e-06 14.0492
40.369 74.4801 -0.000843017 0.000454631 0.000350521 23.0808
41.3658 74.4801 0.00011788 0.00134828 3.26512e-06 8.52986
42.3626 74.4801 -0.0019096 0.000260975 0.000464084 8.0281
43.3593 74.4801 0.000452252 0.000167485 2.86718e-05 10.0351
44.3561 74.4801 0.000476107 -0.000888966 -2.47772e-05 10.5369
45.3529 74.4801 9.82648e-05 -0.000230757 0.000364575 18.565
46.3496 74.4801 -0.000812746 -0.00054157 0.000886127 11.0386
47.3464 74.4801 0.00083754 -2.00172e-05 0.000484784 10.0351
48.3432 74.4801 0.00039056 0.000330826 0.000549068 21.5755
49.3399 74.4801 0.000528019 -0.00049983 -0.000187606 7.52634
50.3367 74.4801 0.000670951 0.00120855 -0.00294269 3.01054
51.3335 74.4801 0.000957251 -0.000192451 -0.000629675 7.52634
52.3302 74.4801 -0.000349713 0.000800737 0.000995537 6.02108
53.327 74.4801 -0.00040534 -0.000325051 -0.000806001 19.0667
54.3238 74.4801 -2.6267e-05 0.000325488 -0.00050029 13.5474
55.3205 74.4801 0.000149725 -0.000301403 -0.00050956 11.0386
56.3173 74.4801 0.00061777 -0.000414433 -2.44529e-05 22.0773
57.3141 74.4801 0.00113519 -0.000396118 -0.000391217 10.0351
58.3108 74.4801 -0.000850403 0.0016798 -0.000651975 10.5369
59.3076 74.4801 5.79829e-05 8.25627e-05 -0.000195872 10.0351
60.3044 74.4801 -0.000504354 2.29966e-05 -0.00104021 4.51581
61.3011 74.4801 0.000391599 -0.000394401 0.000217692 13.0457
62.2979 74.4801 0.000535343 -0.000282795 0.000649732 18.565
63.2947 74.4801 -0.000295534 -0.00108598 0.000700895 11.5404
64.2914 74.4801 1.75598e-05 0.000749026 -3.33662e-05 17.5615
65.2882 74.4801 0.000265098 0.000693649 -0.000612775 17.5615
66.285 74.4801 0.000966576 -0.000969368 -5.60332e-05 12.0422
67.2817 74.4801 -0.000962196 -9.48076e-05 -0.000186244 4.51581
68.2785 74.4801 0.000452573 0.000589026 -0.000812704 6.52283
69.2753 74.4801 4.78925e-05 -0.000394655 -0.000286381 13.5474
70.272 74.4801 -0.000410304 0.000107291 -0.000490852 13.5474
71.2688 74.4801 0.00131029 0.000860676 0.000250028 10.5369
72.2656 74.4801 -0.000869951 -0.000418731 -0.000850701 11.5404
73.2623 74.4801 1.76712e-05 -4.95636e-05 0.000129639 23.5825
74.2591 74.4801 -0.0013453 -0.00180171 0.000646264 9.03161
75.2559 74.4801 -0.00174482 0.000318796 0.00106278 8.0281
76.2526 74.4801 -0.000717441 0.00149437 -0.000442835 8.52986
77.2494 74.4801 -0.000486427 0.000680087 -7.60358e-05 10.5369
78.2462 74.4801 0.000229317 -0.000522007 -0.000256531 20.572
79.2429 74.4801 0.000211969 0.000528417 -0.000725005 14.0492
80.2397 74.4801 0.000971891 -0.000295403 0.00136622 8.52986
81.2365 74.4801 0.000120405 0.000600413 0.000224027 20.0703
82.2332 74.4801 -0.000104793 0.00100918 -0.000228064 9.53337
0.498383 75.4798 -2.61427e-05 -0.00170273 0.0006287 12.5439
1.49515 75.4798 0.000709284 0.000930167 5.75145e-05 6.52283
2.49192 75.4798 0.000160866 -0.000789107 -0.000167708 15.0527
3.48868 75.4798 -0.000324676 -0.00026604 0.000155568 13.0457
4.48545 75.4798 0.000303291 0.000100725 0.000642627 12.0422
5.48221 75.4798 0.000180092 0.00103023 -9.82519e-05 8.0281
6.47898 75.4798 0.00137959 -0.000687508 0.000351707 6.52283
7.47575 75.4798 0.000169682 -0.000748687 0.000242273 13.5474
8.47251 75.4798 0.000223602 8.57903e-05 -0.000395292 14.5509
9.46928 75.4798 -0.000179798 0.000448338 -0.000840964 6.02108
10.466 75.4798 -0.000752862 -0.000257028 -0.000576318 12.0422
11.4628 75.4798 0.000719246 -0.000259514 0.000342944 13.0457
12.4596 75.4798 0.000563722 0.000164392 -0.000186497 9.53337
13.4563 75.4798 0.000123358 0.000161614 -0.0010318 9.53337
14.4531 75.4798 -0.000751988 -0.000815299 0.000370137 7.02459
15.4499 75.4798 0.000282394 -6.42516e-06 0.000405069 9.53337
16.4466 75.4798 -0.000702312 -0.00025385 -0.00107376 11.0386
17.4434 75.4798 0.000201334 0.000459269 -0.000631608 12.5439
18.4402 75.4798 -0.000327142 -0.0012236 0.0001528 9.53337
19.4369 75.4798 -8.60124e-06 -0.000822409 -0.000142249 13.5474
20.4337 75.4798 -0.000385718 0.000192769 0.000144741 9.03161
21.4305 75.4798 0.00111461 -0.000817865 -0.00148219 7.02459
22.4272 75.4798 -0.000626764 -0.000240725 -0.000335279 9.53337
23.424 75.4798 0.000372814 0.000644456 -3.73268e-05 9.03161
24.4208 75.4798 -0.000129731 0.000207244 0.000682659 12.5439
25.4175 75.4798 -0.000455719 0.000281169 0.000272483 10.0351
26.4143 75.4798 0.000846114 -8.73464e-05 -4.74282e-05 7.52634
27.4111 75.4798 -0.000462697 0.000656737 8.03328e-05 17.0597
28.4078 75.4798 -0.000713673 -0.000696028 -0.00128349 11.0386
29.4046 75.4798 0.00147026 0.000127856 0.000426245 6.02108
30.4014 75.4798 5.04174e-05 -0.000893733 0.00031431 9.53337
31.3981 75.4798 -0.000803345 -9.775e-07 0.00056323 10.5369
32.3949 75.4798 -0.000583627 -0.000368444 -0.000461339 15.5544
33.3917 75.4798 0.0014414 0.000540763 -0.000708927 11.0386
34.3884 75.4798 -0.00119 0.00113424 0.00202584 6.52283
35.3852 75.4798 0.00068518 0.000674611 0.000553701 15.0527
36.382 75.4798 -0.000114063 -0.00118318 5.06546e-05 10.0351
37.3787 75.4798 0.00068417 -0.000137967 0.00126663 9.03161
38.3755 75.4798 0.000906165 -0.00160114 0.0011185 9.03161
39.3723 75.4798 -8.88543e-06 -0.00104174 -0.000806433 11.5404
40.369 75.4798 -0.000845945 -0.000754802 -0.000192089 10.5369
41.3658 75.4798 8.65488e-05 0.000189366 0.000534783 9.03161
42.3626 75.4798 -0.000745956 0.00274054 0.00189189 5.01756
43.3593 75.4798 -0.000239877 0.000762515 0.000223185 11.0386
44.3561 75.4798 -0.000146151 8.35908e-05 -0.00094379 15.0527
45.3529 75.4798 0.0006024 -0.000871429 2.82373e-05 11.0386
46.3496 75.4798 -0.00111902 0.000126532 0.000836197 7.02459
47.3464 75.4798 -0.000846008 0.00121148 7.95999e-05 10.5369
48.3432 75.4798 0.000781544 -0.00106609 0.0003135 8.0281
49.3399 75.4798 -0.0009581 0.00102199 -0.000484458 14.0492
50.3367 75.4798 0.000565912 -2.78084e-05 -0.000817798 11.0386
51.3335 75.4798 -0.000805829 0.000242271 0.00104642 7.52634
52.3302 75.4798 -0.000528288 0.000629656 0.000207881 18.0632
53.327 75.4798 -0.000140375 -2.41249e-05 -0.000259833 8.52986
54.3238 75.4798 0.000268034 -0.000312301 0.00015085 8.0281
55.3205 75.4798 -0.00167728 0.00144905 -0.00115256 7.52634
56.3173 75.4798 0.000186496 0.000201946 0.000516088 9.03161
57.3141 75.4798 -0.000114744 9.7777e-05 -0.000861655 7.52634
58.3108 75.4798 -0.000249355 0.000786418 4.25127e-05 15.5544
59.3076 75.4798 -0.00114007 0.000938235 0.000831064 8.0281
60.3044 75.4798 0.000705624 -0.0003554 -0.000419872 13.0457
61.3011 75.4798 0.000197873 0.000535276 0.00112558 13.5474
62.2979 75.4798 5.70983e-05 0.000844512 -0.000384078 13.0457
63.2947 75.4798 0.000730386 0.00165253 0.000846886 7.52634
64.2914 75.4798 0.000135742 -0.000491368 -0.000666174 4.01405
65.2882 75.4798 0.000131204 2.22631e-05 0.00041396 15.0527
66.285 75.4798 -0.00065275 -0.000115597 -0.000329878 12.5439
67.2817 75.4798 0.000806934 0.00146481 0.000333263 10.5369
68.2785 75.4798 -0.000653521 0.000292738 0.00117086 8.52986
69.2753 75.4798 0.000805767 -0.000198339 -3.23979e-05 16.558
70.272 75.4798 -0.000295506 -0.000864826 0.000769697 9.03161
71.2688 75.4798 -0.000275816 -0.000657237 0.00042989 10.5369
72.2656 75.4798 0.00081591 -0.00133409 0.000324936 7.52634
73.2623 75.4798 -0.000751927 0.000593694 -0.0009702 11.5404
74.2591 75.4798 0.000477114 0.00048116 -0.000798618 8.52986
75.2559 75.4798 -0.000582569 0.000120607 0.000567298 8.52986
76.2526 75.4798 -0.00201537 0.000248376 -0.000791757 8.52986
77.2494 75.4798 -0.0012629 0.000391604 -0.000131419 12.0422
78.2462 75.4798 -0.000566681 0.000683101 -0.00128416 7.02459
79.2429 75.4798 0.00138659 -0.000932031 -0.000508173 6.02108
80.2397 75.4798 0.000315147 0.000262008 -0.000154106 10.5369
81.2365 75.4798 0.000865178 0.000164886 -0.000439591 6.52283
82.2332 75.4798 -0.000868678 0.000168353 -0.000711646 17.5615
0.498383 76.4795 0.000485489 -0.00217058 -0.000228137 15.5544
1.49515 76.4795 -0.000599991 2.4768e-05 0.000672314 14.5509
2.49192 76.4795 -0.000836162 -0.000847043 0.000286368 17.5615
3.48868 76.4795 -0.000524999 -9.14364e-06 -0.000276557 18.0632
4.48545 76.4795 -0.00027493 1.12493e-06 -0.00244185 7.02459
5.48221 76.4795 0.000935258 0.0013384 -0.000193475 8.0281
6.47898 76.4795 -0.000350821 0.000160751 0.00229077 10.0351
7.47575 76.4795 -0.000587724 0.00101052 9.73902e-05 14.0492
8.47251 76.4795 -0.000301858 -0.000317837 -0.000701173 19.5685
9.46928 76.4795 0.000981175 -0.000746945 -0.00117134 10.0351
10.466 76.4795 0.00024959 7.40413e-05 -0.00116284 19.0667
11.4628 76.4795 -0.000486612 -0.000476022 0.000152186 16.558
12.4596 76.4795 -0.000291027 0.00126018 0.000913487 9.53337
13.4563 76.4795 -0.000864166 -0.000496106 5.65563e-05 8.0281
14.4531 76.4795 -0.00140733 -0.000465436 -0.000560539 4.51581
15.4499 76.4795 -0.00138859 0.00024199 -0.000622454 11.0386
16.4466 76.4795 -0.000821555 -0.00102287 -0.000131337 23.0808
17.4434 76.4795 0.000305521 0.00100516 0.000762246 13.5474
18.4402 76.4795 -0.00022013 0.000471395 0.00090237 14.5509
19.4369 76.4795 0.000262823 -9.51489e-05 -0.000479392 25.0878
20.4337 76.4795 7.8902e-06 0.000541758 -0.000290674 12.5439
21.4305 76.4795 -0.000349355 0.000110882 0.0015007 6.02108
22.4272 76.4795 -0.00115053 -0.00127853 0.000691962 5.51932
23.424 76.4795 -0.000254436 0.00118712 -0.000228873 6.02108
24.4208 76.4795 0.000478986 -0.000329307 0.000338557 25.5896
25.4175 76.4795 -0.000320626 0.00057137 0.000183635 15.0527
26.4143 76.4795 0.000710659 -0.00110488 -0.00150263 8.52986
27.4111 76.4795 -0.000349376 6.55555e-05 0.000254258 27.0948
28.4078 76.4795 0.00075657 -0.0022159 -0.000232072 11.0386
29.4046 76.4795 -0.000907654 9.8038e-05 0.000640129 7.52634
30.4014 76.4795 -0.000803171 -0.000387299 -0.000397917 9.53337
31.3981 76.4795 0.000277867 -0.000605378 -0.00089245 6.52283
32.3949 76.4795 -0.00082296 -0.000576976 0.000992076 14.0492
33.3917 76.4795 2.30783e-05 4.34913e-05 -0.000211241 22.0773
34.3884 76.4795 -1.75495e-05 -0.000642775 -0.00019638 12.0422
35.3852 76.4795 0.000112498 0.000241021 6.43791e-05 16.0562
36.382 76.4795 0.000554161 6.85029e-05 0.000112539 18.0632
37.3787 76.4795 0.000410938 -6.15344e-05 0.000933963 8.0281
38.3755 76.4795 -0.00121105 -0.000249983 -0.000661193 5.51932
39.3723 76.4795 -0.000439716 -0.000224273 -0.000689428 5.51932
40.369 76.4795 -0.000159245 0.001109 -0.000922228 10.5369
41.3658 76.4795 -7.33237e-05 0.00100818 0.000286018 26.5931
42.3626 76.4795 0.00113691 0.000669908 0.000444721 13.0457
43.3593 76.4795 -0.000392027 2.63229e-05 -2.13328e-05 15.0527
44.3561 76.4795 0.000239532 0.000629977 0.000172274 24.0843
45.3529 76.4795 -0.000716552 -1.18614e-05 -0.000369964 7.52634
46.3496 76.4795 -0.000815313 0.000203569 -0.000518745 8.0281
47.3464 76.4795 -0.00023562 4.75233e-06 -0.000272603 6.02108
48.3432 76.4795 -0.000745064 -0.000393507 0.000704723 8.52986
49.3399 76.4795 0.000291204 0.000403077 0.000220666 20.0703
50.3367 76.4795 0.00106296 -0.000335862 0.000521419 15.5544
51.3335 76.4795 -0.000464284 -0.000547658 0.000559891 12.0422
52.3302 76.4795 -0.00064815 8.95959e-05 -6.23203e-05 25.0878
53.327 76.4795 -0.0001469 -0.000396269 0.00024777 12.0422
54.3238 76.4795 0.000716529 -0.00220496 0.000750207 9.03161
55.3205 76.4795 -0.00130546 0.000674252 7.97976e-05 11.0386
56.3173 76.4795 -0.000176096 0.000111203 0.000406776 12.0422
57.3141 76.4795 0.000105774 0.000711104 0.000375395 19.5685
58.3108 76.4795 0.000139104 0.000250249 -0.000439091 21.5755
59.3076 76.4795 -0.000564724 -0.00184538 0.00057061 10.0351
60.3044 76.4795 0.00129613 0.000794415 8.48589e-05 20.572
61.3011 76.4795 -0.000261388 0.000315432 -1.9221e-07 14.5509
62.2979 76.4795 0.000511674 -0.000640856 -0.000806129 4.51581
63.2947 76.4795 0.000578127 -0.000167879 -0.000433112 11.0386
64.2914 76.4795 0.000143708 0.00202052 0.000552088 6.52283
65.2882 76.4795 -0.00079168 -0.000437895 -0.000406043 14.5509
66.285 76.4795 0.000657562 -1.89757e-05 0.00124236 22.0773
67.2817 76.4795 0.000372804 0.0003559 -0.000399322 7.02459
68.2785 76.4795 0.000224862 0.000445852 0.000264924 17.5615
69.2753 76.4795 0.000237751 -1.35107e-05 0.000382094 18.0632
70.272 76.4795 0.00190235 0.000634007 0.00191174 10.0351
71.2688 76.4795 -0.000665465 -0.000203633 -0.00121665 9.03161
72.2656 76.4795 0.000204036 -4.84488e-05 0.000300273 7.02459
73.2623 76.4795 -0.00111043 -0.000289779 -0.000922848 8.52986
74.2591 76.4795 -0.000467681 7.63598e-05 -0.000433929 22.579
75.2559 76.4795 -0.000282838 -0.000252728 -0.000380968 17.0597
76.2526 76.4795 0.000171416 -0.000101699 -0.000622715 19.0667
77.2494 76.4795 0.000478403 -8.60272e-05 0.000823529 22.0773
78.2462 76.4795 0.000524437 0.000765375 -0.000590853 12.0422
79.2429 76.4795 0.000749413 -9.26636e-06 -0.000458268 11.0386
80.2397 76.4795 -0.00187486 2.60059e-05 -4.36166e-05 9.03161
81.2365 76.4795 -0.000838692 -0.00179261 0.00107199 8.52986
82.2332 76.4795 0.00073164 0.000309327 -0.000204833 14.0492
0.498383 77.4793 -0.000102695 0.000543258 -0.000516059 15.0527
1.49515 77.4793 -0.000407388 -0.000478004 -0.000403724 9.03161
2.49192 77.4793 0.000172568 0.00207285 -0.000646026 8.52986
3.48868 77.4793 0.000695285 -1.91829e-05 0.000335465 12.5439
4.48545 77.4793 0.00143748 0.000526532 8.12268e-05 8.0281
5.48221 77.4793 0.000575815 -0.000515757 -0.000197552 8.52986
6.47898 77.4793 0.000107463 -0.000616901 -0.000142065 12.5439
7.47575 77.4793 0.00042298 -0.000860267 -0.000381307 11.0386
8.47251 77.4793 -0.000272557 0.000483833 -0.000330317 15.5544
9.46928 77.4793 -9.61229e-06 0.00204887 0.000183499 8.52986
10.466 77.4793 6.97436e-05 0.000659109 0.00103116 14.0492
11.4628 77.4793 -0.000213187 0.000241317 0.000728726 10.0351
12.4596 77.4793 -0.000195361 -7.80149e-05 -0.00107366 14.5509
13.4563 77.4793 0.000558333 0.00141585 -0.000107384 8.52986
14.4531 77.4793 -0.000246017 -6.44255e-05 0.00137903 8.0281
15.4499 77.4793 -0.00172105 -0.000857458 0.000172826 6.02108
16.4466 77.4793 0.000125522 0.000395236 -0.000793636 13.5474
17.4434 77.4793 -0.000995857 -1.15382e-05 -0.000832167 8.52986
18.4402 77.4793 -0.000575891 -0.00091499 8.25175e-05 7.52634
19.4369 77.4793 0.000369839 -0.000108285 -0.00018057 9.53337
20.4337 77.4793 -0.000479004 0.000990757 -0.000201659 8.52986
21.4305 77.4793 -0.000260629 0.000195739 -4.21062e-05 8.52986
22.4272 77.4793 -0.000732337 0.000181732 -0.000738614 8.52986
23.424 77.4793 -0.000276276 0.000697135 4.27465e-06 8.52986
24.4208 77.4793 -0.000314948 -0.00128687 0.000324069 13.0457
25.4175 77.4793 -7.74988e-05 0.000544221 0.000445998 10.5369
26.4143 77.4793 0.000430734 0.000539671 -0.000192978 9.03161
27.4111 77.4793 -0.000524147 0.000259886 0.000426652 13.5474
28.4078 77.4793 -0.000685242 0.000679304 -0.000446282 12.0422
29.4046 77.4793 0.00156102 -0.000122871 -0.0013518 7.52634
30.4014 77.4793 0.000256027 0.000108418 -0.000147867 9.53337
31.3981 77.4793 -0.000886766 0.000139692 -0.000601949 9.53337
32.3949 77.4793 8.89668e-05 0.000758342 7.10522e-05 7.52634
33.3917 77.4793 0.000283739 -0.000787494 0.00107177 11.0386
34.3884 77.4793 0.00026262 0.000687997 0.000442228 8.0281
35.3852 77.4793 -0.000821588 0.000611767 0.000629354 11.5404
36.382 77.4793 0.00107731 -0.000568 0.000567888 10.0351
37.3787 77.4793 0.000157971 -0.000265545 -0.000199651 11.5404
38.3755 77.4793 0.000103637 0.000200302 -0.000288032 5.01756
39.3723 77.4793 -5.01225e-05 0.000172623 0.000846014 7.52634
40.369 77.4793 4.02164e-05 0.000110524 0.000815079 7.52634
41.3658 77.4793 0.000141014 0.000707441 0.00133222 13.0457
42.3626 77.4793 0.00151802 -0.00218032 -0.000612984 10.0351
43.3593 77.4793 0.000549243 0.000296556 0.00126273 9.03161
44.3561 77.4793 -0.000628033 0.000368414 9.26228e-05 13.0457
45.3529 77.4793 8.63927e-05 -0.000301764 -0.00144146 8.0281
46.3496 77.4793 0.000574598 0.000429098 0.000126629 9.53337
47.3464 77.4793 -0.000382278 -0.00137777 0.000588332 9.03161
48.3432 77.4793 0.000586295 -6.77312e-05 0.000660243 18.0632
49.3399 77.4793 0.000684662 0.000933761 -0.0012059 8.0281
50.3367 77.4793 0.000498694 0.00127733 6.03185e-05 12.0422
51.3335 77.4793 -6.17855e-05 -0.000291398 -0.0010137 11.5404
52.3302 77.4793 -0.000589261 -9.83749e-05 -7.09499e-05 10.0351
53.327 77.4793 -0.000261414 0.0012258 0.000691067 6.52283
54.3238 77.4793 -0.000791812 -0.000380467 0.000663891 11.0386
55.3205 77.4793 0.00108099 -0.00131653 0.000507805 10.5369
56.3173 77.4793 0.000616828 -0.000877847 -0.000648133 10.5369
57.3141 77.4793 0.000699085 -0.000409738 0.000773312 6.02108
58.3108 77.4793 -0.000919778 -0.000695964 -0.000756805 11.0386
59.3076 77.4793 0.00128317 0.000306943 0.000308865 6.52283
60.3044 77.4793 0.000177525 -0.00123435 0.000392734 11.0386
61.3011 77.4793 -0.000844547 -0.000396206 0.0002087 11.5404
62.2979 77.4793 0.000345801 -0.000525566 5.63602e-05 10.5369
63.2947 77.4793 -0.000697894 0.00122463 -0.000264952 7.52634
64.2914 77.4793 0.000368817 0.000171679 -5.32668e-05 9.03161
65.2882 77.4793 -0.00080164 0.000141253 -7.07798e-05 10.0351
66.285 77.4793 -0.00119211 -0.000143214 0.000873055 10.0351
67.2817 77.4793 0.00114028 -0.000213001 0.00053514 11.5404
68.2785 77.4793 -0.000704648 -0.00119918 -0.000525693 13.0457
69.2753 77.4793 0.00181619 -0.00108586 0.000636506 11.5404
70.272 77.4793 0.00188287 0.00022245 0.000701652 12.0422
71.2688 77.4793 -0.00121088 -0.000198839 -0.00158138 7.52634
72.2656 77.4793 0.000754152 0.00176721 0.00160532 8.0281
73.2623 77.4793 -0.00109723 0.000147678 0.00156984 12.0422
74.2591 77.4793 0.000225203 0.000989506 -0.000527446 14.0492
75.2559 77.4793 0.00101148 0.00034191 -0.000322831 7.52634
76.2526 77.4793 -0.000331376 0.000224404 -0.000260102 8.0281
77.2494 77.4793 -3.08813e-05 0.000892847 -0.000374334 10.5369
78.2462 77.4793 -0.000322486 0.000800243 -0.00140057 8.0281
79.2429 77.4793 -0.000607352 -0.00012155 0.00110018 10.5369
80.2397 77.4793 0.000128863 -0.000303037 0.000327836 10.5369
81.2365 77.4793 8.07631e-05 0.000655154 -5.57841e-05 9.53337
82.2332 77.4793 -0.00115502 0.000512583 0.000777626 12.5439
0.498383 78.479 0.000517758 -0.00110677 4.13041e-07 8.52986
1.49515 78.479 -0.000604858 -0.000711826 0.00125538 6.02108
2.49192 78.479 0.00172846 -0.000983005 -0.000410566 8.0281
3.48868 78.479 -0.000731352 0.000923297 0.00109964 18.0632
4.48545 78.479 0.00104593 -0.000471136 4.34139e-05 21.0738
5.48221 78.479 -3.1139e-05 0.000625628 0.000901627 8.0281
6.47898 78.479 0.000133697 0.000388632 0.00118795 16.0562
7.47575 78.479 1.039e-05 -0.000956584 0.000692482 14.0492
8.47251 78.479 4.27695e-05 -0.000673014 0.00237 7.52634
9.46928 78.479 -0.000264554 -0.000232577 0.000610868 6.52283
10.466 78.479 0.00036976 0.00151276 -0.000377721 5.51932
11.4628 78.479 0.000280141 -0.000987979 -0.000551426 10.5369
12.4596 78.479 0.000345577 -0.000258067 0.000995302 18.0632
13.4563 78.479 0.000310173 -0.000207035 -0.000269469 13.5474
14.4531 78.479 0.000483842 -0.000635282 -0.000323368 15.5544
15.4499 78.479 -0.000924101 -0.000320894 -0.000401253 19.5685
16.4466 78.479 -0.00150562 -7.35618e-05 -0.000271949 12.5439
17.4434 78.479 -0.000192211 2.24454e-05 0.000686342 6.02108
18.4402 78.479 0.0010148 0.00117503 -0.00177376 6.02108
19.4369 78.479 -0.000221274 0.000157359 -0.000291501 8.52986
20.4337 78.479 -0.00106893 -0.000208555 0.000924709 28.0984
21.4305 78.479 -0.000763038 -0.00156484 4.76506e-05 13.0457
22.4272 78.479 0.00100565 -0.000706292 -0.000179589 13.0457
23.424 78.479 7.77911e-05 -1.64465e-05 -0.000297369 26.5931
24.4208 78.479 0.00185932 -0.000955822 -0.000156998 10.5369
25.4175 78.479 -0.00120317 0.00166556 0.00135405 4.01405
26.4143 78.479 0.000659834 -0.000101025 0.00067769 9.03161
27.4111 78.479 -0.0011498 8.94413e-05 -0.000130182 9.53337
28.4078 78.479 0.000494975 0.000200768 -0.000288689 14.5509
29.4046 78.479 -0.00112404 -0.000548769 -0.000185948 19.0667
30.4014 78.479 -2.34689e-05 -0.000647943 -0.000853074 10.0351
31.3981 78.479 0.000491141 -0.000108067 -0.000605482 21.5755
32.3949 78.479 0.000242408 0.000228428 -0.000701343 14.0492
33.3917 78.479 -0.00126689 0.00106786 -0.000688008 6.02108
34.3884 78.479 0.000102829 0.000505476 0.000575841 9.03161
35.3852 78.479 -0.00231363 8.46645e-05 0.00194618 3.01054
36.382 78.479 0.000405498 0.000405585 0.000886632 10.5369
37.3787 78.479 0.000571069 0.000768062 0.000858034 22.0773
38.3755 78.479 0.000851104 -0.00148442 0.000645351 10.0351
39.3723 78.479 -0.000242246 0.000300905 0.000441259 15.0527
40.369 78.479 6.75212e-05 -3.76226e-05 -0.000322625 24.0843
41.3658 78.479 0.000364048 0.000294352 -0.0015388 11.5404
42.3626 78.479 8.17849e-05 -0.000911073 -0.000557905 6.02108
43.3593 78.479 -0.000143444 -0.000261683 -0.00201709 5.01756
44.3561 78.479 -0.00066951 0.00123914 0.000432808 7.52634
45.3529 78.479 8.58874e-05 -0.00029304 -0.000646012 19.5685
46.3496 78.479 -0.00145985 0.000557291 -0.00101177 10.5369
47.3464 78.479 0.000970679 -0.000237942 0.000537537 9.03161
48.3432 78.479 -0.000102142 0.000514516 -2.33699e-05 18.0632
49.3399 78.479 8.95146e-05 -0.000641038 -7.5244e-05 12.0422
50.3367 78.479 0.000241936 0.000850869 -0.000998467 8.52986
51.3335 78.479 -0.000554052 -0.00067932 -0.000827529 9.03161
52.3302 78.479 -0.00020794 -0.000747151 0.000813452 10.0351
53.327 78.479 0.000175648 -0.000169613 0.000632007 15.0527
54.3238 78.479 -9.0694e-05 -0.000394242 -0.000416695 15.5544
55.3205 78.479 1.39759e-05 0.000699771 -0.00116769 14.5509
56.3173 78.479 -0.000266879 0.000485826 8.26381e-05 16.0562
57.3141 78.479 2.53546e-05 0.000260543 -0.000642283 12.5439
58.3108 78.479 0.000770433 0.00108303 0.000845722 6.52283
59.3076 78.479 0.000268438 -0.000616919 -9.61118e-05 9.03161
60.3044 78.479 -0.00287361 0.00224759 -0.00179892 3.01054
61.3011 78.479 0.000575169 0.000732554 -0.000179561 13.5474
62.2979 78.479 0.000456963 -0.00065665 -0.00112188 24.5861
63.2947 78.479 0.000296582 0.0012785 -0.000673429 6.52283
64.2914 78.479 -0.000117289 0.000735866 0.000639576 23.5825
65.2882 78.479 0.000253927 0.00079747 0.000299717 14.0492
66.285 78.479 8.13058e-05 -0.000867372 2.83717e-05 10.0351
67.2817 78.479 -0.000816791 0.000651575 -0.00162514 5.51932
68.2785 78.479 -0.000874409 0.000572825 -0.000525413 6.52283
69.2753 78.479 -0.000715666 0.000209421 0.000350936 12.0422
70.272 78.479 -0.00112992 -0.000238698 -0.000601941 17.0597
71.2688 78.479 -0.00090276 -0.000183522 0.000146221 13.5474
72.2656 78.479 -0.00035662 0.00112628 -7.08952e-05 11.5404
73.2623 78.479 0.00013613 0.000327026 -0.000509079 22.579
74.2591 78.479 -0.00148758 -0.000780324 0.00017418 9.03161
75.2559 78.479 -0.00155427 0.000361243 0.00101753 9.03161
76.2526 78.479 -0.000857072 0.000237536 -0.000104365 5.51932
77.2494 78.479 0.000473797 0.00107222 -0.000318066 11.0386
78.2462 78.479 -0.000408541 0.000156314 0.000209773 25.5896
79.2429 78.479 0.000510723 -0.000244555 -0.000368981 11.5404
80.2397 78.479 0.000925408 0.000997384 0.0010954 10.5369
81.2365 78.479 -0.000252074 -0.000112331 0.000169975 22.0773
82.2332 78.479 0.000189273 0.000580373 0.000645855 12.5439
0.498383 79.4787 -0.000988666 -0.000880174 -0.00160907 6.02108
1.49515 79.4787 0.00121627 -0.00163735 -0.00155475 7.52634
2.49192 79.4787 0.00107405 -0.000474102 3.82432e-05 10.0351
3.48868 79.4787 -0.000538121 0.000769471 -0.000104648 14.0492
4.48545 79.4787 0.000444084 0.000480952 0.00104481 9.53337
5.48221 79.4787 0.00121821 -4.59818e-05 0.00133118 6.02108
6.47898 79.4787 -0.000611446 -0.000122452 -0.000284127 14.5509
7.47575 79.4787 -6.5691e-05 -0.000242656 0.00107528 15.0527
8.47251 79.4787 -0.00107578 -0.000438794 -0.000664552 6.52283
9.46928 79.4787 -0.000683471 -0.000658827 -0.00109771 6.52283
10.466 79.4787 0.000689082 0.000504205 -0.00056001 6.52283
11.4628 79.4787 0.000159723 -0.000294913 -0.000445685 13.5474
12.4596 79.4787 -0.000644914 -0.000330904 7.47211e-06 22.0773
13.4563 79.4787 0.00100411 -0.000969491 -0.00185618 6.52283
14.4531 79.4787 0.00071023 5.19795e-05 0.000569756 11.0386
15.4499 79.4787 0.000289556 -0.000679082 -0.000769176 16.0562
16.4466 79.4787 7.28832e-05 -0.000168079 -0.00101593 9.53337
17.4434 79.4787 6.30979e-05 -0.000471569 0.000211292 9.53337
18.4402 79.4787 -9.96642e-05 0.000778544 0.000150667 7.02459
19.4369 79.4787 -0.000277694 0.000876141 -0.000331921 8.0281
20.4337 79.4787 -0.000317487 0.000257533 0.000449603 14.5509
21.4305 79.4787 -0.000855548 -0.000122286 0.000205645 8.52986
22.4272 79.4787 0.000151833 -0.000176345 -0.000171392 10.5369
23.424 79.4787 5.81411e-05 0.000316861 0.00012475 12.5439
24.4208 79.4787 -8.89955e-05 0.0006887 -0.000535425 10.0351
25.4175 79.4787 0.000227625 0.000184186 -0.000186704 8.0281
26.4143 79.4787 0.00196349 0.000148349 -0.001567 7.02459
27.4111 79.4787 0.000177264 0.000789498 -0.000487 6.52283
28.4078 79.4787 0.000827242 6.56805e-05 0.000686353 11.0386
29.4046 79.4787 0.00096999 9.44872e-05 0.00103852 15.0527
30.4014 79.4787 0.000457745 -0.000226308 0.000125891 10.5369
31.3981 79.4787 0.000577688 0.000720773 -0.000229571 16.0562
32.3949 79.4787 -0.000271039 -0.000413406 -0.000779102 17.0597
33.3917 79.4787 -0.000984189 -0.000672619 0.00120939 9.03161
34.3884 79.4787 -0.000635961 -0.000808288 -0.000418266 9.03161
35.3852 79.4787 3.49439e-05 -0.00156108 0.000433898 11.0386
36.382 79.4787 -0.000437292 -0.000366711 0.00129672 9.53337
37.3787 79.4787 -0.000467597 0.00023182 -0.00165518 17.0597
38.3755 79.4787 0.000253638 -0.000991888 4.64686e-05 13.0457
39.3723 79.4787 0.000492805 -0.000925701 0.000354832 15.5544
40.369 79.4787 0.000116446 0.000616341 5.69348e-05 10.0351
41.3658 79.4787 -0.000813964 -0.000592069 0.000305618 10.5369
42.3626 79.4787 -0.0015989 -0.000250181 -7.68368e-05 4.01405
43.3593 79.4787 0.000216156 -0.00104015 -0.00105111 9.53337
44.3561 79.4787 -0.00119571 -0.000529691 0.000680936 10.0351
45.3529 79.4787 0.000944237 0.000694032 8.76538e-05 16.0562
46.3496 79.4787 -0.00157648 -0.000506554 0.000740035 9.53337
47.3464 79.4787 0.000902146 0.00081544 0.000782949 12.0422
48.3432 79.4787 0.000500895 -6.30195e-05 -0.000537826 16.0562
49.3399 79.4787 -0.0012379 0.00105826 -0.000611153 9.53337
50.3367 79.4787 -7.69901e-05 0.000847593 0.000679134 9.53337
51.3335 79.4787 1.03885e-05 -0.00120777 0.000668779 6.52283
52.3302 79.4787 -0.000292581 -0.000127285 -0.000842507 12.0422
53.327 79.4787 0.000523234 0.000635025 -0.000687941 14.0492
54.3238 79.4787 0.000102202 0.000651494 0.000325939 12.5439
55.3205 79.4787 -9.59376e-05 -0.000521962 0.00113441 14.0492
56.3173 79.4787 0.000610478 -8.59543e-05 -0.000122484 13.5474
57.3141 79.4787 0.000134606 0.00038998 0.00116245 14.0492
58.3108 79.4787 -0.00119121 -0.000529391 0.000504931 11.0386
59.3076 79.4787 0.000683123 -0.00070897 0.000494266 10.5369
60.3044 79.4787 0.00115451 -0.000268755 -0.000798739 9.53337
61.3011 79.4787 -0.000428293 -0.00110724 0.000136995 11.0386
62.2979 79.4787 0.000440389 0.000519771 0.000531714 15.5544
63.2947 79.4787 -0.00119306 -0.000416267 -0.000152449 12.0422
64.2914 79.4787 -8.31045e-05 -0.000264679 0.000153589 12.5439
65.2882 79.4787 -0.000171273 0.000375223 -0.00028386 17.0597
66.285 79.4787 -0.000286197 0.00029043 -0.00108282 8.0281
67.2817 79.4787 0.000164644 -0.000288559 0.000275317 9.53337
68.2785 79.4787 0.00153906 0.000705169 0.000310912 9.53337
69.2753 79.4787 0.000120805 -0.000955415 0.000428972 10.5369
70.272 79.4787 -0.000605593 0.000702034 0.000519582 17.0597
71.2688 79.4787 -0.000608562 0.00173012 0.000356327 11.0386
72.2656 79.4787 0.00103932 -0.000900195 0.000751416 11.5404
73.2623 79.4787 -0.000306028 0.000673858 0.000591768 15.0527
74.2591 79.4787 0.000537644 -0.000477609 0.000701541 11.0386
75.2559 79.4787 -0.000396447 0.00030465 -0.000161 8.52986
76.2526 79.4787 -0.000132848 -0.000741278 0.000591953 7.02459
77.2494 79.4787 -0.00137359 0.00118965 0.000231353 10.0351
78.2462 79.4787 0.000191871 0.000169285 0.000557516 16.0562
79.2429 79.4787 -0.000721847 -0.000481944 -8.28212e-05 13.0457
80.2397 79.4787 0.00151149 -0.000463729 0.000921341 7.52634
81.2365 79.4787 0.00143356 -8.35523e-05 0.00103024 13.5474
82.2332 79.4787 0.000437778 0.000481536 -0.000179881 15.0527
0.498383 80.4785 -5.90077e-07 6.30168e-05 0.00128657 13.0457
1.49515 80.4785 -2.73597e-05 5.21569e-05 0.00028215 11.0386
2.49192 80.4785 0.000342724 4.8292e-05 -0.000281533 19.0667
3.48868 80.4785 -0.000326444 -0.000282955 0.000502868 11.5404
4.48545 80.4785 0.00117027 -0.00090278 -0.000910433 8.52986
5.48221 80.4785 -0.000855149 3.11248e-05 0.000784774 6.02108
6.47898 80.4785 -0.000418161 -0.000302822 -0.000306776 10.0351
7.47575 80.4785 -0.000372808 0.000720268 0.000695686 11.5404
8.47251 80.4785 -0.000629138 -0.000399294 0.000335028 19.5685
9.46928 80.4785 -0.00128236 0.000224197 0.000183949 11.0386
10.466 80.4785 0.000176936 -0.000451466 -0.000547402 14.0492
11.4628 80.4785 0.00124284 -0.00036561 -0.000414023 10.0351
12.4596 80.4785 0.00116879 -9.51335e-05 -0.000222136 7.52634
13.4563 80.4785 -0.00092074 -0.000882327 -0.000396783 8.52986
14.4531 80.4785 5.30868e-05 -0.000747445 0.000239045 8.0281
15.4499 80.4785 0.000122075 0.00165313 0.0015702 8.52986
16.4466 80.4785 -0.000271496 0.000693234 8.12462e-05 16.558
17.4434 80.4785 0.000196135 -0.000451503 -0.00043606 8.52986
18.4402 80.4785 0.000616286 0.000679299 -0.000120417 15.5544
19.4369 80.4785 0.000166184 0.000211339 -0.000469205 14.0492
20.4337 80.4785 -0.000324577 -0.000729113 -0.000662819 12.5439
21.4305 80.4785 -0.00218244 -4.74786e-05 0.000373635 10.5369
22.4272 80.4785 0.000683903 -2.2621e-05 -0.000161068 5.01756
23.424 80.4785 0.000466566 0.000247652 0.000307442 9.53337
24.4208 80.4785 -0.00108793 -0.000214717 -0.000379468 16.0562
25.4175 80.4785 0.00024313 -0.000574767 0.000125829 14.5509
26.4143 80.4785 -0.000710546 9.07755e-05 -5.41715e-05 13.5474
27.4111 80.4785 0.000200575 0.000799186 0.000517653 16.558
28.4078 80.4785 -0.000553232 0.000595699 0.000140601 13.5474
29.4046 80.4785 -0.000433268 -0.000608123 6.04222e-05 6.52283
30.4014 80.4785 -0.00065594 -0.000245673 0.00116364 9.53337
31.3981 80.4785 -0.000457855 -0.000249095 -0.000380088 8.0281
32.3949 80.4785 0.000860889 -0.000745626 0.000846982 9.03161
33.3917 80.4785 -0.000105057 0.000436413 -0.000525088 15.5544
34.3884 80.4785 -0.00020194 -0.00067026 0.000176375 9.53337
35.3852 80.4785 0.000493041 0.000952004 -0.000272932 16.0562
36.382 80.4785 -0.000223547 0.000303114 0.000194038 15.0527
37.3787 80.4785 0.000349753 -2.44728e-05 2.04028e-05 6.52283
38.3755 80.4785 -0.00101356 0.000108562 -0.000567989 9.53337
39.3723 80.4785 -0.000753452 0.000208021 -0.000296268 5.51932
40.369 80.4785 9.09189e-05 -0.000466547 -0.000140153 13.0457
41.3658 80.4785 -0.000156282 -0.000158617 -0.00118301 18.0632
42.3626 80.4785 -0.000137616 -0.000730677 -0.000665907 7.52634
43.3593 80.4785 -0.000512637 3.63991e-05 2.34061e-05 16.558
44.3561 80.4785 0.000601582 -0.000268486 -0.000185116 17.0597
45.3529 80.4785 2.7425e-05 -0.000985035 0.00124015 14.0492
46.3496 80.4785 0.00102743 -1.49247e-05 0.000166215 10.0351
47.3464 80.4785 -3.40858e-07 -0.00012331 -0.000432743 9.53337
48.3432 80.4785 0.000934636 -0.00194212 0.000366784 10.5369
49.3399 80.4785 0.000624418 1.37696e-05 0.000184943 15.0527
50.3367 80.4785 -0.000832212 0.000668088 -0.00126557 8.0281
51.3335 80.4785 -0.000346524 -0.000457168 5.12707e-05 9.53337
52.3302 80.4785 0.000485655 0.000966238 -0.000146857 12.0422
53.327 80.4785 0.000357898 -0.000599682 -0.000385218 9.53337
54.3238 80.4785 -0.00122128 0.00033107 0.000202141 8.52986
55.3205 80.4785 -0.00180121 0.00068524 0.00163407 4.51581
56.3173 80.4785 -1.60506e-05 0.00107649 -0.000654632 8.52986
57.3141 80.4785 -0.00079111 -0.000253866 0.000950545 11.0386
58.3108 80.4785 0.000450565 0.00133221 0.00105267 16.0562
59.3076 80.4785 -0.00026644 0.00133588 -0.00193848 6.52283
60.3044 80.4785 -0.000633728 -0.000655144 -0.000624709 13.5474
61.3011 80.4785 0.000354938 -0.000403493 -0.000828476 10.0351
62.2979 80.4785 0.000660712 0.00107213 0.0011749 8.0281
63.2947 80.4785 0.00116255 -0.00081903 -0.00133129 5.51932
64.2914 80.4785 -0.000788252 0.00105387 0.00157898 6.52283
65.2882 80.4785 0.000798274 -0.000506197 0.000111516 12.0422
66.285 80.4785 0.000802262 0.000238297 -0.000681158 10.5369
67.2817 80.4785 0.000349011 0.000109158 0.00054397 11.0386
68.2785 80.4785 0.00035018 -0.000904915 0.00138404 9.03161
69.2753 80.4785 -0.000460903 0.000584959 -0.000189976 15.0527
70.272 80.4785 0.00112633 0.00155495 -0.000377525 13.5474
71.2688 80.4785 -0.000930344 0.000148724 -0.000737475 7.52634
72.2656 80.4785 0.000689785 -0.000921079 0.000928008 3.51229
73.2623 80.4785 -0.000511329 -7.4451e-05 -0.000197475 10.5369
74.2591 80.4785 3.31921e-05 0.000244101 7.92536e-05 14.5509
75.2559 80.4785 -0.000764159 0.000128655 0.000442793 14.0492
76.2526 80.4785 -0.000414703 7.2894e-05 -0.00156581 8.52986
77.2494 80.4785 0.000302584 -0.000477677 0.000278348 17.5615
78.2462 80.4785 -0.0010124 0.000175215 0.000858621 10.0351
79.2429 80.4785 -0.000791485 -0.000250744 -0.000158986 6.02108
80.2397 80.4785 -0.00079295 0.000136099 0.000180158 8.52986
81.2365 80.4785 -0.000451388 -0.00169163 -0.00101342 10.5369
82.2332 80.4785 0.00108474 -0.000152318 7.71941e-05 10.5369
0.498383 81.4782 0.000912536 -0.000246488 0.000303328 11.0386
1.49515 81.4782 0.000343094 0.000411191 -4.88389e-05 12.5439
2.49192 81.4782 0.000792674 0.000196453 -0.000628905 16.558
3.48868 81.4782 -0.000123356 -0.000111064 5.03309e-05 11.0386
4.48545 81.4782 0.000395573 0.000260166 -0.000164005 8.52986
5.48221 81.4782 0.000354367 0.000643648 -0.000701578 11.0386
6.47898 81.4782 -0.00101187 -4.69174e-05 -0.000866015 9.03161
7.47575 81.4782 0.00090138 -0.000578383 -0.000808955 10.0351
8.47251 81.4782 -0.000301656 0.00080008 -0.000672327 19.0667
9.46928 81.4782 -0.000502138 -0.000113141 0.00198208 9.53337
10.466 81.4782 0.000166153 1.68912e-05 -9.90336e-05 25.0878
11.4628 81.4782 0.000119246 0.000225831 0.000352326 19.5685
12.4596 81.4782 0.000289026 0.000107678 0.000825288 10.0351
13.4563 81.4782 0.000162106 0.00015904 -0.00149644 8.52986
14.4531 81.4782 -0.000628051 -0.00153761 0.000354197 7.02459
15.4499 81.4782 0.000265253 -0.000744176 -0.000130289 9.53337
16.4466 81.4782 -0.000483186 -9.13559e-06 0.000530251 23.0808
17.4434 81.4782 -0.000395959 0.00135319 -0.000440268 15.0527
18.4402 81.4782 -0.00065023 -1.71816e-05 -0.000783837 16.558
19.4369 81.4782 8.18218e-05 -0.00101409 0.000662302 17.5615
20.4337 81.4782 0.000366535 3.71858e-05 -0.000465706 13.0457
21.4305 81.4782 0.000334679 -0.00125969 -0.000815473 4.01405
22.4272 81.4782 -1.49043e-05 0.000284141 -0.000296686 11.0386
23.424 81.4782 3.89103e-05 0.000347188 0.000981206 8.0281
24.4208 81.4782 -0.000409779 -0.000495587 0.000345591 17.0597
25.4175 81.4782 0.000629384 -0.000346926 -5.53013e-05 18.0632
26.4143 81.4782 0.000450905 -0.000484859 0.000461394 11.5404
27.4111 81.4782 0.000854452 -0.000255414 -0.000582772 21.5755
28.4078 81.4782 -5.11116e-05 -8.03774e-06 0.000745125 13.5474
29.4046 81.4782 0.00287668 -0.000193072 0.000153485 6.52283
30.4014 81.4782 0.00187193 -0.00169975 0.000865275 7.02459
31.3981 81.4782 0.000603543 0.002417 -0.0011682 7.02459
32.3949 81.4782 0.00035655 0.000649229 0.000193197 16.558
33.3917 81.4782 -0.000502162 -0.000131729 -0.0001372 21.5755
34.3884 81.4782 -0.000858975 -0.000712678 0.00114665 13.5474
35.3852 81.4782 -0.000158696 -0.00150284 0.00130391 16.0562
36.382 81.4782 0.000524308 0.000538195 0.000719561 19.0667
37.3787 81.4782 -0.000212885 -0.000536328 0.000532025 10.0351
38.3755 81.4782 0.000564303 -0.0010066 -0.000156205 7.02459
39.3723 81.4782 0.000316172 -0.000546695 0.000221807 8.0281
40.369 81.4782 0.000351144 0.000316129 0.00106794 11.0386
41.3658 81.4782 -0.000420733 0.000404476 -0.000157745 21.5755
42.3626 81.4782 0.00047341 0.00111835 -0.0014705 12.5439
43.3593 81.4782 -0.000667442 -0.000247904 -0.00154361 13.5474
44.3561 81.4782 -0.000303579 -0.000147157 -0.00123819 16.0562
45.3529 81.4782 0.000214504 -0.000588924 4.12133e-06 7.52634
46.3496 81.4782 -4.53522e-05 0.00260806 -0.00185472 6.02108
47.3464 81.4782 0.000715812 -0.000237259 -0.000476293 7.52634
48.3432 81.4782 0.000492433 0.000116447 0.000641765 11.0386
49.3399 81.4782 0.00048208 0.000667758 -4.34271e-05 22.579
50.3367 81.4782 -0.000256711 2.14728e-05 -0.000373993 14.5509
51.3335 81.4782 -0.000796825 0.000315043 -0.000332 11.0386
52.3302 81.4782 0.000118084 0.00118668 0.000466585 27.5966
53.327 81.4782 -0.000473121 -0.000210222 -0.000120386 13.0457
54.3238 81.4782 -0.000287145 0.000712032 0.000805496 11.5404
55.3205 81.4782 0.000940453 0.000606588 -0.000560172 6.02108
56.3173 81.4782 -0.000980507 0.00130478 0.000518229 12.0422
57.3141 81.4782 -0.000789672 4.46941e-05 -0.000664691 11.0386
58.3108 81.4782 0.000777742 -0.000419313 0.000432865 19.0667
59.3076 81.4782 -0.000188727 0.000245649 5.78609e-05 9.53337
60.3044 81.4782 -0.000392774 0.00103424 -0.000384967 19.5685
61.3011 81.4782 -0.000329653 -0.000367167 0.00026431 15.0527
62.2979 81.4782 -0.00037955 0.000313445 -0.000360929 13.0457
63.2947 81.4782 0.00212913 0.00115165 -0.000406468 5.51932
64.2914 81.4782 -0.000476554 -0.000149336 0.000906245 5.51932
65.2882 81.4782 0.000464293 0.00116188 -4.23158e-05 13.0457
66.285 81.4782 -0.000583581 0.000159814 -0.000264629 30.6071
67.2817 81.4782 -5.02277e-05 4.53676e-05 0.000325149 15.5544
68.2785 81.4782 0.000150168 -0.000720896 0.000716995 12.0422
69.2753 81.4782 -0.000829462 0.000691297 -0.00103478 18.0632
70.272 81.4782 -0.000481775 8.85249e-05 -0.000460344 7.52634
71.2688 81.4782 -0.00118417 0.000204364 -0.000483819 4.01405
72.2656 81.4782 -0.000569901 -0.000143587 0.000337619 10.0351
73.2623 81.4782 -0.00128675 0.00088003 0.00055465 10.5369
74.2591 81.4782 -0.00106755 -0.000209779 -5.89177e-05 22.0773
75.2559 81.4782 -0.000679075 -2.94878e-05 -0.000747419 10.0351
76.2526 81.4782 0.000425212 0.000438364 0.000897073 12.5439
77.2494 81.4782 -0.000347771 0.000227633 0.000604049 15.5544
78.2462 81.4782 0.00124394 0.000202727 2.71668e-06 11.0386
79.2429 81.4782 -0.000787225 -0.000632879 -0.000217633 11.5404
80.2397 81.4782 0.000536925 0.000439011 -0.000469611 9.53337
81.2365 81.4782 -0.000955996 -0.000191508 -5.27338e-05 10.0351
82.2332 81.4782 -0.000868446 -5.27407e-05 -0.000511391 16.558
0.498383 82.4779 0.000731766 7.19456e-05 -0.00109788 10.0351
1.49515 82.4779 -0.000714901 0.000250939 0.00038693 10.0351
2.49192 82.4779 0.000458104 0.000799481 0.000883486 7.52634
3.48868 82.4779 -0.000315747 0.000410508 -0.00029899 9.03161
4.48545 82.4779 -0.000255402 0.000991304 3.94533e-05 13.0457
5.48221 82.4779 0.00138634 0.000476744 0.000286836 12.0422
6.47898 82.4779 0.00104322 1.70268e-05 0.00169187 9.03161
7.47575 82.4779 -0.000452719 -0.000388449 -0.000672592 9.53337
8.47251 82.4779 -0.00040941 0.000421978 0.00084698 10.5369
9.46928 82.4779 0.00101929 0.00119664 -0.000384504 9.03161
10.466 82.4779 -0.000514614 6.45164e-05 0.000209938 5.01756
11.4628 82.4779 0.000664252 0.00017638 0.000254688 11.0386
12.4596 82.4779 0.000719035 0.00108717 -0.000500649 11.0386
13.4563 82.4779 -0.000639987 -0.00167735 0.000649269 8.0281
14.4531 82.4779 0.000330284 -0.000267993 0.000298318 11.5404
15.4499 82.4779 0.000500926 0.000231679 5.82867e-05 13.5474
16.4466 82.4779 0.00182287 0.00100844 -0.00107542 5.51932
17.4434 82.4779 -0.000749211 -0.000724443 0.000142032 8.52986
18.4402 82.4779 -0.000744318 -0.000735992 -0.000305914 4.51581
19.4369 82.4779 -0.000795741 -0.000818288 0.000491457 10.0351
20.4337 82.4779 0.000459691 -0.000766548 0.000590715 8.52986
21.4305 82.4779 -9.77187e-05 0.000659245 0.000480508 10.0351
22.4272 82.4779 0.000968125 0.0004122 -0.000371836 10.0351
23.424 82.4779 -0.000118597 0.00111096 -0.000498793 12.0422
24.4208 82.4779 0.000206215 -8.11706e-05 0.000236292 10.5369
25.4175 82.4779 -0.000575783 0.00108892 -0.000151108 6.52283
26.4143 82.4779 0.00248173 0.000968584 -0.000869835 7.02459
27.4111 82.4779 0.000818526 -5.22784e-05 0.000139841 8.52986
28.4078 82.4779 -0.000337916 -0.000150684 5.86664e-05 10.0351
29.4046 82.4779 0.00134102 -0.000316454 -0.0009693 11.5404
30.4014 82.4779 0.000527318 0.00106114 0.000600158 9.03161
31.3981 82.4779 4.12318e-05 0.000802822 -5.73267e-06 9.03161
32.3949 82.4779 -0.000107738 -0.00118418 -0.000869614 9.53337
33.3917 82.4779 -0.000503988 -0.00130947 0.000455293 13.0457
34.3884 82.4779 -0.000461914 -0.00173102 0.00108885 8.0281
35.3852 82.4779 0.000136557 -0.000643364 0.000990374 8.52986
36.382 82.4779 0.000520226 -0.000447199 -0.000951808 12.0422
37.3787 82.4779 0.00159421 0.000124467 0.000417713 11.5404
38.3755 82.4779 0.00112717 0.00125124 0.000275789 12.0422
39.3723 82.4779 -1.39378e-05 -0.000233241 -0.000341354 7.52634
40.369 82.4779 -0.00218226 -0.00102299 0.00129191 11.0386
41.3658 82.4779 -0.000279551 -0.00115984 0.000580937 8.0281
42.3626 82.4779 -0.00115657 -0.000680085 -0.000294067 10.0351
43.3593 82.4779 -0.000342743 0.000990462 0.000111348 7.02459
44.3561 82.4779 9.91985e-05 -0.000563402 0.000536405 11.0386
45.3529 82.4779 -0.000606918 9.04853e-06 0.000130636 15.5544
46.3496 82.4779 -1.79995e-05 0.000601314 0.000635955 9.53337
47.3464 82.4779 0.000292386 -0.000121565 0.000200064 8.0281
48.3432 82.4779 -0.000279208 -0.000158907 0.000471665 9.53337
49.3399 82.4779 0.00052862 -0.000952988 0.000190784 12.0422
50.3367 82.4779 0.00115306 -0.000966953 0.00108639 8.0281
51.3335 82.4779 0.000110556 -0.000485479 -0.00118037 7.52634
52.3302 82.4779 -0.000309041 -0.000747314 0.0013186 5.01756
53.327 82.4779 0.00107009 0.000917056 -0.00157348 11.5404
54.3238 82.4779 -0.000764114 -0.000111717 0.00130998 12.0422
55.3205 82.4779 5.27744e-05 -0.00122251 0.000570915 4.51581
56.3173 82.4779 -0.000547054 -0.000215099 -0.000822131 12.0422
57.3141 82.4779 -0.000325561 -0.000156198 -8.23177e-05 14.0492
58.3108 82.4779 0.000807717 0.00178755 0.00221642 6.52283
59.3076 82.4779 0.00116863 -0.00116117 0.000829101 8.0281
60.3044 82.4779 0.00144269 -0.00104037 -0.00101027 11.0386
61.3011 82.4779 0.000121909 0.000660341 -0.000460721 10.5369
62.2979 82.4779 -0.000840915 -0.000747364 0.00160013 8.52986
63.2947 82.4779 -0.000612973 -0.00141307 0.000459601 10.5369
64.2914 82.4779 -0.000492935 -0.00128529 -9.14433e-05 7.02459
65.2882 82.4779 -0.00130306 -0.00146593 -0.00107821 8.52986
66.285 82.4779 -0.000971576 0.000558399 0.00265228 7.02459
67.2817 82.4779 0.00052251 0.000578926 -0.000873756 7.02459
68.2785 82.4779 -0.00112347 0.000707749 -0.000846732 8.52986
69.2753 82.4779 0.000811843 0.000285026 0.00111723 14.0492
70.272 82.4779 -0.000551006 -0.000890107 -0.000119942 10.5369
71.2688 82.4779 -0.000192815 -0.000319586 0.00122129 9.53337
72.2656 82.4779 -0.000688615 0.000827245 -0.000527755 8.0281
73.2623 82.4779 -6.80971e-05 -0.000681745 0.000521062 12.5439
74.2591 82.4779 -0.000574077 -0.000383339 0.000317481 6.52283
75.2559 82.4779 0.00127363 0.00169876 -0.0015393 8.0281
76.2526 82.4779 0.000386737 -0.000201928 0.000266878 11.0386
77.2494 82.4779 0.000321297 -0.0004877 -0.000733632 13.5474
78.2462 82.4779 0.000352994 -0.000409318 -0.000226818 13.5474
79.2429 82.4779 0.000309861 -0.000387598 -0.000376308 7.52634
80.2397 82.4779 0.00117624 -0.000565657 -0.00041925 5.51932
81.2365 82.4779 -0.000776823 -0.000679718 -0.000414769 12.0422
82.2332 82.4779 0.000205962 0.000460911 0.000432256 16.0562
0.498383 83.4777 0.00142535 -0.000732282 -3.79039e-05 4.51581
1.49515 83.4777 0.00059114 0.000491634 8.51e-06 9.03161
2.49192 83.4777 -0.000245983 0.000865956 -4.93151e-05 10.5369
3.48868 83.4777 3.1934e-06 0.000383819 -6.59927e-05 18.565
4.48545 83.4777 -0.000635935 -0.000133965 0.000443023 22.0773
5.48221 83.4777 0.000833779 0.000205052 8.58973e-05 7.52634
6.47898 83.4777 0.000693277 0.000917165 0.000326286 18.0632
7.47575 83.4777 -7.40675e-05 1.04213e-05 -0.000111133 23.0808
8.47251 83.4777 -0.00124312 0.000493678 0.00037041 8.0281
9.46928 83.4777 0.000318845 -0.000398492 0.00118676 6.52283
10.466 83.4777 0.000838261 0.000336061 -0.000462597 9.03161
11.4628 83.4777 0.000283694 -0.00144889 0.000851964 11.0386
12.4596 83.4777 3.40168e-06 -0.000230622 -0.000413186 22.0773
13.4563 83.4777 0.000332342 -0.000301483 -0.000121748 10.0351
14.4531 83.4777 0.000253467 -0.000165482 0.000393891 17.0597
15.4499 83.4777 0.000219771 -0.000368013 -0.000243025 24.5861
16.4466 83.4777 0.000660803 -0.000232363 0.00067083 9.53337
17.4434 83.4777 0.000298033 -0.000682307 -0.00087746 9.53337
18.4402 83.4777 -0.000445963 -0.000285225 -0.000354467 6.52283
19.4369 83.4777 0.000152831 -0.000167133 -0.000263431 7.02459
20.4337 83.4777 -0.000492491 0.000487213 0.000340109 23.5825
21.4305 83.4777 0.000223 -0.000163477 -0.000213219 13.5474
22.4272 83.4777 -0.000140873 -0.000253139 0.000601135 17.5615
23.424 83.4777 0.000292642 0.00026967 5.99228e-05 23.5825
24.4208 83.4777 0.000193535 0.000221947 -0.000970714 13.0457
25.4175 83.4777 0.000213239 0.000307782 0.000415309 8.52986
26.4143 83.4777 0.000166432 0.00129489 0.000187077 6.02108
27.4111 83.4777 0.000279442 -0.00133234 -0.000792127 10.5369
28.4078 83.4777 0.000287662 0.000189399 -0.000576349 21.5755
29.4046 83.4777 0.000211499 0.000483745 -0.000743261 19.0667
30.4014 83.4777 0.000472345 0.00101143 7.22016e-05 9.53337
31.3981 83.4777 -0.00032147 -0.000312812 0.00025109 23.0808
32.3949 83.4777 -0.00114515 -0.000293717 -0.000562897 11.5404
33.3917 83.4777 -0.000448482 0.000720599 0.00134479 5.51932
34.3884 83.4777 -0.000878906 -2.0055e-06 -0.000150152 6.02108
35.3852 83.4777 0.000256373 0.00077353 -0.000115026 8.52986
36.382 83.4777 -0.000193699 0.0016163 -0.000320372 10.5369
37.3787 83.4777 0.000940392 0.000871003 6.22377e-05 20.0703
38.3755 83.4777 -0.000630438 -0.000442757 0.000446063 10.5369
39.3723 83.4777 -0.000442658 8.5628e-05 0.000258004 23.5825
40.369 83.4777 0.000406061 1.63983e-05 0.000246329 19.0667
41.3658 83.4777 0.000287349 -0.00047725 -0.000377411 12.0422
42.3626 83.4777 -0.00128545 0.000356463 -0.000264768 6.52283
43.3593 83.4777 0.00109252 -0.000744663 0.0013473 8.52986
44.3561 83.4777 -0.000227061 0.000119976 0.00145313 11.5404
45.3529 83.4777 0.000288668 -0.000677223 -0.000382584 20.572
46.3496 83.4777 0.000589263 -0.000100064 1.82714e-05 18.0632
47.3464 83.4777 0.00107306 0.000365852 0.000102162 11.0386
48.3432 83.4777 -0.000568168 -0.000123105 -0.000119338 23.5825
49.3399 83.4777 0.00022631 0.000268268 -0.000254495 9.53337
50.3367 83.4777 -0.000530619 -0.000684352 0.000611565 12.5439
51.3335 83.4777 -0.000660641 0.00141326 0.00101602 5.51932
52.3302 83.4777 0.000550697 0.000711426 -0.000379339 10.0351
53.327 83.4777 -0.000883956 0.000169169 0.000687363 14.0492
54.3238 83.4777 4.81245e-05 -0.000537755 0.000987902 24.5861
55.3205 83.4777 -0.00072279 0.000155763 7.89964e-05 11.0386
56.3173 83.4777 0.000917997 -0.000325526 -0.000713727 15.5544
57.3141 83.4777 -5.7892e-05 -0.00113627 0.000829532 16.558
58.3108 83.4777 0.00093652 -0.00083403 0.00051868 7.52634
59.3076 83.4777 0.000521088 0.000440656 -0.000229592 8.52986
60.3044 83.4777 0.000234064 0.000204904 -0.000385749 8.0281
61.3011 83.4777 0.000155705 0.000381799 0.000952719 15.0527
62.2979 83.4777 5.86899e-05 -0.000136815 0.000621045 22.0773
63.2947 83.4777 -0.000352039 -0.000577026 0.000214879 11.0386
64.2914 83.4777 -0.000476138 -8.14135e-05 -0.000244507 17.5615
65.2882 83.4777 0.000533636 0.000242626 -0.000595123 19.5685
66.285 83.4777 -0.000405478 -0.000166176 -0.000451161 9.03161
67.2817 83.4777 -0.000567653 0.00186735 -0.00179644 7.02459
68.2785 83.4777 -0.00103242 -0.00209122 0.00119789 5.01756
69.2753 83.4777 -0.000405717 0.00111664 -0.00139025 8.52986
70.272 83.4777 -0.000240675 0.000408908 -2.4333e-05 29.6036
71.2688 83.4777 0.000423164 0.000225462 -0.000495929 14.5509
72.2656 83.4777 -2.94645e-05 -0.000311951 -0.000290281 11.0386
73.2623 83.4777 -0.000542507 0.000331447 0.000331283 22.579
74.2591 83.4777 0.000252568 -0.000307389 -8.42174e-05 12.0422
75.2559 83.4777 -0.000567972 -0.000125063 -0.00015253 9.03161
76.2526 83.4777 -8.151e-06 0.000212225 -0.00053155 9.03161
77.2494 83.4777 -5.43031e-05 -5.16675e-05 0.000360761 7.02459
78.2462 83.4777 -0.000261041 0.000715501 0.000365025 20.0703
79.2429 83.4777 0.000462028 -0.000790836 -0.000469589 13.0457
80.2397 83.4777 -0.000554722 0.000423937 0.000179725 13.5474
81.2365 83.4777 4.98948e-05 -0.00118286 0.000397543 19.5685
82.2332 83.4777 -0.000840688 -0.000310646 -0.000146649 13.0457
0.498383 84.4774 5.79887e-05 -9.81466e-05 0.0011563 7.52634
1.49515 84.4774 0.00021782 -0.000304785 0.000532545 7.02459
2.49192 84.4774 0.000455784 0.000284363 0.000517829 12.0422
3.48868 84.4774 -0.000814594 0.000491162 -0.000418017 10.5369
4.48545 84.4774 -0.00017084 -0.000745883 0.000422791 12.0422
5.48221 84.4774 0.000541591 0.000603731 -5.64456e-05 10.5369
6.47898 84.4774 -0.000173441 0.000840628 -0.000128959 14.5509
7.47575 84.4774 -8.71051e-05 -0.000117873 -0.00107658 10.0351
8.47251 84.4774 -0.00099458 -0.000952609 0.00124261 8.0281
9.46928 84.4774 0.000427648 0.00155949 7.40515e-05 8.52986
10.466 84.4774 0.000519192 0.000360103 -4.12771e-05 10.0351
11.4628 84.4774 3.55985e-05 0.000100964 -0.000547296 9.53337
12.4596 84.4774 1.83644e-05 0.00109044 -0.00010424 11.5404
13.4563 84.4774 0.000157944 0.00119251 0.000814563 14.0492
14.4531 84.4774 -0.00147013 -0.00132132 0.000284305 8.0281
15.4499 84.4774 4.30373e-05 0.000428293 -0.000786435 11.0386
16.4466 84.4774 -5.96498e-05 -0.00122621 0.000901092 5.51932
17.4434 84.4774 6.25234e-05 -0.000419274 -0.0020008 6.02108
18.4402 84.4774 0.000268192 0.000945189 0.000551786 10.5369
19.4369 84.4774 -0.00093577 0.000873937 5.22368e-05 11.5404
20.4337 84.4774 0.000887257 0.00011054 -0.00056865 14.0492
21.4305 84.4774 0.00062921 -0.000642185 -0.00101074 8.52986
22.4272 84.4774 0.000214215 -0.0013385 -0.00100891 9.03161
23.424 84.4774 -0.00018773 0.000900683 0.00115158 10.0351
24.4208 84.4774 0.000465525 -0.000152532 -0.000364555 12.0422
25.4175 84.4774 0.00241342 -0.000672408 -4.95719e-05 6.52283
26.4143 84.4774 -0.000598931 -0.000464609 0.000802038 9.03161
27.4111 84.4774 -6.42044e-05 0.00145756 0.000103673 7.02459
28.4078 84.4774 -0.000658954 -0.000409425 -0.000380741 9.03161
29.4046 84.4774 -7.95203e-05 -0.000700273 -0.000343083 16.0562
30.4014 84.4774 0.000455501 -0.00143465 0.00175316 6.02108
31.3981 84.4774 0.000175191 -0.000362976 0.000362687 13.5474
32.3949 84.4774 -0.00020155 1.7821e-05 -9.3718e-05 14.0492
33.3917 84.4774 -0.000861989 -0.000156616 0.000563384 11.0386
34.3884 84.4774 0.000270485 0.000289095 -0.0010214 10.5369
35.3852 84.4774 0.000143978 2.47061e-05 -0.00111352 9.03161
36.382 84.4774 -0.000104388 0.000118073 0.00035481 11.0386
37.3787 84.4774 -0.000727743 -0.000804592 0.000129947 13.5474
38.3755 84.4774 0.00153692 -0.00141035 -0.00105259 5.51932
39.3723 84.4774 -0.000624937 -0.000143762 8.51412e-05 9.03161
40.369 84.4774 -0.000776366 0.000911262 1.07477e-05 11.0386
41.3658 84.4774 0.000455306 0.000810319 0.000795599 9.53337
42.3626 84.4774 0.000320903 -0.000548074 0.00103816 6.52283
43.3593 84.4774 -0.000445055 -7.54818e-05 -0.000478549 12.0422
44.3561 84.4774 0.00157199 0.00110763 -0.000529273 10.5369
45.3529 84.4774 0.000240922 -0.000660504 0.000464172 12.0422
46.3496 84.4774 0.000514807 -7.61121e-05 0.000132123 9.03161
47.3464 84.4774 0.000276704 -0.000168163 0.000899808 7.52634
48.3432 84.4774 0.000641335 -0.000258916 -0.000146081 11.0386
49.3399 84.4774 0.000179881 -0.000440891 0.00104073 10.0351
50.3367 84.4774 -0.00116448 -0.000201233 0.000192071 12.0422
51.3335 84.4774 0.000194351 -0.000169504 -3.53405e-05 9.53337
52.3302 84.4774 1.79632e-05 0.000460157 -0.000545266 9.53337
53.327 84.4774 0.000826905 0.000641875 -0.00205142 10.0351
54.3238 84.4774 -0.00022492 -0.00061141 -0.000623269 10.5369
55.3205 84.4774 -0.000308205 -0.000630113 -7.27542e-05 10.5369
56.3173 84.4774 0.00115609 0.000544031 0.000298174 12.0422
57.3141 84.4774 4.63096e-05 0.000176376 -0.000547104 15.5544
58.3108 84.4774 0.00021534 0.00107303 5.63184e-05 9.03161
59.3076 84.4774 -0.000326899 0.000824691 -0.000555612 7.02459
60.3044 84.4774 -0.00172766 0.000289252 0.000487667 7.02459
61.3011 84.4774 0.000280945 -0.000305869 0.000981901 12.5439
62.2979 84.4774 0.000710028 -0.000374133 0.00140812 13.5474
63.2947 84.4774 0.000842724 0.000161567 -0.000148145 9.53337
64.2914 84.4774 0.00095822 0.000648511 0.000668331 13.0457
65.2882 84.4774 0.000757341 0.000564343 -0.000324189 15.0527
66.285 84.4774 0.000723893 0.000345198 0.000446868 9.03161
67.2817 84.4774 0.00127809 0.000148257 0.000552222 10.0351
68.2785 84.4774 -0.00207018 0.000296526 -0.00142678 7.52634
69.2753 84.4774 -0.000543773 -0.000723751 -0.00122124 6.02108
70.272 84.4774 -0.0015721 -0.000232739 -2.45123e-05 15.0527
71.2688 84.4774 0.00130534 0.000329284 0.00103973 8.0281
72.2656 84.4774 0.000910523 -0.000165867 0.000276465 10.5369
73.2623 84.4774 -5.56343e-05 0.00113838 0.000867115 11.0386
74.2591 84.4774 0.00119205 -0.000341712 0.000186294 11.0386
75.2559 84.4774 -0.000787237 -7.30156e-05 -0.000693118 9.03161
76.2526 84.4774 -0.000649159 -0.000224944 -0.00045736 7.52634
77.2494 84.4774 0.000989758 0.000732489 -0.000159574 11.5404
78.2462 84.4774 9.91513e-05 -0.000232133 -0.000429211 14.0492
79.2429 84.4774 0.000443141 -0.000672838 -0.000451963 8.52986
80.2397 84.4774 -0.000583141 -0.000814793 0.000371813 11.5404
81.2365 84.4774 -9.01167e-05 0.000485984 0.000259848 10.5369
82.2332 84.4774 -0.00118215 -0.000367427 -0.000556638 14.5509
0.498383 85.4771 -0.000416492 0.000286725 -0.000170421 12.0422
1.49515 85.4771 -0.000607408 -0.000916633 0.00141131 11.5404
2.49192 85.4771 -0.000259032 9.10091e-05 0.000596878 13.0457
3.48868 85.4771 -0.000410074 -0.000264913 0.000865906 10.5369
4.48545 85.4771 -0.000225009 0.000962317 0.00142701 7.02459
5.48221 85.4771 -0.000550145 -0.000566455 0.000818147 6.52283
6.47898 85.4771 0.000770532 0.000222428 -0.000167583 8.52986
7.47575 85.4771 0.00048545 -9.8798e-05 -0.000244599 11.0386
8.47251 85.4771 -0.000149682 -0.00059095 0.000999697 19.0667
9.46928 85.4771 -0.000629096 0.000413406 9.01598e-05 11.0386
10.466 85.4771 0.000234396 0.000940656 0.000216526 15.0527
11.4628 85.4771 -0.000953686 -0.000332529 0.000235899 20.0703
12.4596 85.4771 0.000323318 -0.000346956 -0.000257822 11.0386
13.4563 85.4771 -0.000347796 0.000568319 4.85691e-05 8.0281
14.4531 85.4771 -0.000495478 0.0010102 0.000732945 6.52283
15.4499 85.4771 0.000261937 8.96632e-05 -9.00134e-05 11.5404
16.4466 85.4771 0.000446527 0.000325945 0.000989098 20.572
17.4434 85.4771 0.000573235 -0.000450566 0.00076949 13.5474
18.4402 85.4771 0.000589067 0.000832505 0.000196892 12.0422
19.4369 85.4771 0.000406083 -0.000568392 5.51035e-05 22.0773
20.4337 85.4771 -0.000121995 0.000843506 0.000808558 8.0281
21.4305 85.4771 0.000531299 0.000630595 3.32165e-05 8.52986
22.4272 85.4771 -0.0022601 0.000489974 0.00157271 7.52634
23.424 85.4771 0.000615935 -0.000355871 0.00011031 7.02459
24.4208 85.4771 0.000782851 0.000401714 0.000643946 19.0667
25.4175 85.4771 -4.17502e-05 0.000286283 0.000683615 9.03161
26.4143 85.4771 6.67873e-05 0.000135543 0.000295477 14.0492
27.4111 85.4771 -0.00127402 0.000767051 -1.25746e-05 16.558
28.4078 85.4771 0.00104271 0.000937178 -0.00143052 10.0351
29.4046 85.4771 -0.000153478 -0.000576354 -0.000183467 10.5369
30.4014 85.4771 0.00165508 -0.000913138 0.000359971 6.52283
31.3981 85.4771 -0.00029331 0.000856255 0.00158139 7.02459
32.3949 85.4771 -0.000131973 0.000168352 0.00110465 19.0667
33.3917 85.4771 0.000466047 6.47129e-05 0.000206028 10.5369
34.3884 85.4771 0.000282342 0.000364036 6.35229e-06 10.5369
35.3852 85.4771 -0.000721661 -0.000416214 0.000565728 23.5825
36.382 85.4771 0.000409423 0.000473268 -0.000103403 11.0386
37.3787 85.4771 0.00050782 -0.000628374 0.000215884 9.03161
38.3755 85.4771 -0.000391694 0.000366744 0.00169399 9.53337
39.3723 85.4771 -0.000964298 -0.000205385 0.00120634 6.02108
40.369 85.4771 -0.000787652 0.0007823 0.0013367 9.53337
41.3658 85.4771 -2.70606e-05 0.00102068 -0.00073878 23.5825
42.3626 85.4771 -0.000636004 -0.000648059 2.65882e-05 12.5439
43.3593 85.4771 0.00113251 -0.000695494 0.000129584 11.5404
44.3561 85.4771 -0.00015185 -0.000554196 0.000937213 16.0562
45.3529 85.4771 -0.000152919 -2.59128e-05 0.00139845 14.5509
46.3496 85.4771 0.000291195 0.000568451 0.00096637 4.51581
47.3464 85.4771 0.000607399 0.000985213 0.000997754 7.52634
48.3432 85.4771 0.00017547 0.000326901 0.00102524 13.5474
49.3399 85.4771 -0.000187468 -0.00034964 -0.000419006 19.5685
50.3367 85.4771 0.000121542 -0.000570209 0.000119686 13.5474
51.3335 85.4771 0.000380083 0.0001156 0.000271887 9.03161
52.3302 85.4771 0.000401949 0.00042172 0.000271748 17.0597
53.327 85.4771 -0.000344143 0.000421173 -0.000662586 12.5439
54.3238 85.4771 0.000462351 -0.00123023 -0.000499433 10.5369
55.3205 85.4771 0.000795698 -0.00100054 -0.000569744 5.01756
56.3173 85.4771 -0.000550882 0.000281774 0.000785212 6.52283
57.3141 85.4771 0.00118878 0.00010001 0.000249592 16.0562
58.3108 85.4771 -0.000706704 -0.000511543 0.000494037 15.0527
59.3076 85.4771 0.000546885 0.000620594 -0.000285898 6.02108
60.3044 85.4771 -0.00153512 0.000374329 0.000545166 17.0597
61.3011 85.4771 -0.000245852 -0.00153934 0.000155544 11.5404
62.2979 85.4771 0.00139247 0.000124963 -0.000236738 8.0281
63.2947 85.4771 -0.00124542 -0.00177932 0.00073886 10.5369
64.2914 85.4771 4.28752e-05 0.00261492 0.00056355 5.01756
65.2882 85.4771 -0.000919065 -0.000794519 0.00197346 10.0351
66.285 85.4771 1.81499e-05 0.000956353 0.000126863 16.558
67.2817 85.4771 0.00135763 -0.00163213 -0.000100103 9.53337
68.2785 85.4771 -0.000760724 0.000775757 -0.000128727 20.0703
69.2753 85.4771 -0.000186574 -0.000199361 0.0010523 16.558
70.272 85.4771 4.85868e-06 -0.000976657 7.17405e-05 8.52986
71.2688 85.4771 0.000709318 0.00141138 6.24842e-05 6.02108
72.2656 85.4771 -0.000518858 -0.00121617 0.00042533 6.52283
73.2623 85.4771 0.0010279 -0.000325406 -0.000619608 10.0351
74.2591 85.4771 -0.00130467 -0.000272317 0.000434126 16.558
75.2559 85.4771 -7.17796e-06 -0.000954168 0.000427477 13.0457
76.2526 85.4771 -0.00100426 -0.000518395 0.000752626 11.5404
77.2494 85.4771 -5.40236e-05 0.000625047 -0.000496821 14.0492
78.2462 85.4771 0.000166092 -0.000889699 0.000236475 13.0457
79.2429 85.4771 0.00025679 0.00114813 -8.72437e-05 8.0281
80.2397 85.4771 0.000348124 0.000397331 0.000915451 10.5369
81.2365 85.4771 -0.000159467 -0.000507785 -4.48092e-05 10.5369
82.2332 85.4771 -3.7273e-05 -0.000344616 0.000699604 18.0632
