y, z, Average_Vx, Average_Vy, Average_Vz, AtomCount
0.498383 0.499866 0.00027376 -5.53483e-05 -0.00103961 14.5509
1.49515 0.499866 2.44362e-05 -0.000208068 0.00036929 8.0281
2.49192 0.499866 -0.000666593 -0.000316314 -0.000756894 21.0738
3.48868 0.499866 -8.9553e-05 0.000660571 0.000275226 11.0386
4.48545 0.499866 -0.000358623 0.000862453 0.000465895 9.03161
5.48221 0.499866 0.00142213 0.000330429 -0.000768968 5.51932
6.47898 0.499866 -0.0032583 -0.00152751 0.00120562 4.01405
7.47575 0.499866 -0.000619325 0.0010599 -0.000267115 14.0492
8.47251 0.499866 -8.05762e-05 0.000212659 -0.000444439 18.565
9.46928 0.499866 9.87001e-05 -8.52498e-05 -0.000347112 11.0386
10.466 0.499866 -0.000707075 -0.000174381 -0.000845762 14.5509
11.4628 0.499866 -0.000971198 0.000209881 0.000145155 14.0492
12.4596 0.499866 -0.000473839 0.000973325 0.00135347 10.0351
13.4563 0.499866 0.00047351 -0.000155593 0.000231801 8.52986
14.4531 0.499866 0.000875401 -0.000921692 -0.000520695 5.51932
15.4499 0.499866 0.00136704 -0.000114719 -0.000926489 9.53337
16.4466 0.499866 -0.000517089 -0.000127345 -0.000957742 24.0843
17.4434 0.499866 -0.000429924 0.000123369 -0.000506279 14.0492
18.4402 0.499866 -0.000192275 -0.00105296 -0.000240973 11.0386
19.4369 0.499866 1.28846e-05 -0.000379754 -0.000722095 21.5755
20.4337 0.499866 4.51123e-05 -0.00115975 0.000409128 8.52986
21.4305 0.499866 0.00100973 -0.000399848 0.000564391 8.0281
22.4272 0.499866 0.00306398 -0.0005678 -0.00199287 6.52283
23.424 0.499866 -0.000319314 -0.000767 0.00151596 12.0422
24.4208 0.499866 0.0003712 -6.61013e-05 -0.00134982 18.0632
25.4175 0.499866 -0.000834467 0.000132497 -0.000262906 16.558
26.4143 0.499866 -0.000593201 -0.000479703 -0.000854477 9.53337
27.4111 0.499866 -0.000494829 -0.000593259 0.00038348 13.5474
28.4078 0.499866 -0.000533421 -0.000896107 -0.00105852 16.558
29.4046 0.499866 0.000629459 0.000564095 -0.00069609 6.02108
30.4014 0.499866 3.94718e-06 -0.000804918 0.00130272 9.03161
31.3981 0.499866 0.000480432 -0.000401194 -0.00214345 5.01756
32.3949 0.499866 -0.000209681 0.000385002 -0.000755312 15.0527
33.3917 0.499866 -0.000862373 -0.0001255 -0.00134137 18.0632
34.3884 0.499866 -0.000113788 -0.000257242 -0.000921394 13.0457
35.3852 0.499866 4.62789e-05 0.000244906 -0.000204777 21.0738
36.382 0.499866 0.000233492 0.00109556 0.000656803 21.0738
37.3787 0.499866 0.000984759 -0.00212993 -0.000347442 5.51932
38.3755 0.499866 -0.000611409 -0.000217004 0.000848296 6.52283
39.3723 0.499866 0.000229619 -0.000640216 -0.00211084 6.52283
40.369 0.499866 -0.000334418 -0.000442419 -0.00033186 13.0457
41.3658 0.499866 -0.000671939 0.00037223 0.000268961 18.0632
42.3626 0.499866 0.0011397 -0.00059856 -0.00013564 13.0457
43.3593 0.499866 0.000297452 -0.000343618 -0.00111663 10.5369
44.3561 0.499866 -0.000468058 -0.000391558 -0.000532559 21.5755
45.3529 0.499866 0.000207496 0.000576001 0.000474817 11.5404
46.3496 0.499866 0.00093207 -0.000628468 -0.00131794 10.5369
47.3464 0.499866 -0.00103199 -0.000801312 -0.00162954 5.01756
48.3432 0.499866 -0.0027475 0.000411257 0.000602805 6.52283
49.3399 0.499866 0.000942593 -0.000689803 -0.00115103 14.5509
50.3367 0.499866 -7.38209e-05 0.00103421 -0.000476901 13.0457
51.3335 0.499866 0.000795483 9.78655e-05 0.000311512 11.0386
52.3302 0.499866 -0.000158366 0.000192749 -3.12375e-05 18.0632
53.327 0.499866 0.00069897 -0.000711312 -0.000489761 11.0386
54.3238 0.499866 -0.000581209 0.00120735 -0.000683699 7.52634
55.3205 0.499866 -0.000384562 -0.000745215 -0.000116095 6.52283
56.3173 0.499866 0.000779665 -0.000590776 0.00136111 8.52986
57.3141 0.499866 0.00123806 -0.000376227 -0.00083063 16.0562
58.3108 0.499866 7.11309e-06 0.000120722 -0.000471828 22.0773
59.3076 0.499866 -0.00104684 8.26071e-05 -0.000332853 10.5369
60.3044 0.499866 -0.000413535 -0.000962964 -0.000228579 17.0597
61.3011 0.499866 0.000778876 0.000346954 0.000525889 14.5509
62.2979 0.499866 0.00106984 0.00112643 -0.000532644 9.53337
63.2947 0.499866 6.38603e-05 -0.00101999 -0.000874229 8.52986
64.2914 0.499866 -0.00225228 -0.000296814 0.000730043 5.51932
65.2882 0.499866 0.000775695 0.00088081 -0.00025337 10.0351
66.285 0.499866 0.000629973 -0.000490557 -0.000631101 22.0773
67.2817 0.499866 0.00180555 0.00126704 0.000275423 10.0351
68.2785 0.499866 0.000892395 -0.000189177 -0.000335672 15.0527
69.2753 0.499866 0.000397267 -0.000192462 2.16826e-05 18.565
70.272 0.499866 -0.00108313 0.000450601 -0.000798881 9.53337
71.2688 0.499866 0.00231036 -0.000927655 -6.43663e-05 5.51932
72.2656 0.499866 0.000714236 0.000109624 0.000872685 4.51581
73.2623 0.499866 0.0012472 -7.57952e-06 -0.000930557 11.5404
74.2591 0.499866 0.000546148 0.000238232 -0.00069132 16.0562
75.2559 0.499866 -0.00185032 0.00055567 -0.00103834 12.0422
76.2526 0.499866 0.000158031 -0.000140781 -0.000679145 11.0386
77.2494 0.499866 0.00189928 -0.000394248 -0.00126704 22.579
78.2462 0.499866 -3.12159e-05 0.00077475 -0.00205729 8.0281
79.2429 0.499866 0.000614549 0.000419171 0.000587192 7.02459
80.2397 0.499866 0.000614752 -0.000416865 -0.000481878 9.53337
81.2365 0.499866 0.00131438 0.000327667 -1.05637e-05 7.52634
82.2332 0.499866 0.00116126 0.000614569 0.000164758 20.572
0.498383 1.4996 -0.00154311 -0.000205686 0.0010342 7.52634
1.49515 1.4996 -0.000351708 -0.0011241 -0.00106105 5.51932
2.49192 1.4996 -0.00108175 -0.00125773 0.000437086 6.52283
3.48868 1.4996 0.000100588 0.00131068 -0.00042143 13.0457
4.48545 1.4996 -0.000216615 -0.000267248 -0.000225605 10.5369
5.48221 1.4996 0.000217465 -0.000203911 0.000980082 9.03161
6.47898 1.4996 9.74848e-05 0.000548665 -0.0005257 12.5439
7.47575 1.4996 0.00200669 0.000926271 0.000597856 8.52986
8.47251 1.4996 -0.00138578 -0.000128193 -0.000588728 8.0281
9.46928 1.4996 0.00137244 0.00153512 -0.000965297 7.02459
10.466 1.4996 -0.00019143 0.000132293 0.000795594 7.52634
11.4628 1.4996 -4.97585e-05 5.47497e-05 -2.36285e-05 10.0351
12.4596 1.4996 0.000779647 0.000236093 -0.000467914 12.5439
13.4563 1.4996 0.00166017 -0.00268938 -0.000818677 7.02459
14.4531 1.4996 1.96156e-05 -0.000479876 0.000490356 10.0351
15.4499 1.4996 -0.000484458 -0.000482233 -0.000733204 14.0492
16.4466 1.4996 0.00180952 0.000524415 -9.09208e-05 7.52634
17.4434 1.4996 0.000946914 0.00145033 -0.0002432 7.52634
18.4402 1.4996 0.00118164 -0.000404696 0.000218614 3.51229
19.4369 1.4996 0.00132211 -0.000433086 0.000147033 7.52634
20.4337 1.4996 -0.00168098 -0.00134378 -0.000815032 14.0492
21.4305 1.4996 0.00116924 -0.000722509 0.000792446 10.5369
22.4272 1.4996 0.00131671 -0.000775062 0.000446158 11.5404
23.424 1.4996 -0.00134273 0.000433153 -0.00130844 10.5369
24.4208 1.4996 -0.00170669 -0.000822508 -0.00015087 8.52986
25.4175 1.4996 0.000956755 0.000499061 -0.00076727 8.0281
26.4143 1.4996 0.000777536 -0.000806662 -0.000513169 11.5404
27.4111 1.4996 0.000493187 0.000363198 0.00017357 10.5369
28.4078 1.4996 -0.00205155 0.000298088 0.00024558 9.53337
29.4046 1.4996 -0.000253466 -0.000371284 0.000241247 15.5544
30.4014 1.4996 0.00105693 -0.00120474 0.000290633 10.0351
31.3981 1.4996 -8.43805e-05 0.000730241 0.0011759 12.0422
32.3949 1.4996 0.000441504 -0.000191579 0.00016257 13.5474
33.3917 1.4996 0.00108016 4.41054e-05 -0.000459012 9.03161
34.3884 1.4996 0.00110552 0.00043352 0.00039891 11.0386
35.3852 1.4996 -0.000778967 0.000455999 0.000321983 6.02108
36.382 1.4996 9.81147e-05 -0.000199007 0.000680612 11.5404
37.3787 1.4996 -0.00167517 0.000170109 -0.000576747 14.5509
38.3755 1.4996 -5.4887e-05 -0.00096462 0.000478864 8.52986
39.3723 1.4996 0.00134792 -0.000171256 -0.000388874 13.0457
40.369 1.4996 0.000886548 0.000429489 -0.00112912 12.0422
41.3658 1.4996 0.00299278 0.00018477 -0.000270463 10.5369
42.3626 1.4996 0.000115683 -0.000190553 4.52519e-05 9.53337
43.3593 1.4996 9.85908e-05 -0.000266698 0.000124652 9.03161
44.3561 1.4996 0.00133666 0.000967339 -0.000457118 10.0351
45.3529 1.4996 -0.000485529 -0.000502609 0.000442149 7.02459
46.3496 1.4996 0.00113077 3.49345e-05 0.00227251 8.0281
47.3464 1.4996 0.000859596 0.000563826 0.000791532 8.52986
48.3432 1.4996 -0.000593099 0.000830729 -0.00086986 16.558
49.3399 1.4996 0.000366675 -0.000673848 0.000899722 9.53337
50.3367 1.4996 -0.00146868 0.000480328 -0.000603619 7.52634
51.3335 1.4996 0.00103824 -0.000359931 0.00173194 7.02459
52.3302 1.4996 0.000826702 -0.000745374 -0.000662621 8.0281
53.327 1.4996 0.00130225 0.000645479 5.8375e-06 11.0386
54.3238 1.4996 -0.00173571 6.80331e-06 0.000261419 9.53337
55.3205 1.4996 0.000541326 0.00190487 -0.000658086 7.02459
56.3173 1.4996 0.000503256 0.000768353 0.000371776 16.558
57.3141 1.4996 0.0011336 0.00132731 0.000357253 7.02459
58.3108 1.4996 0.00226466 0.000530392 -0.000389245 8.0281
59.3076 1.4996 0.00141331 -0.000426644 0.000652125 9.53337
60.3044 1.4996 0.000738674 0.00081042 -8.24683e-05 9.03161
61.3011 1.4996 -0.000632851 -0.000730601 -0.000479339 7.02459
62.2979 1.4996 0.00124992 0.00130096 -0.000638605 13.5474
63.2947 1.4996 -0.000219417 0.000158335 -0.00174127 7.52634
64.2914 1.4996 -8.40038e-06 -0.0004395 -0.00100801 16.0562
65.2882 1.4996 0.00118685 -0.000444144 -0.00113004 10.0351
66.285 1.4996 -9.17488e-05 -0.000189837 -0.00062074 7.52634
67.2817 1.4996 -0.000877835 0.000882878 -0.000268577 7.02459
68.2785 1.4996 -0.000206209 -0.000934392 -0.00061302 10.5369
69.2753 1.4996 0.000668468 0.000985304 0.00122998 9.53337
70.272 1.4996 -0.00163294 -0.000130726 0.000203576 12.0422
71.2688 1.4996 -0.000890048 0.000664776 0.000819814 6.52283
72.2656 1.4996 -0.000234395 0.000295272 -0.000146852 10.0351
73.2623 1.4996 0.000671748 0.000800041 -0.000605138 17.0597
74.2591 1.4996 0.00110422 7.84343e-05 0.000534024 9.53337
75.2559 1.4996 -0.000145606 0.000754826 0.000110992 8.0281
76.2526 1.4996 0.000853986 -0.00125648 0.00014381 8.52986
77.2494 1.4996 -0.00126349 0.00132786 0.00014996 9.03161
78.2462 1.4996 -0.000495293 0.000556787 0.000298039 11.0386
79.2429 1.4996 -0.00142061 0.000447504 -0.000226406 10.5369
80.2397 1.4996 -0.000522087 -0.000304842 -0.00102078 8.0281
81.2365 1.4996 -0.000572628 -0.001021 -0.00014358 10.5369
82.2332 1.4996 3.66934e-05 0.000175619 -0.000374242 12.5439
0.498383 2.49933 -0.00073711 0.000429286 -0.000686093 9.03161
1.49515 2.49933 -0.000475296 -6.20917e-05 -0.000437287 9.53337
2.49192 2.49933 -0.0025979 0.000537186 -0.00257899 8.0281
3.48868 2.49933 -8.56767e-05 0.000101098 -0.000579391 16.558
4.48545 2.49933 -0.000654287 0.000303666 0.000596552 21.5755
5.48221 2.49933 0.00134664 -0.000831947 0.000495928 11.0386
6.47898 2.49933 0.000410823 7.51657e-05 0.000441618 23.0808
7.47575 2.49933 0.000754544 -7.55601e-05 -0.000362573 20.572
8.47251 2.49933 -0.00141281 -0.000164389 0.000358125 10.0351
9.46928 2.49933 0.000384503 0.000228824 -0.00140839 9.03161
10.466 2.49933 -0.000361706 0.000240443 -0.000849714 9.03161
11.4628 2.49933 -0.000657622 0.000147291 -0.00104351 12.5439
12.4596 2.49933 -0.00124631 0.000493562 0.000726215 27.0948
13.4563 2.49933 0.0013699 -0.000285945 0.000132802 11.5404
14.4531 2.49933 -0.00124229 -0.000708878 -0.000178062 14.0492
15.4499 2.49933 -0.00112241 7.91586e-05 -0.000120647 24.0843
16.4466 2.49933 0.000391408 0.000923769 0.00121071 13.0457
17.4434 2.49933 -0.000323626 0.00051624 0.000441738 6.02108
18.4402 2.49933 -0.00102127 -0.00046041 0.00168815 6.52283
19.4369 2.49933 0.000121643 0.000533796 -0.0009661 12.0422
20.4337 2.49933 0.000517045 0.00047986 0.000606284 25.0878
21.4305 2.49933 -0.00157119 0.000294276 -0.00127863 10.5369
22.4272 2.49933 -0.000495742 -0.000478963 -0.000185906 12.0422
23.424 2.49933 -0.00121334 -0.000267198 0.000448984 25.5896
24.4208 2.49933 -0.000580539 -0.00032868 -0.000530656 15.5544
25.4175 2.49933 0.00191157 -0.00013386 0.00282226 5.01756
26.4143 2.49933 -0.000182217 -0.00124619 -0.000140557 4.51581
27.4111 2.49933 -0.00117614 -0.000863431 -3.82289e-05 8.0281
28.4078 2.49933 -0.000649833 -0.000503637 0.000310883 17.0597
29.4046 2.49933 -0.000784392 7.48565e-05 0.000480955 17.5615
30.4014 2.49933 -0.000349823 0.000382699 -0.000296917 15.5544
31.3981 2.49933 -0.00062959 6.01405e-05 -0.000514296 18.565
32.3949 2.49933 -0.000158467 0.000159933 0.000242781 16.558
33.3917 2.49933 0.00148182 0.000712198 -0.000699912 6.02108
34.3884 2.49933 0.000300789 0.000351609 -0.00120372 8.0281
35.3852 2.49933 -0.00015437 -1.47426e-05 0.00116338 7.02459
36.382 2.49933 -0.000904685 0.000570713 -0.000516132 11.0386
37.3787 2.49933 -0.000393602 -6.93734e-05 -0.000763365 23.5825
38.3755 2.49933 0.00167492 -0.000101701 0.000395772 11.0386
39.3723 2.49933 -0.00126518 -0.000495107 0.00020153 19.0667
40.369 2.49933 -0.000255184 -0.000197622 -0.000468991 20.0703
41.3658 2.49933 0.000903082 0.000720401 0.00013445 6.02108
42.3626 2.49933 0.000932422 -0.00152161 0.00127058 8.0281
43.3593 2.49933 0.000180088 -0.000499195 0.000604191 6.52283
44.3561 2.49933 7.91022e-05 0.000486226 -0.000928029 11.5404
45.3529 2.49933 0.000485332 -0.000668 1.45568e-05 27.0948
46.3496 2.49933 -0.00207961 -0.00166868 -0.000359578 16.0562
47.3464 2.49933 0.000305345 0.00155925 -0.000882726 9.53337
48.3432 2.49933 -0.00110618 -0.000300142 0.000214504 26.0913
49.3399 2.49933 0.00012538 0.000892746 -0.00123265 11.0386
50.3367 2.49933 -0.000944841 -0.000239595 -0.000859145 7.52634
51.3335 2.49933 0.00202384 0.00112301 0.000429357 8.0281
52.3302 2.49933 -0.000852037 0.00153073 0.000416784 10.5369
53.327 2.49933 -0.00161845 0.000419472 -0.0006077 19.5685
54.3238 2.49933 -0.00130894 0.000731994 -0.000178005 18.0632
55.3205 2.49933 0.000734236 -0.000749488 0.000745369 15.0527
56.3173 2.49933 -0.000294975 0.000324449 -0.000412016 20.572
57.3141 2.49933 -0.00151706 -7.49986e-05 0.000630695 18.0632
58.3108 2.49933 5.03788e-05 -0.00130686 -0.000262699 8.52986
59.3076 2.49933 -0.000952492 0.00147666 -0.000813233 5.01756
60.3044 2.49933 -0.00125215 -0.000178026 -0.000989424 9.53337
61.3011 2.49933 9.49827e-05 -0.00017893 0.000551053 16.0562
62.2979 2.49933 -0.000399025 -0.000559193 -0.000350487 21.5755
63.2947 2.49933 -0.000975014 -0.000501112 -0.000847339 14.0492
64.2914 2.49933 0.000552608 -0.000668487 -0.000175016 19.5685
65.2882 2.49933 -0.000673482 0.000363331 -0.000731295 18.565
66.285 2.49933 0.000217819 -0.000744967 -0.000576601 9.53337
67.2817 2.49933 0.00128299 0.00161073 -0.00234828 6.52283
68.2785 2.49933 -0.00203811 -0.000789566 -0.000674271 5.01756
69.2753 2.49933 0.0013265 0.00156233 0.00071904 11.0386
70.272 2.49933 -0.000190167 -0.000465267 0.000207772 27.0948
71.2688 2.49933 -2.60705e-05 0.000363038 -0.000221412 14.0492
72.2656 2.49933 0.000302845 -0.00107847 0.000156699 14.5509
73.2623 2.49933 -0.000584727 -0.000238285 -0.000132634 24.5861
74.2591 2.49933 -0.00211132 -0.00109121 0.000243988 7.52634
75.2559 2.49933 -0.00113276 -0.000380879 0.000916487 8.0281
76.2526 2.49933 -0.000615244 -0.00136978 0.00145842 4.51581
77.2494 2.49933 0.000473546 0.000401387 0.00152062 10.0351
78.2462 2.49933 0.000586196 0.00053859 0.00044306 19.5685
79.2429 2.49933 0.000660037 2.31495e-05 -0.000656372 16.558
80.2397 2.49933 0.000601148 -0.000541605 0.000638946 10.5369
81.2365 2.49933 2.17535e-05 0.000546032 0.000484585 24.5861
82.2332 2.49933 0.000392714 0.000640544 -0.000501333 10.5369
0.498383 3.49906 -0.000751013 0.00089333 -0.00152221 8.52986
1.49515 3.49906 0.000184222 -0.000334612 0.0001053 6.02108
2.49192 3.49906 -0.000403253 -0.000217184 0.000252256 6.52283
3.48868 3.49906 0.00103949 0.000235058 -1.99981e-05 15.0527
4.48545 3.49906 1.1905e-05 -0.000434437 -0.000861926 11.0386
5.48221 3.49906 -0.00139694 0.000363931 -0.000832452 7.52634
6.47898 3.49906 -0.000613785 0.00134899 -0.000426308 10.5369
7.47575 3.49906 0.00126874 -0.000187536 0.000751192 10.0351
8.47251 3.49906 -0.000942744 -0.000607826 0.00181114 9.53337
9.46928 3.49906 -7.9419e-05 -0.00086135 -0.00134437 5.01756
10.466 3.49906 -0.000562996 -0.000920599 -0.000454578 8.0281
11.4628 3.49906 0.000160732 8.61214e-05 -0.000232454 10.0351
12.4596 3.49906 -9.73325e-05 -0.000674492 0.00051936 11.0386
13.4563 3.49906 -0.000614971 0.000237365 -0.00043115 9.03161
14.4531 3.49906 0.0022397 -0.00145995 0.000969815 8.52986
15.4499 3.49906 -0.00182216 0.000911583 -0.000392289 7.02459
16.4466 3.49906 -0.00127357 0.0010165 0.000133751 5.51932
17.4434 3.49906 -0.000595433 0.000624452 -0.000255639 9.53337
18.4402 3.49906 0.000305248 -0.000172262 0.000295777 5.51932
19.4369 3.49906 0.00197583 1.33572e-05 0.00213788 7.02459
20.4337 3.49906 -0.000536534 0.000644385 -8.39786e-05 14.0492
21.4305 3.49906 -0.000309067 9.98962e-05 -0.00100091 9.03161
22.4272 3.49906 -0.000111087 0.000605096 -0.000250855 9.03161
23.424 3.49906 0.000543193 -0.000232283 -0.000298416 11.5404
24.4208 3.49906 -9.64321e-06 0.000355524 -9.22203e-05 8.0281
25.4175 3.49906 0.000239569 0.000235898 0.000620828 11.0386
26.4143 3.49906 0.000103584 -0.00066162 -0.000403526 8.52986
27.4111 3.49906 0.000875181 -0.00112571 -0.00115667 10.5369
28.4078 3.49906 -0.000530949 0.000136844 -0.0015134 12.5439
29.4046 3.49906 -0.000316568 -0.000563805 0.000750407 11.5404
30.4014 3.49906 -0.00112229 -0.000207144 0.000516851 7.02459
31.3981 3.49906 0.00203948 0.000879223 -0.000356991 7.52634
32.3949 3.49906 -0.000561781 -0.000427873 0.000368913 13.5474
33.3917 3.49906 0.00340427 0.000195839 0.00074647 8.52986
34.3884 3.49906 -0.000523103 -0.000103569 -0.000824288 8.0281
35.3852 3.49906 0.000539816 0.000353814 0.000556356 6.02108
36.382 3.49906 -0.00078816 -0.000500471 -8.68888e-05 9.53337
37.3787 3.49906 -0.000449725 -0.000608266 -0.000172892 12.5439
38.3755 3.49906 0.00026699 0.00030421 -0.000288099 8.52986
39.3723 3.49906 0.000155352 -0.000639376 -0.000137936 8.0281
40.369 3.49906 0.0011265 6.39389e-05 0.000512129 11.5404
41.3658 3.49906 0.000175507 -0.000718337 0.000406078 8.52986
42.3626 3.49906 0.000593782 -0.000552256 -0.000143549 8.52986
43.3593 3.49906 0.000103221 0.00169963 0.000293666 7.02459
44.3561 3.49906 -0.000153697 -0.000106527 -0.000505417 11.0386
45.3529 3.49906 -0.000460647 0.000286004 0.00020233 13.5474
46.3496 3.49906 -0.000234133 0.000522142 0.000931835 12.0422
47.3464 3.49906 -5.47605e-05 0.000631121 -0.000666238 8.0281
48.3432 3.49906 -0.000214025 0.000493897 -0.000873209 10.5369
49.3399 3.49906 0.00124394 -0.000344881 -0.00115868 9.03161
50.3367 3.49906 -0.00130363 0.00056456 0.000773586 8.52986
51.3335 3.49906 0.00104935 0.000540699 -0.00167971 6.02108
52.3302 3.49906 -0.00013961 0.00256899 0.00114536 8.52986
53.327 3.49906 0.000608785 9.65573e-05 0.000592489 16.0562
54.3238 3.49906 -0.0006912 0.00102567 -0.000642803 7.02459
55.3205 3.49906 -0.00105381 0.000355997 0.000296994 11.0386
56.3173 3.49906 -0.00158069 -0.00197889 -3.87013e-05 6.52283
57.3141 3.49906 -0.000403167 -0.000526197 -0.000699045 7.52634
58.3108 3.49906 0.000692127 -0.0011972 0.000762315 10.0351
59.3076 3.49906 -0.000164156 0.00182486 0.00116367 6.02108
60.3044 3.49906 0.000592288 0.000721747 0.000621831 8.0281
61.3011 3.49906 -0.000915959 -0.000173312 -0.00107723 12.0422
62.2979 3.49906 -0.000193547 -0.000899423 0.00120349 8.52986
63.2947 3.49906 0.000605599 -0.000537748 0.00130366 7.52634
64.2914 3.49906 0.000579986 -0.000697293 0.000549156 10.0351
65.2882 3.49906 -0.000625704 -0.000298165 0.000581209 11.0386
66.285 3.49906 -0.000441831 -0.000698714 -0.00108047 9.53337
67.2817 3.49906 0.00235654 0.000635907 0.000166572 9.03161
68.2785 3.49906 -9.84381e-05 -0.000299564 0.000308811 9.53337
69.2753 3.49906 0.00116113 -0.000177634 0.000881097 8.52986
70.272 3.49906 0.0014564 0.000850333 0.00102232 11.0386
71.2688 3.49906 -0.00104868 -2.04768e-05 0.000153952 6.02108
72.2656 3.49906 0.00172453 0.000233815 -0.00084627 11.5404
73.2623 3.49906 0.000607785 0.00114039 2.57549e-05 9.53337
74.2591 3.49906 0.000696989 0.000302832 -0.000386761 10.0351
75.2559 3.49906 -0.00157788 -0.00217368 -9.75231e-05 10.0351
76.2526 3.49906 0.00168435 -0.000337068 -0.000837534 8.0281
77.2494 3.49906 -0.000816911 0.00025386 -0.000391848 10.5369
78.2462 3.49906 0.000330624 0.000950585 -0.000527755 8.0281
79.2429 3.49906 0.000271962 0.000620584 0.00110784 13.5474
80.2397 3.49906 -9.22834e-05 0.00307356 -0.000609642 6.52283
81.2365 3.49906 0.000381413 0.000399767 -0.000125793 13.0457
82.2332 3.49906 -0.000384269 0.000192453 -0.000302821 10.0351
0.498383 4.4988 0.000681664 0.000258355 -0.000262272 18.0632
1.49515 4.4988 2.27339e-05 0.000164851 0.000389722 10.0351
2.49192 4.4988 -0.00054419 -0.000688937 0.000272125 20.0703
3.48868 4.4988 -3.54507e-05 -3.08355e-05 -0.000279599 17.0597
4.48545 4.4988 0.00107272 -0.000304724 0.000591891 7.02459
5.48221 4.4988 0.00099509 0.00112841 -0.000500905 11.0386
6.47898 4.4988 0.00124205 -0.000885505 -0.00146775 7.02459
7.47575 4.4988 0.000756361 0.000512411 0.00217977 9.53337
8.47251 4.4988 0.00099695 0.000558134 -0.00055711 17.0597
9.46928 4.4988 0.000650577 1.7955e-05 -0.00058199 16.0562
10.466 4.4988 -0.00071222 0.000110208 -0.000201433 13.5474
11.4628 4.4988 -8.61081e-05 -0.000197279 -2.07591e-05 17.5615
12.4596 4.4988 -0.000226217 1.87903e-05 -0.00031688 10.0351
13.4563 4.4988 0.00049625 -0.000472792 -0.000305679 6.52283
14.4531 4.4988 -0.00105417 0.000365277 -0.000806318 10.0351
15.4499 4.4988 -0.00180323 -6.66173e-05 0.000664362 12.0422
16.4466 4.4988 0.000842715 1.56307e-05 0.000425234 27.0948
17.4434 4.4988 0.000656793 -0.000481501 0.000352281 13.0457
18.4402 4.4988 4.23289e-05 -0.000799183 -0.000574206 12.5439
19.4369 4.4988 -0.000343077 0.000140133 0.000367522 24.5861
20.4337 4.4988 0.00105551 -0.000228033 5.82932e-05 10.0351
21.4305 4.4988 0.000872021 0.000723123 0.000406773 6.52283
22.4272 4.4988 -0.000448579 -0.00147756 0.00139838 7.02459
23.424 4.4988 -0.00155528 4.57893e-05 0.000795387 11.5404
24.4208 4.4988 -0.000616587 -0.000235461 -0.000186692 20.0703
25.4175 4.4988 0.00035924 -0.000463762 -0.000308968 15.5544
26.4143 4.4988 0.000663598 -0.000845725 0.00053654 14.5509
27.4111 4.4988 0.000670157 -0.00027668 0.000135601 19.5685
28.4078 4.4988 -8.54422e-05 5.26676e-05 0.000600209 12.5439
29.4046 4.4988 0.000501424 0.000441713 -0.00155891 9.03161
30.4014 4.4988 0.00110031 0.000523029 0.00184425 7.52634
31.3981 4.4988 -0.000158785 -0.00143755 -0.001347 8.52986
32.3949 4.4988 -0.000265108 -0.000418205 0.00122825 12.5439
33.3917 4.4988 -0.000276029 0.000957013 0.000883741 20.572
34.3884 4.4988 0.000114216 -0.000443606 -0.000640576 8.52986
35.3852 4.4988 0.000257666 -0.000354071 -0.000254076 16.0562
36.382 4.4988 0.000166957 -0.000126251 -0.00135308 19.0667
37.3787 4.4988 0.0011589 5.88528e-05 7.7482e-05 10.0351
38.3755 4.4988 2.83753e-05 -0.000512607 0.000532644 8.52986
39.3723 4.4988 0.000427946 0.00038283 0.000404056 7.02459
40.369 4.4988 0.000139874 0.00113123 -0.000178201 9.03161
41.3658 4.4988 -0.000403473 -0.000429043 -0.000240414 27.0948
42.3626 4.4988 0.000152227 -0.00118749 0.000146863 12.5439
43.3593 4.4988 -0.000474216 -4.22598e-05 -0.00121726 10.0351
44.3561 4.4988 -0.00109984 0.000886897 -0.000207915 23.5825
45.3529 4.4988 0.0008207 0.000326352 0.000751953 6.52283
46.3496 4.4988 -0.000544297 0.00048453 0.001805 6.52283
47.3464 4.4988 0.00145824 -0.00111104 0.00146395 7.02459
48.3432 4.4988 0.00106222 0.000778196 0.000777473 7.02459
49.3399 4.4988 -0.000893685 -0.000477973 -0.000587929 22.579
50.3367 4.4988 -0.000621655 -7.25754e-05 -0.000390453 11.5404
51.3335 4.4988 0.00109437 -0.000551096 0.000889511 10.5369
52.3302 4.4988 0.000373191 -0.00134131 -0.000264788 23.0808
53.327 4.4988 0.000607819 0.000249307 0.000597322 13.0457
54.3238 4.4988 8.29389e-05 -0.00021782 0.000695677 9.03161
55.3205 4.4988 0.00258545 -0.000683667 -0.000851774 7.02459
56.3173 4.4988 0.000195503 0.000442457 -0.000622123 17.0597
57.3141 4.4988 -0.00162226 -0.00087044 -0.000497817 14.0492
58.3108 4.4988 -4.58624e-05 0.000183721 0.000332636 21.5755
59.3076 4.4988 0.000822963 7.16244e-05 5.29377e-05 9.03161
60.3044 4.4988 6.21507e-05 -0.000477351 0.000420348 22.0773
61.3011 4.4988 -0.000477511 -0.000522417 0.000813573 18.0632
62.2979 4.4988 -0.000656223 0.000811634 -0.000584775 5.51932
63.2947 4.4988 0.00120754 0.000725391 0.00085361 12.0422
64.2914 4.4988 -0.000323985 0.000727863 -0.000848749 8.52986
65.2882 4.4988 0.00113282 -0.000525338 -0.00177737 9.53337
66.285 4.4988 -0.000381385 -0.000527024 0.000440919 23.5825
67.2817 4.4988 0.000574147 0.000785182 0.000252909 11.0386
68.2785 4.4988 0.000210209 0.000177459 0.000288312 18.0632
69.2753 4.4988 -0.00025539 -9.97396e-05 0.000121705 19.0667
70.272 4.4988 0.000553498 0.000467097 -0.000545466 11.0386
71.2688 4.4988 -0.0018074 -0.000980778 -0.000291458 9.53337
72.2656 4.4988 -9.5713e-05 -0.000573618 -0.000790305 7.52634
73.2623 4.4988 0.0012589 0.00139317 0.00130569 8.0281
74.2591 4.4988 -0.00104879 0.000558484 -6.10655e-05 23.5825
75.2559 4.4988 0.000318694 -0.00035119 0.000470244 7.52634
76.2526 4.4988 0.000977115 -3.58161e-05 -6.10648e-05 9.53337
77.2494 4.4988 0.000231842 6.52458e-05 0.00020173 30.1054
78.2462 4.4988 -0.000162441 -0.000714362 -0.000325216 9.53337
79.2429 4.4988 -0.00156943 -0.00248947 0.000734028 8.0281
80.2397 4.4988 0.00218641 -0.000675798 -0.000779729 7.02459
81.2365 4.4988 0.00227117 -0.000805857 -9.9951e-06 10.0351
82.2332 4.4988 -0.000407238 0.000219341 0.000718969 18.0632
0.498383 5.49853 4.4635e-05 0.0021146 -0.000608382 12.0422
1.49515 5.49853 0.000344905 -0.000349959 0.000556483 7.02459
2.49192 5.49853 -0.000658757 -9.22098e-05 -0.000782944 17.5615
3.48868 5.49853 -8.63767e-05 -0.000509984 0.000245471 10.0351
4.48545 5.49853 0.0012368 5.09361e-05 -0.000275908 7.52634
5.48221 5.49853 0.000391697 -0.00105147 0.00108904 5.51932
6.47898 5.49853 0.00131693 0.00154154 -0.000714474 5.51932
7.47575 5.49853 -0.000521615 -0.00020113 -0.000157524 14.0492
8.47251 5.49853 0.000159463 -0.000667335 -0.00167034 21.5755
9.46928 5.49853 -0.000161859 0.000771607 -0.000941628 10.0351
10.466 5.49853 0.00122945 -0.00052717 -5.3176e-05 12.0422
11.4628 5.49853 -0.000338716 0.000666145 0.000287083 11.0386
12.4596 5.49853 0.000322966 -0.000215267 0.00164963 11.0386
13.4563 5.49853 0.00179146 -7.17469e-05 -0.000336293 8.0281
14.4531 5.49853 -0.00178752 -0.000168688 0.000392093 7.52634
15.4499 5.49853 0.000585282 -0.000278908 0.0014201 8.0281
16.4466 5.49853 -0.000496704 0.000568239 0.000193947 11.0386
17.4434 5.49853 0.000368019 -0.000144583 -0.000811939 13.5474
18.4402 5.49853 8.39276e-05 -0.000625706 0.000899487 8.52986
19.4369 5.49853 0.000233801 -0.000575198 -0.00134921 18.565
20.4337 5.49853 -0.00116237 0.000698762 -0.000440928 9.53337
21.4305 5.49853 -0.00135557 -0.0012845 0.000646583 7.52634
22.4272 5.49853 0.00125979 0.00103326 -0.000612121 11.0386
23.424 5.49853 0.00103166 -0.000877688 -0.00146703 7.02459
24.4208 5.49853 -0.000421024 -0.000241864 3.96318e-05 16.0562
25.4175 5.49853 0.00145843 0.000208375 0.001159 10.5369
26.4143 5.49853 -0.000462086 0.000239931 -7.63621e-05 10.0351
27.4111 5.49853 -0.00101441 -0.000268937 0.000145926 14.5509
28.4078 5.49853 -0.000215664 -0.000451497 9.1683e-05 12.0422
29.4046 5.49853 -7.82335e-05 0.00241645 0.000249771 8.52986
30.4014 5.49853 -0.000610513 -0.000406777 0.000503314 8.0281
31.3981 5.49853 0.000985781 -0.000386623 -0.000141859 8.52986
32.3949 5.49853 0.000649291 0.000503443 -0.000121091 14.0492
33.3917 5.49853 -0.000187478 -0.00049333 0.000813256 16.558
34.3884 5.49853 -0.000494932 -0.00154866 -0.000230344 8.52986
35.3852 5.49853 0.000268392 0.000556793 0.000592004 16.0562
36.382 5.49853 0.000114314 0.00122958 -0.000103422 19.5685
37.3787 5.49853 0.000317805 0.000973283 0.000111728 5.51932
38.3755 5.49853 8.72586e-06 -4.29085e-05 -8.3646e-05 7.02459
39.3723 5.49853 0.000324088 -0.000717068 -0.000749978 6.52283
40.369 5.49853 0.000706389 0.00102994 0.000397952 12.0422
41.3658 5.49853 -0.000411163 -0.000169898 -0.000305313 14.0492
42.3626 5.49853 -0.00156873 0.000253556 -0.000670342 12.5439
43.3593 5.49853 -0.000186322 -0.000812101 -0.000199184 11.0386
44.3561 5.49853 0.000974228 -0.000528598 -0.000191975 11.5404
45.3529 5.49853 0.000653822 -1.33892e-05 -0.000300668 17.0597
46.3496 5.49853 0.000859634 -0.000943951 0.00109962 6.02108
47.3464 5.49853 0.000806059 5.29979e-05 -0.00107854 6.02108
48.3432 5.49853 0.000716846 1.39702e-05 0.000226882 9.53337
49.3399 5.49853 -0.000466985 0.000617244 0.00048716 18.0632
50.3367 5.49853 -0.000992119 0.000846296 0.000437031 17.5615
51.3335 5.49853 -0.000811053 0.000695435 -0.000664603 10.0351
52.3302 5.49853 -0.00107083 8.32346e-05 -0.00044992 17.0597
53.327 5.49853 -0.000238004 -0.000157316 -0.00102386 9.53337
54.3238 5.49853 0.00135757 0.000271233 2.99945e-05 8.0281
55.3205 5.49853 0.000360555 -0.000376719 0.00136619 5.51932
56.3173 5.49853 0.0013423 0.000555301 0.000512847 6.02108
57.3141 5.49853 0.00106167 -0.00127649 0.000201976 13.5474
58.3108 5.49853 -0.000740333 -0.000449933 0.000652284 13.0457
59.3076 5.49853 0.00211336 0.000271621 0.000782599 9.03161
60.3044 5.49853 0.000125263 -0.000280396 0.000932677 8.52986
61.3011 5.49853 -0.000270419 -0.000891689 -0.00100355 17.5615
62.2979 5.49853 0.00179932 0.00179874 0.000796291 6.02108
63.2947 5.49853 0.00166759 -0.000735927 0.000306506 9.03161
64.2914 5.49853 -0.000351263 -0.00109262 0.000444476 8.52986
65.2882 5.49853 -0.000183234 0.000546998 0.000670403 11.5404
66.285 5.49853 0.000621197 -0.000532683 -0.000500321 17.0597
67.2817 5.49853 0.00102528 -0.000176236 -0.00121846 9.53337
68.2785 5.49853 -0.000569285 0.000617569 0.000517629 11.0386
69.2753 5.49853 0.00076657 -0.000175291 0.000533865 19.0667
70.272 5.49853 0.00110156 0.000934675 -0.00103243 8.52986
71.2688 5.49853 0.00073242 -0.00287954 0.000694713 5.01756
72.2656 5.49853 0.00230778 0.00094541 0.0004545 6.52283
73.2623 5.49853 -0.00135245 -0.000628163 0.000320864 11.5404
74.2591 5.49853 0.000756304 0.00051756 0.000420326 12.5439
75.2559 5.49853 -0.000590151 -0.000430252 0.000635251 13.5474
76.2526 5.49853 -9.57091e-05 0.000383316 -0.000826824 12.0422
77.2494 5.49853 0.00016204 -0.000448318 -0.000231486 11.0386
78.2462 5.49853 -0.000629556 0.00035924 0.000227496 12.5439
79.2429 5.49853 -0.000183851 0.000613629 -7.70378e-05 8.0281
80.2397 5.49853 0.00239731 0.000805335 -0.000112664 7.52634
81.2365 5.49853 -0.000103692 -0.000745665 7.97081e-05 8.0281
82.2332 5.49853 -0.000839895 3.58023e-05 0.000103129 18.565
0.498383 6.49826 -0.00206123 -0.000853489 -0.0011619 5.51932
1.49515 6.49826 -0.000363706 -0.000323826 0.000592912 10.5369
2.49192 6.49826 -0.000261852 -5.96335e-05 0.000114793 8.52986
3.48868 6.49826 -0.00068804 -0.00109101 -0.000964736 13.0457
4.48545 6.49826 -0.000285111 0.000179635 -3.21452e-05 21.0738
5.48221 6.49826 0.000911241 -0.00180675 -0.00125808 6.52283
6.47898 6.49826 -0.000407956 0.000427414 -0.000384807 14.5509
7.47575 6.49826 0.000356162 -0.000890795 0.000615158 13.0457
8.47251 6.49826 0.000825015 -0.00113443 0.000344194 9.03161
9.46928 6.49826 0.000846553 -0.00112337 -0.000513699 7.02459
10.466 6.49826 0.00104214 -0.000565687 -0.000335233 7.52634
11.4628 6.49826 -5.18052e-05 0.000508149 -0.00123024 11.5404
12.4596 6.49826 -0.000740054 1.13765e-05 -0.000431802 13.0457
13.4563 6.49826 0.000583868 0.000893438 0.000331825 12.5439
14.4531 6.49826 0.00137845 -0.000584853 -0.000522138 13.5474
15.4499 6.49826 -0.000154452 -0.000168569 0.000276052 21.5755
16.4466 6.49826 0.000356417 -0.000144338 0.00135332 10.5369
17.4434 6.49826 0.000831493 0.000159368 -0.000362351 6.52283
18.4402 6.49826 1.87154e-05 -0.000499551 0.00092113 6.52283
19.4369 6.49826 0.000131006 -0.000841462 0.000336141 10.5369
20.4337 6.49826 0.000526193 -0.000703407 -0.000479806 12.0422
21.4305 6.49826 0.000149405 -0.000501629 -0.000441379 12.5439
22.4272 6.49826 -0.000209797 -7.76624e-05 -0.000279768 12.0422
23.424 6.49826 0.000592254 -9.20979e-05 -0.000639083 16.558
24.4208 6.49826 0.000313396 0.000122007 -4.06756e-05 13.0457
25.4175 6.49826 -0.000781899 0.00111449 -6.06855e-05 5.51932
26.4143 6.49826 -0.00110586 -0.000693329 -0.00105447 5.51932
27.4111 6.49826 0.000343153 0.000238649 0.00104607 11.0386
28.4078 6.49826 0.00143589 0.00150817 -0.000183389 10.5369
29.4046 6.49826 0.000251965 0.000184492 -0.00043967 19.0667
30.4014 6.49826 -0.000234224 0.000955063 -0.000581392 8.52986
31.3981 6.49826 -0.000105711 -0.000652122 -0.000916373 17.5615
32.3949 6.49826 -0.000857539 0.000225641 0.000258228 10.0351
33.3917 6.49826 -0.000655192 0.00142363 -0.000947254 7.52634
34.3884 6.49826 0.0016647 -0.000738793 0.000192258 10.5369
35.3852 6.49826 0.000641069 0.00111628 0.000105218 5.51932
36.382 6.49826 -0.00190188 0.000728513 -0.000147414 8.0281
37.3787 6.49826 0.000113547 -0.000502379 -0.00051817 15.0527
38.3755 6.49826 0.000293348 0.00131396 0.00103339 9.03161
39.3723 6.49826 -0.000432537 -0.000699755 -0.000477054 13.0457
40.369 6.49826 -0.000378237 0.00131373 -0.000679658 15.5544
41.3658 6.49826 0.000260102 0.000165848 -0.000801972 12.0422
42.3626 6.49826 0.00107576 0.000269416 0.000192678 5.51932
43.3593 6.49826 0.00145063 -0.00062937 0.000761136 9.03161
44.3561 6.49826 0.0020042 0.000253372 -0.000570782 8.0281
45.3529 6.49826 0.00113417 0.000508436 -0.00032958 14.5509
46.3496 6.49826 4.06097e-05 0.000197444 -0.000384603 11.0386
47.3464 6.49826 0.00116566 0.000390728 0.000427627 10.5369
48.3432 6.49826 -0.000636644 0.00075351 -9.11727e-05 13.0457
49.3399 6.49826 0.000708824 -0.000639658 -0.00150253 9.03161
50.3367 6.49826 0.00248299 -0.00082466 -2.28906e-05 6.52283
51.3335 6.49826 -0.000747068 0.00080789 -0.00166636 5.01756
52.3302 6.49826 -0.000509264 -1.64186e-05 -0.000503602 7.52634
53.327 6.49826 -0.000486632 -0.000584149 0.000449969 11.5404
54.3238 6.49826 -0.000987094 0.000164838 -6.27867e-05 15.5544
55.3205 6.49826 8.71907e-05 0.000356135 -0.00146526 12.5439
56.3173 6.49826 -0.000945723 -0.000339878 -0.000373409 18.0632
57.3141 6.49826 -5.83795e-05 0.000254952 -0.0011106 10.5369
58.3108 6.49826 0.00120813 0.000924887 0.001188 7.02459
59.3076 6.49826 0.000754255 -0.000133404 0.000163885 11.0386
60.3044 6.49826 -0.000721602 0.00072274 0.000101175 9.53337
61.3011 6.49826 -0.000475262 -3.93001e-05 -0.00129131 11.0386
62.2979 6.49826 -0.0020798 -0.000488385 0.000744913 14.5509
63.2947 6.49826 -0.000181294 0.000971462 0.000646028 8.0281
64.2914 6.49826 0.000448761 -0.000553262 -0.000146429 11.0386
65.2882 6.49826 -0.000323006 -7.59066e-06 0.000228825 14.5509
66.285 6.49826 0.0013388 0.000446075 0.000300333 8.52986
67.2817 6.49826 0.000667032 -0.000186754 -0.00100434 9.03161
68.2785 6.49826 0.00170472 0.00123977 -0.00209689 5.51932
69.2753 6.49826 -0.000399884 -0.000599668 -0.000200051 11.5404
70.272 6.49826 -0.000110729 0.000308003 0.00011485 14.0492
71.2688 6.49826 0.000498727 0.000518479 -0.000675877 11.0386
72.2656 6.49826 0.000306063 1.22698e-05 6.92218e-05 12.0422
73.2623 6.49826 -0.000711569 -0.000231211 -0.000353015 18.0632
74.2591 6.49826 -0.000336595 0.00117666 -0.000772074 10.0351
75.2559 6.49826 -0.00167457 -0.000997921 -0.000642264 11.0386
76.2526 6.49826 -0.000194505 0.00190826 -0.00286572 4.01405
77.2494 6.49826 0.00190074 -0.0010491 -0.000186767 7.02459
78.2462 6.49826 -0.000114001 -0.000434412 -0.000102883 20.572
79.2429 6.49826 -0.00106118 0.00106902 0.00105362 9.03161
80.2397 6.49826 -0.00114991 -0.000993472 0.000375234 10.0351
81.2365 6.49826 0.00107663 0.000590047 -0.000532766 17.0597
82.2332 6.49826 0.000462288 -0.000369145 0.000407752 8.52986
0.498383 7.49799 0.000969238 -0.000496703 -0.00208845 6.02108
1.49515 7.49799 0.000843894 0.000486683 -0.000273289 7.52634
2.49192 7.49799 -0.000257188 -0.00090023 0.000394126 8.52986
3.48868 7.49799 9.29389e-06 -0.000190331 -0.000410275 16.558
4.48545 7.49799 -0.001145 -0.000122397 -0.000647436 18.565
5.48221 7.49799 -0.000615672 0.000506329 -0.000313979 10.0351
6.47898 7.49799 -0.000228423 0.00106432 -0.000575438 20.0703
7.47575 7.49799 0.000494129 0.000328673 0.000510013 19.0667
8.47251 7.49799 -0.000130336 0.000136129 -0.00102149 5.01756
9.46928 7.49799 0.00121485 -0.000630506 0.000879678 8.0281
10.466 7.49799 -0.000567319 0.000663685 -0.000445255 8.52986
11.4628 7.49799 0.00024784 0.000419694 0.000235025 16.0562
12.4596 7.49799 -0.000779298 -0.000468977 0.000251204 21.0738
13.4563 7.49799 0.00105006 -0.000440543 0.00066876 10.5369
14.4531 7.49799 -0.000764733 -2.27175e-05 0.000343456 11.5404
15.4499 7.49799 0.000184728 -0.000316795 0.00107419 22.0773
16.4466 7.49799 -0.00042648 -0.000331717 0.000908947 6.52283
17.4434 7.49799 -0.000483362 0.000400705 0.00129733 6.02108
18.4402 7.49799 0.000398781 -0.000597683 -0.00101015 6.52283
19.4369 7.49799 0.00045395 0.000443803 -0.000288228 9.53337
20.4337 7.49799 6.94785e-05 -0.000500167 0.00039729 20.572
21.4305 7.49799 0.000958118 -0.000823007 0.000290493 13.5474
22.4272 7.49799 0.000443035 -0.000923574 0.000214613 9.03161
23.424 7.49799 -4.94784e-05 1.47196e-05 -0.000785101 19.5685
24.4208 7.49799 -0.00097549 0.00109378 -5.42117e-05 11.0386
25.4175 7.49799 0.000479536 -7.66386e-05 -0.000572702 9.03161
26.4143 7.49799 0.00114168 4.60763e-05 0.00316842 6.52283
27.4111 7.49799 -0.00121856 0.00044239 0.000454363 10.0351
28.4078 7.49799 -0.00141816 -0.000180422 -0.000200345 16.0562
29.4046 7.49799 -0.000543691 -0.000107466 0.000193559 16.558
30.4014 7.49799 0.000842128 -0.00104226 0.000305413 10.0351
31.3981 7.49799 1.87973e-05 -0.000336023 0.00033701 21.0738
32.3949 7.49799 -0.000710739 6.55321e-06 -0.000928871 17.0597
33.3917 7.49799 0.00173891 -0.000699458 -0.000975854 8.0281
34.3884 7.49799 0.00164482 -8.90621e-05 -0.000541282 7.02459
35.3852 7.49799 -0.000271541 -0.000497532 -0.000663123 7.52634
36.382 7.49799 0.000101094 0.000181595 -0.000216767 10.5369
37.3787 7.49799 -0.000922986 -5.67424e-05 2.79941e-05 25.0878
38.3755 7.49799 -2.94022e-05 0.000270208 0.000903623 13.0457
39.3723 7.49799 3.82435e-05 -0.000998331 2.56647e-05 11.5404
40.369 7.49799 0.000410887 0.000508202 0.00044518 21.5755
41.3658 7.49799 -0.00068849 0.000621166 0.000252474 11.0386
42.3626 7.49799 -0.00102535 -0.000718195 -0.00161087 5.51932
43.3593 7.49799 0.00020172 0.000372014 0.000742523 8.0281
44.3561 7.49799 0.000911019 -0.000504863 -0.000159499 13.5474
45.3529 7.49799 -0.000693714 0.000332574 0.00010264 25.0878
46.3496 7.49799 -0.000356766 0.000168188 -0.000364145 17.0597
47.3464 7.49799 -0.00010877 0.000363957 -0.000301209 12.5439
48.3432 7.49799 -0.000125724 -0.000181297 -3.16191e-06 26.5931
49.3399 7.49799 -0.000759426 -0.000763733 -0.000816538 6.52283
50.3367 7.49799 0.00178277 -0.000308146 0.00115604 4.51581
51.3335 7.49799 0.00131277 0.000647901 -0.000470913 10.0351
52.3302 7.49799 0.00140798 0.000502778 0.000406204 10.5369
53.327 7.49799 4.2474e-05 -0.000568012 -2.66567e-05 17.5615
54.3238 7.49799 -0.00090541 0.000226452 0.00010208 15.5544
55.3205 7.49799 0.000438418 -7.28886e-05 0.000438904 10.0351
56.3173 7.49799 -0.00100839 0.000513986 0.00037697 21.0738
57.3141 7.49799 0.00170464 -0.000156546 0.00153278 15.0527
58.3108 7.49799 0.00120649 -0.000187342 0.000721939 8.52986
59.3076 7.49799 0.00123458 0.000633712 -0.00162551 7.52634
60.3044 7.49799 -0.000930968 0.000397507 -0.000860597 7.02459
61.3011 7.49799 0.00133449 -7.96434e-05 0.00160699 12.0422
62.2979 7.49799 -0.000736769 1.05323e-06 -5.38194e-05 20.572
63.2947 7.49799 0.000209698 -0.00024959 -0.000622171 14.5509
64.2914 7.49799 4.72211e-05 0.000550824 0.000886993 18.0632
65.2882 7.49799 0.000946709 -0.000191803 0.000915773 20.0703
66.285 7.49799 0.000857449 0.000502183 -0.000938557 7.02459
67.2817 7.49799 0.0011717 0.00126016 0.000600059 7.02459
68.2785 7.49799 0.000352078 0.000254532 0.000164212 7.52634
69.2753 7.49799 -0.00123642 8.10685e-05 0.000500121 9.53337
70.272 7.49799 0.00024571 -0.000351323 -0.000162301 27.0948
71.2688 7.49799 0.000198124 -8.72831e-06 0.000894952 13.0457
72.2656 7.49799 0.00144774 0.000976453 2.30964e-05 15.0527
73.2623 7.49799 -0.000240545 -0.000274435 0.000125161 20.0703
74.2591 7.49799 -0.00138384 0.000968711 6.01618e-05 8.52986
75.2559 7.49799 -0.00172771 3.00292e-06 -0.0015491 6.02108
76.2526 7.49799 -0.00135017 -0.00181036 0.00011014 9.03161
77.2494 7.49799 -0.000533096 -0.000969028 -6.59808e-05 13.0457
78.2462 7.49799 0.00135965 -0.000888386 0.000359446 17.0597
79.2429 7.49799 0.00120701 5.81368e-05 -0.000974779 16.0562
80.2397 7.49799 0.00149825 -0.000126123 0.000647642 11.0386
81.2365 7.49799 -0.00109952 0.000710985 0.000213631 26.5931
82.2332 7.49799 0.00135115 -0.000255785 -0.000394634 12.0422
0.498383 8.49773 -0.000596656 -0.00110852 0.000120817 10.0351
1.49515 8.49773 -0.00102182 -0.000310151 0.000105149 5.51932
2.49192 8.49773 -0.000720473 -0.00123275 0.000972435 8.0281
3.48868 8.49773 0.000448937 0.00117139 0.0011094 9.53337
4.48545 8.49773 -0.000404515 -5.19831e-05 0.00078303 8.52986
5.48221 8.49773 0.000236124 0.000532403 0.00147506 6.02108
6.47898 8.49773 0.000573336 0.000114762 -0.000478037 9.53337
7.47575 8.49773 -0.000146948 0.000779856 0.00100568 12.0422
8.47251 8.49773 0.000167116 -0.000197128 -0.000483798 11.5404
9.46928 8.49773 -5.29206e-05 0.000196292 0.00153395 9.03161
10.466 8.49773 0.000571005 0.000394585 -0.000204175 9.03161
11.4628 8.49773 0.000670793 -5.47564e-05 0.00129673 8.0281
12.4596 8.49773 0.000579301 0.000579291 6.3068e-05 10.5369
13.4563 8.49773 3.10509e-05 -0.00102889 0.000195121 9.53337
14.4531 8.49773 -0.000308129 -0.00150967 0.00185179 4.01405
15.4499 8.49773 -0.00115112 -0.000737967 0.000489408 12.0422
16.4466 8.49773 -0.0007452 0.000124681 0.000225967 10.0351
17.4434 8.49773 0.000988033 -0.00054232 -0.000276484 9.53337
18.4402 8.49773 0.000881455 0.00106906 -0.000206796 10.5369
19.4369 8.49773 0.00100382 0.00057616 -9.93588e-05 12.5439
20.4337 8.49773 -0.000670919 -4.35426e-05 -0.000476782 9.03161
21.4305 8.49773 -0.00135592 -0.00010736 0.000750364 9.03161
22.4272 8.49773 6.18878e-05 0.000162779 -0.000908077 9.53337
23.424 8.49773 -4.17638e-05 -0.000898902 0.00123022 9.03161
24.4208 8.49773 -0.00173194 0.000764376 -0.0018524 10.0351
25.4175 8.49773 0.00129333 0.000567688 -0.000502949 14.0492
26.4143 8.49773 0.000594483 -0.000870485 0.00192299 11.5404
27.4111 8.49773 0.00202219 -0.000348227 0.000265466 10.0351
28.4078 8.49773 0.000734699 0.000526125 -0.00103775 13.5474
29.4046 8.49773 8.3558e-05 0.000597228 0.00037223 7.52634
30.4014 8.49773 0.00126135 0.000219805 0.00138317 8.0281
31.3981 8.49773 0.00085635 0.000280524 0.000360153 8.52986
32.3949 8.49773 0.000409871 -0.000430125 0.000466503 9.53337
33.3917 8.49773 -0.000227731 0.000264581 0.000566195 12.5439
34.3884 8.49773 -0.000740406 -0.00191951 -3.91925e-05 8.0281
35.3852 8.49773 -0.00194823 -0.000788308 -0.00026037 9.53337
36.382 8.49773 -0.000451928 -0.000811848 -0.00049733 11.5404
37.3787 8.49773 -5.8665e-05 -0.00168152 -0.000818612 7.52634
38.3755 8.49773 0.00134572 0.000484094 -0.000158823 7.02459
39.3723 8.49773 -0.000232598 -0.00143496 0.000772112 11.5404
40.369 8.49773 0.000526959 0.000430146 -0.00014907 10.0351
41.3658 8.49773 0.000487504 -0.0022678 0.000498484 8.52986
42.3626 8.49773 0.000477664 0.000394957 -0.000524915 7.52634
43.3593 8.49773 0.000821332 -0.000151597 -0.000195202 7.52634
44.3561 8.49773 -0.000165673 0.000197165 0.000247817 10.5369
45.3529 8.49773 0.00106544 0.00010329 0.00101031 11.0386
46.3496 8.49773 -0.000963944 -0.000182091 -0.000702541 5.51932
47.3464 8.49773 0.00134569 -0.000214287 -0.000347058 7.02459
48.3432 8.49773 5.48341e-05 -0.000363371 -0.000157763 10.5369
49.3399 8.49773 -0.000276232 0.000705035 2.503e-05 13.0457
50.3367 8.49773 -0.00113827 0.00125341 -0.00048549 10.5369
51.3335 8.49773 -0.00101506 0.000205044 0.000783664 8.0281
52.3302 8.49773 0.000987802 0.000226923 0.000648684 11.5404
53.327 8.49773 -0.00113398 -2.48276e-05 -1.78829e-05 9.53337
54.3238 8.49773 -0.000685586 0.000211091 -0.00153126 11.0386
55.3205 8.49773 -0.000347736 -0.000919274 -0.000597426 9.03161
56.3173 8.49773 0.00157483 -0.000482852 0.00135758 8.52986
57.3141 8.49773 -0.000149783 -0.00104768 0.0014083 8.0281
58.3108 8.49773 -0.000187499 0.000409311 2.55503e-05 12.5439
59.3076 8.49773 0.000344742 -0.000195555 0.000765087 10.0351
60.3044 8.49773 -0.000342918 0.000568957 0.000108827 11.5404
61.3011 8.49773 0.000214557 0.000568425 -0.000955721 11.5404
62.2979 8.49773 2.11034e-05 0.000648629 0.00127633 11.5404
63.2947 8.49773 -0.000520745 -0.000327589 0.000750441 4.51581
64.2914 8.49773 -0.000466374 0.00202344 -0.000174687 10.0351
65.2882 8.49773 -0.00112812 0.00059779 0.000630729 6.52283
66.285 8.49773 -7.77195e-05 0.000618008 -0.00069437 9.03161
67.2817 8.49773 0.000118089 -0.000335614 -3.05385e-05 10.0351
68.2785 8.49773 0.000637469 0.00106351 -0.000513557 7.52634
69.2753 8.49773 -0.000652355 0.000938819 9.80076e-05 13.0457
70.272 8.49773 0.000415697 -0.000360559 -0.000345283 11.5404
71.2688 8.49773 0.000689768 0.000253708 -0.00176435 6.52283
72.2656 8.49773 -0.00131859 -0.00108104 -0.00201528 8.0281
73.2623 8.49773 -0.00010352 0.000582664 3.27531e-05 12.5439
74.2591 8.49773 0.00205814 0.000207883 -0.000319863 8.52986
75.2559 8.49773 0.00113521 -0.000543403 0.00121718 7.02459
76.2526 8.49773 0.0013252 -0.000285996 -0.000462976 7.52634
77.2494 8.49773 0.000405468 0.00110756 -0.000809668 8.52986
78.2462 8.49773 -0.00118542 0.000580424 0.000209578 12.0422
79.2429 8.49773 -0.00111779 -0.000552085 0.00179001 9.03161
80.2397 8.49773 -7.00455e-05 0.000170353 -0.00133527 6.52283
81.2365 8.49773 0.000138001 0.000895503 -0.000172816 8.52986
82.2332 8.49773 0.000863623 -0.000493589 -0.00024919 11.5404
0.498383 9.49746 -0.00141946 -0.000726766 -0.000214217 19.5685
1.49515 9.49746 0.000430632 0.000256751 -9.71517e-05 13.5474
2.49192 9.49746 0.00149894 -0.000281603 -0.000120524 23.0808
3.48868 9.49746 -0.000183412 0.000519232 -0.000421211 19.0667
4.48545 9.49746 -0.00166183 0.00013065 0.000673854 9.03161
5.48221 9.49746 -0.000249017 0.000409553 0.000694862 4.01405
6.47898 9.49746 0.000219128 0.000490468 0.000258598 10.5369
7.47575 9.49746 0.000378624 0.000620412 0.000365006 16.0562
8.47251 9.49746 -0.000150448 7.1595e-05 0.000729595 19.0667
9.46928 9.49746 0.000108466 0.000177728 -0.000523498 14.0492
10.466 9.49746 7.3387e-06 -6.72309e-06 -0.000536367 16.558
11.4628 9.49746 -0.000652348 -0.00111513 0.000334708 21.0738
12.4596 9.49746 0.00144839 0.00141687 -0.000844861 7.02459
13.4563 9.49746 0.00138443 0.00112033 -0.000447409 8.52986
14.4531 9.49746 -0.000967403 0.00162428 0.00115808 5.01756
15.4499 9.49746 0.000299938 -4.71357e-05 -0.000808622 16.0562
16.4466 9.49746 0.000270655 0.000518104 -3.0157e-05 24.5861
17.4434 9.49746 0.000148671 -0.000314763 0.000187472 11.0386
18.4402 9.49746 0.000991931 0.000637841 0.000531574 17.0597
19.4369 9.49746 -0.000859072 -0.000285375 -2.97594e-05 28.6001
20.4337 9.49746 1.92107e-05 -0.000116205 -0.000200809 9.03161
21.4305 9.49746 0.00134936 -3.26078e-05 -0.000867279 10.0351
22.4272 9.49746 5.6356e-05 0.000408103 2.3389e-06 5.01756
23.424 9.49746 0.00104996 -5.6039e-05 -0.00067126 7.52634
24.4208 9.49746 0.000853121 0.0012847 -0.000565216 17.0597
25.4175 9.49746 -1.53132e-05 -0.00107545 -0.000709225 13.5474
26.4143 9.49746 0.00143528 0.000889415 0.000133556 9.53337
27.4111 9.49746 -0.000425252 -0.000252721 -0.000589117 24.5861
28.4078 9.49746 -0.000497603 0.00033445 0.000358918 11.5404
29.4046 9.49746 -0.00022142 0.000764605 -0.000256854 7.02459
30.4014 9.49746 0.0014919 0.000751093 0.00122336 10.0351
31.3981 9.49746 0.000780745 0.00103805 0.00130627 7.02459
32.3949 9.49746 -0.000605119 0.000360829 -0.000108071 13.0457
33.3917 9.49746 -0.000495483 0.000284728 0.000132376 21.5755
34.3884 9.49746 0.000715529 0.000673952 -0.000468433 17.0597
35.3852 9.49746 0.00188947 -0.000528347 -0.000743542 16.0562
36.382 9.49746 0.0002434 -0.00045121 -0.000455587 18.565
37.3787 9.49746 0.000139805 -0.000893827 0.000239953 9.53337
38.3755 9.49746 0.000242453 -0.000174565 0.000653611 4.51581
39.3723 9.49746 4.73279e-05 -0.000263199 -0.00112561 7.52634
40.369 9.49746 0.000467039 -0.000234122 -7.72604e-05 11.0386
41.3658 9.49746 -0.000426934 -0.000354638 0.00022061 27.5966
42.3626 9.49746 -0.000635602 -0.000303006 0.000468804 14.5509
43.3593 9.49746 0.000885751 5.66701e-05 -0.000567718 19.5685
44.3561 9.49746 -6.97894e-05 -0.000187375 -0.000213861 25.5896
45.3529 9.49746 0.00111256 -0.000269751 -0.00146778 7.02459
46.3496 9.49746 0.000690784 -0.00122479 -0.000490551 9.03161
47.3464 9.49746 0.000459873 -0.000191143 0.000639005 5.01756
48.3432 9.49746 0.000913659 0.000383692 0.000560755 8.52986
49.3399 9.49746 0.000227707 5.03391e-05 -2.21981e-05 23.5825
50.3367 9.49746 -0.000138954 0.000139139 0.00071546 16.0562
51.3335 9.49746 0.000942082 -0.000675825 -0.000312794 12.5439
52.3302 9.49746 9.7611e-05 -0.000830906 -0.000463944 18.565
53.327 9.49746 0.00128213 -3.8997e-05 -0.000781478 14.0492
54.3238 9.49746 0.000242305 -0.000429759 0.00162721 9.03161
55.3205 9.49746 0.00235134 -0.00116076 7.42443e-05 7.52634
56.3173 9.49746 -0.000423306 -1.5239e-05 0.00145299 10.0351
57.3141 9.49746 -0.000445657 0.000810239 0.000834226 14.0492
58.3108 9.49746 -0.0007065 -0.000919305 0.000240779 21.5755
59.3076 9.49746 0.00102656 0.000636689 -0.000391088 13.5474
60.3044 9.49746 -0.000450089 -0.00082315 0.000890907 21.5755
61.3011 9.49746 -0.000134242 0.000736681 7.93334e-05 21.5755
62.2979 9.49746 0.000409273 0.00026907 0.000283027 7.02459
63.2947 9.49746 -0.000743246 0.000181194 -0.000847036 5.51932
64.2914 9.49746 0.00148426 -0.000330653 0.000572657 7.52634
65.2882 9.49746 0.00139925 -7.0535e-05 -0.000155154 14.5509
66.285 9.49746 -0.000451817 0.000594066 -0.000123462 27.0948
67.2817 9.49746 -0.00012244 -0.000306064 -0.000377408 12.0422
68.2785 9.49746 -0.000872701 -0.000108168 0.000339131 11.0386
69.2753 9.49746 -0.000862667 4.15706e-05 1.87234e-05 26.0913
70.272 9.49746 -0.00103935 -0.00185837 -0.000121945 6.02108
71.2688 9.49746 -0.000535723 -0.000144342 -0.000322187 8.0281
72.2656 9.49746 -0.0017023 0.00070013 0.000198361 7.52634
73.2623 9.49746 0.00093402 5.60564e-06 -0.000199156 9.03161
74.2591 9.49746 -0.000380329 0.000455561 -0.000109893 28.0984
75.2559 9.49746 -0.000751599 -0.000473147 -0.000218722 13.5474
76.2526 9.49746 0.000179569 -0.000204413 -0.00108753 15.0527
77.2494 9.49746 0.000420572 0.000227404 -0.000289311 22.0773
78.2462 9.49746 0.0015485 -0.000165703 -0.000642567 12.0422
79.2429 9.49746 -0.000162822 -0.000394308 0.00117335 5.51932
80.2397 9.49746 0.00109306 -0.000673752 0.000255935 8.0281
81.2365 9.49746 0.000777567 0.000832281 0.00114597 9.03161
82.2332 9.49746 0.000203323 0.000139018 7.20681e-05 19.5685
0.498383 10.4972 0.000222054 0.000177008 -0.000257849 12.5439
1.49515 10.4972 -0.00010034 0.000549806 0.0005357 9.03161
2.49192 10.4972 -0.00159399 0.000631071 0.00150002 11.5404
3.48868 10.4972 -0.00107155 0.000197892 6.87434e-05 9.53337
4.48545 10.4972 -0.000168749 -0.000447032 0.000169155 9.53337
5.48221 10.4972 -0.00170168 0.000376874 0.000274643 5.01756
6.47898 10.4972 -0.000850862 -8.08039e-05 -0.000526682 8.52986
7.47575 10.4972 -0.00370141 0.000940826 -0.000209615 7.52634
8.47251 10.4972 0.00145864 -0.000607035 -0.000194514 13.0457
9.46928 10.4972 -0.00173529 -0.000185072 0.00032959 8.0281
10.466 10.4972 -0.000565455 0.000241769 -0.000408491 13.5474
11.4628 10.4972 0.000760819 0.000813926 -0.000588068 10.5369
12.4596 10.4972 -0.000527195 0.000219701 -0.000132082 10.5369
13.4563 10.4972 -0.000266392 -0.000263534 -0.000432549 6.52283
14.4531 10.4972 0.00111263 0.0012114 -0.00141864 4.51581
15.4499 10.4972 0.000516397 0.00014459 -0.000267059 10.0351
16.4466 10.4972 0.000140648 0.000333006 0.00013232 10.0351
17.4434 10.4972 -0.000758903 0.000446274 2.02357e-05 6.02108
18.4402 10.4972 0.000106803 0.000956387 0.000436448 10.5369
19.4369 10.4972 -0.000700667 -0.000194405 -0.000989419 9.03161
20.4337 10.4972 -0.000341723 0.000162541 -0.000559717 8.52986
21.4305 10.4972 -0.0017075 0.00256604 0.000968681 7.02459
22.4272 10.4972 -0.00120646 -0.000854438 -0.000225931 10.5369
23.424 10.4972 0.000118522 0.00113304 0.00110547 12.5439
24.4208 10.4972 -0.000661054 -0.000668906 4.09386e-05 16.0562
25.4175 10.4972 -0.000463889 0.000244788 -0.00105676 13.5474
26.4143 10.4972 0.00095774 -0.000130957 -2.33581e-05 10.0351
27.4111 10.4972 -0.000135887 -0.000351329 -0.00114252 12.5439
28.4078 10.4972 0.000687599 0.000210678 -0.000494879 7.52634
29.4046 10.4972 0.00140064 0.000703917 -0.000479611 10.0351
30.4014 10.4972 -0.00026153 0.000478567 -0.000535962 6.52283
31.3981 10.4972 0.000400515 -0.000813252 -0.000908977 7.52634
32.3949 10.4972 0.000726424 0.000688539 -0.000716617 14.0492
33.3917 10.4972 0.000776772 -0.00117504 -0.000284142 11.5404
34.3884 10.4972 0.000788388 -0.00202711 0.00171555 5.01756
35.3852 10.4972 -0.000246205 0.000385703 3.42638e-05 12.5439
36.382 10.4972 -0.000134871 -0.000154849 8.49442e-05 14.0492
37.3787 10.4972 0.000130796 -0.000149921 -0.000925401 11.5404
38.3755 10.4972 -0.000292812 0.000437557 -0.000585861 11.0386
39.3723 10.4972 -0.000355828 0.000216578 -0.00117058 9.03161
40.369 10.4972 -0.0010511 0.000467826 0.00178536 13.5474
41.3658 10.4972 -0.002233 -0.000672428 0.000321827 8.52986
42.3626 10.4972 -0.00133923 -3.66476e-05 -0.00030559 6.02108
43.3593 10.4972 -0.000301714 -0.000162985 -0.00105834 8.52986
44.3561 10.4972 -0.00038159 -0.000473881 0.00123272 13.0457
45.3529 10.4972 0.00149984 0.000959542 0.00026841 8.0281
46.3496 10.4972 0.00203838 -0.000551491 -0.000702668 6.52283
47.3464 10.4972 0.00191212 -0.000667821 -0.000703034 9.53337
48.3432 10.4972 -0.00110971 -0.000534049 0.000720396 6.52283
49.3399 10.4972 -0.000157143 0.000111641 -0.000272418 11.5404
50.3367 10.4972 -0.00134505 5.83168e-05 -0.000495867 10.5369
51.3335 10.4972 0.00118193 -0.00277118 -0.00226907 10.0351
52.3302 10.4972 -0.0002292 -0.000594404 0.000843865 14.0492
53.327 10.4972 0.000617639 4.02653e-06 -0.000180423 9.53337
54.3238 10.4972 0.000278513 0.000973712 -0.00113587 7.52634
55.3205 10.4972 0.000198973 0.00163432 0.00154304 4.51581
56.3173 10.4972 0.000704412 0.00143089 -0.000661236 9.53337
57.3141 10.4972 -0.000398764 -0.000966675 -0.00142894 9.53337
58.3108 10.4972 0.000822087 0.000233407 0.000518947 12.5439
59.3076 10.4972 0.00242361 0.000427584 -0.00120626 6.02108
60.3044 10.4972 -0.000363659 -0.000412533 -0.00104125 12.0422
61.3011 10.4972 9.85572e-05 -0.000128853 -0.00109968 8.0281
62.2979 10.4972 0.00237786 1.12092e-05 0.000463801 13.0457
63.2947 10.4972 -0.000138493 3.95361e-05 0.00111882 7.02459
64.2914 10.4972 -0.000379972 -0.000701016 0.000551288 11.0386
65.2882 10.4972 0.00122218 -0.000104099 -9.1105e-05 9.53337
66.285 10.4972 0.000405401 -0.00136255 -0.000240867 15.0527
67.2817 10.4972 -0.000740161 -0.000146366 -0.000839987 10.0351
68.2785 10.4972 0.000897829 -7.42141e-05 -0.000295619 11.5404
69.2753 10.4972 0.000845028 -9.38693e-05 -0.000703485 12.0422
70.272 10.4972 0.000248526 -0.000809927 1.78212e-05 13.0457
71.2688 10.4972 0.00135605 -0.000847112 -0.000966257 7.52634
72.2656 10.4972 -0.000352714 -0.000422579 -0.0015715 8.0281
73.2623 10.4972 -0.000811308 0.000143231 -0.000700226 9.03161
74.2591 10.4972 0.000215734 0.00122943 -0.000710859 12.0422
75.2559 10.4972 -0.000532412 -0.000275859 -9.55069e-05 9.03161
76.2526 10.4972 -0.000362376 9.26372e-05 0.000946917 6.02108
77.2494 10.4972 0.000601789 -0.000902566 0.000433788 18.0632
78.2462 10.4972 -0.000625118 0.00058246 -7.90232e-05 14.0492
79.2429 10.4972 8.09035e-06 0.000516077 -0.0017082 8.52986
80.2397 10.4972 0.00109106 1.84472e-05 0.000681539 4.51581
81.2365 10.4972 0.00105025 0.000425905 0.000883046 9.03161
82.2332 10.4972 -0.000459705 0.000681026 -4.27369e-05 13.0457
0.498383 11.4969 0.000483687 0.000259969 0.000451441 5.01756
1.49515 11.4969 -0.00157937 0.000886323 0.00207038 3.51229
2.49192 11.4969 -0.00107643 -0.000580401 -0.00169548 11.0386
3.48868 11.4969 0.0015084 -0.000296332 -0.000663265 16.558
4.48545 11.4969 0.000572871 0.000568451 -0.000484127 17.0597
5.48221 11.4969 0.00155932 -0.000102887 0.000945929 10.5369
6.47898 11.4969 0.00104152 0.000304344 0.000519769 16.558
7.47575 11.4969 -0.000572219 -0.000789198 -0.000518209 13.0457
8.47251 11.4969 0.000721584 0.00147595 -5.39162e-05 7.52634
9.46928 11.4969 -0.00151842 0.000977319 0.000738375 6.52283
10.466 11.4969 0.000234121 -0.000950994 -0.000970406 8.0281
11.4628 11.4969 0.000801752 -5.12334e-05 -0.000248465 10.5369
12.4596 11.4969 -0.00103875 -0.000881221 -0.00036892 20.0703
13.4563 11.4969 0.000660495 -0.000292327 -8.7556e-05 12.5439
14.4531 11.4969 -0.000163355 -0.000392237 0.000481258 14.5509
15.4499 11.4969 -4.66344e-05 -1.57665e-05 0.000127176 20.0703
16.4466 11.4969 0.000621254 0.000251526 -0.000535944 9.03161
17.4434 11.4969 -0.000986881 -0.000233668 0.000476819 8.0281
18.4402 11.4969 -0.000181948 -0.00145893 0.00104136 6.02108
19.4369 11.4969 -1.2924e-05 0.00016814 -0.00127415 13.5474
20.4337 11.4969 0.000817928 0.000749181 -0.000253184 18.0632
21.4305 11.4969 -0.000845345 0.000457769 0.00114134 10.0351
22.4272 11.4969 -0.000456382 0.000467602 -0.000449147 10.0351
23.424 11.4969 -0.000485832 -0.000333909 -0.000261214 23.0808
24.4208 11.4969 -0.0010039 -0.00163527 -0.00124415 9.53337
25.4175 11.4969 -0.00027519 -0.000321709 0.00102063 7.52634
26.4143 11.4969 0.00109603 -0.00158957 -0.000483952 6.02108
27.4111 11.4969 0.000792275 -0.000539109 -6.41585e-05 10.0351
28.4078 11.4969 -0.000390256 -0.000504706 0.000526877 20.0703
29.4046 11.4969 -0.000567132 -0.00111514 -0.000771755 13.5474
30.4014 11.4969 -0.000309899 -0.000946849 -0.000338277 10.5369
31.3981 11.4969 -0.000838136 0.000682857 0.000149712 16.0562
32.3949 11.4969 -4.2621e-05 -0.00101335 0.000198952 11.0386
33.3917 11.4969 1.78974e-05 -0.000966971 0.000250548 10.0351
34.3884 11.4969 -0.000195275 0.00043439 -0.000918856 11.0386
35.3852 11.4969 -0.000281357 -0.00131879 0.000243632 6.52283
36.382 11.4969 -0.000158968 -0.000174623 -2.53732e-05 12.5439
37.3787 11.4969 -9.15899e-05 0.000456042 0.000604473 22.0773
38.3755 11.4969 0.00138063 -0.00104328 3.88801e-05 10.0351
39.3723 11.4969 -0.000183225 8.86375e-06 -0.000486588 14.5509
40.369 11.4969 -0.000281922 0.000424292 -0.000749677 25.5896
41.3658 11.4969 0.00118009 -0.000212875 -0.000575739 7.52634
42.3626 11.4969 -7.70154e-05 0.000907746 0.000327387 8.0281
43.3593 11.4969 0.00111091 -0.000193698 0.00036702 6.52283
44.3561 11.4969 0.000778989 -0.000270205 -0.000937799 10.0351
45.3529 11.4969 0.000364982 0.000176989 -0.000257909 25.0878
46.3496 11.4969 0.000631449 -0.000762883 -0.000441354 9.03161
47.3464 11.4969 0.000236243 0.000568945 0.000250502 12.5439
48.3432 11.4969 4.67859e-05 -2.72538e-05 -0.000798357 21.5755
49.3399 11.4969 -0.000369299 -2.21058e-05 -8.78694e-06 8.52986
50.3367 11.4969 -0.000506478 6.05767e-05 0.000829793 9.03161
51.3335 11.4969 -0.000171027 -0.000385656 0.000578416 9.53337
52.3302 11.4969 0.0030796 0.00141668 -0.000452405 7.52634
53.327 11.4969 0.000990608 -0.000712343 -0.000586378 20.572
54.3238 11.4969 -0.000120127 -0.000488369 0.000119881 15.0527
55.3205 11.4969 0.00123679 -0.00118032 -0.00039624 13.5474
56.3173 11.4969 0.000135269 0.000301073 0.000827425 23.5825
57.3141 11.4969 -0.000129937 -0.000773316 -5.45364e-05 10.0351
58.3108 11.4969 -0.000353062 -0.000995911 0.00031222 12.5439
59.3076 11.4969 -0.0006987 -0.000633194 0.000275373 8.0281
60.3044 11.4969 0.00227536 6.04308e-05 -0.000701558 6.02108
61.3011 11.4969 -7.95157e-05 0.00170854 0.000239878 16.558
62.2979 11.4969 0.00038701 0.000348751 0.00104579 14.5509
63.2947 11.4969 -0.00135133 -0.000188834 -0.000108948 11.0386
64.2914 11.4969 -0.00113241 -0.000743118 0.0016728 14.5509
65.2882 11.4969 -0.000677437 0.000493684 -0.000162672 15.0527
66.285 11.4969 -0.00031838 0.000602192 0.00129946 10.5369
67.2817 11.4969 -0.000719164 0.000521929 -0.000564879 5.51932
68.2785 11.4969 0.00131845 -0.000823011 0.00069095 11.5404
69.2753 11.4969 -0.00105642 0.000450301 -0.000680483 6.02108
70.272 11.4969 -0.000747095 0.000172768 0.00063644 17.0597
71.2688 11.4969 0.000911117 0.00241082 0.000782015 11.0386
72.2656 11.4969 -0.00139084 -0.000273344 0.000297234 14.0492
73.2623 11.4969 -0.00112025 -0.000583109 0.000345306 18.565
74.2591 11.4969 -0.00125844 -0.000962139 0.000726551 7.52634
75.2559 11.4969 -0.000735273 0.000691284 0.000225121 8.0281
76.2526 11.4969 3.71934e-05 -0.000379462 -0.000664404 8.0281
77.2494 11.4969 6.88212e-05 -0.0028161 -0.00117915 6.52283
78.2462 11.4969 0.000272628 0.000127701 0.00109317 17.0597
79.2429 11.4969 -0.000985233 -0.000764502 -0.000172063 13.5474
80.2397 11.4969 0.000231786 -0.00109131 0.000981112 10.5369
81.2365 11.4969 6.75199e-05 0.000847625 5.80029e-05 25.0878
82.2332 11.4969 -0.000769467 0.00126666 0.000175886 10.0351
0.498383 12.4967 0.00177986 -0.00112909 0.0014855 9.53337
1.49515 12.4967 0.000317861 0.00119938 0.000597507 7.52634
2.49192 12.4967 0.000420745 0.000311894 0.000643504 6.02108
3.48868 12.4967 -0.000194922 0.000324995 0.000739451 14.0492
4.48545 12.4967 -0.000845853 0.00104987 8.71857e-05 16.558
5.48221 12.4967 -0.00132862 -0.00064257 -0.000497959 10.0351
6.47898 12.4967 -0.000408532 0.000759249 0.000803671 20.572
7.47575 12.4967 0.000849756 -0.00018001 -1.17611e-05 14.5509
8.47251 12.4967 -0.0012227 0.000803146 0.000245894 10.5369
9.46928 12.4967 0.000692364 -0.00183058 0.000335323 6.52283
10.466 12.4967 0.00240679 -0.00117523 0.000157137 9.53337
11.4628 12.4967 0.000129367 -7.05205e-05 0.000256615 12.0422
12.4596 12.4967 0.00061494 0.000701295 0.00100295 17.5615
13.4563 12.4967 -0.000283761 0.000637256 0.000900115 12.0422
14.4531 12.4967 0.000411344 -4.3806e-05 -0.000766976 16.558
15.4499 12.4967 0.000259939 0.000964541 -0.000592711 18.0632
16.4466 12.4967 -0.000805995 -2.01859e-05 0.000267859 8.0281
17.4434 12.4967 0.000989322 0.000375815 -0.000251847 5.01756
18.4402 12.4967 -0.000299573 -0.000119641 -0.000339101 7.52634
19.4369 12.4967 0.000384171 -0.000226105 -0.00120992 8.0281
20.4337 12.4967 1.56605e-05 -0.000147839 0.00049235 22.0773
21.4305 12.4967 0.00118714 -0.00027581 -0.000366354 15.5544
22.4272 12.4967 -0.000774407 -0.000166369 -0.000484062 13.5474
23.424 12.4967 -0.000674095 8.85616e-05 0.000573618 14.0492
24.4208 12.4967 0.00154929 0.000470224 -0.000699875 8.52986
25.4175 12.4967 -0.00143818 0.000781361 0.000354212 8.52986
26.4143 12.4967 0.000327413 -0.000788049 -0.000589443 9.53337
27.4111 12.4967 0.000343108 -0.000387938 -0.000174601 7.52634
28.4078 12.4967 2.94721e-05 0.000530038 0.000470328 18.0632
29.4046 12.4967 0.00056195 -0.000298058 -0.000221726 13.5474
30.4014 12.4967 0.00084649 0.000198846 0.000111068 10.5369
31.3981 12.4967 0.000852759 0.000869903 -8.94821e-05 23.5825
32.3949 12.4967 0.000700829 0.000752368 -4.62757e-05 13.5474
33.3917 12.4967 -0.000315097 -0.00128458 3.78747e-05 10.0351
34.3884 12.4967 -0.000335961 -0.000418129 0.000162621 7.52634
35.3852 12.4967 0.000118748 -0.000161782 0.000290435 9.03161
36.382 12.4967 0.000292881 -0.000152381 -0.000238697 10.5369
37.3787 12.4967 0.000127146 0.000249532 0.000995598 17.5615
38.3755 12.4967 0.00042066 0.000621303 0.000654575 7.52634
39.3723 12.4967 0.000105724 -0.00215209 0.000572589 9.53337
40.369 12.4967 4.83681e-05 6.29545e-06 -0.000393049 11.0386
41.3658 12.4967 -0.00108499 -0.000560094 0.00118215 8.0281
42.3626 12.4967 0.00181176 0.000475678 -0.000173638 5.01756
43.3593 12.4967 -0.00124994 0.000585828 -0.000479299 10.0351
44.3561 12.4967 -0.000394579 -0.000499323 0.00167221 6.02108
45.3529 12.4967 0.000489739 -0.000231096 -0.00080058 20.572
46.3496 12.4967 -0.00102643 0.000870953 -3.37957e-05 14.5509
47.3464 12.4967 0.000852632 -8.6186e-05 8.68229e-06 10.5369
48.3432 12.4967 0.000270013 0.000233577 -9.41477e-05 23.0808
49.3399 12.4967 -0.000457548 -0.00141944 0.000799562 10.5369
50.3367 12.4967 0.00154588 -0.000496409 -5.10434e-05 9.53337
51.3335 12.4967 -0.000309097 -0.000912928 -0.00142651 9.03161
52.3302 12.4967 -1.86075e-05 0.000192063 -0.00106041 9.53337
53.327 12.4967 -0.00153894 -0.000320522 -0.000170987 10.5369
54.3238 12.4967 0.000636426 0.000389558 0.0004392 12.0422
55.3205 12.4967 7.59102e-05 0.000233828 -0.00120458 11.0386
56.3173 12.4967 -0.000866948 -0.000165022 -0.0012009 17.0597
57.3141 12.4967 0.000112963 -7.66644e-05 0.00080656 10.0351
58.3108 12.4967 0.00265806 0.000176289 0.000316681 9.03161
59.3076 12.4967 -0.000236064 0.000210975 0.00118862 8.0281
60.3044 12.4967 -0.000744756 0.000603406 -0.000415536 12.5439
61.3011 12.4967 0.00124462 -0.000439496 0.00107621 9.53337
62.2979 12.4967 0.000256303 0.000469902 -5.78362e-05 18.0632
63.2947 12.4967 -0.000397204 -0.000485447 -0.000202235 12.0422
64.2914 12.4967 -7.51986e-05 0.000218158 -0.000274286 19.0667
65.2882 12.4967 -0.00102275 -0.00022209 -4.62188e-05 17.5615
66.285 12.4967 0.00121734 0.000483171 0.000468653 8.52986
67.2817 12.4967 -0.000140261 -0.00139358 0.00115131 6.52283
68.2785 12.4967 -0.00100292 -0.000160435 -0.00117637 6.52283
69.2753 12.4967 0.00175141 -0.000114131 -0.000373101 9.53337
70.272 12.4967 0.000421233 -0.000176427 -0.000591649 22.579
71.2688 12.4967 8.14086e-05 0.000138087 8.588e-08 12.5439
72.2656 12.4967 -0.00199739 8.83078e-05 0.000909585 10.0351
73.2623 12.4967 0.000406737 -0.000200201 -0.00019379 14.5509
74.2591 12.4967 -3.33049e-05 -0.00130058 -0.000901376 10.5369
75.2559 12.4967 -0.000618183 -0.000321733 -0.00118302 10.5369
76.2526 12.4967 0.000232883 -0.000601516 -0.000618242 7.52634
77.2494 12.4967 -0.00116737 0.000116317 7.76434e-05 9.03161
78.2462 12.4967 -0.000276417 -4.1966e-05 0.000424235 13.0457
79.2429 12.4967 -0.000758359 0.000219265 -0.000534514 17.5615
80.2397 12.4967 -0.000512734 0.00119631 -0.000495269 11.5404
81.2365 12.4967 0.000832295 0.000350197 -0.00148453 18.565
82.2332 12.4967 -0.00141844 0.000905699 -0.00033513 13.0457
0.498383 13.4964 -0.000169487 0.000349963 -0.000977274 10.0351
1.49515 13.4964 0.000291296 0.000234125 0.000338452 10.0351
2.49192 13.4964 0.000412511 0.00122994 0.00114072 10.5369
3.48868 13.4964 -0.00136775 0.000509043 0.000128155 15.5544
4.48545 13.4964 0.000895043 0.000530952 0.000178205 10.5369
5.48221 13.4964 0.00045939 0.00240454 0.000365228 2.50878
6.47898 13.4964 0.000262343 9.45507e-05 -0.000227173 9.03161
7.47575 13.4964 0.00025613 0.000471398 0.000672318 11.0386
8.47251 13.4964 0.000864899 -0.000215655 -0.000442892 12.5439
9.46928 13.4964 0.00139291 -0.000193343 0.000321954 8.52986
10.466 13.4964 0.000227538 0.00116133 0.000681968 13.5474
11.4628 13.4964 -0.00135982 0.000362146 -0.000238897 10.5369
12.4596 13.4964 -0.00081536 0.000664002 -6.42419e-05 8.0281
13.4563 13.4964 9.38219e-05 -0.000926463 0.00062954 6.02108
14.4531 13.4964 0.000749348 -0.00027582 0.00135356 6.52283
15.4499 13.4964 0.000807961 0.000605675 0.000170346 7.52634
16.4466 13.4964 -0.00111603 0.000721852 -0.00110864 15.0527
17.4434 13.4964 -0.000974477 -0.000725502 -0.000282015 9.53337
18.4402 13.4964 0.000152621 -0.000460884 0.00064471 12.0422
19.4369 13.4964 -0.000295623 -0.000423695 -0.000635273 14.0492
20.4337 13.4964 0.00213364 -0.000206087 -0.000143671 8.52986
21.4305 13.4964 -0.000748709 0.000415519 0.000881216 8.52986
22.4272 13.4964 0.000130714 0.000197092 -0.000216149 8.0281
23.424 13.4964 -0.000993514 -0.00061954 -2.83855e-05 8.52986
24.4208 13.4964 0.000379405 0.00093813 -0.000543448 13.5474
25.4175 13.4964 0.000437425 -0.000521495 -0.00147416 7.02459
26.4143 13.4964 -0.000482888 0.000699725 0.000234392 14.5509
27.4111 13.4964 -0.000531879 -5.27783e-05 -5.11742e-05 14.5509
28.4078 13.4964 -0.000407979 0.000191927 0.00127122 8.52986
29.4046 13.4964 0.000801244 0.000167999 0.00116041 6.52283
30.4014 13.4964 -3.7911e-05 0.00106531 -0.000339531 10.0351
31.3981 13.4964 0.000511942 -0.000157988 0.000363533 6.52283
32.3949 13.4964 -0.000417851 0.00082452 0.00131118 11.5404
33.3917 13.4964 0.000739826 0.000408806 0.00182869 11.0386
34.3884 13.4964 -0.000582043 0.000177131 0.000358227 12.0422
35.3852 13.4964 -9.35346e-05 0.000794628 -0.000379566 9.03161
36.382 13.4964 0.00134798 7.18597e-05 -0.000365482 14.0492
37.3787 13.4964 0.000949524 -0.000881676 -0.00198916 7.02459
38.3755 13.4964 -0.000359354 9.99259e-05 0.000273688 10.0351
39.3723 13.4964 -0.000507799 -0.00132553 -0.000360844 7.52634
40.369 13.4964 -6.8897e-05 -0.00118712 -0.000741684 12.0422
41.3658 13.4964 -0.000720812 0.0001911 0.000658719 15.5544
42.3626 13.4964 -0.000151552 -0.00135507 -1.32917e-06 9.03161
43.3593 13.4964 0.000415983 0.000738106 -0.000115152 14.0492
44.3561 13.4964 0.000840292 0.00069205 0.000459406 14.0492
45.3529 13.4964 -0.00096588 -8.79853e-05 -0.000752049 8.0281
46.3496 13.4964 0.00301376 0.000282663 -0.000677827 4.51581
47.3464 13.4964 -0.00138959 0.000770137 -1.90317e-05 5.51932
48.3432 13.4964 0.000793255 -0.000491896 -0.00103505 10.0351
49.3399 13.4964 0.000662565 -0.00116655 -0.000323971 12.0422
50.3367 13.4964 0.000745718 -0.00105251 0.000168311 7.52634
51.3335 13.4964 -0.000147338 -0.000868637 -0.00126659 8.0281
52.3302 13.4964 -0.00134128 -0.000521757 0.000321891 17.0597
53.327 13.4964 -0.00136976 -0.0007941 -0.000191336 12.5439
54.3238 13.4964 0.0009638 6.03667e-05 -0.000269768 11.0386
55.3205 13.4964 -0.000236438 0.000336878 -0.00129673 9.03161
56.3173 13.4964 -7.22321e-05 -0.000957632 0.000631409 7.02459
57.3141 13.4964 -6.52737e-05 -0.00108639 -0.000139392 14.0492
58.3108 13.4964 0.000123254 9.69509e-05 0.000928382 11.0386
59.3076 13.4964 0.00149709 0.000202489 0.000973905 9.03161
60.3044 13.4964 -0.000179913 0.000407031 -6.29207e-05 13.0457
61.3011 13.4964 0.000259743 -0.000513865 1.78802e-05 14.0492
62.2979 13.4964 0.000624922 -0.000710984 -0.00183202 7.02459
63.2947 13.4964 -0.00102587 0.000139906 -0.00137709 6.02108
64.2914 13.4964 0.000502389 0.00167718 0.000748884 6.52283
65.2882 13.4964 0.00167855 0.000971932 -0.00018901 8.0281
66.285 13.4964 -0.000748577 0.000669096 0.000239212 13.5474
67.2817 13.4964 0.000122451 -0.000643956 0.000897906 13.0457
68.2785 13.4964 -8.18234e-05 0.000708493 -0.000646886 8.0281
69.2753 13.4964 -6.37129e-06 -0.00117893 0.000775619 10.0351
70.272 13.4964 0.000135435 -0.000729753 -0.000167694 10.5369
71.2688 13.4964 0.0011263 0.0020818 0.00058214 7.52634
72.2656 13.4964 -0.00104536 -3.06577e-05 0.000169999 7.02459
73.2623 13.4964 0.000566768 -0.00027297 0.000345869 13.0457
74.2591 13.4964 7.4226e-05 9.65089e-05 -0.000285822 16.558
75.2559 13.4964 0.000644326 0.000728865 -0.000448627 11.5404
76.2526 13.4964 0.000300071 0.000837274 -0.000935365 6.02108
77.2494 13.4964 0.00225032 4.06346e-05 -0.000108049 15.0527
78.2462 13.4964 -0.000212928 0.000364429 -0.00055487 11.5404
79.2429 13.4964 -0.000698983 0.00142902 -0.000635803 8.52986
80.2397 13.4964 -0.000456049 -0.000439256 -0.000360699 5.01756
81.2365 13.4964 4.61076e-05 -7.26674e-05 0.00129742 8.0281
82.2332 13.4964 -0.00104045 0.00022742 0.000530363 14.0492
0.498383 14.4961 -0.000438671 -0.000499649 -0.000357304 20.572
1.49515 14.4961 0.00070148 -0.0001179 -0.000184291 12.5439
2.49192 14.4961 -0.000692688 0.000641813 5.7626e-05 20.0703
3.48868 14.4961 7.32306e-05 0.000177013 0.000161728 11.0386
4.48545 14.4961 -0.000734058 -0.000549944 -0.000693445 6.52283
5.48221 14.4961 -0.000230988 0.00109259 0.000139428 4.51581
6.47898 14.4961 3.8579e-05 0.000391396 -0.00117837 8.52986
7.47575 14.4961 -0.000563216 -9.16434e-05 -0.000201315 17.0597
8.47251 14.4961 -0.0010944 -0.000525662 0.00011433 21.0738
9.46928 14.4961 0.000759193 0.000848436 0.00120402 11.0386
10.466 14.4961 -0.000563577 -3.67783e-05 0.00052165 21.5755
11.4628 14.4961 -0.000932278 0.000326163 0.000178124 17.0597
12.4596 14.4961 0.000861355 -0.00042418 -0.000996078 9.03161
13.4563 14.4961 0.000860655 0.00165519 -0.00032839 7.52634
14.4531 14.4961 0.00171404 -0.000289854 0.000695088 7.02459
15.4499 14.4961 -0.000192935 -0.000721263 -0.000818592 10.0351
16.4466 14.4961 -0.00138829 0.00102671 0.000172363 28.0984
17.4434 14.4961 -0.00102245 0.000140597 -0.000132591 11.5404
18.4402 14.4961 0.000874617 -0.00075829 -0.000469063 14.5509
19.4369 14.4961 -0.00147958 5.47365e-05 2.12387e-05 19.5685
20.4337 14.4961 0.000513898 -0.000319175 0.00174524 11.0386
21.4305 14.4961 -0.000534023 0.000574745 -0.000731372 6.02108
22.4272 14.4961 7.13889e-06 -0.00107078 -0.000196045 8.0281
23.424 14.4961 -0.00147264 -0.000370168 5.70025e-05 11.0386
24.4208 14.4961 0.000943229 2.6068e-05 0.000112336 19.5685
25.4175 14.4961 7.48169e-05 -0.000334868 0.001092 15.5544
26.4143 14.4961 -0.000247248 0.00134241 -0.000609924 9.53337
27.4111 14.4961 0.000613681 -0.000773125 -5.40302e-06 26.5931
28.4078 14.4961 0.000392622 -5.79212e-05 -0.00115356 9.53337
29.4046 14.4961 0.00164483 -0.000660457 -0.000224758 5.51932
30.4014 14.4961 0.000139251 -0.000452524 -0.000855808 8.0281
31.3981 14.4961 -6.67406e-05 0.000357086 0.000962292 10.0351
32.3949 14.4961 -0.000484167 -9.93926e-06 -0.000710148 15.5544
33.3917 14.4961 0.00058665 -0.00122579 -0.000754552 20.572
34.3884 14.4961 -0.000287047 -0.00134511 -0.00107301 7.52634
35.3852 14.4961 9.91147e-06 0.000727626 0.00010853 22.579
36.382 14.4961 0.000130592 -0.000368914 0.000811267 19.5685
37.3787 14.4961 0.00105862 0.00106151 0.00125983 7.52634
38.3755 14.4961 1.51197e-06 -0.00184394 0.000565689 9.03161
39.3723 14.4961 -0.000523202 -0.000576229 0.00055378 11.0386
40.369 14.4961 -0.000715219 0.00135987 0.00026923 9.53337
41.3658 14.4961 -0.000691044 0.000111317 0.000494296 20.572
42.3626 14.4961 0.000759155 1.45864e-05 0.000238819 10.5369
43.3593 14.4961 0.000775089 0.000670255 0.000712159 17.0597
44.3561 14.4961 -0.000918204 0.000246308 -0.000297792 19.5685
45.3529 14.4961 -0.00106645 -0.000929538 0.00092176 11.0386
46.3496 14.4961 0.0013985 -0.000655033 0.000798581 6.52283
47.3464 14.4961 0.000485431 0.00150352 0.000396616 7.02459
48.3432 14.4961 -0.000415365 -9.6053e-05 0.000663891 15.0527
49.3399 14.4961 3.38034e-05 -0.000175252 0.000437725 22.0773
50.3367 14.4961 0.000866509 9.87289e-06 0.00116375 15.0527
51.3335 14.4961 -0.00127027 -0.00090036 -0.000986595 14.5509
52.3302 14.4961 -0.000625971 -0.000666021 0.000543166 16.558
53.327 14.4961 -0.00128333 0.000529967 0.000921317 12.0422
54.3238 14.4961 -0.000308073 0.000905485 -0.000393367 7.52634
55.3205 14.4961 -0.0011787 0.000243101 -0.000552894 10.5369
56.3173 14.4961 0.000171825 0.00110205 -9.23414e-05 6.52283
57.3141 14.4961 -0.000791008 0.000504144 0.00040502 15.5544
58.3108 14.4961 0.000164274 -0.000491435 0.000179337 21.5755
59.3076 14.4961 -0.000103649 0.000494189 -5.06513e-05 14.0492
60.3044 14.4961 -0.000496401 -0.000126211 -0.00014993 17.0597
61.3011 14.4961 0.00015437 -0.000445263 -5.42471e-05 20.572
62.2979 14.4961 0.000538799 -0.000769745 0.000970754 7.52634
63.2947 14.4961 -0.00212554 -0.000509045 -0.00057024 7.02459
64.2914 14.4961 0.00115504 -0.00102313 0.00040428 5.51932
65.2882 14.4961 0.000690041 -0.000687377 0.000793499 16.0562
66.285 14.4961 -0.00130243 0.00040158 -8.2376e-05 19.0667
67.2817 14.4961 -0.0013716 -0.000231595 0.000354911 13.5474
68.2785 14.4961 -0.000831032 0.000424836 -0.000780051 16.558
69.2753 14.4961 -5.27457e-05 -0.000732365 -0.0010782 25.0878
70.272 14.4961 -0.000112648 0.000157768 -1.10227e-05 6.52283
71.2688 14.4961 0.000331411 0.00023914 0.000604294 7.02459
72.2656 14.4961 -0.00221001 0.00121703 0.000404421 8.52986
73.2623 14.4961 -0.000882864 7.63731e-05 -0.000640509 11.5404
74.2591 14.4961 2.53898e-05 2.67297e-06 0.000447508 15.5544
75.2559 14.4961 1.01051e-05 0.000419171 -6.10566e-05 18.565
76.2526 14.4961 0.000966368 -0.000583728 0.00176742 8.52986
77.2494 14.4961 -0.000773655 -0.000438363 -0.000218081 29.1019
78.2462 14.4961 7.32174e-05 7.70848e-05 -0.000368651 11.5404
79.2429 14.4961 -0.000243409 -0.000652435 -0.000451076 6.52283
80.2397 14.4961 0.0011077 0.00112101 -0.00160287 4.51581
81.2365 14.4961 0.000464472 0.000107141 0.000343826 8.0281
82.2332 14.4961 -0.00026383 2.33253e-05 0.000810872 17.5615
0.498383 15.4959 0.00093136 -0.000628484 9.6816e-05 9.03161
1.49515 15.4959 0.000560157 -0.000314377 -0.000346815 7.02459
2.49192 15.4959 0.000846845 -0.000124689 -0.000692491 10.0351
3.48868 15.4959 0.00154051 -0.00063303 -0.00131049 10.0351
4.48545 15.4959 -0.000161849 0.00136333 -0.000575254 15.5544
5.48221 15.4959 0.000496714 1.6875e-06 0.000132013 10.0351
6.47898 15.4959 0.000723355 0.000285899 -0.00130367 9.03161
7.47575 15.4959 0.000760734 -0.000265379 -0.000481403 12.0422
8.47251 15.4959 -0.00127345 0.000195089 -0.000215339 11.5404
9.46928 15.4959 0.000802848 0.000202222 -0.000116364 5.51932
10.466 15.4959 -0.00157923 -0.000576467 -0.00089561 10.0351
11.4628 15.4959 -9.41015e-05 0.000979881 0.000269405 6.52283
12.4596 15.4959 0.000477531 -6.79143e-06 -0.0012004 10.5369
13.4563 15.4959 -0.000447424 -0.00174052 -0.000607257 7.02459
14.4531 15.4959 -0.00198578 -0.00178075 -0.000157737 7.52634
15.4499 15.4959 0.00112074 -0.000113665 -0.000680655 14.5509
16.4466 15.4959 -0.000235025 0.000372686 -0.0012098 11.5404
17.4434 15.4959 0.000843598 -0.00138248 -0.00160205 5.51932
18.4402 15.4959 -0.00121431 0.000378817 -3.64097e-06 8.52986
19.4369 15.4959 -0.000920031 0.00109507 -0.000666819 10.0351
20.4337 15.4959 2.76822e-05 -6.48581e-06 0.00105461 10.5369
21.4305 15.4959 0.000415582 1.10132e-05 -5.04996e-05 10.0351
22.4272 15.4959 0.00117248 0.000727322 0.000787124 9.03161
23.424 15.4959 -0.000965769 -0.000425055 -0.000601714 11.0386
24.4208 15.4959 0.000193068 -0.000185942 0.000505036 16.0562
25.4175 15.4959 0.000729385 0.000105715 -0.000541623 6.02108
26.4143 15.4959 -0.000935862 -0.000500037 -0.00154152 5.01756
27.4111 15.4959 -0.000329736 0.000698411 3.55472e-05 9.03161
28.4078 15.4959 -0.00165881 -0.00148946 -0.00104944 14.0492
29.4046 15.4959 9.64642e-05 0.000180315 -1.50962e-05 10.0351
30.4014 15.4959 -0.000951494 -0.00103635 0.000297653 10.0351
31.3981 15.4959 -0.000448554 -0.000921454 -0.000690799 13.0457
32.3949 15.4959 -0.000880488 0.000821044 0.000710053 13.5474
33.3917 15.4959 0.00030764 0.000819604 -0.000879479 9.03161
34.3884 15.4959 0.00222475 0.00052172 -0.00156294 7.02459
35.3852 15.4959 -0.000452133 8.07082e-05 0.00040635 10.0351
36.382 15.4959 7.97194e-05 0.000693411 -0.000655069 7.02459
37.3787 15.4959 0.000707345 -0.000358957 -0.000312895 8.52986
38.3755 15.4959 0.000970631 -0.00137156 -0.00127298 6.52283
39.3723 15.4959 0.00166526 0.00014124 -0.00146637 6.52283
40.369 15.4959 0.001029 -0.000281635 -4.77754e-05 10.5369
41.3658 15.4959 -0.000307076 -0.000416869 0.000400268 10.5369
42.3626 15.4959 0.00017634 0.000722165 -0.00171015 9.53337
43.3593 15.4959 -0.000846112 -0.000263648 4.61681e-05 9.53337
44.3561 15.4959 0.000262438 -0.000142948 9.74146e-05 11.0386
45.3529 15.4959 0.000102162 0.000643375 0.000366125 12.0422
46.3496 15.4959 -0.000444916 -0.000308831 0.000725418 10.0351
47.3464 15.4959 -0.000699591 0.000173087 -0.000135661 9.03161
48.3432 15.4959 9.89821e-05 0.000669579 -0.000808613 10.0351
49.3399 15.4959 -0.00195865 0.000939677 0.000187883 10.0351
50.3367 15.4959 0.000874045 -0.000565149 -0.00126637 10.5369
51.3335 15.4959 -0.00117025 0.000358329 0.000141747 9.53337
52.3302 15.4959 0.000122628 -0.000161843 -0.000863989 11.5404
53.327 15.4959 0.000686428 0.000324705 0.000510697 12.0422
54.3238 15.4959 -0.000953766 -0.000919938 -0.00109554 8.0281
55.3205 15.4959 0.00183718 0.000101282 0.000145479 9.03161
56.3173 15.4959 -0.000366816 0.000274989 0.000681342 11.0386
57.3141 15.4959 -6.46278e-05 -0.000840949 -0.000212104 9.53337
58.3108 15.4959 -0.00026114 0.000781054 0.000207574 6.52283
59.3076 15.4959 -0.000334319 0.000390144 -0.000104361 8.0281
60.3044 15.4959 -0.00145855 -9.74316e-05 6.09977e-05 10.0351
61.3011 15.4959 -0.000217067 -3.50037e-05 0.00129683 7.52634
62.2979 15.4959 -0.000935698 0.000217402 -5.77538e-05 11.0386
63.2947 15.4959 0.00165393 0.001494 0.000940798 8.0281
64.2914 15.4959 0.000407686 -0.000429812 -0.00095381 8.52986
65.2882 15.4959 0.000674896 0.00119882 0.00138402 12.5439
66.285 15.4959 -0.000860697 -2.47312e-05 -0.000651322 11.0386
67.2817 15.4959 -0.0012656 -0.000258141 -9.58266e-05 5.01756
68.2785 15.4959 0.00143201 9.756e-05 -0.000966016 8.0281
69.2753 15.4959 0.00167032 0.000551008 0.000403515 7.52634
70.272 15.4959 0.00104847 -8.53566e-05 0.000218982 10.5369
71.2688 15.4959 0.000469423 -0.000392723 -0.000289262 8.52986
72.2656 15.4959 -0.00142739 -0.000249707 -9.86891e-05 6.52283
73.2623 15.4959 -0.000522449 -0.000423413 -0.000517622 9.53337
74.2591 15.4959 0.000564556 -0.000551332 -0.000659104 11.5404
75.2559 15.4959 -0.000397132 -0.000280535 0.00151915 10.5369
76.2526 15.4959 -0.000571233 0.000401661 0.000128726 10.0351
77.2494 15.4959 0.000708663 0.00127819 0.00036158 7.02459
78.2462 15.4959 -0.00200778 -0.000106342 0.000671796 9.03161
79.2429 15.4959 -0.0006708 -0.00155141 -0.000184054 5.51932
80.2397 15.4959 -0.00184933 0.000302468 -0.000499533 10.5369
81.2365 15.4959 0.000188005 -0.000825659 0.00096495 8.52986
82.2332 15.4959 0.000798102 0.00155849 -0.000371848 11.0386
0.498383 16.4956 -0.00118908 -0.000254581 0.000516084 7.02459
1.49515 16.4956 -0.00105973 -0.00036726 -9.92194e-05 7.02459
2.49192 16.4956 0.000307089 0.00018897 -0.00110217 8.52986
3.48868 16.4956 -0.000588867 0.000408199 -3.44179e-05 13.0457
4.48545 16.4956 -0.00134875 -0.000155764 4.92726e-05 17.5615
5.48221 16.4956 0.000873548 0.00013523 0.00119577 9.53337
6.47898 16.4956 -0.000618561 -0.000218345 -0.000431345 20.572
7.47575 16.4956 -0.000353457 0.000162799 -0.000840628 16.558
8.47251 16.4956 0.000157871 -0.00110084 0.00067148 5.01756
9.46928 16.4956 -0.000313777 0.000416302 -0.000646868 11.5404
10.466 16.4956 -0.000562894 -0.000565409 0.000130177 7.52634
11.4628 16.4956 -0.000178969 0.000266585 0.000806027 18.0632
12.4596 16.4956 -0.000162705 -0.000872126 -0.000459149 30.6071
13.4563 16.4956 0.000755496 0.000256642 -0.000496987 11.5404
14.4531 16.4956 -0.00162433 0.000567274 -0.00069305 21.0738
15.4499 16.4956 0.0001426 0.000964865 0.000911136 21.0738
16.4466 16.4956 -0.000946142 0.00111096 -0.000200168 5.51932
17.4434 16.4956 0.00147779 -0.000730605 -0.000897774 7.02459
18.4402 16.4956 0.00064147 0.000464658 0.000321818 7.02459
19.4369 16.4956 -2.11269e-05 0.000195346 0.000920699 15.5544
20.4337 16.4956 8.85929e-05 -0.000398241 0.00154817 24.0843
21.4305 16.4956 -0.000507166 -0.000583851 -0.0005822 11.5404
22.4272 16.4956 0.000745743 0.000484074 -0.000395562 14.0492
23.424 16.4956 -0.00039687 -0.000104217 -0.00064068 23.0808
24.4208 16.4956 0.000152896 -0.00207294 0.000633572 7.52634
25.4175 16.4956 0.0011598 0.000523509 0.000118091 9.03161
26.4143 16.4956 0.000970079 -0.0013814 0.000255084 7.52634
27.4111 16.4956 -0.00139403 -0.000384997 0.000153506 8.0281
28.4078 16.4956 -0.000645616 -0.000385586 0.000710438 18.0632
29.4046 16.4956 0.000545636 0.000788388 0.000432759 20.572
30.4014 16.4956 0.000738573 -0.001726 -0.000127446 9.03161
31.3981 16.4956 -7.47493e-05 -0.000297428 -0.000520751 24.5861
32.3949 16.4956 -0.00078836 -0.00150936 0.00111194 10.0351
33.3917 16.4956 0.00141417 -0.000263237 0.00083246 9.53337
34.3884 16.4956 -0.000732316 -0.00121816 -0.000190692 9.53337
35.3852 16.4956 -0.000807833 0.00031464 0.00088978 9.53337
36.382 16.4956 -0.00119192 -0.000446944 0.00103606 11.5404
37.3787 16.4956 0.000116526 0.000352347 0.000140883 30.6071
38.3755 16.4956 -0.000448057 -1.96772e-05 0.000858863 10.0351
39.3723 16.4956 -0.000596707 0.000517379 0.000433606 16.0562
40.369 16.4956 5.98549e-06 -4.93735e-05 -0.000288463 23.5825
41.3658 16.4956 -0.000522641 -0.00220912 4.47657e-05 9.03161
42.3626 16.4956 0.001549 -0.00147209 -0.000111115 7.02459
43.3593 16.4956 -0.000652643 -0.000852422 0.00108477 6.02108
44.3561 16.4956 9.69282e-05 -0.000731967 0.00128957 11.5404
45.3529 16.4956 0.000193821 -0.000128674 0.000431058 23.0808
46.3496 16.4956 0.00104013 -0.00102908 -0.000462131 17.0597
47.3464 16.4956 -0.000446822 3.33586e-05 8.71539e-05 14.0492
48.3432 16.4956 -0.00127411 0.00025015 -0.00041054 21.0738
49.3399 16.4956 0.00130637 -0.000382169 -0.00114933 11.0386
50.3367 16.4956 -0.000587786 -0.000438044 -0.000330833 7.52634
51.3335 16.4956 -2.98985e-05 -0.000945443 -0.000984954 4.01405
52.3302 16.4956 0.00159983 4.92989e-06 -0.000159406 9.53337
53.327 16.4956 -0.000194286 -0.00025385 0.000743491 19.5685
54.3238 16.4956 -0.00132162 0.000300064 -0.00153339 14.0492
55.3205 16.4956 -0.000193026 0.000678673 -0.000290469 11.5404
56.3173 16.4956 -0.000517634 -3.46102e-05 0.000392855 20.572
57.3141 16.4956 0.000244983 -0.000921986 0.000929282 16.0562
58.3108 16.4956 -7.34479e-05 0.000429038 0.00149523 7.02459
59.3076 16.4956 0.00177834 0.000139161 0.000158725 7.02459
60.3044 16.4956 -0.000336768 0.000836232 0.000673288 11.5404
61.3011 16.4956 5.91976e-05 0.000278842 0.000423319 7.02459
62.2979 16.4956 0.000325413 -0.000550352 -0.000199649 28.6001
63.2947 16.4956 -0.00249078 0.00134878 -0.000295805 9.53337
64.2914 16.4956 -0.000785325 -1.54293e-05 -0.0002752 17.0597
65.2882 16.4956 -0.000798388 0.000297748 0.000237591 23.5825
66.285 16.4956 0.00108534 0.000474649 0.00037751 8.52986
67.2817 16.4956 0.00185759 0.000373697 0.0010512 10.0351
68.2785 16.4956 0.000495264 -0.000429955 -0.000282968 10.0351
69.2753 16.4956 3.77891e-05 0.000180704 0.000632651 15.0527
70.272 16.4956 -0.000440482 -0.000263041 -1.01174e-06 19.0667
71.2688 16.4956 0.000366164 0.00135027 0.00122571 18.0632
72.2656 16.4956 -1.74514e-05 0.00044817 -0.000346899 16.0562
73.2623 16.4956 0.000530545 -0.000394933 -0.00168442 19.0667
74.2591 16.4956 -0.00174999 -0.000158682 -0.000108588 8.52986
75.2559 16.4956 0.00174378 -0.000834896 0.000381194 7.52634
76.2526 16.4956 0.000250443 0.000821669 -0.000163648 7.02459
77.2494 16.4956 0.000213098 0.000297129 0.000687962 13.0457
78.2462 16.4956 -0.00121631 0.000182297 7.30989e-05 21.0738
79.2429 16.4956 0.000263185 -0.000132469 7.96211e-05 21.0738
80.2397 16.4956 0.00196088 -0.000198843 0.000532365 9.53337
81.2365 16.4956 -0.000372011 0.000935619 0.00011134 31.1089
82.2332 16.4956 -0.000868622 0.000385868 -0.00059697 13.0457
0.498383 17.4953 0.000143099 0.00119435 0.00128468 7.02459
1.49515 17.4953 -0.000850202 -0.000307257 -0.000917005 6.52283
2.49192 17.4953 0.000568904 0.00146429 0.000416444 8.52986
3.48868 17.4953 0.000422437 -0.000692542 0.000669027 11.0386
4.48545 17.4953 -0.000146908 -0.000821482 0.000841934 13.0457
5.48221 17.4953 -0.00092493 0.000293989 -0.000659692 9.03161
6.47898 17.4953 -0.00190164 0.00104408 -0.00119128 11.5404
7.47575 17.4953 -0.000339887 0.000345192 0.000365752 13.0457
8.47251 17.4953 -4.45776e-05 0.000195731 -0.000886753 10.0351
9.46928 17.4953 -0.000895353 -0.00150512 0.000321988 6.52283
10.466 17.4953 0.00518271 -0.000814219 -3.63144e-05 3.51229
11.4628 17.4953 -0.000586337 -0.000344659 0.00101272 12.0422
12.4596 17.4953 -2.20501e-05 -3.81437e-05 0.00025903 9.53337
13.4563 17.4953 0.00147673 5.29798e-05 -0.00133062 7.52634
14.4531 17.4953 -0.000194871 0.000377395 -0.000981376 11.0386
15.4499 17.4953 0.000535351 -0.000176476 -3.14253e-05 15.0527
16.4466 17.4953 -0.00221681 -0.00027499 5.65398e-05 12.0422
17.4434 17.4953 0.000753532 0.000770611 -0.00112623 8.52986
18.4402 17.4953 0.0003669 -0.000622896 -0.000206045 5.51932
19.4369 17.4953 -0.00243896 0.000143256 -0.00117146 5.51932
20.4337 17.4953 0.000264806 -0.00102912 0.00115535 13.0457
21.4305 17.4953 0.000536874 -0.00120454 0.00011123 10.5369
22.4272 17.4953 -0.000511181 0.00051437 -0.000276867 12.0422
23.424 17.4953 -0.000646524 0.000206577 -0.000381599 13.5474
24.4208 17.4953 -6.70152e-05 -0.000251197 -0.00102877 7.52634
25.4175 17.4953 -0.000775205 -7.46857e-05 -0.000414864 8.0281
26.4143 17.4953 -0.000339338 -0.000882201 0.000266546 8.0281
27.4111 17.4953 -0.000142819 -0.000319851 0.00134722 9.03161
28.4078 17.4953 -0.00107047 0.000288306 0.00011061 12.0422
29.4046 17.4953 0.00240102 -0.000370743 9.68923e-05 12.0422
30.4014 17.4953 0.00108426 -0.000512017 0.000485718 7.02459
31.3981 17.4953 -0.00129352 0.000430197 -0.000230523 12.0422
32.3949 17.4953 0.000389353 0.000380946 -0.000560395 13.0457
33.3917 17.4953 0.00106094 0.000882801 0.00102097 12.0422
34.3884 17.4953 0.00286517 -0.000484386 -0.00102738 5.01756
35.3852 17.4953 -0.00161671 -0.000236239 0.000132638 8.52986
36.382 17.4953 0.000353558 0.000887727 0.000187993 10.0351
37.3787 17.4953 -0.00151441 0.000883154 -0.000229964 14.5509
38.3755 17.4953 -0.000269091 0.0003352 0.000335445 12.0422
39.3723 17.4953 8.20744e-05 -0.000168643 0.0001924 8.52986
40.369 17.4953 0.000482551 -9.25352e-05 0.000170121 12.5439
41.3658 17.4953 0.000300481 2.24253e-05 0.00026893 10.0351
42.3626 17.4953 0.000645349 -5.49558e-06 -0.000501319 9.53337
43.3593 17.4953 0.000378245 -0.000525503 -0.00126293 7.52634
44.3561 17.4953 1.50485e-05 0.000250195 0.000720444 12.0422
45.3529 17.4953 0.000445492 0.000281364 -0.000105695 9.53337
46.3496 17.4953 -0.000248039 -1.35925e-05 -0.000181205 9.53337
47.3464 17.4953 -0.00106076 -0.000121909 -0.00126249 9.53337
48.3432 17.4953 0.00107564 -0.000508692 0.000690877 15.0527
49.3399 17.4953 5.85822e-05 0.000357807 0.000298657 9.03161
50.3367 17.4953 0.00102104 0.00152282 0.00062944 9.53337
51.3335 17.4953 0.0013215 0.000958038 -0.000137792 8.52986
52.3302 17.4953 -0.000289075 -0.00136068 0.000185566 8.52986
53.327 17.4953 0.000509332 0.000379894 -0.0006015 16.558
54.3238 17.4953 0.000250363 -0.000137657 -0.00128022 9.53337
55.3205 17.4953 0.000401969 0.000454455 -0.000445406 11.5404
56.3173 17.4953 -0.000518569 -0.000477558 0.000404586 13.5474
57.3141 17.4953 0.000371837 -0.000347253 1.94165e-06 12.0422
58.3108 17.4953 -0.000139188 0.00128079 -0.00173924 6.52283
59.3076 17.4953 -0.00116263 -0.000758661 0.00129506 8.52986
60.3044 17.4953 -0.000431123 -0.00121063 -0.00222006 6.52283
61.3011 17.4953 0.000177668 -0.00119975 1.17545e-06 10.0351
62.2979 17.4953 0.000372086 -0.00038411 0.000366474 16.558
63.2947 17.4953 -0.000980733 0.000407359 0.000766146 7.02459
64.2914 17.4953 0.000748425 -0.00142858 0.00179249 10.0351
65.2882 17.4953 -0.000335807 -0.000165614 -0.000451367 10.0351
66.285 17.4953 0.000516353 -0.000359168 -0.00165034 7.52634
67.2817 17.4953 0.00147493 0.00167753 0.000375269 7.02459
68.2785 17.4953 -0.000929468 0.00130623 -0.000763485 8.52986
69.2753 17.4953 -0.00101925 7.75389e-05 -0.000133207 9.03161
70.272 17.4953 -0.000701785 0.000823442 0.000992138 12.5439
71.2688 17.4953 0.000921983 -0.000238603 6.66936e-05 9.53337
72.2656 17.4953 -0.000424195 0.000156344 -0.000336771 14.5509
73.2623 17.4953 -0.000345189 -0.000295709 5.77888e-05 12.5439
74.2591 17.4953 0.000187259 -0.000131258 0.00070821 10.5369
75.2559 17.4953 0.00107878 0.000477081 -0.00169559 9.03161
76.2526 17.4953 0.000648999 -0.000180972 -0.00127464 10.5369
77.2494 17.4953 -0.0014168 0.00067629 -0.00040595 5.01756
78.2462 17.4953 0.000367465 -0.000417768 -0.000182664 14.0492
79.2429 17.4953 0.000829015 4.56668e-05 0.000731789 9.53337
80.2397 17.4953 -0.000656462 -0.000230707 -0.000675607 10.0351
81.2365 17.4953 -2.50662e-06 2.71259e-05 -0.000772357 13.0457
82.2332 17.4953 0.00177505 0.000244714 0.000186501 8.52986
0.498383 18.4951 -0.000253367 -0.000564904 0.000246277 20.572
1.49515 18.4951 -0.000756219 0.00111714 3.71122e-05 6.52283
2.49192 18.4951 -0.000147703 0.000172284 -0.000228814 18.565
3.48868 18.4951 0.000977035 -0.000829848 -0.000249893 14.0492
4.48545 18.4951 -0.000899096 -0.000732355 0.000342817 11.0386
5.48221 18.4951 0.000488268 0.000334607 0.000108328 7.52634
6.47898 18.4951 0.000112178 0.000452358 0.0016776 5.51932
7.47575 18.4951 0.00109077 0.000841239 0.00162202 11.0386
8.47251 18.4951 0.000741948 0.00116506 6.71231e-05 17.5615
9.46928 18.4951 0.000569805 -0.00108179 0.000218435 9.53337
10.466 18.4951 -0.000557247 -0.000105917 0.00138437 14.0492
11.4628 18.4951 0.000506852 0.000347048 -0.000735387 17.0597
12.4596 18.4951 -2.44233e-05 -0.000883178 -0.00103259 6.52283
13.4563 18.4951 -0.00135279 0.000521563 -0.00107471 5.01756
14.4531 18.4951 0.000137151 -0.000177738 -9.20287e-05 4.51581
15.4499 18.4951 0.00131502 0.000265359 -0.000347867 9.53337
16.4466 18.4951 -0.000144835 5.87832e-06 -0.000236193 21.0738
17.4434 18.4951 0.00108526 -0.00101782 -0.000641036 12.5439
18.4402 18.4951 0.000563235 -0.000400268 -0.00034825 13.0457
19.4369 18.4951 -0.000111264 2.73386e-05 0.000668743 17.0597
20.4337 18.4951 -0.000974687 0.00103265 0.000245752 12.5439
21.4305 18.4951 -0.00086093 -0.000290335 -0.000858504 9.53337
22.4272 18.4951 0.00189585 0.000667811 -0.000926444 4.51581
23.424 18.4951 0.000916286 -0.00155531 -0.00014473 7.52634
24.4208 18.4951 -0.000235898 -0.000407265 -0.00073175 18.565
25.4175 18.4951 -0.000291348 0.000757586 0.00105254 9.53337
26.4143 18.4951 0.000446694 0.000450816 0.000337865 11.0386
27.4111 18.4951 -0.00183545 -0.000991924 0.000218156 15.5544
28.4078 18.4951 0.000654222 0.000932824 -0.0017067 8.52986
29.4046 18.4951 0.000841156 -0.000700746 -0.00166284 8.52986
30.4014 18.4951 8.50289e-05 0.000775096 0.000183045 8.0281
31.3981 18.4951 -0.000179406 0.000714194 -0.00193564 6.52283
32.3949 18.4951 0.000572771 -0.000602132 -0.000181147 11.0386
33.3917 18.4951 -0.000651518 -9.23244e-05 0.000101527 17.5615
34.3884 18.4951 0.00306445 -8.9712e-05 0.000877221 8.52986
35.3852 18.4951 0.000189497 0.000713593 0.000345864 14.5509
36.382 18.4951 -0.000675488 -5.73643e-05 -8.8775e-05 13.5474
37.3787 18.4951 -9.62807e-05 -0.000426005 -0.000313851 9.03161
38.3755 18.4951 -4.84634e-05 -0.0011192 -0.000510936 4.51581
39.3723 18.4951 -0.0011564 0.000282369 0.00134293 9.53337
40.369 18.4951 3.35386e-05 -0.00081147 0.000339965 12.5439
41.3658 18.4951 0.000234613 0.0006935 0.00115677 15.5544
42.3626 18.4951 0.000684768 -0.000154275 0.000830368 7.52634
43.3593 18.4951 0.000309129 -0.000818009 6.34828e-05 14.0492
44.3561 18.4951 0.000164906 -0.000192822 -0.000736853 17.0597
45.3529 18.4951 0.000190355 0.000169872 -0.000977609 11.5404
46.3496 18.4951 0.000294452 0.000142327 0.000281988 6.02108
47.3464 18.4951 -0.000705602 -0.000325399 -0.00263914 5.51932
48.3432 18.4951 0.000917062 0.000190027 0.000158331 8.0281
49.3399 18.4951 -0.000637909 0.000252809 8.6553e-05 15.5544
50.3367 18.4951 1.07041e-05 -0.000158288 0.000154577 13.0457
51.3335 18.4951 0.000302511 -0.000309433 -0.000665748 12.0422
52.3302 18.4951 4.95448e-05 -0.000694262 -0.000171099 19.5685
53.327 18.4951 -0.00063362 0.000228499 0.000442223 11.0386
54.3238 18.4951 -0.000727974 -0.000745281 0.00038653 5.51932
55.3205 18.4951 0.00121969 -0.000487381 -2.80778e-06 9.03161
56.3173 18.4951 -0.000797876 -0.00186926 -0.00090627 9.03161
57.3141 18.4951 -0.0010703 -0.000356926 0.000968983 14.5509
58.3108 18.4951 0.000303798 0.00128314 -0.000320709 13.0457
59.3076 18.4951 -0.000160661 -0.00100688 0.000515311 13.5474
60.3044 18.4951 -0.000413504 -0.000375045 0.00101634 15.0527
61.3011 18.4951 0.000552528 7.68772e-05 -0.00101574 15.5544
62.2979 18.4951 2.91956e-05 -5.13155e-05 0.000454643 5.51932
63.2947 18.4951 0.000949066 -0.000246455 0.000829291 9.03161
64.2914 18.4951 0.00252576 0.00176274 -0.00117223 6.52283
65.2882 18.4951 -0.000914745 -0.00200198 0.000505186 8.52986
66.285 18.4951 0.000724926 5.28105e-05 0.000103606 18.565
67.2817 18.4951 0.00166987 0.00029926 0.00163885 10.0351
68.2785 18.4951 -0.000594501 -8.6625e-05 -0.00157785 9.53337
69.2753 18.4951 -0.000182299 0.000323642 9.31424e-05 19.0667
70.272 18.4951 -0.00178441 -5.8197e-05 0.000781092 9.53337
71.2688 18.4951 -0.00141435 -0.0012288 0.000201721 4.01405
72.2656 18.4951 1.65428e-05 -0.000723357 0.000183863 7.52634
73.2623 18.4951 0.0013201 -0.00117147 -0.000535961 10.0351
74.2591 18.4951 -0.00155715 -5.54513e-05 -8.04381e-05 18.565
75.2559 18.4951 0.00124527 8.83929e-05 0.000688302 13.0457
76.2526 18.4951 0.000293738 -0.00112418 -0.000712885 11.0386
77.2494 18.4951 -0.000699357 6.91208e-05 0.000484052 20.0703
78.2462 18.4951 -1.7455e-05 0.000561867 0.000272256 13.5474
79.2429 18.4951 -0.00064715 -6.09793e-05 -0.00097627 7.02459
80.2397 18.4951 0.001887 -0.00111591 0.000150884 6.52283
81.2365 18.4951 0.000356058 0.000809403 -0.000898464 5.51932
82.2332 18.4951 -0.000414812 -7.8742e-05 -0.000628515 15.0527
0.498383 19.4948 0.000243719 0.000874739 0.000625072 16.0562
1.49515 19.4948 0.00128681 -0.000567804 -0.000889239 7.02459
2.49192 19.4948 6.55681e-05 0.0003167 8.95587e-06 20.572
3.48868 19.4948 0.000180536 -0.00022629 0.000187983 14.0492
4.48545 19.4948 -0.00098539 -0.000189758 -0.000474944 5.51932
5.48221 19.4948 4.93576e-05 0.000274199 -0.0018346 9.03161
6.47898 19.4948 0.000128819 -0.000793585 0.000619786 12.0422
7.47575 19.4948 -0.00021663 0.000136142 -0.000682359 13.5474
8.47251 19.4948 -0.000604461 0.000267444 -0.000181852 20.0703
9.46928 19.4948 0.00021683 0.000568571 0.000132456 13.5474
10.466 19.4948 -5.46387e-05 0.000329781 -0.000414569 16.558
11.4628 19.4948 -5.51699e-05 -0.000647122 -0.00122718 17.5615
12.4596 19.4948 0.000283791 0.000901704 -0.000437844 7.52634
13.4563 19.4948 0.000200817 0.000216875 -0.00132434 8.52986
14.4531 19.4948 0.00129039 -0.000711495 -0.000175472 8.0281
15.4499 19.4948 -0.000796156 0.000402054 -0.00131807 10.0351
16.4466 19.4948 -0.000105843 6.68154e-05 -0.000566472 16.558
17.4434 19.4948 0.000388907 -0.000333246 0.00193436 11.5404
18.4402 19.4948 0.000501634 0.000356153 7.75662e-06 10.5369
19.4369 19.4948 -0.000277722 0.000623119 1.90713e-06 22.579
20.4337 19.4948 0.000765888 0.00132678 -0.000661614 8.52986
21.4305 19.4948 0.00141653 -0.00015443 -0.000705631 7.52634
22.4272 19.4948 -0.000348738 -0.00115817 0.000608334 7.52634
23.424 19.4948 -0.000236011 -0.000323144 0.00044851 10.5369
24.4208 19.4948 -0.000760792 -0.000176388 0.000598044 19.5685
25.4175 19.4948 0.00091018 -0.000400223 -0.000748251 15.5544
26.4143 19.4948 0.000803633 -2.61804e-06 -0.000113343 11.5404
27.4111 19.4948 -0.000425235 -0.00161003 0.000823032 20.0703
28.4078 19.4948 -8.45656e-05 -7.29285e-05 8.27938e-05 14.5509
29.4046 19.4948 0.000725874 -0.000165201 0.000168553 12.0422
30.4014 19.4948 0.000862235 -0.000902755 0.000779458 8.52986
31.3981 19.4948 0.00127029 -0.00183112 0.000533046 8.0281
32.3949 19.4948 -0.000248898 -0.000913158 0.00016111 13.0457
33.3917 19.4948 0.000478216 9.38805e-05 0.000879371 25.5896
34.3884 19.4948 0.00186791 -0.000352099 -0.000130957 8.52986
35.3852 19.4948 -0.000339329 0.000262688 -0.00110305 14.0492
36.382 19.4948 0.00111702 0.00158043 0.00100936 18.565
37.3787 19.4948 0.00023419 -0.000410071 -2.26932e-05 7.02459
38.3755 19.4948 0.00200817 -0.000313501 -0.0013751 5.51932
39.3723 19.4948 0.000146249 -0.00181047 0.00137241 5.01756
40.369 19.4948 0.000456249 0.000330912 -0.000301173 10.0351
41.3658 19.4948 1.25954e-05 -0.000279113 -4.92957e-05 18.565
42.3626 19.4948 -0.00111356 -0.000780891 0.000329412 15.5544
43.3593 19.4948 -0.000195469 -0.000619753 -0.000663501 15.0527
44.3561 19.4948 -0.000867888 -3.11414e-05 -0.000272029 16.0562
45.3529 19.4948 -0.0013301 -0.000338936 -0.000120762 8.0281
46.3496 19.4948 0.000510621 -0.000336451 0.000326755 9.53337
47.3464 19.4948 0.0011587 -0.00101 0.00103934 8.0281
48.3432 19.4948 -6.19857e-05 0.000106242 0.000575144 13.0457
49.3399 19.4948 -1.55294e-05 -0.000295233 0.00109072 20.572
50.3367 19.4948 -0.000497044 0.00069255 -2.73312e-05 11.5404
51.3335 19.4948 -0.00187606 -0.000515585 0.000753654 6.02108
52.3302 19.4948 -0.000311564 0.000222882 0.00016426 21.5755
53.327 19.4948 0.00101597 -0.000563205 -0.00116279 11.5404
54.3238 19.4948 -0.00117981 -7.65431e-05 -0.000391817 5.51932
55.3205 19.4948 -0.00156684 -0.0001997 -0.00114829 6.02108
56.3173 19.4948 -0.000214145 0.000627716 0.000989387 10.0351
57.3141 19.4948 -0.00122237 -7.07431e-05 0.00027795 17.5615
58.3108 19.4948 0.000474688 -4.4496e-05 -0.000332113 20.0703
59.3076 19.4948 0.000522354 -0.000560362 0.00042556 10.5369
60.3044 19.4948 -0.00110132 -0.000501168 0.000471314 17.0597
61.3011 19.4948 0.000387203 5.98823e-07 -0.00107586 13.0457
62.2979 19.4948 -0.000314761 0.000390116 -0.00072352 11.5404
63.2947 19.4948 0.000281252 -0.000640999 -0.00165039 8.52986
64.2914 19.4948 -0.000221178 -0.00233518 0.00122886 7.52634
65.2882 19.4948 -0.000312593 -0.000944772 -0.000658359 10.5369
66.285 19.4948 -0.000252868 0.000386739 -5.37976e-05 21.5755
67.2817 19.4948 0.000216525 2.12182e-05 -0.000580533 13.5474
68.2785 19.4948 0.000975621 -0.000304454 -0.0006362 16.558
69.2753 19.4948 -0.000454921 0.000279039 -0.000110208 18.565
70.272 19.4948 -0.00112599 0.0012173 8.37576e-05 12.5439
71.2688 19.4948 7.42774e-05 -0.00122448 -0.0014631 4.01405
72.2656 19.4948 -0.000327219 0.000617876 -0.000727922 8.0281
73.2623 19.4948 -0.000394536 -0.000312113 0.000481402 11.0386
74.2591 19.4948 -0.00097562 -0.000659582 0.0007108 21.0738
75.2559 19.4948 -0.0013867 -0.00061713 6.33442e-05 13.5474
76.2526 19.4948 -9.60675e-05 0.00029492 0.00036037 9.53337
77.2494 19.4948 -0.000736726 0.000492572 -0.000201893 19.0667
78.2462 19.4948 -0.00123714 -0.000545085 0.000223219 10.0351
79.2429 19.4948 -0.00100449 0.000501535 -3.37332e-05 6.02108
80.2397 19.4948 -0.000140644 0.000543165 -0.0017789 7.52634
81.2365 19.4948 0.000506769 0.00135541 0.000218163 8.0281
82.2332 19.4948 -0.000138824 0.00167728 -0.000436682 17.0597
0.498383 20.4945 0.000444291 -0.00162709 4.84724e-05 8.0281
1.49515 20.4945 -0.00103145 0.00124576 9.68419e-05 5.01756
2.49192 20.4945 -0.000250153 -0.0012914 0.00212023 7.52634
3.48868 20.4945 -0.000102683 0.000121116 -0.00118395 10.0351
4.48545 20.4945 0.00123335 -0.000149492 0.000120289 13.0457
5.48221 20.4945 0.00136982 1.30218e-06 7.56656e-05 6.52283
6.47898 20.4945 0.00178781 -0.000170839 0.000679104 9.03161
7.47575 20.4945 -8.67461e-05 0.000793924 0.000607546 11.5404
8.47251 20.4945 0.00124261 -0.000257254 -0.000629358 8.52986
9.46928 20.4945 -4.26221e-05 8.30184e-05 -0.000553466 9.53337
10.466 20.4945 0.000293495 -0.00201347 0.00084381 7.52634
11.4628 20.4945 2.39376e-05 5.77239e-05 3.31512e-05 12.5439
12.4596 20.4945 0.00130105 0.00141758 -0.000124751 12.0422
13.4563 20.4945 -1.691e-06 -0.000963557 -0.000405315 7.02459
14.4531 20.4945 8.91108e-05 -0.000287607 -0.000658836 11.5404
15.4499 20.4945 0.00087434 -0.000622493 0.00125468 10.5369
16.4466 20.4945 0.00109239 -0.000346786 -0.000762038 11.0386
17.4434 20.4945 -0.000148369 0.000378087 0.000154156 10.0351
18.4402 20.4945 -0.00115885 -0.000507737 -0.000248897 7.52634
19.4369 20.4945 0.00124586 -0.000478357 0.00114827 10.5369
20.4337 20.4945 5.22026e-05 9.19557e-05 -0.000599212 14.0492
21.4305 20.4945 -0.000239892 0.000855829 -0.000509573 11.5404
22.4272 20.4945 -0.00164573 0.00123268 -0.000401205 6.02108
23.424 20.4945 0.000676486 -0.000725902 -0.000346271 14.0492
24.4208 20.4945 0.000226032 0.000391943 0.000249179 9.53337
25.4175 20.4945 0.000813431 0.000978325 0.000587527 5.51932
26.4143 20.4945 -0.00142869 0.000320837 -0.0014495 8.0281
27.4111 20.4945 -0.000881713 -0.000413287 0.000519049 11.5404
28.4078 20.4945 -0.00238669 0.000506222 0.000820711 10.5369
29.4046 20.4945 0.000539376 -0.000815799 0.000314117 11.5404
30.4014 20.4945 -0.000831948 0.00127845 0.00137103 6.02108
31.3981 20.4945 -0.000509049 0.00134943 8.45236e-06 10.5369
32.3949 20.4945 0.000662026 0.000303711 -0.00144977 12.0422
33.3917 20.4945 -0.000713895 -7.64054e-05 -0.000298653 4.51581
34.3884 20.4945 0.000766935 0.0010611 -0.000890114 8.52986
35.3852 20.4945 0.00145822 -0.000784905 0.00145951 6.52283
36.382 20.4945 0.000805784 0.00092646 -0.000176091 12.5439
37.3787 20.4945 -0.000615882 0.000616841 0.000203368 13.5474
38.3755 20.4945 0.000762998 -0.000173286 -0.00135376 8.0281
39.3723 20.4945 0.000327457 7.39457e-05 -0.00159054 14.0492
40.369 20.4945 0.000161421 -0.000136374 -0.000223024 11.5404
41.3658 20.4945 0.00170248 -0.000546148 -0.00046549 8.52986
42.3626 20.4945 0.00109708 0.00124568 2.7776e-05 6.02108
43.3593 20.4945 0.000249769 -0.000861008 -0.000281452 10.5369
44.3561 20.4945 0.00117712 5.404e-06 -0.000693419 10.0351
45.3529 20.4945 0.000595358 0.000504543 0.00150195 11.0386
46.3496 20.4945 -0.00122296 1.61339e-05 -0.0016203 8.0281
47.3464 20.4945 -0.00237888 0.000755483 0.000530887 11.5404
48.3432 20.4945 0.000703144 0.000162168 -0.00054732 15.5544
49.3399 20.4945 0.00113198 0.000398427 -5.9376e-05 11.0386
50.3367 20.4945 0.000110559 -0.00101732 0.000199901 6.52283
51.3335 20.4945 0.00162747 0.000667192 -0.000939833 9.03161
52.3302 20.4945 -0.000103927 -0.00120122 0.00110593 8.52986
53.327 20.4945 -0.00114019 0.000151877 0.000281967 15.5544
54.3238 20.4945 0.000900637 0.000115905 -0.000571238 14.0492
55.3205 20.4945 0.00133247 0.00113718 -0.00151016 8.0281
56.3173 20.4945 -0.000218809 0.000274786 -0.000262627 9.53337
57.3141 20.4945 0.000354415 -0.000147169 0.00117723 10.5369
58.3108 20.4945 0.000838129 0.0016742 0.000127519 6.52283
59.3076 20.4945 0.000576373 0.000179508 0.000367564 8.52986
60.3044 20.4945 -0.00196998 -0.000514535 -0.000531472 7.02459
61.3011 20.4945 -0.00133258 0.000403441 0.000540683 12.5439
62.2979 20.4945 0.00130346 -9.30396e-05 0.000777265 15.5544
63.2947 20.4945 0.00181715 -0.00150241 0.000626867 10.5369
64.2914 20.4945 0.000459802 -0.000709139 3.20257e-05 10.0351
65.2882 20.4945 -4.50238e-05 6.56351e-05 0.000301603 11.5404
66.285 20.4945 -0.0024316 -0.000975928 0.000587474 10.0351
67.2817 20.4945 2.62215e-05 0.00040758 -0.000452029 5.51932
68.2785 20.4945 -6.33712e-05 -0.00118137 0.00045259 4.51581
69.2753 20.4945 -0.00105868 -0.000279825 -0.000872116 9.03161
70.272 20.4945 0.000687124 -0.000693346 -5.58378e-05 18.0632
71.2688 20.4945 -0.000743218 -0.000552829 -1.31682e-05 6.52283
72.2656 20.4945 0.0022106 -0.000718351 0.000761073 7.52634
73.2623 20.4945 -2.3369e-05 -0.000262067 0.000479962 14.5509
74.2591 20.4945 -0.000748785 0.00153435 0.00142275 7.02459
75.2559 20.4945 0.000382793 -0.00083836 -0.000187105 9.03161
76.2526 20.4945 0.000254027 -0.00126356 0.00131749 7.52634
77.2494 20.4945 -0.00100608 -0.000758083 -0.000543671 12.5439
78.2462 20.4945 -0.0015447 0.00108937 0.000163142 10.0351
79.2429 20.4945 -0.000863242 -0.000574447 -0.000269954 9.53337
80.2397 20.4945 0.0003474 0.000540989 -0.000282366 8.0281
81.2365 20.4945 -0.000767988 -0.000269289 0.000751106 13.5474
82.2332 20.4945 0.000394056 0.000647268 0.000361574 10.0351
0.498383 21.4943 0.000802581 -0.0022029 0.000274994 4.01405
1.49515 21.4943 -0.000638217 0.000122511 0.0003528 9.03161
2.49192 21.4943 -0.000324643 0.00120989 -0.000417781 9.53337
3.48868 21.4943 0.000724952 0.000223583 -0.00090901 16.558
4.48545 21.4943 -0.00045503 -0.000251846 0.000246043 22.0773
5.48221 21.4943 -0.00166924 0.00112499 0.000275189 12.0422
6.47898 21.4943 -0.00105824 0.000101393 1.89204e-05 21.5755
7.47575 21.4943 0.000275348 0.00020853 0.00128336 11.5404
8.47251 21.4943 0.00164156 0.000161471 -0.00163533 10.5369
9.46928 21.4943 0.00057879 -0.000643314 -0.000337594 8.0281
10.466 21.4943 -0.000762614 0.000982327 -0.000974987 9.03161
11.4628 21.4943 -0.00179156 -0.000339366 -0.000708841 13.0457
12.4596 21.4943 0.000900041 -0.000397477 0.000550502 22.0773
13.4563 21.4943 0.000886795 0.000524823 -0.00108337 12.0422
14.4531 21.4943 -0.00133371 0.000139824 -0.000299736 16.0562
15.4499 21.4943 -9.80283e-05 -0.000507438 0.000475579 23.0808
16.4466 21.4943 0.000196314 -0.000144438 0.000858745 13.0457
17.4434 21.4943 0.00208129 0.00130877 0.000663658 10.0351
18.4402 21.4943 0.000241227 0.000792898 -0.000125056 7.02459
19.4369 21.4943 0.00152672 -0.00111912 -0.000371676 8.0281
20.4337 21.4943 -0.000709328 0.000108562 0.000860991 25.0878
21.4305 21.4943 0.000563121 -0.000243622 -0.000324651 15.5544
22.4272 21.4943 -0.000335737 -0.00067375 -0.000290136 13.5474
23.424 21.4943 -0.000872639 0.000190488 -0.000135984 26.0913
24.4208 21.4943 0.000379605 0.000364592 -0.00165871 8.52986
25.4175 21.4943 0.000830581 0.000627844 -0.00148386 8.52986
26.4143 21.4943 0.000719455 -0.000751855 0.000488629 9.53337
27.4111 21.4943 6.6555e-05 0.000587029 8.77547e-05 9.03161
28.4078 21.4943 0.000107896 0.000152827 -0.000380906 21.0738
29.4046 21.4943 0.000925341 0.000340842 -8.40351e-05 18.0632
30.4014 21.4943 0.000248352 4.73107e-05 0.000717745 12.0422
31.3981 21.4943 0.000106648 -0.000255403 -0.000153465 22.579
32.3949 21.4943 3.68579e-05 0.00111077 -0.000210269 19.0667
33.3917 21.4943 0.000696497 -0.00171916 0.000256152 7.52634
34.3884 21.4943 0.000277288 -0.000522698 0.00124543 6.52283
35.3852 21.4943 0.000876637 -0.00046895 -0.000670021 10.0351
36.382 21.4943 0.000202547 -0.000820198 0.00128768 14.0492
37.3787 21.4943 7.10651e-05 -0.000310554 5.73895e-05 20.0703
38.3755 21.4943 0.000299782 0.000757278 0.000202404 9.53337
39.3723 21.4943 -0.000417994 -0.00026042 -0.000245958 21.0738
40.369 21.4943 0.000216478 -0.000543131 1.4936e-05 21.0738
41.3658 21.4943 2.99739e-05 -5.11733e-05 7.28711e-05 9.03161
42.3626 21.4943 -0.000132384 0.000375496 -5.26908e-05 8.52986
43.3593 21.4943 0.00239952 -0.000556667 0.000458988 8.52986
44.3561 21.4943 0.000149746 -0.00126205 -0.000387645 12.5439
45.3529 21.4943 -0.000321122 0.000364322 -0.000554894 22.579
46.3496 21.4943 0.000958336 0.000276348 0.000101456 14.5509
47.3464 21.4943 -0.00074063 0.000447483 0.000345046 15.5544
48.3432 21.4943 -0.00106282 -0.000336825 5.23537e-05 16.0562
49.3399 21.4943 0.000360175 -0.00010115 -6.05017e-05 11.0386
50.3367 21.4943 -0.000990514 0.00152362 0.0011829 7.02459
51.3335 21.4943 0.00040341 3.48569e-06 0.000733645 13.0457
52.3302 21.4943 -0.00106105 -0.000631631 0.000307958 8.0281
53.327 21.4943 0.000326109 0.00107482 -8.81738e-05 16.558
54.3238 21.4943 0.000256691 -0.000384893 0.00107717 16.0562
55.3205 21.4943 -0.000585524 0.000376373 0.000177764 11.0386
56.3173 21.4943 0.000277229 -0.000240008 0.000573614 25.0878
57.3141 21.4943 0.000495533 -0.000427207 -0.00070707 13.0457
58.3108 21.4943 -4.49682e-06 0.000435426 -0.000445033 11.0386
59.3076 21.4943 -0.000390219 0.000992619 0.000615528 10.0351
60.3044 21.4943 -0.00139092 0.00070299 -0.00120548 7.52634
61.3011 21.4943 -0.000197229 -0.000154881 -0.000946671 13.0457
62.2979 21.4943 -0.00105645 -0.000382325 -0.000358248 17.5615
63.2947 21.4943 0.00022063 -1.53506e-05 0.000746547 9.53337
64.2914 21.4943 -0.00026972 -0.00173464 -0.000976437 16.0562
65.2882 21.4943 -3.76711e-05 -0.000536118 0.000750785 22.579
66.285 21.4943 0.00182091 0.000446819 0.00104895 10.5369
67.2817 21.4943 -0.00123153 0.00183436 -0.000899662 7.02459
68.2785 21.4943 0.00133103 -0.0011056 -0.00111935 8.52986
69.2753 21.4943 -0.000638179 -1.7759e-05 -0.000319367 10.0351
70.272 21.4943 -0.00044706 0.000947955 0.000300562 23.5825
71.2688 21.4943 -0.000658712 -0.000673315 -0.000269861 11.5404
72.2656 21.4943 0.000643327 8.69549e-05 0.000989413 18.565
73.2623 21.4943 0.000945672 -0.000683817 0.000191069 27.0948
74.2591 21.4943 -0.000505628 -0.00128379 0.00171564 6.52283
75.2559 21.4943 0.000920077 0.00162458 0.000368828 10.0351
76.2526 21.4943 -0.00160934 -0.000575614 -0.000811853 4.51581
77.2494 21.4943 0.000732193 0.000833874 0.00093749 9.53337
78.2462 21.4943 -0.000213317 0.00129531 -0.000258411 21.5755
79.2429 21.4943 0.000743323 0.000567963 -0.000771398 19.5685
80.2397 21.4943 -0.00068515 0.000664677 -0.000615542 10.0351
81.2365 21.4943 8.339e-05 0.000161669 0.000313725 29.1019
82.2332 21.4943 -0.000199714 -0.000318772 0.000506119 10.5369
0.498383 22.494 -0.00123072 -2.88784e-05 0.000850846 6.52283
1.49515 22.494 0.00228595 0.00103095 -0.000954402 7.02459
2.49192 22.494 0.00145394 -8.30139e-05 0.00120184 8.0281
3.48868 22.494 -0.000933036 -0.000276862 -5.45914e-06 11.0386
4.48545 22.494 0.000433222 -0.000474728 0.000360258 12.0422
5.48221 22.494 -0.000210673 -8.17802e-05 0.000905063 7.52634
6.47898 22.494 0.000189108 0.000166579 7.72117e-05 18.565
7.47575 22.494 0.000403169 0.000949356 8.712e-05 12.0422
8.47251 22.494 0.00255657 0.000152521 0.00016145 7.02459
9.46928 22.494 0.000509469 0.00102823 0.000939125 10.0351
10.466 22.494 -0.00067932 -0.000240465 0.000139632 9.53337
11.4628 22.494 -0.000366452 -0.00118358 0.000699986 10.5369
12.4596 22.494 0.00126517 -0.000605714 0.000897438 6.52283
13.4563 22.494 -0.000166544 -6.16479e-05 -0.000766731 10.5369
14.4531 22.494 0.000742674 -0.00128518 -0.000259386 9.03161
15.4499 22.494 0.000664598 6.73594e-05 0.000553337 9.53337
16.4466 22.494 -0.000496201 -6.87741e-05 -1.8636e-05 13.5474
17.4434 22.494 8.1124e-05 -0.0010978 -0.000830896 7.02459
18.4402 22.494 -0.00121839 0.00113983 -0.000265482 10.5369
19.4369 22.494 0.000382179 0.000669652 -0.000570101 8.52986
20.4337 22.494 -0.000657799 -0.000783304 0.00105324 12.5439
21.4305 22.494 0.00106294 0.00145828 0.000579612 9.03161
22.4272 22.494 -0.000213942 0.000685597 0.0002029 5.51932
23.424 22.494 -0.00146027 0.000669563 -0.000613602 13.0457
24.4208 22.494 -0.000994001 -0.000458713 -0.000812179 9.03161
25.4175 22.494 0.00103039 -0.00042073 -0.000885111 7.52634
26.4143 22.494 -0.00118097 0.00130776 -0.0007314 8.52986
27.4111 22.494 0.00181972 -0.000299495 0.000186173 7.02459
28.4078 22.494 -0.000188188 0.000597416 7.66044e-05 13.0457
29.4046 22.494 -4.66883e-05 -0.000139394 -0.000717557 9.53337
30.4014 22.494 -0.000836359 0.000382577 -1.00613e-05 7.52634
31.3981 22.494 -0.000746171 0.0016222 0.000581543 6.52283
32.3949 22.494 0.00101966 -0.000485866 5.28741e-06 9.03161
33.3917 22.494 0.000123182 -0.000866512 0.0010888 8.0281
34.3884 22.494 -0.000738902 -2.68511e-05 -0.000601444 8.52986
35.3852 22.494 0.000950441 0.000920078 0.000665249 8.0281
36.382 22.494 -0.00124904 0.000336354 7.20326e-05 12.5439
37.3787 22.494 0.000193902 0.000223528 -1.6103e-05 11.5404
38.3755 22.494 -0.00074492 0.000433734 -0.000371053 6.52283
39.3723 22.494 0.00017409 0.000327776 -7.88545e-05 15.5544
40.369 22.494 -0.00203989 0.001124 0.000629847 9.03161
41.3658 22.494 0.000658926 -0.000772293 0.000519586 9.53337
42.3626 22.494 -0.000206262 -0.000345313 0.000762986 12.5439
43.3593 22.494 0.000342763 -0.000775726 0.00202466 4.01405
44.3561 22.494 -0.00165886 0.000312405 0.000406378 10.0351
45.3529 22.494 0.000324736 0.00141145 0.000605186 11.0386
46.3496 22.494 -0.00125194 -5.99235e-05 0.000835948 10.0351
47.3464 22.494 0.000614278 -0.00177012 0.00047687 8.52986
48.3432 22.494 -0.000751819 -0.00105182 -0.000827841 11.0386
49.3399 22.494 0.000503831 0.000881299 0.000508537 11.0386
50.3367 22.494 -0.000636512 0.00059335 0.000483383 9.03161
51.3335 22.494 -0.000909288 0.000537535 -0.001022 8.0281
52.3302 22.494 -0.000267016 -0.0011043 -0.00153225 11.5404
53.327 22.494 0.000815605 0.00134861 0.000172435 11.0386
54.3238 22.494 -0.000474059 -0.000376269 -0.000137488 12.5439
55.3205 22.494 -8.77005e-05 -0.000734213 0.00073658 10.5369
56.3173 22.494 0.000465171 0.00148959 0.000888367 11.0386
57.3141 22.494 -0.00115578 -0.00109876 0.000606873 9.53337
58.3108 22.494 0.00223547 -0.000699692 -0.00136454 9.53337
59.3076 22.494 0.00101666 0.0004485 0.000391557 4.51581
60.3044 22.494 -0.00156497 -0.000416732 -0.00143309 10.5369
61.3011 22.494 -0.000906017 0.000811066 -0.000785648 12.0422
62.2979 22.494 0.000641613 -0.000132733 -0.000302675 10.0351
63.2947 22.494 -0.000861217 0.0015283 0.00136552 9.03161
64.2914 22.494 -0.000281243 -0.0016326 -0.000590276 9.03161
65.2882 22.494 -0.000502494 0.000755227 -0.00045303 12.5439
66.285 22.494 0.000106361 1.8666e-05 0.000433181 10.5369
67.2817 22.494 0.000890732 0.000778713 0.000895911 11.0386
68.2785 22.494 0.00107293 -0.000551232 0.00143689 7.02459
69.2753 22.494 -0.00051573 0.000326759 -0.000215696 8.0281
70.272 22.494 -0.000217082 0.000145616 -0.000583997 13.0457
71.2688 22.494 0.00144975 0.000761628 -0.000916817 7.02459
72.2656 22.494 0.000722788 -0.000996084 0.000463413 9.53337
73.2623 22.494 -0.00193345 0.000320293 -0.000554759 9.53337
74.2591 22.494 -0.000688745 -0.000516835 -0.000588454 9.53337
75.2559 22.494 -0.00138137 -0.000569498 -0.000152654 7.52634
76.2526 22.494 -0.00164978 -0.000468107 3.22374e-05 7.02459
77.2494 22.494 0.000362403 0.000825842 -0.000230422 9.53337
78.2462 22.494 -0.000789045 -0.000659619 0.00100604 11.5404
79.2429 22.494 0.000596616 -0.000206329 4.96751e-05 10.0351
80.2397 22.494 -0.000560719 0.000969888 -0.000210622 9.53337
81.2365 22.494 -0.000577604 0.000881761 0.00111544 11.0386
82.2332 22.494 0.000277748 0.000668318 0.00107001 9.03161
0.498383 23.4937 -0.000385093 -0.000374513 5.00134e-05 18.565
1.49515 23.4937 0.000701729 -0.00137155 -0.000256548 7.52634
2.49192 23.4937 -0.000203939 -0.000479879 0.00108725 19.0667
3.48868 23.4937 0.000805802 0.000906596 0.000222635 17.5615
4.48545 23.4937 -0.000170596 -0.00053012 -0.00231092 7.52634
5.48221 23.4937 -0.00015189 0.00168898 0.00230608 5.01756
6.47898 23.4937 -0.00213253 -0.00170812 0.000526572 6.02108
7.47575 23.4937 -0.000349797 0.000123619 -0.00109875 15.5544
8.47251 23.4937 -0.000793563 -0.000306815 -0.000865051 18.565
9.46928 23.4937 0.000158756 0.000636884 -3.36946e-06 10.0351
10.466 23.4937 0.000353487 0.000295997 -3.87655e-05 16.0562
11.4628 23.4937 0.000196045 0.000294059 2.34927e-05 21.5755
12.4596 23.4937 5.70513e-05 2.27103e-05 -0.000371998 10.0351
13.4563 23.4937 -0.000328251 0.000303452 0.00110519 8.0281
14.4531 23.4937 -0.000177175 -0.00161918 0.00036381 6.02108
15.4499 23.4937 -0.001327 -0.00131303 6.00057e-05 7.52634
16.4466 23.4937 0.000178995 -0.000358929 0.000193362 20.0703
17.4434 23.4937 -0.000130813 -0.000277235 0.000706379 10.0351
18.4402 23.4937 -0.00151383 -0.000326741 0.000289925 13.5474
19.4369 23.4937 -0.000264835 0.000730293 -0.000221246 18.565
20.4337 23.4937 0.000316065 -0.0005493 -0.000480772 9.03161
21.4305 23.4937 0.00229499 0.000849294 -0.00112142 8.0281
22.4272 23.4937 0.00182263 0.000760566 -0.000677332 9.03161
23.424 23.4937 -0.000575178 0.000482039 -0.000610513 9.03161
24.4208 23.4937 0.00011637 0.00057511 0.00017837 21.0738
25.4175 23.4937 0.000438355 0.00134053 -0.00160767 12.5439
26.4143 23.4937 -0.000383876 0.000250478 -0.000699646 10.0351
27.4111 23.4937 0.000186389 -0.000536732 0.000213997 21.0738
28.4078 23.4937 -9.38403e-05 -0.000166377 0.000737889 15.5544
29.4046 23.4937 -0.000342956 0.000628603 -0.000476023 9.03161
30.4014 23.4937 -0.000342591 -0.00110557 0.00245678 5.51932
31.3981 23.4937 -8.90453e-05 0.000279643 -0.000102712 10.0351
32.3949 23.4937 0.000176036 -0.000271954 0.000504121 19.5685
33.3917 23.4937 -0.000599581 -9.6748e-05 0.000418192 22.579
34.3884 23.4937 0.0013956 -0.000843273 -0.000229874 9.53337
35.3852 23.4937 0.00119634 5.44306e-05 0.00091984 16.0562
36.382 23.4937 0.00107553 -0.000923491 0.000214666 16.0562
37.3787 23.4937 0.00098639 0.000547197 -6.80439e-05 10.0351
38.3755 23.4937 0.000833841 0.000201045 0.000352724 9.03161
39.3723 23.4937 0.00231584 -0.000160546 5.17799e-05 7.02459
40.369 23.4937 0.000635638 -0.000701821 -0.00082658 12.5439
41.3658 23.4937 0.000396613 -0.000274151 0.000259053 20.572
42.3626 23.4937 0.00123812 0.000520916 0.000915749 12.0422
43.3593 23.4937 -0.000452342 2.74186e-06 0.00230046 14.0492
44.3561 23.4937 -4.20302e-05 -1.55526e-05 0.000418697 23.5825
45.3529 23.4937 -3.44661e-05 0.000969916 -0.0002085 10.0351
46.3496 23.4937 -0.000324363 0.00055354 -0.000737787 9.53337
47.3464 23.4937 0.000302762 0.000732424 0.000322122 11.0386
48.3432 23.4937 0.000295785 -0.000631686 0.000798105 11.0386
49.3399 23.4937 0.000400464 -0.000566841 0.000286729 17.5615
50.3367 23.4937 0.00106492 0.00100155 -5.79338e-05 10.0351
51.3335 23.4937 -8.17036e-05 -0.000752333 0.000529502 11.5404
52.3302 23.4937 0.000832321 -0.000804916 0.000229423 18.565
53.327 23.4937 0.00170483 0.000728363 -0.00115489 10.0351
54.3238 23.4937 -0.00244408 0.00153898 -0.000853005 3.51229
55.3205 23.4937 0.000611989 -0.00080102 4.07219e-05 11.0386
56.3173 23.4937 -0.00122626 -0.00159549 -0.00025904 8.52986
57.3141 23.4937 0.000918455 -0.00040552 6.63975e-05 16.558
58.3108 23.4937 -0.00043805 -0.000317856 -0.000182629 15.5544
59.3076 23.4937 0.000668013 -6.98498e-05 0.000472254 13.5474
60.3044 23.4937 0.000468108 -0.000181677 -0.00115212 14.0492
61.3011 23.4937 -0.000536586 -0.000248018 -0.000123825 15.5544
62.2979 23.4937 -0.000876745 0.000445228 0.000489654 10.0351
63.2947 23.4937 -0.000543478 0.00141467 -0.00115815 9.03161
64.2914 23.4937 -0.000427056 0.00161735 -0.00125892 3.51229
65.2882 23.4937 0.000856498 0.00128584 0.000471224 13.5474
66.285 23.4937 3.9513e-05 0.000384518 0.0013654 17.0597
67.2817 23.4937 -0.000577653 -0.000621661 0.000482064 12.5439
68.2785 23.4937 0.000594978 -0.00170908 -0.000239528 12.5439
69.2753 23.4937 0.000212267 0.000405016 0.000251931 22.579
70.272 23.4937 -9.19884e-05 0.00125727 -0.000704201 10.0351
71.2688 23.4937 -0.000940916 0.00035648 -0.000204965 8.0281
72.2656 23.4937 2.63334e-05 -0.000171887 0.000663742 4.51581
73.2623 23.4937 0.00067628 0.000474002 0.000601469 9.03161
74.2591 23.4937 0.00049743 -0.00159094 -0.000140542 18.0632
75.2559 23.4937 -0.000973826 0.000188051 0.000142385 13.0457
76.2526 23.4937 0.000865844 0.000131174 -0.00025962 13.5474
77.2494 23.4937 -0.000181225 0.000143878 -0.000122012 25.0878
78.2462 23.4937 -3.46979e-05 -0.00259182 -0.000181522 6.02108
79.2429 23.4937 0.000808226 -0.00113214 0.00116394 5.01756
80.2397 23.4937 -0.0019145 0.000287648 -0.000494228 7.02459
81.2365 23.4937 0.000779091 0.000535987 -0.000422 10.5369
82.2332 23.4937 -0.000129468 0.00115202 0.000810142 16.558
0.498383 24.4934 0.00157433 0.00017249 0.000362563 18.0632
1.49515 24.4934 -0.000815375 0.00037471 -0.00196156 5.51932
2.49192 24.4934 -0.000411778 0.000878406 -0.000812219 20.572
3.48868 24.4934 0.000315654 0.000677188 -0.00138913 11.0386
4.48545 24.4934 7.21797e-05 -0.000485535 -0.000943342 7.52634
5.48221 24.4934 0.00133973 -0.000608094 -0.00127648 7.02459
6.47898 24.4934 0.00267161 -0.00194079 0.000178068 6.52283
7.47575 24.4934 -0.000519693 0.000743374 0.00021313 12.5439
8.47251 24.4934 -0.000816427 -0.00148435 -0.000487143 15.5544
9.46928 24.4934 0.000426135 -0.000315677 0.000158232 10.0351
10.466 24.4934 0.000362203 0.000873905 -0.000291613 14.5509
11.4628 24.4934 -0.00100964 -6.3013e-05 0.000369056 16.558
12.4596 24.4934 -2.18224e-05 -0.000815728 0.000988876 6.52283
13.4563 24.4934 -0.000882769 -0.000949791 -0.000173459 7.02459
14.4531 24.4934 0.000223973 0.000703289 4.853e-05 7.52634
15.4499 24.4934 0.00066156 -0.0012848 0.000727996 10.0351
16.4466 24.4934 -0.000672379 -0.000840349 -0.000383263 19.0667
17.4434 24.4934 0.00157701 0.000343167 -5.35317e-06 9.03161
18.4402 24.4934 -0.000401167 -0.000858345 9.13922e-05 9.03161
19.4369 24.4934 -4.89854e-05 0.000609969 -0.000525955 20.572
20.4337 24.4934 0.000335803 5.0846e-05 0.000291855 11.0386
21.4305 24.4934 -0.00179123 0.000306913 0.0002212 6.02108
22.4272 24.4934 -0.000805296 0.000581844 0.00041578 10.0351
23.424 24.4934 -7.99558e-05 -0.000173174 -0.00180084 7.52634
24.4208 24.4934 0.00158907 -2.74869e-05 -6.61426e-05 14.0492
25.4175 24.4934 -0.000470467 0.000679336 0.000670134 11.5404
26.4143 24.4934 -0.000721357 0.000111645 9.01367e-05 10.0351
27.4111 24.4934 0.000417486 0.00082562 -0.000415996 14.0492
28.4078 24.4934 -0.00299424 -0.00175555 0.000581674 11.0386
29.4046 24.4934 -4.86179e-05 -0.00057417 0.000552484 9.03161
30.4014 24.4934 0.0013997 -0.00132938 -0.000352973 6.02108
31.3981 24.4934 -0.00085529 0.000510961 -0.000165954 8.52986
32.3949 24.4934 0.000914227 -0.000431245 0.00045734 11.0386
33.3917 24.4934 0.000670008 0.000825149 0.000161272 15.0527
34.3884 24.4934 0.000568173 0.00106885 -0.000297213 10.0351
35.3852 24.4934 -0.000394957 0.000332578 -0.000841078 14.5509
36.382 24.4934 0.00086754 0.000655563 0.000839433 12.0422
37.3787 24.4934 -0.000159283 -0.000218944 -0.00179437 8.0281
38.3755 24.4934 0.00114748 -0.00065918 -0.0009091 6.02108
39.3723 24.4934 -0.000181829 -0.000248512 -0.000681864 7.02459
40.369 24.4934 -0.00113096 0.00109798 -0.000187177 10.0351
41.3658 24.4934 -1.02104e-05 0.000344419 -0.000156282 18.565
42.3626 24.4934 -0.000435875 0.00066943 -0.00223701 6.52283
43.3593 24.4934 -0.00039334 -0.000531598 0.000387134 12.0422
44.3561 24.4934 0.00109763 -0.00103677 2.66847e-05 13.5474
45.3529 24.4934 0.00051849 -0.000497129 -0.000716504 8.52986
46.3496 24.4934 -0.000541823 0.000768681 0.00102546 7.02459
47.3464 24.4934 -0.00079144 2.47852e-05 -0.000220559 8.0281
48.3432 24.4934 0.000618869 -0.000467601 -0.00031966 9.53337
49.3399 24.4934 0.000407606 -0.000395356 -0.000114364 17.0597
50.3367 24.4934 -0.00231337 -0.000428282 0.000545203 12.5439
51.3335 24.4934 0.000589755 0.000385896 -0.000327903 13.5474
52.3302 24.4934 0.000305777 0.000253884 -0.000436556 16.0562
53.327 24.4934 0.00150308 -0.000190317 0.000368069 11.5404
54.3238 24.4934 -0.000453518 0.000436484 0.000591317 9.03161
55.3205 24.4934 -0.000951834 0.000230377 -0.000620374 6.52283
56.3173 24.4934 -0.000936058 0.00130439 8.42928e-05 8.0281
57.3141 24.4934 -0.000504151 0.0011073 0.000821212 9.03161
58.3108 24.4934 0.000338811 0.000458027 -2.2277e-05 21.0738
59.3076 24.4934 -0.000915982 0.00101301 0.000247429 10.5369
60.3044 24.4934 0.000124139 -0.00118918 -0.00109498 11.0386
61.3011 24.4934 -7.09905e-05 0.000859852 -0.000781853 19.0667
62.2979 24.4934 0.00025185 0.00175637 -6.80147e-05 7.52634
63.2947 24.4934 0.00204007 0.000922754 0.000733001 9.03161
64.2914 24.4934 0.00132021 0.00023171 -0.000834984 8.0281
65.2882 24.4934 -0.00110016 0.000560588 -0.000102977 14.5509
66.285 24.4934 0.000843758 0.000701667 0.00046038 14.0492
67.2817 24.4934 0.000319624 0.00153312 0.000418268 6.52283
68.2785 24.4934 0.00125527 -0.000166287 -0.000856891 14.5509
69.2753 24.4934 -0.00165182 0.00077288 -5.03641e-05 13.5474
70.272 24.4934 -0.00129779 -0.000683667 0.000394622 10.0351
71.2688 24.4934 0.000297238 -0.000559877 -0.00214044 9.53337
72.2656 24.4934 0.000939953 0.000243013 0.000723614 8.52986
73.2623 24.4934 -8.57304e-05 -0.001127 -0.00096799 13.0457
74.2591 24.4934 -0.000480006 -9.31161e-05 -0.000281552 18.0632
75.2559 24.4934 0.000730462 0.00118184 0.000831629 11.0386
76.2526 24.4934 0.000574551 7.01123e-06 0.000243844 11.5404
77.2494 24.4934 -0.000656529 -0.000624416 0.000344291 16.558
78.2462 24.4934 -0.000538446 -0.00037495 3.90152e-05 10.5369
79.2429 24.4934 -0.000359927 -0.00059296 -0.00107484 9.53337
80.2397 24.4934 -0.00141614 -0.000176334 -0.000846104 9.53337
81.2365 24.4934 0.00189259 -0.000275429 0.000650386 5.51932
82.2332 24.4934 0.000954476 0.000481261 -0.000782247 14.0492
0.498383 25.4932 -0.000516111 -0.000165497 -0.000700184 7.02459
1.49515 25.4932 0.0014573 -0.000318684 0.00166054 8.52986
2.49192 25.4932 -0.00147204 -0.00166246 0.0011402 6.02108
3.48868 25.4932 0.00103307 -0.00105019 -0.000478387 9.03161
4.48545 25.4932 -2.69303e-05 0.000314667 0.000845686 9.53337
5.48221 25.4932 0.000252306 0.000579391 0.000445692 10.5369
6.47898 25.4932 0.000236034 -0.000634958 -5.90941e-06 16.0562
7.47575 25.4932 -0.000939242 0.000318226 -0.000417924 13.0457
8.47251 25.4932 6.92425e-05 -0.00127743 -7.88793e-05 7.52634
9.46928 25.4932 -0.00169823 -0.000776771 0.000238911 9.03161
10.466 25.4932 -0.000684113 -0.000272642 -0.00179321 6.02108
11.4628 25.4932 -0.000443844 -0.000167153 4.71916e-05 12.5439
12.4596 25.4932 0.000663722 -8.99969e-05 -0.000169908 12.5439
13.4563 25.4932 -0.000817899 -0.000402316 -0.000637213 11.0386
14.4531 25.4932 -0.00124928 -0.000101638 0.000286309 11.0386
15.4499 25.4932 1.77069e-05 -0.000149649 5.99279e-05 18.565
16.4466 25.4932 0.00192833 -0.000946296 -0.000701913 9.53337
17.4434 25.4932 0.000406946 7.90152e-05 0.000125449 10.0351
18.4402 25.4932 0.000355575 -0.000269585 -0.000207161 9.03161
19.4369 25.4932 -0.00171814 0.000253341 -0.001019 8.52986
20.4337 25.4932 0.000400238 0.00040187 0.000391372 17.0597
21.4305 25.4932 2.01467e-06 -0.000740332 0.000377418 12.0422
22.4272 25.4932 -6.67527e-05 -0.00147941 -0.000863419 8.52986
23.424 25.4932 0.000147877 0.000866884 0.000847541 16.558
24.4208 25.4932 0.00111018 0.00129734 -8.74714e-05 8.0281
25.4175 25.4932 0.000222661 -0.000233291 0.00133415 10.5369
26.4143 25.4932 0.00109143 0.000992041 0.00036366 11.0386
27.4111 25.4932 -5.89735e-05 0.000556599 0.000569138 12.0422
28.4078 25.4932 1.45207e-05 0.000726894 -0.000383892 10.5369
29.4046 25.4932 -0.000420939 -0.000568447 0.00108601 15.5544
30.4014 25.4932 -0.000677727 -0.0011056 0.00211466 5.51932
31.3981 25.4932 -0.000383476 1.03743e-06 1.02646e-05 12.0422
32.3949 25.4932 -0.000794591 0.000519915 0.000989053 14.5509
33.3917 25.4932 -0.000782698 -0.000361436 -0.000749403 7.02459
34.3884 25.4932 0.000721096 0.00010071 0.000616802 7.02459
35.3852 25.4932 0.000687389 -0.000502937 0.000146299 9.03161
36.382 25.4932 -0.0012623 0.000266468 0.000437212 13.0457
37.3787 25.4932 -0.00086896 -0.000990523 -0.000315836 14.0492
38.3755 25.4932 -0.000210537 -0.0018725 0.000635183 8.52986
39.3723 25.4932 0.000645414 0.000715346 -0.000289004 19.0667
40.369 25.4932 0.000763833 0.000531149 0.000560653 12.0422
41.3658 25.4932 -0.000364147 0.00144966 -0.00014152 11.5404
42.3626 25.4932 0.000866265 -0.000569228 3.1303e-05 7.02459
43.3593 25.4932 -0.000941707 -0.000376269 0.00034018 8.52986
44.3561 25.4932 0.00029749 -0.000121077 0.000472479 11.0386
45.3529 25.4932 0.000518391 -0.000273996 -0.000377097 14.0492
46.3496 25.4932 -0.000836795 -0.000798777 0.000844227 12.5439
47.3464 25.4932 0.000959639 0.000226945 -0.000318054 7.52634
48.3432 25.4932 -0.00131156 0.000697283 0.000564229 9.53337
49.3399 25.4932 -0.000254623 -0.000154968 0.000551034 14.5509
50.3367 25.4932 0.000691271 -0.000673755 0.000297301 6.52283
51.3335 25.4932 -0.000195017 -0.000149248 -0.000498322 11.0386
52.3302 25.4932 -0.00024285 0.00148572 -0.000590438 8.52986
53.327 25.4932 -0.000402265 -0.000308105 0.000507384 10.5369
54.3238 25.4932 0.000620023 -6.61868e-05 -0.000248015 14.5509
55.3205 25.4932 0.000348892 -0.000183219 9.34801e-05 9.03161
56.3173 25.4932 0.000214608 -0.00107088 0.000865024 16.0562
57.3141 25.4932 -5.41237e-06 -0.000257938 0.000230317 8.0281
58.3108 25.4932 0.00069832 -8.09731e-05 -0.000939388 9.03161
59.3076 25.4932 -0.0014578 -0.00040584 0.000615183 8.0281
60.3044 25.4932 0.00048528 2.56089e-05 0.00232805 4.01405
61.3011 25.4932 0.00122617 -0.000142804 0.000446986 12.5439
62.2979 25.4932 0.000326008 0.000187108 0.000228845 14.5509
63.2947 25.4932 0.000863457 0.00122825 -0.000284134 6.52283
64.2914 25.4932 0.000541774 -0.000206654 -0.0014008 11.5404
65.2882 25.4932 6.90262e-05 0.000208765 0.000656677 20.0703
66.285 25.4932 -0.00127728 -0.000848681 0.000457149 12.0422
67.2817 25.4932 -0.00129694 8.49118e-05 0.00108119 8.52986
68.2785 25.4932 9.09128e-05 0.000174976 0.000335636 9.03161
69.2753 25.4932 -0.000130365 0.000956302 0.000412811 8.52986
70.272 25.4932 -0.000648221 -0.000219211 0.000636745 12.5439
71.2688 25.4932 -0.00106046 0.000356091 -0.0010239 10.0351
72.2656 25.4932 -0.000458604 -0.000469133 0.000819057 13.5474
73.2623 25.4932 -0.0013846 -0.000528626 -0.000100951 15.0527
74.2591 25.4932 -0.000364166 0.000198415 0.00037309 12.0422
75.2559 25.4932 0.000371275 -0.000680621 -0.000495769 8.52986
76.2526 25.4932 0.000403071 4.85818e-05 0.000539483 6.52283
77.2494 25.4932 0.00062945 -0.000712509 -7.30842e-05 11.5404
78.2462 25.4932 -0.000335927 0.000209915 0.000335043 12.5439
79.2429 25.4932 -0.000989454 -0.000693131 0.000267316 15.5544
80.2397 25.4932 0.00219367 -0.00139573 0.000456568 8.52986
81.2365 25.4932 -0.00045061 0.000804008 -0.000198334 14.0492
82.2332 25.4932 0.000445024 0.000209116 0.000197364 15.0527
0.498383 26.4929 0.000131827 -0.0010123 -0.00214943 5.01756
1.49515 26.4929 0.00121282 -0.000674609 -0.000275649 8.52986
2.49192 26.4929 1.2587e-05 -0.000290778 -0.000979427 9.03161
3.48868 26.4929 -0.00120677 -0.000241753 0.000891673 22.0773
4.48545 26.4929 0.000312087 -0.000533654 -0.000346163 22.579
5.48221 26.4929 0.00138194 -0.000511673 -0.000123085 10.0351
6.47898 26.4929 -0.000402505 0.000533121 -0.000348184 19.0667
7.47575 26.4929 -0.000230166 0.000486838 -0.000709321 19.5685
8.47251 26.4929 -0.00085835 0.000518362 0.00139646 7.02459
9.46928 26.4929 -0.00132571 -0.000108384 0.000983628 7.02459
10.466 26.4929 -0.000818884 0.000180272 0.000828354 8.52986
11.4628 26.4929 -0.000655362 -0.000934375 0.00037316 12.0422
12.4596 26.4929 8.43253e-05 -9.25387e-05 -0.000878734 20.572
13.4563 26.4929 -0.00093316 0.000527446 0.000643019 14.5509
14.4531 26.4929 -0.00060189 0.000879357 -9.61818e-05 15.0527
15.4499 26.4929 3.34568e-05 0.000439291 -0.000517195 17.5615
16.4466 26.4929 0.000492023 0.00167994 0.000625282 10.0351
17.4434 26.4929 -0.000310001 -0.000402139 -0.000917122 9.03161
18.4402 26.4929 0.000494887 2.60161e-05 -0.000113067 7.02459
19.4369 26.4929 -0.000559892 -0.00119915 0.000305596 9.03161
20.4337 26.4929 0.000406761 0.000234958 -4.47069e-05 19.5685
21.4305 26.4929 0.000803664 -0.000687329 -0.000166649 13.5474
22.4272 26.4929 0.000132641 0.000287532 -0.000822754 13.0457
23.424 26.4929 -0.000872676 -8.26236e-05 0.000364083 25.0878
24.4208 26.4929 -7.047e-05 -0.000613381 2.48107e-05 12.0422
25.4175 26.4929 -0.0002823 -0.000542354 0.00207993 5.51932
26.4143 26.4929 0.000535469 0.000738626 0.000481533 8.52986
27.4111 26.4929 -0.0010628 0.000861633 -0.00122859 8.52986
28.4078 26.4929 -4.52176e-05 -0.000148095 -0.000363523 14.5509
29.4046 26.4929 -0.00024099 -0.000515986 -0.00029705 20.0703
30.4014 26.4929 0.000114531 0.000212354 0.000369199 12.5439
31.3981 26.4929 -0.00026867 0.000736327 -9.75199e-05 18.565
32.3949 26.4929 -0.000380088 9.68048e-05 -3.07123e-05 18.565
33.3917 26.4929 -0.000673355 0.00148118 0.000872043 9.53337
34.3884 26.4929 0.000304443 0.00014896 -0.00079248 8.52986
35.3852 26.4929 0.000370853 0.000880495 5.8955e-05 10.0351
36.382 26.4929 0.00106371 0.00124041 0.000739564 13.0457
37.3787 26.4929 -0.000611973 -0.000223339 -0.000446664 21.0738
38.3755 26.4929 -0.000688207 -0.000530718 0.00043476 13.5474
39.3723 26.4929 0.000665649 0.00133083 -0.00153277 13.5474
40.369 26.4929 0.000189977 -0.00106644 -0.000136603 22.0773
41.3658 26.4929 -0.00101786 -0.000865755 -0.00125158 8.52986
42.3626 26.4929 0.00292554 -0.00130716 0.000276928 5.01756
43.3593 26.4929 2.79221e-05 0.000418243 -0.00112467 8.0281
44.3561 26.4929 -0.0005292 -0.00200386 0.000548944 10.5369
45.3529 26.4929 -0.000299176 0.000156374 -0.000490168 18.565
46.3496 26.4929 0.0013833 -0.000164891 -0.00159592 13.0457
47.3464 26.4929 -0.000438628 0.000736658 -0.000147096 11.0386
48.3432 26.4929 -0.00079445 0.000382933 -7.90692e-05 22.579
49.3399 26.4929 -0.00125409 0.00069539 0.00101568 12.5439
50.3367 26.4929 0.00107424 -0.000540537 0.000435214 6.02108
51.3335 26.4929 0.000599371 0.00125499 0.000776089 10.0351
52.3302 26.4929 -0.00129977 -0.00086432 -0.000460445 13.0457
53.327 26.4929 -0.000862642 0.000865394 -0.000738996 17.5615
54.3238 26.4929 0.000705734 -0.00089485 0.00068652 12.5439
55.3205 26.4929 -0.00196943 0.000471489 -0.00050457 11.0386
56.3173 26.4929 0.000342169 -0.000152585 -0.000347102 24.5861
57.3141 26.4929 -0.000986555 -9.32936e-05 1.18408e-05 11.5404
58.3108 26.4929 -0.000226355 0.00110412 -4.127e-05 7.02459
59.3076 26.4929 0.000589329 0.000328292 0.000812892 11.0386
60.3044 26.4929 2.98937e-05 0.00217542 -2.06245e-05 6.52283
61.3011 26.4929 -0.000433314 -0.000684753 0.000140885 16.558
62.2979 26.4929 0.000284835 -0.000162756 -0.000693258 20.0703
63.2947 26.4929 -0.00124799 0.000268537 -0.000762315 15.5544
64.2914 26.4929 0.000302083 0.000629076 -0.000543429 16.558
65.2882 26.4929 -0.000506745 -0.000932325 -0.000280369 12.0422
66.285 26.4929 0.000184879 1.60029e-06 -0.00083435 8.52986
67.2817 26.4929 -0.000751914 3.73104e-05 -0.00050228 9.53337
68.2785 26.4929 0.00135565 0.000345698 -0.000170557 7.02459
69.2753 26.4929 -0.000301195 -0.000206014 -0.000369654 13.5474
70.272 26.4929 -0.000196166 0.000556589 0.000454877 23.5825
71.2688 26.4929 -0.000860769 -0.000793417 0.000109242 15.5544
72.2656 26.4929 -0.000131836 -0.00112019 0.00134849 11.5404
73.2623 26.4929 -0.000517382 0.00058656 -0.000218188 19.0667
74.2591 26.4929 -0.00120499 -0.000191063 0.000937751 11.0386
75.2559 26.4929 0.000130697 0.000691082 -0.000746818 7.02459
76.2526 26.4929 0.000786362 0.000357103 0.00226032 5.51932
77.2494 26.4929 -0.000195783 -0.000253773 0.000485863 10.0351
78.2462 26.4929 0.000244972 -0.000717806 0.000785915 21.0738
79.2429 26.4929 0.000203555 -0.000403987 -0.000182329 12.5439
80.2397 26.4929 0.000401938 0.000731178 0.000160741 9.03161
81.2365 26.4929 0.000104184 -0.000168448 -0.000641631 21.0738
82.2332 26.4929 0.000533499 -0.00145693 -0.000456745 14.0492
0.498383 27.4926 0.000946803 0.000472233 -0.00034941 11.0386
1.49515 27.4926 0.000197575 0.00071428 -0.000938215 8.52986
2.49192 27.4926 -0.000979325 -0.000599316 -0.000579835 10.5369
3.48868 27.4926 0.00046078 0.000622715 0.00118647 8.52986
4.48545 27.4926 -0.000173334 -0.000311136 0.0018339 8.0281
5.48221 27.4926 -0.000518207 0.000436857 0.000849712 9.03161
6.47898 27.4926 -0.000841397 0.000727712 -0.000585779 12.0422
7.47575 27.4926 -0.000100823 -0.000544651 0.00134018 9.03161
8.47251 27.4926 0.000388605 -0.00148689 0.000268826 11.0386
9.46928 27.4926 0.0014886 0.000695591 0.000316462 8.0281
10.466 27.4926 -0.000680732 0.000341125 -0.000560771 10.0351
11.4628 27.4926 0.000860017 0.000234107 -0.000499466 10.0351
12.4596 27.4926 -0.000977348 0.000570928 -0.000806694 15.0527
13.4563 27.4926 -0.000644714 -0.000240324 -0.000851085 11.0386
14.4531 27.4926 0.000143697 0.000301983 -0.00020152 6.02108
15.4499 27.4926 -0.000504088 -0.000156971 -0.000162753 10.0351
16.4466 27.4926 0.00050309 0.000655659 -0.000682603 11.5404
17.4434 27.4926 0.000161866 0.000342895 -0.000610876 8.52986
18.4402 27.4926 -8.21514e-05 9.01667e-08 -0.00117878 10.5369
19.4369 27.4926 0.000537937 -0.000792808 -0.000260697 16.0562
20.4337 27.4926 0.000603063 -0.00198171 0.000275816 8.52986
21.4305 27.4926 0.000320088 -0.00104914 0.000481469 8.0281
22.4272 27.4926 -0.00148336 -0.00013148 -0.00138112 4.51581
23.424 27.4926 0.000141984 -0.000250997 -0.00062391 11.0386
24.4208 27.4926 0.000323222 -0.000225761 0.00053313 10.5369
25.4175 27.4926 -0.000129295 0.00108813 -0.000648846 12.0422
26.4143 27.4926 0.00125637 -0.000793307 1.73678e-05 6.52283
27.4111 27.4926 0.000442918 0.000946124 0.000641779 10.0351
28.4078 27.4926 0.00105684 -0.00129297 0.000874837 13.0457
29.4046 27.4926 0.000259136 -0.00067171 -0.00119154 8.52986
30.4014 27.4926 0.000533256 -0.00151482 0.000450547 8.52986
31.3981 27.4926 0.000374245 -0.000404125 0.000622268 10.0351
32.3949 27.4926 0.00020748 0.000129889 -0.00115501 10.0351
33.3917 27.4926 -0.00030161 0.00141329 -0.00122035 7.02459
34.3884 27.4926 -0.00182951 -0.000849146 0.000309262 7.52634
35.3852 27.4926 0.00134541 -0.00096449 0.000261714 10.5369
36.382 27.4926 0.000587446 -0.00134587 0.000573859 8.0281
37.3787 27.4926 -0.00168978 0.000857992 -0.000304152 10.5369
38.3755 27.4926 -0.00048974 -3.5301e-05 0.00141269 6.02108
39.3723 27.4926 0.000120891 0.000547652 0.000134707 6.02108
40.369 27.4926 -0.000591959 -0.000221116 -0.000349824 8.52986
41.3658 27.4926 0.000256603 -0.000426581 0.000889746 9.53337
42.3626 27.4926 0.00225563 0.000386778 0.000364512 9.53337
43.3593 27.4926 -0.00156405 -0.000644158 0.00165891 9.53337
44.3561 27.4926 0.000613375 -0.000242363 -0.000724505 9.03161
45.3529 27.4926 6.92958e-06 -0.000134682 -0.000350359 14.5509
46.3496 27.4926 0.000671849 -0.000468456 0.000547474 10.0351
47.3464 27.4926 -0.00144177 -0.000194979 0.000846882 13.5474
48.3432 27.4926 8.04442e-05 0.00160349 -0.000869624 9.53337
49.3399 27.4926 -0.000235134 0.000231093 -6.87924e-05 12.5439
50.3367 27.4926 -0.001869 0.000428898 0.00150643 6.02108
51.3335 27.4926 0.000240938 -0.000367885 0.000386199 6.52283
52.3302 27.4926 -0.00180224 4.14634e-05 0.000389686 10.5369
53.327 27.4926 0.000229956 -0.000151683 -0.00114394 12.5439
54.3238 27.4926 -0.000590121 0.000622009 0.000237316 10.0351
55.3205 27.4926 -0.000758807 0.000109188 0.00111216 7.02459
56.3173 27.4926 0.000812901 0.00154778 0.00200305 7.02459
57.3141 27.4926 -0.000973907 -0.00101388 -0.000764422 14.0492
58.3108 27.4926 0.000267172 0.000483425 -0.000829136 12.5439
59.3076 27.4926 0.000133854 -0.000761595 0.000193466 6.52283
60.3044 27.4926 -0.000741285 0.000340355 0.000232133 11.5404
61.3011 27.4926 0.000476252 0.00114113 8.94696e-07 11.5404
62.2979 27.4926 0.00013703 0.00132722 7.62745e-05 9.53337
63.2947 27.4926 0.000612041 -0.00125583 0.000672251 7.02459
64.2914 27.4926 -2.14843e-06 -0.000893716 -0.000154477 10.5369
65.2882 27.4926 -4.06891e-05 -0.000725004 -0.000473052 12.0422
66.285 27.4926 -0.0010494 0.00147529 0.000109097 10.0351
67.2817 27.4926 0.000976048 -0.000363302 -0.000224902 10.0351
68.2785 27.4926 0.000178529 -0.00013193 -9.34775e-05 12.0422
69.2753 27.4926 -1.9279e-05 -0.00046636 0.000569741 10.5369
70.272 27.4926 -5.63877e-05 0.000846784 -0.000102761 9.53337
71.2688 27.4926 0.00170586 -0.000438265 0.00069696 12.0422
72.2656 27.4926 0.00197918 0.000863493 -0.000573141 9.03161
73.2623 27.4926 -0.000139647 -0.00102347 0.00130848 12.0422
74.2591 27.4926 0.000247971 -2.0768e-05 0.000894789 12.0422
75.2559 27.4926 0.00189766 0.00104347 -0.000806105 6.02108
76.2526 27.4926 -0.00029811 0.000490459 -3.50966e-05 9.53337
77.2494 27.4926 -0.000731319 0.000282959 -0.000924305 12.0422
78.2462 27.4926 -0.000618129 0.00127376 0.000882894 11.5404
79.2429 27.4926 3.24654e-05 0.000651793 -0.000108065 7.02459
80.2397 27.4926 0.000430041 0.000791677 -0.00131073 12.0422
81.2365 27.4926 -0.000452821 -0.000386082 0.000659738 9.03161
82.2332 27.4926 -0.000727527 0.000327561 6.79264e-05 11.5404
0.498383 28.4924 -0.000713557 0.000174679 -0.000552919 16.558
1.49515 28.4924 0.00162412 -0.000133729 -0.000725052 10.0351
2.49192 28.4924 0.000523669 0.000143894 -0.000777294 20.572
3.48868 28.4924 -0.000383425 0.000321973 2.44666e-05 17.0597
4.48545 28.4924 -0.000455542 -2.46241e-05 -0.000596094 5.51932
5.48221 28.4924 0.00203909 0.00083267 -0.000224969 8.52986
6.47898 28.4924 -1.82825e-05 0.0011387 -0.000168737 7.02459
7.47575 28.4924 0.000591866 -0.000392159 0.000142128 12.0422
8.47251 28.4924 -6.22318e-05 -0.000533159 0.000851706 23.5825
9.46928 28.4924 9.85743e-05 0.00218358 0.000337944 10.0351
10.466 28.4924 -0.000451288 0.000269909 0.00021351 17.0597
11.4628 28.4924 0.000683278 0.000238669 -0.000228921 18.0632
12.4596 28.4924 -0.000787733 0.000626411 0.000355168 7.52634
13.4563 28.4924 -0.000691492 0.000283633 0.000531773 9.53337
14.4531 28.4924 0.000599801 -0.000543193 0.00115172 8.0281
15.4499 28.4924 0.000349468 0.000569022 -0.000931811 11.0386
16.4466 28.4924 0.000172827 -0.000524492 -0.000112446 21.5755
17.4434 28.4924 0.000185213 0.000789867 0.000306298 12.5439
18.4402 28.4924 -0.000715027 -0.00101169 -0.00132934 9.53337
19.4369 28.4924 -0.000458957 0.000468422 -0.000155294 14.0492
20.4337 28.4924 0.00212278 0.000175632 -0.000848559 17.0597
21.4305 28.4924 0.00101782 -0.000513255 0.000941984 6.02108
22.4272 28.4924 0.000536727 -0.00026551 -0.000284861 9.03161
23.424 28.4924 7.77847e-05 0.000224369 0.00083258 15.0527
24.4208 28.4924 -0.000522823 -0.000360613 -0.000473191 15.5544
25.4175 28.4924 -0.000508036 -0.00049403 -0.000917757 15.5544
26.4143 28.4924 -0.00060461 -0.00129401 0.000758841 11.5404
27.4111 28.4924 -0.00097788 -7.90546e-05 0.000181595 21.0738
28.4078 28.4924 0.000648515 -0.000378497 -0.00104574 10.0351
29.4046 28.4924 0.0014973 0.000392095 -9.88386e-06 5.51932
30.4014 28.4924 -0.000276625 0.00084674 -0.000366634 10.0351
31.3981 28.4924 -0.000289084 -0.000953061 -0.000294243 6.02108
32.3949 28.4924 0.000397436 0.000145542 -0.00116738 18.0632
33.3917 28.4924 -0.00102563 5.61847e-05 0.000364612 21.5755
34.3884 28.4924 0.00046949 -0.000946175 0.00155419 12.0422
35.3852 28.4924 8.59722e-05 -0.000697057 0.00041817 21.0738
36.382 28.4924 -0.000984521 0.000210485 -0.000305773 19.0667
37.3787 28.4924 0.000648088 0.000396925 0.000928033 8.52986
38.3755 28.4924 0.0019891 -0.0013753 -0.000555567 8.0281
39.3723 28.4924 0.000761845 -0.00077713 -0.000254207 10.5369
40.369 28.4924 -0.000486092 0.000386941 0.00101984 9.03161
41.3658 28.4924 0.000262183 0.000222045 -0.000138665 24.0843
42.3626 28.4924 0.000186036 -0.000455589 0.000466159 13.5474
43.3593 28.4924 -0.00109182 0.000922982 -0.000470864 11.0386
44.3561 28.4924 -0.000302874 -0.000287505 -0.000511579 21.0738
45.3529 28.4924 0.00101098 -0.00043051 -2.02542e-05 13.5474
46.3496 28.4924 -0.000676938 -0.000122863 0.000811663 7.52634
47.3464 28.4924 -0.000975457 -0.00172312 -0.000513 9.03161
48.3432 28.4924 -1.07263e-05 -0.000636782 -0.000143964 8.0281
49.3399 28.4924 -0.000199137 -0.000583097 -0.000216025 21.0738
50.3367 28.4924 -0.000281107 0.00084368 -0.000208576 11.0386
51.3335 28.4924 -0.000715874 -0.000500138 -0.000887355 11.0386
52.3302 28.4924 -0.000783178 0.000183306 -0.000428187 24.5861
53.327 28.4924 -0.000521092 -0.000120906 0.000598448 15.5544
54.3238 28.4924 -5.20857e-05 -0.000784731 -0.000975474 9.53337
55.3205 28.4924 -0.000183948 -0.000138385 -1.73291e-05 10.0351
56.3173 28.4924 -0.000381781 0.000123761 -6.58888e-05 9.53337
57.3141 28.4924 0.000519434 -0.000665595 -0.000189832 15.0527
58.3108 28.4924 -0.000471682 0.000110381 0.000541515 18.565
59.3076 28.4924 0.00124243 -0.00034521 0.00112139 10.0351
60.3044 28.4924 0.000876895 0.000213813 -0.000574596 21.0738
61.3011 28.4924 -0.00103342 7.1363e-05 0.000964937 18.565
62.2979 28.4924 -0.00100312 0.000263233 -0.000653508 6.02108
63.2947 28.4924 0.00126402 -0.000225032 -0.000329968 11.0386
64.2914 28.4924 -0.000103069 0.00229647 -0.00150092 4.51581
65.2882 28.4924 -0.000340829 -0.00054772 -0.000513319 13.0457
66.285 28.4924 0.00026173 0.0011231 -5.98129e-05 22.579
67.2817 28.4924 -0.00092607 0.000224464 -0.000556611 8.52986
68.2785 28.4924 0.000652499 0.000339762 0.00020276 16.558
69.2753 28.4924 0.000484555 0.000193857 0.000351297 18.0632
70.272 28.4924 0.00107372 -0.000945585 -0.000113755 7.52634
71.2688 28.4924 0.00177924 0.000341852 -0.000791453 4.51581
72.2656 28.4924 0.000588053 -6.03626e-05 0.000415054 11.0386
73.2623 28.4924 0.00138699 -0.000232396 -0.00136032 10.0351
74.2591 28.4924 -0.00155536 0.000638609 -0.000339707 16.558
75.2559 28.4924 -0.00125926 0.000265467 -0.000173976 16.558
76.2526 28.4924 0.000983695 -0.000536218 0.000823867 14.5509
77.2494 28.4924 0.000217309 0.000593972 -0.000862855 19.0667
78.2462 28.4924 0.000123697 -0.00141277 -0.00042444 12.5439
79.2429 28.4924 0.00186331 0.00134548 -0.000529229 7.02459
80.2397 28.4924 -0.00276206 -0.000551265 0.000771252 4.51581
81.2365 28.4924 7.70845e-05 0.000863945 -0.000861538 9.03161
82.2332 28.4924 -3.03999e-05 0.000104212 -0.00027962 21.0738
0.498383 29.4921 -0.000111907 6.87455e-05 0.000712556 8.52986
1.49515 29.4921 0.000669939 0.00016094 -0.000269884 12.5439
2.49192 29.4921 -8.87743e-05 0.000372356 -1.34475e-05 16.0562
3.48868 29.4921 -0.00069195 -0.000656339 0.000680198 13.0457
4.48545 29.4921 0.00108492 -0.000414024 0.000725585 8.0281
5.48221 29.4921 0.00295415 -0.00040867 0.00043189 5.51932
6.47898 29.4921 -0.000240813 0.000801864 0.0011161 9.53337
7.47575 29.4921 -0.000405574 -5.19925e-05 0.000287986 10.0351
8.47251 29.4921 -0.00109269 -0.000633458 0.000580265 11.5404
9.46928 29.4921 0.00018193 -0.000299365 0.000181764 7.52634
10.466 29.4921 0.000544379 0.00114825 -0.000396621 14.5509
11.4628 29.4921 0.000252071 -0.000569804 0.00190283 10.5369
12.4596 29.4921 0.000145052 -0.00115666 0.000184132 10.5369
13.4563 29.4921 0.000775524 0.000990964 -0.000620465 6.02108
14.4531 29.4921 -0.000788295 -0.000268006 0.000347126 8.0281
15.4499 29.4921 -0.00099041 -0.000865966 2.40415e-05 8.52986
16.4466 29.4921 -8.85365e-05 -0.000592253 -0.000602897 15.5544
17.4434 29.4921 0.000156956 0.000555276 -0.000256219 10.0351
18.4402 29.4921 -0.000548513 -1.56405e-05 0.00044956 14.5509
19.4369 29.4921 -0.000354487 -0.000320532 0.000433977 14.5509
20.4337 29.4921 -0.000220403 0.00110506 0.000172371 7.52634
21.4305 29.4921 0.000249159 0.000516075 0.00134188 8.0281
22.4272 29.4921 0.00089704 -0.00177592 -0.000379539 5.01756
23.424 29.4921 -0.00152913 -0.000458265 0.00060624 8.52986
24.4208 29.4921 0.000785116 -0.000219198 7.20287e-05 13.5474
25.4175 29.4921 -0.000274009 -0.000388347 -0.000806802 16.558
26.4143 29.4921 0.00119943 0.00092562 -0.000211805 10.0351
27.4111 29.4921 0.00016827 0.000496309 -0.00078335 13.5474
28.4078 29.4921 -0.000591489 0.000489594 1.20526e-05 13.5474
29.4046 29.4921 0.000865126 -0.00161496 -0.000771316 8.0281
30.4014 29.4921 0.00063428 0.000600387 -0.00085173 5.01756
31.3981 29.4921 0.000261625 -0.00110191 -0.000949603 8.0281
32.3949 29.4921 0.000455825 0.000698405 0.000310085 13.0457
33.3917 29.4921 -1.42868e-05 -0.000369231 -0.000719974 14.5509
34.3884 29.4921 -0.000661174 -0.000393061 -0.000604914 6.52283
35.3852 29.4921 -0.000746477 -0.000329291 -0.00157584 10.5369
36.382 29.4921 0.000960092 -0.000679784 -0.00115672 10.0351
37.3787 29.4921 -0.000461039 -0.000571256 -0.000117752 10.5369
38.3755 29.4921 0.00119884 -0.000403081 -0.00118638 8.52986
39.3723 29.4921 0.000596869 0.000561676 -0.000815293 2.50878
40.369 29.4921 -5.91932e-06 0.000209106 0.000380372 14.0492
41.3658 29.4921 0.000169047 0.000364069 0.00021767 18.565
42.3626 29.4921 0.000690904 -0.00150336 -0.000194933 11.5404
43.3593 29.4921 -0.00030153 -6.93383e-05 0.000202549 11.5404
44.3561 29.4921 -0.00157718 0.000516792 0.000211508 11.0386
45.3529 29.4921 0.00100117 6.43948e-05 -0.000221522 9.53337
46.3496 29.4921 -0.00336142 -0.00219206 0.00425642 6.02108
47.3464 29.4921 -0.000593762 0.000714766 -0.000982644 5.01756
48.3432 29.4921 -4.28726e-05 0.000148332 -0.0010382 12.0422
49.3399 29.4921 -0.000613207 -0.000333791 -0.000291939 15.5544
50.3367 29.4921 0.000413093 0.000386391 0.000101303 11.5404
51.3335 29.4921 0.00102668 1.39242e-05 0.000619432 7.02459
52.3302 29.4921 -0.00062405 7.38115e-05 0.000635754 17.0597
53.327 29.4921 0.000661867 0.000510191 -2.51379e-05 6.52283
54.3238 29.4921 0.00078799 -0.00144985 -0.000462479 7.52634
55.3205 29.4921 -0.000982523 0.000812035 -0.00049056 9.53337
56.3173 29.4921 -0.000516424 -0.00158188 -0.00023176 8.0281
57.3141 29.4921 0.000149323 0.000972704 0.000183694 10.0351
58.3108 29.4921 -0.000852817 0.00125646 -0.000331634 11.0386
59.3076 29.4921 0.000373609 0.000610412 0.000484178 7.52634
60.3044 29.4921 -0.000275037 0.000428285 -0.00116229 15.0527
61.3011 29.4921 -0.000661902 -0.000569864 0.000825391 11.0386
62.2979 29.4921 0.00086047 -0.000312934 -0.000404474 7.02459
63.2947 29.4921 -0.000671478 0.00137933 0.000216546 4.01405
64.2914 29.4921 8.71537e-05 0.000935052 -4.45322e-05 9.53337
65.2882 29.4921 -0.000648338 8.16842e-05 -0.000778561 16.558
66.285 29.4921 -0.000117059 -0.000811211 -0.000602628 12.5439
67.2817 29.4921 0.000800936 -0.000175278 -0.00109338 8.0281
68.2785 29.4921 0.000482172 -0.000546613 -0.000765985 13.0457
69.2753 29.4921 -0.00185271 -0.000406393 -0.00076749 11.0386
70.272 29.4921 -4.22287e-05 0.000575117 3.38182e-05 12.0422
71.2688 29.4921 0.000396123 0.00147705 0.000127591 8.52986
72.2656 29.4921 0.000932525 0.00087991 0.00176051 7.52634
73.2623 29.4921 0.000617962 0.00117 -0.000836122 10.5369
74.2591 29.4921 0.000608533 0.00065757 0.000200891 14.5509
75.2559 29.4921 -0.000145999 0.000670561 0.000361513 10.0351
76.2526 29.4921 0.000372318 -0.000999463 -7.68398e-05 8.52986
77.2494 29.4921 -0.00101127 0.000337653 -9.75435e-05 14.0492
78.2462 29.4921 1.8929e-05 -0.000497753 0.000351121 15.0527
79.2429 29.4921 -0.000927758 0.000267433 -0.000319624 8.52986
80.2397 29.4921 -0.00172389 0.000565456 -0.000473916 7.02459
81.2365 29.4921 0.000284419 -0.000609114 -0.000537111 11.5404
82.2332 29.4921 -0.000972418 0.00104381 0.000503732 13.5474
0.498383 30.4918 -6.36314e-06 -0.000179648 -0.000148104 7.02459
1.49515 30.4918 -0.0017098 0.000162422 -0.000333686 9.03161
2.49192 30.4918 -0.000970223 -0.00061342 -0.000170775 6.02108
3.48868 30.4918 0.00114663 -0.000463295 9.4552e-05 11.5404
4.48545 30.4918 0.000287205 -0.000468894 0.000181277 21.0738
5.48221 30.4918 -0.000790769 -0.001174 0.00139438 6.52283
6.47898 30.4918 -0.000732277 -0.000284449 4.28012e-05 17.5615
7.47575 30.4918 0.00152277 -0.000573261 0.000812847 14.0492
8.47251 30.4918 -0.000828669 -5.1429e-05 0.000161785 10.0351
9.46928 30.4918 -0.000354621 -0.000256651 8.10529e-05 9.03161
10.466 30.4918 -0.000440833 -0.000425217 -0.000285191 9.03161
11.4628 30.4918 0.000686044 0.00056149 -0.00149749 11.5404
12.4596 30.4918 -4.81958e-06 -0.000140565 0.0007972 18.0632
13.4563 30.4918 -5.03216e-05 -0.000925039 0.000839969 10.0351
14.4531 30.4918 -0.00107636 7.22291e-05 0.00130728 13.0457
15.4499 30.4918 -0.000520266 0.000964004 -0.000296855 18.0632
16.4466 30.4918 -0.00065573 -0.00126482 -0.000486249 8.0281
17.4434 30.4918 0.00112005 -0.000812395 -0.0010089 7.52634
18.4402 30.4918 0.000436737 -0.000468821 -0.0014585 6.52283
19.4369 30.4918 -0.000510326 0.000410695 -0.000216507 11.0386
20.4337 30.4918 -0.00192945 0.00124595 -0.000105977 10.5369
21.4305 30.4918 0.00100422 0.000436547 7.47683e-05 16.558
22.4272 30.4918 0.000861135 0.000372285 0.0016556 12.5439
23.424 30.4918 0.000669798 -0.000265759 0.00061462 17.0597
24.4208 30.4918 -0.000975552 -0.000395894 -0.00113024 8.52986
25.4175 30.4918 -0.000624111 0.000797543 0.000923096 4.51581
26.4143 30.4918 0.000313275 -0.000680259 -1.71635e-05 6.52283
27.4111 30.4918 0.00290026 -0.00020808 0.00103559 4.51581
28.4078 30.4918 5.52261e-05 -0.000810681 0.00123991 16.0562
29.4046 30.4918 -0.000616911 -0.00050317 0.000175458 12.0422
30.4014 30.4918 0.000567286 0.000753456 0.00015402 16.558
31.3981 30.4918 8.95422e-05 0.000612314 3.11963e-05 17.0597
32.3949 30.4918 -0.00162132 -0.00119393 -0.00124282 11.0386
33.3917 30.4918 0.000186462 -9.61989e-05 -0.000473093 7.02459
34.3884 30.4918 -0.000462259 -0.000470954 0.00112577 8.52986
35.3852 30.4918 0.000901184 0.000893122 0.000564908 9.03161
36.382 30.4918 -0.000667534 -0.000689906 -0.000359272 9.53337
37.3787 30.4918 -0.00127732 -0.000792235 0.000130172 21.0738
38.3755 30.4918 4.67602e-05 -4.65203e-05 0.000667823 7.52634
39.3723 30.4918 -0.000622708 -0.000221608 -0.000656359 12.5439
40.369 30.4918 -0.00109113 -0.00034965 -0.000301455 13.0457
41.3658 30.4918 -0.000269814 0.000469743 -0.000684251 7.52634
42.3626 30.4918 0.000779834 -0.00042516 0.000307676 6.52283
43.3593 30.4918 0.000456104 -0.00020127 -0.000393107 10.0351
44.3561 30.4918 -9.1913e-05 -0.000209407 -0.00110386 11.0386
45.3529 30.4918 0.000264704 -3.78847e-05 0.000497905 21.5755
46.3496 30.4918 0.00127893 -0.00123578 -0.00021271 11.0386
47.3464 30.4918 0.000458032 -0.000427388 -0.000537442 12.5439
48.3432 30.4918 -3.90965e-05 -0.000776785 0.000147853 17.0597
49.3399 30.4918 0.00108132 0.000179637 -0.000410304 10.5369
50.3367 30.4918 -0.000179633 -0.000213803 0.000108906 9.03161
51.3335 30.4918 0.000644782 0.000342482 -0.00105956 8.52986
52.3302 30.4918 0.000881589 7.34131e-06 -0.000225742 8.0281
53.327 30.4918 0.000497621 0.000597173 0.000127984 16.0562
54.3238 30.4918 -0.000678566 -0.000382603 -0.000200593 12.0422
55.3205 30.4918 0.000521242 -0.000979415 0.000988611 11.5404
56.3173 30.4918 -0.00022862 -0.00120631 -0.000295197 17.0597
57.3141 30.4918 0.000116147 0.000301109 -6.92298e-05 18.0632
58.3108 30.4918 -0.000656154 0.00114988 0.00196592 6.52283
59.3076 30.4918 -0.00139352 -0.00149577 0.000453439 7.52634
60.3044 30.4918 0.00168121 0.000241898 0.00113905 9.03161
61.3011 30.4918 -0.000450396 -0.000124693 -0.000187605 12.5439
62.2979 30.4918 0.000795099 0.000207076 0.00101118 16.558
63.2947 30.4918 -0.0006293 0.00116027 0.00037673 6.52283
64.2914 30.4918 -0.000755208 -0.00115868 -5.06682e-05 15.5544
65.2882 30.4918 -0.000119245 0.000231788 -0.000971626 16.0562
66.285 30.4918 0.000102288 0.000180702 0.000361648 4.01405
67.2817 30.4918 -0.000649553 0.00166319 0.000168384 9.03161
68.2785 30.4918 0.000339808 -0.000654342 0.000988954 14.5509
69.2753 30.4918 0.000912138 0.000336456 0.000795759 9.53337
70.272 30.4918 0.000516682 0.00030849 0.000969546 17.0597
71.2688 30.4918 -0.00108288 -0.00103137 0.000579929 11.5404
72.2656 30.4918 0.000590251 -0.000619685 -0.000321606 11.5404
73.2623 30.4918 -0.000671455 8.69849e-05 0.00101326 15.5544
74.2591 30.4918 -0.00153842 -0.000249428 0.000695942 12.5439
75.2559 30.4918 0.0020514 -0.000896353 -0.00153249 5.01756
76.2526 30.4918 -0.000861873 -0.000753267 0.00167426 9.03161
77.2494 30.4918 0.00134224 0.000375891 0.00074004 11.0386
78.2462 30.4918 -0.000258111 -0.000381548 -0.000446186 14.5509
79.2429 30.4918 0.000460169 0.000373793 -0.00118796 10.5369
80.2397 30.4918 -0.000592284 -0.00150084 -1.19791e-05 9.53337
81.2365 30.4918 6.69962e-05 0.000876722 0.000231615 19.0667
82.2332 30.4918 0.00100836 0.00170439 7.18704e-05 7.52634
0.498383 31.4916 0.00164852 0.000686822 0.000288802 10.0351
1.49515 31.4916 0.000999552 -0.000655307 -0.000957284 4.01405
2.49192 31.4916 -0.000363161 0.000599372 0.000715719 7.52634
3.48868 31.4916 -0.000547046 0.000155081 -0.000496044 17.0597
4.48545 31.4916 0.000729072 0.000343765 -0.00117061 16.0562
5.48221 31.4916 -0.00125549 9.06832e-05 -0.000145627 14.0492
6.47898 31.4916 0.000234523 -0.000597095 -0.000133852 16.0562
7.47575 31.4916 -0.000666877 3.82839e-06 0.000323821 15.5544
8.47251 31.4916 -0.00109979 -0.000628275 0.000235152 8.52986
9.46928 31.4916 -0.001452 -0.00100485 -0.000230702 8.0281
10.466 31.4916 -0.0017113 0.000387222 0.000478069 9.53337
11.4628 31.4916 0.000110004 -0.000627387 -0.000545091 13.5474
12.4596 31.4916 -0.000577378 6.77983e-05 -0.000132017 18.565
13.4563 31.4916 0.000324822 0.000487821 0.000366418 11.0386
14.4531 31.4916 0.000385694 -0.000440529 0.00027225 13.0457
15.4499 31.4916 0.000128187 0.000365925 0.000222296 17.5615
16.4466 31.4916 -0.00131659 -0.00131654 -0.000325238 6.52283
17.4434 31.4916 -0.000307701 -0.000597188 0.000487625 10.0351
18.4402 31.4916 0.00114801 0.000397031 -0.000122444 7.52634
19.4369 31.4916 -0.000496131 -8.35812e-05 -0.000611764 10.5369
20.4337 31.4916 -0.000486162 0.000549975 0.000867456 19.5685
21.4305 31.4916 0.000966721 0.000417269 0.000348686 13.5474
22.4272 31.4916 -0.000971356 0.000857258 6.02256e-05 10.5369
23.424 31.4916 0.000334796 -1.61864e-05 0.000428606 23.5825
24.4208 31.4916 -0.00135907 -0.000511792 0.000324072 8.52986
25.4175 31.4916 -3.93434e-05 -0.000235756 8.74973e-05 9.03161
26.4143 31.4916 -0.00134585 0.000160135 -0.000514775 8.0281
27.4111 31.4916 0.000438115 -0.000879024 -0.000389527 13.0457
28.4078 31.4916 0.000856434 6.88775e-05 -0.000813132 14.0492
29.4046 31.4916 -0.00070089 0.000265128 0.000426104 16.558
30.4014 31.4916 7.72433e-05 -0.000539026 -0.000543747 14.0492
31.3981 31.4916 0.00062815 0.00038621 -0.00033002 15.5544
32.3949 31.4916 0.00151078 -0.00140874 -0.000303219 12.5439
33.3917 31.4916 -0.000192516 -2.03375e-05 -0.000929262 8.0281
34.3884 31.4916 0.00187933 -0.000989951 -0.000682148 12.0422
35.3852 31.4916 -0.00132039 -0.00131712 0.000392649 8.52986
36.382 31.4916 -0.000844001 0.00105327 0.00104509 10.5369
37.3787 31.4916 0.000137722 0.000139587 -0.000699229 25.0878
38.3755 31.4916 0.000324238 0.00040438 -0.00047633 11.5404
39.3723 31.4916 -0.000558141 0.000508146 -4.8213e-06 18.0632
40.369 31.4916 2.23003e-06 -0.000779329 -0.00045937 15.5544
41.3658 31.4916 0.00049698 -0.000787205 0.000714641 10.0351
42.3626 31.4916 -0.000874587 -9.78847e-05 0.000191335 8.0281
43.3593 31.4916 -0.000920413 0.000693478 0.000211014 5.01756
44.3561 31.4916 -0.000365955 0.000249361 -0.000212106 11.5404
45.3529 31.4916 -0.000953851 0.00104202 -0.000108488 16.0562
46.3496 31.4916 -0.000414758 -0.000341474 0.000124898 15.0527
47.3464 31.4916 -0.00147977 -0.000244108 0.00071318 12.5439
48.3432 31.4916 0.000382351 0.000706928 0.000641227 16.558
49.3399 31.4916 -0.00017762 0.00108929 0.00190061 11.5404
50.3367 31.4916 -0.000487717 -0.000301082 0.000706205 7.52634
51.3335 31.4916 0.000303873 -0.000360253 0.000335747 7.52634
52.3302 31.4916 0.00043943 -5.47911e-05 -0.000131074 6.52283
53.327 31.4916 0.000826876 1.27326e-05 -0.00134473 16.0562
54.3238 31.4916 0.000759293 0.000629905 -0.000320265 15.0527
55.3205 31.4916 -0.000184327 -0.000484816 7.58879e-05 11.0386
56.3173 31.4916 -1.14396e-05 -0.00102831 -0.000229005 15.0527
57.3141 31.4916 0.00165672 0.00036181 0.000164761 13.5474
58.3108 31.4916 -0.00109082 -0.000622486 0.00085351 7.52634
59.3076 31.4916 0.001099 9.98748e-05 0.000291918 5.51932
60.3044 31.4916 0.0012463 -0.00141816 -0.000497305 5.01756
61.3011 31.4916 -0.000301618 0.000601354 -0.000691862 11.5404
62.2979 31.4916 -0.000262519 0.000117866 -0.000340496 25.0878
63.2947 31.4916 5.81197e-05 0.000630419 0.000186856 11.5404
64.2914 31.4916 0.000385324 0.000216608 -0.00071865 19.5685
65.2882 31.4916 -0.000666442 0.000269691 0.00100915 17.5615
66.285 31.4916 0.00144482 -0.000826081 -5.41741e-05 9.03161
67.2817 31.4916 0.0018002 -0.000525678 0.00139501 6.02108
68.2785 31.4916 0.000145237 0.000428748 -0.00102938 7.52634
69.2753 31.4916 0.000234152 0.000572549 0.000650133 11.5404
70.272 31.4916 -0.00057839 0.000759872 0.000223152 13.5474
71.2688 31.4916 -5.16575e-05 -0.000109603 -1.75026e-05 14.0492
72.2656 31.4916 0.000619719 0.00137328 -0.000278843 14.5509
73.2623 31.4916 -0.00142438 0.000720332 -0.000864811 18.565
74.2591 31.4916 0.00162091 0.000952119 0.000517931 8.52986
75.2559 31.4916 0.000379238 -0.000473867 -0.00069771 8.0281
76.2526 31.4916 0.00188236 -0.000446992 -9.68832e-05 9.53337
77.2494 31.4916 -0.000235154 0.000921694 -0.000384148 9.03161
78.2462 31.4916 -4.96102e-05 -0.000906767 1.80703e-05 21.0738
79.2429 31.4916 -0.000501671 9.87542e-05 -0.000756346 17.5615
80.2397 31.4916 -3.18306e-05 -0.000258962 -0.000275574 12.5439
81.2365 31.4916 6.71827e-05 -0.00075475 -0.000858171 19.5685
82.2332 31.4916 -1.35845e-05 -0.000371348 -0.000477301 12.5439
0.498383 32.4913 0.00137949 -0.000511475 3.60341e-05 13.0457
1.49515 32.4913 -0.000502625 0.000188575 0.00209102 6.02108
2.49192 32.4913 0.000633714 -0.000563407 -0.000216243 12.5439
3.48868 32.4913 -0.000841858 -0.000265012 0.000687292 10.5369
4.48545 32.4913 3.03059e-05 -0.00146012 -0.00127364 10.5369
5.48221 32.4913 0.000360844 -0.000252808 0.000508584 6.02108
6.47898 32.4913 0.000671048 0.00123581 0.000180695 10.0351
7.47575 32.4913 0.00180639 0.000630468 9.19844e-05 11.5404
8.47251 32.4913 -0.00140091 7.75812e-05 1.4286e-05 10.0351
9.46928 32.4913 -0.0011093 -0.0017322 0.00104736 8.0281
10.466 32.4913 0.00024278 -0.000602544 0.000335589 10.0351
11.4628 32.4913 -0.00131074 -5.88162e-05 0.00120085 6.52283
12.4596 32.4913 0.00103352 -0.000147823 -0.000231808 11.0386
13.4563 32.4913 0.000992242 0.000275924 0.000260684 9.53337
14.4531 32.4913 0.00155642 0.000174168 -0.00085017 8.0281
15.4499 32.4913 0.00114747 0.000496004 -0.000357597 12.5439
16.4466 32.4913 -0.001951 0.000327239 0.000441887 12.5439
17.4434 32.4913 -0.000632803 0.000385537 -0.000613755 10.5369
18.4402 32.4913 0.000738205 -0.000282884 -4.52751e-06 12.0422
19.4369 32.4913 2.75167e-05 0.00100303 -0.000197385 14.0492
20.4337 32.4913 0.000285063 0.00128061 -0.000220329 8.0281
21.4305 32.4913 0.00088711 -0.000965849 0.00064717 9.03161
22.4272 32.4913 0.000314208 -0.00112644 5.8599e-05 10.0351
23.424 32.4913 -0.00036069 5.64627e-05 -0.000967656 9.53337
24.4208 32.4913 0.000228606 0.000318198 -0.00122839 8.0281
25.4175 32.4913 -0.00112309 -0.0012756 0.000175552 11.5404
26.4143 32.4913 -0.00312115 0.000289432 0.000990992 7.02459
27.4111 32.4913 0.000971692 -0.000729892 -0.00164705 11.5404
28.4078 32.4913 -0.000193629 1.43198e-05 0.000583284 11.5404
29.4046 32.4913 0.000751401 -0.000563202 -0.000640277 8.0281
30.4014 32.4913 0.000509003 0.000109059 -0.000206187 7.02459
31.3981 32.4913 0.000530736 0.00122502 0.000178089 11.5404
32.3949 32.4913 -0.000305413 -0.00124669 5.51405e-06 9.53337
33.3917 32.4913 -0.000138334 0.00126927 -0.000356847 14.0492
34.3884 32.4913 -1.70416e-05 0.000215944 0.000289017 6.02108
35.3852 32.4913 0.000277448 0.000969738 -0.000184924 7.02459
36.382 32.4913 -0.00130045 -9.12847e-05 -0.000169255 11.0386
37.3787 32.4913 -0.000193238 -0.00123415 -0.00051567 11.5404
38.3755 32.4913 -0.000718466 0.00146594 0.00104249 5.51932
39.3723 32.4913 4.2048e-05 -0.00024837 0.000911473 11.0386
40.369 32.4913 -0.000435366 0.00129813 0.0020876 11.5404
41.3658 32.4913 -0.000649739 0.000617759 0.000830904 13.5474
42.3626 32.4913 0.0011515 0.00159297 0.000686767 7.52634
43.3593 32.4913 0.000677031 0.00144954 -0.00101758 9.03161
44.3561 32.4913 -0.000123523 -0.000226535 -0.00022572 13.0457
45.3529 32.4913 0.00198421 -0.000147167 -0.000156826 10.0351
46.3496 32.4913 0.00115272 -0.00134259 -0.00153544 4.51581
47.3464 32.4913 0.0008626 -6.2784e-05 -0.000430539 8.0281
48.3432 32.4913 0.000178187 0.000870353 -0.000349632 11.0386
49.3399 32.4913 -0.000662876 -0.000103698 -0.000747273 12.5439
50.3367 32.4913 0.000272995 0.000897519 -0.000367342 11.5404
51.3335 32.4913 0.000643822 0.000378392 -8.58408e-05 10.0351
52.3302 32.4913 -0.00140088 -0.00101532 0.000875002 16.0562
53.327 32.4913 0.000527142 0.00082718 0.000695869 12.0422
54.3238 32.4913 0.000585198 0.00117609 0.000599778 6.02108
55.3205 32.4913 -0.00055037 -0.00118957 0.0010851 5.51932
56.3173 32.4913 0.000620467 -0.000882422 3.96359e-05 7.02459
57.3141 32.4913 0.000187349 0.00196711 -0.000236127 10.0351
58.3108 32.4913 -0.000345782 0.000329693 -0.000517032 12.5439
59.3076 32.4913 0.00109019 -0.00105738 5.21692e-05 10.5369
60.3044 32.4913 0.000165829 0.000208542 0.000730124 10.5369
61.3011 32.4913 0.00107962 0.000111442 -0.000557333 10.5369
62.2979 32.4913 -0.00138825 -0.000908153 6.8538e-06 7.52634
63.2947 32.4913 -0.000549024 0.000388131 0.00202724 6.02108
64.2914 32.4913 0.000334573 0.000555701 -0.000609563 10.0351
65.2882 32.4913 -0.00193137 0.000660321 0.00124815 10.5369
66.285 32.4913 -2.94753e-05 -0.000524976 -0.000354829 13.5474
67.2817 32.4913 -0.00025894 -0.000852766 -0.000279879 8.52986
68.2785 32.4913 0.000303821 -0.000295827 -0.00043207 14.0492
69.2753 32.4913 -0.000217893 -0.000207282 0.000185688 14.5509
70.272 32.4913 -0.000548031 0.000942327 -0.000725837 11.0386
71.2688 32.4913 -0.000987044 -0.00097068 0.000682552 6.52283
72.2656 32.4913 -0.000678297 -0.00111966 0.000461609 8.0281
73.2623 32.4913 0.00020149 0.00105422 0.00115561 10.5369
74.2591 32.4913 0.000559699 7.2229e-05 -0.00102289 11.5404
75.2559 32.4913 -0.000373246 0.000392076 0.000352318 12.0422
76.2526 32.4913 -0.00185298 0.000259947 0.000725085 6.52283
77.2494 32.4913 -0.0010573 0.00110332 0.000141235 9.53337
78.2462 32.4913 0.000729796 -0.000633557 0.000309142 13.0457
79.2429 32.4913 0.000212483 -0.000447845 0.00124731 9.53337
80.2397 32.4913 9.37869e-05 -0.000774745 0.000628295 8.0281
81.2365 32.4913 -0.000937474 -0.000616975 0.000458845 12.5439
82.2332 32.4913 -0.000293354 -0.000550492 -0.000116071 10.5369
0.498383 33.491 -0.000460271 -0.000309312 -0.000131079 19.0667
1.49515 33.491 0.000134411 -0.000875732 0.000131719 12.0422
2.49192 33.491 -0.000290248 -0.000654854 0.000676953 23.5825
3.48868 33.491 0.000902019 -0.00046044 0.000689217 16.558
4.48545 33.491 -0.000655577 -0.00088739 0.000192881 11.5404
5.48221 33.491 0.00151596 -0.000368052 -0.00126306 3.51229
6.47898 33.491 -0.000535698 0.000752771 -0.00153359 7.52634
7.47575 33.491 8.80574e-05 -0.00041629 -0.00018442 15.5544
8.47251 33.491 -0.000723148 0.000613857 -0.000304234 21.5755
9.46928 33.491 0.0007108 0.000472129 0.000646899 13.5474
10.466 33.491 -0.000810986 0.000446127 0.000249116 19.5685
11.4628 33.491 0.000245364 1.55361e-05 -0.00093158 19.5685
12.4596 33.491 -0.000827221 0.000142584 0.000310683 7.02459
13.4563 33.491 0.000250394 -0.000175581 0.0012688 4.51581
14.4531 33.491 -0.00239399 0.00105825 -0.00065524 8.0281
15.4499 33.491 -0.000895808 0.000824837 0.000207849 11.5404
16.4466 33.491 -0.000331148 -0.000548938 -0.00023692 22.579
17.4434 33.491 0.000580914 0.0001943 -0.000137427 13.5474
18.4402 33.491 0.000645075 -0.00204876 0.00169611 10.0351
19.4369 33.491 -0.00042197 -0.000268429 -0.000209499 25.5896
20.4337 33.491 0.000887887 0.000702026 0.00026612 9.53337
21.4305 33.491 -0.000493051 -0.00169933 0.000112068 6.52283
22.4272 33.491 -0.00148081 0.00021352 0.00022088 6.52283
23.424 33.491 -0.00089108 0.000169754 0.00017296 11.5404
24.4208 33.491 0.000812099 -0.000802475 0.000726427 23.5825
25.4175 33.491 0.00154847 0.000527264 3.50542e-05 15.5544
26.4143 33.491 3.29429e-05 -0.00102586 0.000476641 10.5369
27.4111 33.491 0.000537879 -0.000264491 -0.00011825 23.0808
28.4078 33.491 0.000874019 -0.000612778 -0.00105323 12.0422
29.4046 33.491 -0.00197978 0.000636226 -0.000203179 10.5369
30.4014 33.491 -0.000443308 0.00125745 -0.000890571 6.02108
31.3981 33.491 0.00121255 0.000317916 0.000679876 8.0281
32.3949 33.491 4.62508e-05 0.000421839 -0.000292073 17.0597
33.3917 33.491 -9.2916e-05 -0.000214071 0.000784409 25.0878
34.3884 33.491 -0.00111203 0.000442577 -0.000434108 8.52986
35.3852 33.491 -0.00116356 3.89099e-05 0.00054396 20.0703
36.382 33.491 -0.000448205 0.000241526 -0.000428588 19.0667
37.3787 33.491 -0.000996758 -0.00114632 -0.000978961 6.52283
38.3755 33.491 0.00139947 -0.000332939 -0.000459218 5.51932
39.3723 33.491 -0.00107686 -1.63973e-05 0.000493384 9.03161
40.369 33.491 0.000393954 -0.000204618 0.000269223 11.0386
41.3658 33.491 0.00086309 -0.000679236 0.000165684 21.0738
42.3626 33.491 0.000998254 0.000309458 -0.00109758 13.0457
43.3593 33.491 0.000470856 0.000484375 -2.95961e-05 15.5544
44.3561 33.491 0.000198141 0.000114771 -0.000108925 23.0808
45.3529 33.491 -0.000724767 -0.000380485 -0.000110101 7.52634
46.3496 33.491 -0.0011498 0.000460836 -1.29493e-05 8.52986
47.3464 33.491 0.000123003 0.000660461 -0.00135944 9.53337
48.3432 33.491 -0.000475782 0.001158 0.000169037 11.0386
49.3399 33.491 -0.0012909 -0.000483717 -0.00108684 16.0562
50.3367 33.491 0.000255512 -0.000288577 0.000525888 15.0527
51.3335 33.491 0.0004596 0.00060062 0.000487963 14.0492
52.3302 33.491 -0.000224152 0.000945403 -0.000101897 20.572
53.327 33.491 0.000419924 -6.3158e-05 -0.000580235 10.5369
54.3238 33.491 0.000468095 -0.000540871 -0.000338133 9.03161
55.3205 33.491 0.00107689 0.00145497 1.65607e-05 8.0281
56.3173 33.491 -0.000156926 -7.83527e-05 -0.000749788 10.0351
57.3141 33.491 0.0016864 7.67425e-05 -0.000526484 16.558
58.3108 33.491 -0.00124693 0.000702912 -0.000807568 20.572
59.3076 33.491 0.000196118 -0.000218703 -8.05822e-05 11.0386
60.3044 33.491 -0.000390003 -0.000895789 0.000297752 21.5755
61.3011 33.491 -0.000486226 -0.000658316 -0.000400858 17.5615
62.2979 33.491 0.0020692 0.0019442 -0.00022793 8.0281
63.2947 33.491 -0.00141243 -0.000657945 0.000655732 7.02459
64.2914 33.491 -0.000668972 0.000588611 -0.000757157 12.0422
65.2882 33.491 0.000164681 0.000456815 -0.000283264 12.0422
66.285 33.491 0.000211002 4.87199e-05 -1.28093e-05 20.572
67.2817 33.491 0.000590813 -0.000112001 1.14102e-06 12.5439
68.2785 33.491 0.000278677 0.000410462 -0.00110483 17.0597
69.2753 33.491 -0.000591642 1.18496e-05 -0.000374585 19.5685
70.272 33.491 0.000772286 -0.000313433 0.00074165 7.52634
71.2688 33.491 -0.000157659 -0.000190699 0.000369838 7.52634
72.2656 33.491 0.00062808 -0.0005368 -0.000684718 5.51932
73.2623 33.491 0.000696486 -0.00192799 -0.000608381 10.0351
74.2591 33.491 -0.000762141 -0.000456881 0.000366741 21.5755
75.2559 33.491 -0.000492332 -0.000847825 0.000532996 13.5474
76.2526 33.491 -0.000160976 0.00118924 -0.000310273 14.5509
77.2494 33.491 -0.00066135 0.000286175 -0.00042681 22.0773
78.2462 33.491 0.000362301 0.000628376 -0.00127871 12.0422
79.2429 33.491 0.000561575 6.78184e-05 0.000972641 7.52634
80.2397 33.491 0.00190963 -0.00092359 0.000142851 6.52283
81.2365 33.491 0.0013347 0.00119189 -0.000571395 8.0281
82.2332 33.491 0.000212687 0.000878751 -0.000553266 16.0562
0.498383 34.4908 -0.00205346 0.000123018 -0.000607663 7.52634
1.49515 34.4908 0.000313721 -0.00011109 -0.000703921 7.52634
2.49192 34.4908 0.00142711 -0.000725267 0.000639836 9.03161
3.48868 34.4908 0.000415379 -0.000845689 -0.000739569 8.0281
4.48545 34.4908 -0.00146149 0.000913067 -0.00129551 9.03161
5.48221 34.4908 0.001951 -0.000324718 0.000426684 10.5369
6.47898 34.4908 0.000929226 -0.000353441 0.00122723 8.0281
7.47575 34.4908 -0.00180937 -0.000642514 0.000171481 9.53337
8.47251 34.4908 -0.00107752 0.000194258 -0.000416502 12.5439
9.46928 34.4908 -0.000113515 1.41156e-05 -0.000506147 7.02459
10.466 34.4908 0.00048345 -0.000808287 0.00130857 7.02459
11.4628 34.4908 -0.00169294 0.000966786 0.00014443 13.5474
12.4596 34.4908 -0.000851859 0.00069329 -0.000157476 9.53337
13.4563 34.4908 -0.00122584 0.00118093 -0.000538852 11.0386
14.4531 34.4908 -0.000519248 0.0021165 -0.000941889 5.51932
15.4499 34.4908 -7.13983e-05 -0.000470423 -0.000506033 9.03161
16.4466 34.4908 5.14069e-05 0.000525256 5.2732e-05 14.0492
17.4434 34.4908 -0.000642561 0.000508488 0.000400838 11.5404
18.4402 34.4908 0.000985214 -0.00041304 -4.73916e-05 7.52634
19.4369 34.4908 0.000185232 -0.000156719 -0.000237828 12.5439
20.4337 34.4908 -0.00176727 0.00053243 -0.00165122 10.0351
21.4305 34.4908 -5.38631e-05 -4.03871e-05 0.000254295 11.0386
22.4272 34.4908 -0.00179458 -0.000211511 -0.000396301 8.52986
23.424 34.4908 -0.00208383 -0.000752944 -0.000853416 7.02459
24.4208 34.4908 -0.00198355 0.000956014 -0.000399153 10.0351
25.4175 34.4908 0.00150459 -0.000189699 0.000207059 8.52986
26.4143 34.4908 -0.000978321 0.000157376 3.6529e-05 11.5404
27.4111 34.4908 0.000442488 -6.92408e-05 -5.93769e-05 13.0457
28.4078 34.4908 -0.000184667 -0.000559562 6.93551e-05 7.52634
29.4046 34.4908 -0.00173117 6.26528e-05 -3.15856e-05 9.53337
30.4014 34.4908 0.000128239 0.00124534 -0.000606737 4.51581
31.3981 34.4908 -0.00117943 5.88219e-05 0.000761349 8.0281
32.3949 34.4908 0.000235125 -0.00142824 -0.00163828 10.5369
33.3917 34.4908 -0.00142019 -0.000669645 0.000475259 12.5439
34.3884 34.4908 -0.000828383 -0.00104428 -0.00108918 8.0281
35.3852 34.4908 0.00196835 -0.00103791 -0.000720254 11.0386
36.382 34.4908 -0.000582885 -0.000270464 0.000550617 15.5544
37.3787 34.4908 -0.0011748 -0.000684919 -0.00158005 6.52283
38.3755 34.4908 0.000105212 0.00117616 0.000343954 7.02459
39.3723 34.4908 0.00068113 -0.00024259 0.00132678 10.0351
40.369 34.4908 -0.000487038 0.000728722 0.000422942 7.52634
41.3658 34.4908 0.00146375 0.000536543 0.000388399 10.0351
42.3626 34.4908 0.000112649 -0.000288638 -0.000719949 10.5369
43.3593 34.4908 0.000271894 -0.00021077 -0.000248269 13.0457
44.3561 34.4908 0.000116219 -0.000496097 0.000203708 12.0422
45.3529 34.4908 0.0006839 -0.000669201 0.000652817 10.0351
46.3496 34.4908 -0.000452876 -0.00100396 0.00136351 4.01405
47.3464 34.4908 0.000300867 -0.00108256 -0.000326108 9.03161
48.3432 34.4908 -0.000562385 0.00072174 -0.000327465 9.03161
49.3399 34.4908 -1.34168e-05 0.000220671 0.00123061 9.03161
50.3367 34.4908 -0.00135106 0.00165455 0.000174788 10.5369
51.3335 34.4908 0.0004603 0.000477511 -9.61794e-05 10.5369
52.3302 34.4908 -0.000339152 -0.000865656 0.000104954 8.52986
53.327 34.4908 -0.000281887 0.000929231 -0.000880922 8.52986
54.3238 34.4908 0.000380765 -0.000247095 -0.000323138 14.5509
55.3205 34.4908 -0.00169344 0.00106848 0.000900472 9.53337
56.3173 34.4908 0.000124445 0.000383774 0.000208223 7.02459
57.3141 34.4908 0.000388276 0.00026516 -0.000350533 14.0492
58.3108 34.4908 0.000159265 -0.000444572 -3.03255e-05 11.0386
59.3076 34.4908 0.00165469 -0.00120121 -0.000417494 8.0281
60.3044 34.4908 0.00081387 0.00012347 -0.000466941 11.0386
61.3011 34.4908 0.000116701 0.000494722 -0.000826982 12.5439
62.2979 34.4908 -8.27931e-05 0.000492283 0.00065406 11.0386
63.2947 34.4908 0.0031708 0.0017918 -0.00113676 5.01756
64.2914 34.4908 0.00160558 -3.10918e-05 -0.000116411 10.0351
65.2882 34.4908 -0.00111747 -0.000288269 -0.000483571 8.0281
66.285 34.4908 -0.000661192 -0.000143757 -0.000322017 12.0422
67.2817 34.4908 -0.000616965 6.65114e-05 -0.000576001 10.0351
68.2785 34.4908 0.000488044 -0.00110471 -2.61126e-05 8.52986
69.2753 34.4908 -1.91344e-05 -0.000718103 0.000465217 8.0281
70.272 34.4908 0.000567641 0.000271783 7.86104e-06 12.5439
71.2688 34.4908 -0.000345913 0.000360857 -0.000952602 9.03161
72.2656 34.4908 -0.000711477 -0.00100705 0.000561614 10.0351
73.2623 34.4908 -0.00155065 0.000115853 -0.000105674 8.0281
74.2591 34.4908 0.000706003 0.00140987 0.000354897 11.5404
75.2559 34.4908 8.54706e-08 0.000503954 -0.000803025 8.52986
76.2526 34.4908 0.00157094 -0.00120863 -0.000674434 9.03161
77.2494 34.4908 -0.000125316 -0.000416653 0.000932447 9.53337
78.2462 34.4908 0.000636975 0.00110466 0.000930883 11.0386
79.2429 34.4908 -0.000421344 -0.000457416 -0.00177077 7.52634
80.2397 34.4908 -0.000592822 0.000845979 0.00050549 9.03161
81.2365 34.4908 0.00197664 0.00079415 -0.000719004 8.0281
82.2332 34.4908 0.00060403 -0.000222618 -0.000194198 16.558
0.498383 35.4905 -0.000537099 0.00103228 -0.00100034 6.02108
1.49515 35.4905 0.000336402 -0.000367237 0.00165647 8.52986
2.49192 35.4905 -0.00201854 -0.00107391 0.0018455 8.52986
3.48868 35.4905 0.000857083 0.000927044 0.000635499 14.0492
4.48545 35.4905 4.7943e-05 -0.000362333 0.000780747 21.5755
5.48221 35.4905 -0.000923758 0.000893327 0.00119078 12.5439
6.47898 35.4905 0.00161297 -0.000589323 -0.000371077 14.0492
7.47575 35.4905 -0.00129767 -8.95485e-05 0.000423782 19.5685
8.47251 35.4905 -0.000161134 -0.000679216 -0.00124062 9.03161
9.46928 35.4905 0.0014272 -2.43294e-05 -0.00125081 10.0351
10.466 35.4905 0.000724501 0.000729877 0.000297072 6.52283
11.4628 35.4905 -0.0016229 -0.000792946 -7.28501e-05 11.0386
12.4596 35.4905 -3.43165e-05 9.06467e-07 0.000699925 22.579
13.4563 35.4905 0.000765587 -0.000962123 0.000252554 13.5474
14.4531 35.4905 0.000419212 0.000937401 -0.00111692 14.0492
15.4499 35.4905 -0.00068383 -0.000484519 -0.00104041 17.0597
16.4466 35.4905 -0.000136147 -0.00122336 0.000219225 10.5369
17.4434 35.4905 0.000828929 -0.000413749 -0.000208849 9.03161
18.4402 35.4905 0.00036784 -0.000839082 0.000602371 8.0281
19.4369 35.4905 0.000270511 -0.000290547 0.000506742 13.0457
20.4337 35.4905 0.000512313 -0.000415755 -0.000715105 17.5615
21.4305 35.4905 -0.000389278 0.000215092 0.000309901 12.0422
22.4272 35.4905 -0.000399725 -0.000345101 0.000261369 10.5369
23.424 35.4905 -0.000256423 0.00032082 0.000382537 23.5825
24.4208 35.4905 0.000271097 0.00232392 8.55268e-05 11.0386
25.4175 35.4905 -8.81843e-05 -0.0001074 -0.000808 5.01756
26.4143 35.4905 0.00131673 0.000966691 0.000685641 8.52986
27.4111 35.4905 9.28191e-05 -8.20507e-06 0.000217791 9.03161
28.4078 35.4905 0.000143772 0.000310317 -0.000296361 14.0492
29.4046 35.4905 0.000131679 -0.000893864 -0.00121294 15.5544
30.4014 35.4905 -0.000195082 -0.0009735 0.000414882 15.0527
31.3981 35.4905 9.53015e-05 -0.000368362 -8.14933e-05 20.0703
32.3949 35.4905 0.00183538 0.000701206 0.000459381 13.0457
33.3917 35.4905 0.00128505 -0.000804301 -0.00140862 6.02108
34.3884 35.4905 -0.000202637 -0.00183054 0.00141807 6.52283
35.3852 35.4905 0.00043408 -0.00113072 -0.000142666 7.52634
36.382 35.4905 -0.000537752 -4.69846e-05 -0.00106223 14.0492
37.3787 35.4905 -0.000634544 -0.000572329 0.000133261 24.5861
38.3755 35.4905 0.000870059 0.000513875 -0.000855133 9.03161
39.3723 35.4905 -0.000678688 -0.000234711 -0.000253313 16.558
40.369 35.4905 -0.000110891 0.000428085 -0.000355056 17.5615
41.3658 35.4905 -0.00290343 0.00083651 0.000779453 8.52986
42.3626 35.4905 0.000347871 -0.0015136 -0.00107979 7.02459
43.3593 35.4905 0.0009273 -0.000755882 -0.000904001 7.52634
44.3561 35.4905 0.000647418 -0.000171191 -0.000691221 9.53337
45.3529 35.4905 -0.000193451 -0.000327277 3.31305e-05 20.572
46.3496 35.4905 -0.000332898 6.30851e-05 -0.000284087 18.565
47.3464 35.4905 -0.000106335 -0.00039181 -0.000816852 10.5369
48.3432 35.4905 -0.00116583 0.000149142 -0.000739731 24.5861
49.3399 35.4905 -0.000501523 -0.000520649 -0.000304201 13.5474
50.3367 35.4905 0.00165976 0.00102805 0.000864931 7.52634
51.3335 35.4905 -0.00147703 0.000209871 0.000117016 7.52634
52.3302 35.4905 0.0004291 3.65725e-05 0.000494746 8.52986
53.327 35.4905 -6.59098e-05 0.000693413 -0.000249331 16.0562
54.3238 35.4905 0.000407761 -0.00043915 -0.000204876 21.0738
55.3205 35.4905 0.00103363 -0.000402568 -0.00115119 8.52986
56.3173 35.4905 0.000370531 -0.000362676 -5.57524e-05 19.0667
57.3141 35.4905 -0.000304102 -0.000522156 -0.00018541 12.5439
58.3108 35.4905 0.00120654 9.33561e-05 0.000187589 7.02459
59.3076 35.4905 -0.000940749 0.000877677 0.000117319 7.52634
60.3044 35.4905 -0.000522571 -0.0024569 0.000762041 7.52634
61.3011 35.4905 0.000461261 -9.55315e-05 0.000714824 18.0632
62.2979 35.4905 0.000459854 0.00129783 -0.00072439 19.5685
63.2947 35.4905 0.000320937 0.00162594 0.000675898 9.03161
64.2914 35.4905 0.00118432 -0.000152282 -7.70494e-05 19.0667
65.2882 35.4905 -0.000508029 -0.000203101 -0.000520348 18.0632
66.285 35.4905 0.00154552 0.000564576 0.00100316 6.52283
67.2817 35.4905 0.00086461 0.000461811 -6.34918e-05 9.03161
68.2785 35.4905 -0.00101758 -0.000286696 0.00038473 10.5369
69.2753 35.4905 -0.00110732 0.000620386 -0.000550395 8.52986
70.272 35.4905 4.63657e-05 0.00017045 -2.22816e-05 23.5825
71.2688 35.4905 0.00113284 -0.000433717 0.000161806 12.0422
72.2656 35.4905 -0.00039582 -0.000629105 -6.97079e-05 14.5509
73.2623 35.4905 0.000636835 -0.000208463 -0.000408187 19.0667
74.2591 35.4905 -0.00187643 -0.00156622 -0.00159578 10.5369
75.2559 35.4905 -0.000865576 -0.00131478 -0.00110908 9.03161
76.2526 35.4905 0.00149768 -0.000146663 0.000222262 7.02459
77.2494 35.4905 -0.000970726 -0.00110276 -0.000735529 7.02459
78.2462 35.4905 0.000361255 0.000683947 -0.000285813 20.0703
79.2429 35.4905 0.000674842 -0.000392136 0.000296325 19.5685
80.2397 35.4905 -0.000273728 0.00104828 0.000300283 12.0422
81.2365 35.4905 -8.11945e-06 0.000724817 0.000371786 20.0703
82.2332 35.4905 -0.000907676 0.000116749 0.000250712 11.5404
0.498383 36.4902 -0.000852794 -0.000105404 -0.000317659 6.02108
1.49515 36.4902 0.0004235 0.000379879 4.95899e-05 11.0386
2.49192 36.4902 -0.000369191 -0.000713851 -4.88421e-05 10.0351
3.48868 36.4902 -0.0008444 -0.000920933 0.000510407 15.0527
4.48545 36.4902 0.000346116 0.000198847 0.00117 11.5404
5.48221 36.4902 -0.000552359 0.00108085 0.00150315 10.5369
6.47898 36.4902 0.0005483 -0.000627764 -0.000710279 15.0527
7.47575 36.4902 -0.00038249 -0.000358778 -0.000386035 16.0562
8.47251 36.4902 0.000681807 0.00115109 -0.00022511 9.03161
9.46928 36.4902 0.00102505 -0.000386429 -6.54142e-05 8.0281
10.466 36.4902 0.00189249 0.00180485 -0.000314635 5.01756
11.4628 36.4902 0.000502578 0.000148522 -0.000988019 8.52986
12.4596 36.4902 0.000189996 -0.00037683 -4.63654e-05 17.0597
13.4563 36.4902 -0.000412956 -5.77306e-05 -0.000656295 10.0351
14.4531 36.4902 0.00056537 -0.00150931 0.000862021 13.5474
15.4499 36.4902 0.000400344 -0.000303282 0.000758075 16.0562
16.4466 36.4902 0.000492247 0.00015313 -0.00105573 8.0281
17.4434 36.4902 -9.60994e-05 0.000340194 -0.000314471 7.52634
18.4402 36.4902 0.0012613 -0.00113 -5.18846e-05 7.52634
19.4369 36.4902 0.000288892 4.86003e-05 0.000234364 6.02108
20.4337 36.4902 0.000256153 0.000628348 -4.23327e-06 21.0738
21.4305 36.4902 0.000100337 0.00206604 7.37281e-05 10.0351
22.4272 36.4902 -0.000146459 5.99497e-05 -0.000562327 9.53337
23.424 36.4902 5.85031e-05 0.000342232 -0.00109443 17.0597
24.4208 36.4902 0.000895245 0.000230634 0.00105316 10.0351
25.4175 36.4902 -0.000245842 -1.26015e-05 -0.000881239 7.52634
26.4143 36.4902 -0.000438682 -0.00054683 0.000963015 8.0281
27.4111 36.4902 0.000478554 2.40983e-05 -6.75432e-05 7.52634
28.4078 36.4902 -0.000518557 -0.0010017 0.000107017 17.0597
29.4046 36.4902 0.000131316 -5.70658e-05 -0.00038087 14.5509
30.4014 36.4902 0.00109281 0.00116432 -0.00045394 9.03161
31.3981 36.4902 0.000845239 -7.68901e-05 0.000609545 14.0492
32.3949 36.4902 0.000324679 0.000206689 0.000301073 14.0492
33.3917 36.4902 -0.00128264 0.00041847 -0.00182764 12.0422
34.3884 36.4902 -0.00175117 -0.000114848 0.000594901 6.52283
35.3852 36.4902 0.000312056 -0.00193126 -6.2959e-05 8.0281
36.382 36.4902 -0.000302061 0.000191626 -0.00083218 16.558
37.3787 36.4902 -7.22338e-06 -0.000219984 -0.00088458 11.0386
38.3755 36.4902 -0.000406812 0.000509542 0.00073176 9.53337
39.3723 36.4902 0.000644365 -0.000868934 -0.00064853 15.5544
40.369 36.4902 0.000202227 -0.000778668 -0.00134105 15.5544
41.3658 36.4902 -0.000586577 -0.000914125 -0.00103783 9.03161
42.3626 36.4902 -0.000107304 0.000695471 -0.000262161 6.52283
43.3593 36.4902 0.000635547 -0.000147044 -0.0014687 6.52283
44.3561 36.4902 -0.00113722 0.000107722 0.000403524 11.0386
45.3529 36.4902 0.000693477 0.000101879 -6.78053e-05 17.0597
46.3496 36.4902 -0.000419352 0.000249676 0.000626046 9.03161
47.3464 36.4902 -0.000316645 -0.00010099 0.000649008 11.5404
48.3432 36.4902 -8.0778e-05 -0.000979008 -0.000169062 11.5404
49.3399 36.4902 0.00121537 0.00139726 -0.000174489 8.0281
50.3367 36.4902 0.00133824 -0.000523487 0.000591384 7.02459
51.3335 36.4902 0.000695094 0.000393336 -0.000873745 8.52986
52.3302 36.4902 0.000928674 0.0014615 0.000495132 8.52986
53.327 36.4902 -0.000689634 0.000649333 0.000590784 14.5509
54.3238 36.4902 0.000178469 0.000102658 -4.409e-05 11.5404
55.3205 36.4902 0.00127 0.000431207 -0.000999113 9.03161
56.3173 36.4902 -0.000160798 0.00012094 -0.000601268 13.0457
57.3141 36.4902 -0.000396521 -0.000188151 -0.00016297 14.5509
58.3108 36.4902 -0.00102592 0.00217525 0.00154708 5.51932
59.3076 36.4902 0.000849486 -0.000109265 0.000538307 10.0351
60.3044 36.4902 0.000954027 -0.00128509 0.000294316 3.51229
61.3011 36.4902 -0.00195845 0.00054998 -0.00089886 11.0386
62.2979 36.4902 4.46773e-05 0.00103899 -0.000791913 14.5509
63.2947 36.4902 -7.23794e-05 2.20846e-05 -0.000944303 13.5474
64.2914 36.4902 -0.00149101 0.000119865 -0.000952687 13.0457
65.2882 36.4902 -0.000765333 0.000123699 -9.40271e-05 12.0422
66.285 36.4902 0.000104231 6.37819e-05 0.000323559 11.5404
67.2817 36.4902 0.00137182 -0.0013273 -0.000266844 5.01756
68.2785 36.4902 -0.000525672 0.000364289 0.000388723 8.0281
69.2753 36.4902 0.000264393 -0.000128903 -0.00113038 13.0457
70.272 36.4902 0.000283252 0.000424452 -0.000669509 11.0386
71.2688 36.4902 -3.75346e-05 0.000974561 0.00116009 12.5439
72.2656 36.4902 -0.00152473 -0.000200669 -0.000551825 9.03161
73.2623 36.4902 0.00111065 -3.72281e-05 0.000492572 15.5544
74.2591 36.4902 -0.000555931 -0.000342166 -0.000794747 11.0386
75.2559 36.4902 0.000123384 -0.000169352 -0.000318915 10.0351
76.2526 36.4902 4.24105e-05 0.000856028 -0.000263929 8.0281
77.2494 36.4902 0.0002179 0.000479273 -0.000644678 9.53337
78.2462 36.4902 -0.00100352 -0.000654577 0.00113618 15.5544
79.2429 36.4902 -0.000590414 -0.000211378 -0.000308554 11.5404
80.2397 36.4902 0.0012923 -0.000201078 0.000547057 9.53337
81.2365 36.4902 7.66161e-05 0.000379426 0.000147681 12.0422
82.2332 36.4902 0.000200089 -0.00015346 -0.000916763 11.5404
0.498383 37.49 -0.000273756 -0.000486864 -0.000356487 10.0351
1.49515 37.49 -0.00145052 -0.00059363 0.00111022 10.5369
2.49192 37.49 0.00107999 0.000545334 0.000213771 12.0422
3.48868 37.49 -0.00103158 -0.0010813 0.000775715 11.5404
4.48545 37.49 0.000465231 5.55669e-05 -0.000116917 14.0492
5.48221 37.49 -0.00139952 -0.000150566 -0.00157871 7.02459
6.47898 37.49 7.14409e-05 0.00120193 -0.00101304 8.0281
7.47575 37.49 0.000675962 -0.00234772 -0.000966496 8.52986
8.47251 37.49 -4.33381e-05 0.000849178 -0.000287872 14.5509
9.46928 37.49 0.0012018 -0.000217379 0.000243244 11.5404
10.466 37.49 -0.000290181 0.000785808 0.000383331 12.0422
11.4628 37.49 -0.000377461 -0.000784842 -0.000371704 18.0632
12.4596 37.49 -0.000250692 -0.0013531 -0.000342908 9.53337
13.4563 37.49 0.00136478 -7.99074e-05 -9.13016e-05 5.51932
14.4531 37.49 0.00115675 0.00108612 -0.000305024 8.52986
15.4499 37.49 -0.000642391 -0.000659492 -0.000629853 9.03161
16.4466 37.49 -0.000475131 0.000825052 -0.000399718 16.0562
17.4434 37.49 0.00075826 -0.00072706 -0.000148755 10.0351
18.4402 37.49 -0.000647007 0.000523696 0.0005156 8.52986
19.4369 37.49 -0.000151246 -0.000205139 -0.000133132 13.5474
20.4337 37.49 -0.000650486 -0.00105924 -0.000252 9.53337
21.4305 37.49 -0.000150708 -0.000891323 0.00112362 8.0281
22.4272 37.49 0.00220288 -0.000915227 -0.000159959 4.01405
23.424 37.49 -0.0018073 -0.000420421 0.000613781 9.53337
24.4208 37.49 -0.000635552 -0.00078441 0.000672784 14.5509
25.4175 37.49 -0.00102754 -2.54025e-05 0.000238462 12.0422
26.4143 37.49 0.00020667 0.00015534 0.000597003 9.53337
27.4111 37.49 0.000415505 -0.000194837 2.81826e-05 13.0457
28.4078 37.49 -0.000154871 -5.48193e-05 7.59123e-06 10.5369
29.4046 37.49 -0.000752121 -0.000467246 0.00112983 7.52634
30.4014 37.49 -0.00055211 -0.000428702 1.89683e-05 8.52986
31.3981 37.49 0.000848416 -0.000391896 -0.000492337 11.0386
32.3949 37.49 -0.00127089 -0.000265064 -2.25897e-05 12.5439
33.3917 37.49 0.000140474 -8.7448e-06 0.000131522 16.558
34.3884 37.49 8.81358e-05 0.000488291 -0.000779057 5.01756
35.3852 37.49 0.000395764 7.74424e-05 0.000186939 12.5439
36.382 37.49 -0.000146763 -0.000194886 0.00172482 15.5544
37.3787 37.49 0.00118153 0.000751048 -5.3897e-05 7.52634
38.3755 37.49 -0.000301 0.000284937 -0.000666922 7.02459
39.3723 37.49 0.00025455 -0.000573601 0.00140604 6.02108
40.369 37.49 0.000835335 2.4685e-05 -0.000348121 14.5509
41.3658 37.49 -0.000845398 0.000249267 -0.000127271 11.5404
42.3626 37.49 -0.000103754 -0.000489863 0.00103339 13.5474
43.3593 37.49 -0.000229368 -0.000142527 7.06517e-05 11.0386
44.3561 37.49 -0.000113561 -4.63754e-05 0.000107234 16.0562
45.3529 37.49 -0.000323208 -0.000809403 0.00126233 8.52986
46.3496 37.49 -0.00026247 0.00073727 -0.000604377 9.53337
47.3464 37.49 0.000373642 0.000891599 -0.000570189 11.0386
48.3432 37.49 0.000822733 -0.000653948 0.00011476 11.0386
49.3399 37.49 0.000582672 0.000575187 -0.000222034 17.0597
50.3367 37.49 -0.000530123 0.00126581 -0.000260249 12.5439
51.3335 37.49 0.000510027 -0.000466578 5.44948e-05 9.03161
52.3302 37.49 0.0014404 7.93101e-05 0.00118889 19.0667
53.327 37.49 0.00137769 -0.000840772 0.00108242 11.0386
54.3238 37.49 0.00111063 3.07535e-05 0.00140309 8.52986
55.3205 37.49 0.00177291 0.00107063 0.00128774 11.5404
56.3173 37.49 0.00149513 -0.000621226 0.00063113 9.03161
57.3141 37.49 0.000150909 -0.000175629 0.00171823 13.5474
58.3108 37.49 0.000681372 -0.000234231 -0.000136511 15.5544
59.3076 37.49 -0.000201566 0.000125622 -0.000797971 10.0351
60.3044 37.49 0.000673172 0.000342074 0.000381525 11.5404
61.3011 37.49 0.00078618 -0.000189752 -0.000592016 15.5544
62.2979 37.49 0.000559423 0.000170637 -0.000686443 7.52634
63.2947 37.49 0.00198861 -0.000692514 0.000449184 6.52283
64.2914 37.49 -0.00075913 -0.000142329 0.000342792 9.03161
65.2882 37.49 0.000975885 0.000559766 0.000458224 12.0422
66.285 37.49 0.000458979 0.000638758 -0.000263072 12.0422
67.2817 37.49 0.0008953 -0.00125195 -0.000405885 11.0386
68.2785 37.49 0.000425369 -0.000332049 0.000111743 15.0527
69.2753 37.49 -0.000286389 0.000442368 0.00122655 12.0422
70.272 37.49 -0.000729775 -0.00208875 6.74466e-05 8.52986
71.2688 37.49 -0.000729208 -0.000425968 0.00104438 8.0281
72.2656 37.49 -0.00181105 5.0484e-05 -0.000978157 8.0281
73.2623 37.49 -0.00126489 -0.000522314 -0.000668129 8.52986
74.2591 37.49 -0.000430692 0.00074699 -0.00034795 16.558
75.2559 37.49 0.000901321 7.42551e-05 0.000877011 9.03161
76.2526 37.49 -0.00017229 9.7329e-05 0.000193651 12.0422
77.2494 37.49 -0.000587291 -0.00010281 0.000821241 13.5474
78.2462 37.49 0.00130072 -0.000829077 -0.000739366 8.52986
79.2429 37.49 -0.00123495 0.00104373 -0.000679293 8.0281
80.2397 37.49 0.000145923 0.00101045 9.4491e-05 9.53337
81.2365 37.49 0.000603325 0.000708129 0.000707087 10.5369
82.2332 37.49 0.0010218 0.000531736 -0.000117047 17.5615
0.498383 38.4897 -0.00110661 -0.000969081 -8.64335e-06 13.0457
1.49515 38.4897 0.00017598 -8.25846e-05 0.000900296 13.0457
2.49192 38.4897 -0.00161908 -0.000812473 -0.00036982 20.0703
3.48868 38.4897 -0.000128689 -0.00048834 -0.000669498 13.5474
4.48545 38.4897 2.61853e-05 0.000917288 0.00274777 5.01756
5.48221 38.4897 0.000947514 0.000458197 -2.69942e-05 10.5369
6.47898 38.4897 0.000349615 0.000118204 0.000468652 6.52283
7.47575 38.4897 0.000219058 -3.37652e-05 -0.000373729 18.0632
8.47251 38.4897 -0.000251518 -0.000455853 0.000286073 20.0703
9.46928 38.4897 4.84366e-05 0.000326627 -0.00029634 12.0422
10.466 38.4897 -0.000109158 -0.000729638 -4.72025e-05 17.5615
11.4628 38.4897 0.000964083 0.00032539 -0.000607152 17.0597
12.4596 38.4897 -0.000682283 0.000259736 0.00046754 7.52634
13.4563 38.4897 -0.00105973 -0.00118848 -0.000127239 9.03161
14.4531 38.4897 0.00181924 -0.000632073 0.00120313 8.0281
15.4499 38.4897 0.00021776 0.000591502 -4.05924e-05 14.0492
16.4466 38.4897 -0.000570204 0.000398207 -0.000139246 20.0703
17.4434 38.4897 -0.0002251 0.00015215 -0.000209987 11.5404
18.4402 38.4897 -0.000448335 9.20671e-05 0.000488506 12.5439
19.4369 38.4897 -0.000401421 0.000486219 0.000330764 23.5825
20.4337 38.4897 0.00118294 0.00119531 0.000341064 10.5369
21.4305 38.4897 -0.000835982 -0.000362182 -0.000288773 10.0351
22.4272 38.4897 0.000262314 -0.000502731 -0.000238071 7.52634
23.424 38.4897 0.00141731 7.48092e-05 -0.00086306 10.0351
24.4208 38.4897 0.000742822 -9.10624e-06 -5.88323e-05 23.0808
25.4175 38.4897 0.000885676 0.000735316 -0.000627242 15.5544
26.4143 38.4897 -0.00146447 -0.000118104 -4.91665e-05 10.5369
27.4111 38.4897 0.000625232 -0.000788617 -0.000522795 24.5861
28.4078 38.4897 -0.00026184 -0.00059777 0.000454433 13.0457
29.4046 38.4897 0.000802286 -0.00153214 0.00025614 10.0351
30.4014 38.4897 -0.00214404 -0.00094257 -3.15294e-05 5.51932
31.3981 38.4897 0.000414731 0.0014906 -0.000403291 5.51932
32.3949 38.4897 0.0004937 0.000443373 -0.000475915 17.5615
33.3917 38.4897 0.000862257 0.000753287 -0.000319733 17.0597
34.3884 38.4897 0.000851442 -0.00130755 -4.96551e-05 9.53337
35.3852 38.4897 -0.000341684 0.000302641 0.000581318 20.572
36.382 38.4897 0.000914553 -0.00142081 0.000340686 17.5615
37.3787 38.4897 -0.000151942 8.23774e-05 0.000414853 9.53337
38.3755 38.4897 -0.00111469 0.000137665 -0.0013217 9.53337
39.3723 38.4897 0.000907371 0.00120611 -0.000676602 6.02108
40.369 38.4897 -0.00056884 -0.000195447 0.000229549 11.5404
41.3658 38.4897 -0.000198524 -0.000460505 0.000459791 25.0878
42.3626 38.4897 0.000160047 -0.00140033 -0.000682802 10.0351
43.3593 38.4897 0.000444335 0.000209483 6.74246e-05 15.5544
44.3561 38.4897 3.96113e-05 -0.000447381 9.85576e-06 21.0738
45.3529 38.4897 -0.00119844 0.000288468 -0.000136321 10.0351
46.3496 38.4897 -0.000255723 0.000156487 -0.000123936 6.52283
47.3464 38.4897 0.000827439 -0.00247008 0.0017543 6.52283
48.3432 38.4897 0.000840259 -0.000565382 0.001196 10.5369
49.3399 38.4897 0.000132444 0.000233416 0.000235818 16.0562
50.3367 38.4897 -0.000789377 0.000254069 -0.000109593 14.0492
51.3335 38.4897 8.43939e-05 -0.000527176 0.000650503 13.0457
52.3302 38.4897 -0.00154778 3.70983e-05 0.000775108 17.5615
53.327 38.4897 -0.00179282 -0.000659231 0.000225701 12.5439
54.3238 38.4897 0.00114179 0.00146772 -5.54786e-05 9.03161
55.3205 38.4897 0.00182621 0.000452036 0.000534004 5.51932
56.3173 38.4897 0.000640432 0.00123312 0.000250136 8.52986
57.3141 38.4897 0.000792441 0.000177379 0.000204585 17.5615
58.3108 38.4897 -0.000574157 0.000520441 -0.000365671 19.0667
59.3076 38.4897 -0.00114738 0.000697405 -0.000161131 11.5404
60.3044 38.4897 -0.000409146 -0.00169889 0.000315659 18.0632
61.3011 38.4897 0.000446835 -6.49189e-05 -0.000404304 18.565
62.2979 38.4897 -0.000393191 0.000552656 0.000350487 10.0351
63.2947 38.4897 0.000134615 -0.000724062 -0.000234408 10.0351
64.2914 38.4897 -0.000774768 -9.27294e-05 0.00108253 8.0281
65.2882 38.4897 4.29256e-05 -0.000616712 0.000808107 16.0562
66.285 38.4897 -0.000414944 0.000937233 -0.000393243 20.0703
67.2817 38.4897 -0.000675036 0.000915698 -9.09714e-05 13.5474
68.2785 38.4897 -0.000428504 -4.50112e-05 0.000457098 15.5544
69.2753 38.4897 0.00113687 -0.000956387 -0.000209508 19.0667
70.272 38.4897 -0.000474424 0.000625009 0.0011456 14.0492
71.2688 38.4897 -0.000153589 -0.000629853 0.000987619 8.0281
72.2656 38.4897 -0.000157103 0.00100314 -0.000632529 10.0351
73.2623 38.4897 0.000499511 0.000201619 0.000996103 9.03161
74.2591 38.4897 0.000103093 -0.000274506 -0.000511669 22.579
75.2559 38.4897 0.000653218 0.000522652 0.000843668 12.0422
76.2526 38.4897 3.27097e-05 -0.000801666 -0.00118421 16.558
77.2494 38.4897 -0.00122866 -0.000408154 8.4022e-05 20.0703
78.2462 38.4897 -0.000264187 -0.00201116 0.0014435 7.52634
79.2429 38.4897 0.00145585 0.000227431 0.000465905 10.0351
80.2397 38.4897 0.000459193 0.000804953 0.000748582 7.02459
81.2365 38.4897 0.00125156 -0.000152596 0.000204942 8.52986
82.2332 38.4897 -0.000233033 -0.000167202 -0.000182385 18.0632
0.498383 39.4894 0.00019215 -0.000142684 0.000854749 11.0386
1.49515 39.4894 0.000369741 -0.000416903 -8.7249e-05 10.5369
2.49192 39.4894 0.00107256 -0.000158433 -0.000400093 9.03161
3.48868 39.4894 -0.00064434 -0.000591745 -0.000560086 11.0386
4.48545 39.4894 0.000756062 0.000141072 -0.000517487 12.0422
5.48221 39.4894 -0.00166469 -0.000427256 0.000249265 7.52634
6.47898 39.4894 0.000619031 -0.000278079 0.000542616 11.0386
7.47575 39.4894 -0.000655589 -0.000123145 0.00038762 13.5474
8.47251 39.4894 0.00152706 0.00161279 -0.00174585 5.01756
9.46928 39.4894 0.00136754 0.00045013 -0.00112616 7.52634
10.466 39.4894 -0.000635326 -0.000115185 -0.00100486 5.51932
11.4628 39.4894 -0.00131721 -0.000570281 0.000222807 9.03161
12.4596 39.4894 0.000494591 -0.000339815 0.000339023 14.0492
13.4563 39.4894 0.00161525 0.00123786 -0.00135772 4.51581
14.4531 39.4894 -0.000664424 -0.000707185 -5.00941e-05 15.0527
15.4499 39.4894 0.000855806 0.000288336 -0.000654023 11.0386
16.4466 39.4894 0.00015236 -0.00048757 0.00142893 10.5369
17.4434 39.4894 -0.00132659 0.00116822 -0.000125233 11.0386
18.4402 39.4894 0.000667221 -0.00125475 -0.000870048 6.52283
19.4369 39.4894 0.000372745 0.000534075 -0.000335479 11.5404
20.4337 39.4894 -0.000126706 -0.00140628 -0.000358193 8.0281
21.4305 39.4894 -0.000352619 -0.00067443 0.00055239 9.03161
22.4272 39.4894 0.000961164 -0.00101095 0.000473112 7.52634
23.424 39.4894 0.00105211 -0.000228748 -0.000106921 8.0281
24.4208 39.4894 -0.00101364 0.000607025 -0.000425537 11.5404
25.4175 39.4894 0.00180272 -0.000149586 -0.000500703 8.0281
26.4143 39.4894 0.000458856 0.000248128 0.000705994 7.52634
27.4111 39.4894 -0.000941852 -0.00176614 0.000283561 13.0457
28.4078 39.4894 0.00031145 -0.00121032 -0.000267399 8.0281
29.4046 39.4894 0.000760176 -0.00013674 0.000572228 10.0351
30.4014 39.4894 0.000709146 0.0012623 -0.000486076 7.02459
31.3981 39.4894 -0.00124415 -0.00041715 0.000411354 14.5509
32.3949 39.4894 -0.000115304 -0.000969282 0.000829183 14.0492
33.3917 39.4894 -0.000378097 0.000135029 0.000318068 9.53337
34.3884 39.4894 0.00161851 -0.000153987 9.32009e-05 7.02459
35.3852 39.4894 0.000674476 5.45434e-05 -0.000614497 9.03161
36.382 39.4894 0.000708932 0.000968789 -0.000852233 7.52634
37.3787 39.4894 -0.000838644 -0.000164621 7.21535e-05 13.0457
38.3755 39.4894 0.000198603 -0.000843434 0.000689566 10.5369
39.3723 39.4894 -0.00110806 -0.000188626 0.00109422 11.5404
40.369 39.4894 0.00105064 0.000300959 -0.00101864 9.03161
41.3658 39.4894 0.000650639 0.000872767 -0.000725538 9.03161
42.3626 39.4894 -0.00144294 6.19529e-05 0.00199918 7.52634
43.3593 39.4894 0.000496373 -0.000822539 -0.000281489 8.0281
44.3561 39.4894 -0.000508406 -0.000190555 -0.000169433 11.0386
45.3529 39.4894 0.000364672 0.00163939 -0.000591128 9.53337
46.3496 39.4894 0.00252885 -7.55059e-05 0.000413043 7.02459
47.3464 39.4894 -0.00131169 -0.000610869 -0.000236338 10.0351
48.3432 39.4894 -9.09509e-05 0.000522644 0.000775903 14.5509
49.3399 39.4894 -0.00102037 5.23646e-05 -0.000460683 10.0351
50.3367 39.4894 0.000733235 -0.000715404 -0.00073821 9.03161
51.3335 39.4894 -0.00053859 -0.000298064 -3.21862e-05 11.0386
52.3302 39.4894 0.000112666 -0.000626663 -0.000425905 9.03161
53.327 39.4894 -0.0016124 -0.000678395 -0.000369376 12.5439
54.3238 39.4894 -0.000117609 0.000525682 -0.00102185 12.5439
55.3205 39.4894 -0.000112839 -0.000212849 -0.00113687 8.52986
56.3173 39.4894 -0.000218707 0.000255251 -0.000408239 9.03161
57.3141 39.4894 -2.733e-05 0.00133683 0.00209244 9.53337
58.3108 39.4894 0.000517378 -0.000477708 0.000883205 8.52986
59.3076 39.4894 0.000835626 0.000688257 0.00124469 6.52283
60.3044 39.4894 -0.00116308 -3.8576e-05 0.000142254 9.03161
61.3011 39.4894 0.00106496 0.000589272 0.000500671 9.53337
62.2979 39.4894 -0.00108488 -0.000473636 0.000700913 9.03161
63.2947 39.4894 -0.000973048 0.0003274 -0.0004558 7.52634
64.2914 39.4894 0.000607033 0.00132661 -0.000156518 9.03161
65.2882 39.4894 -0.000937206 0.00107992 0.00138431 7.52634
66.285 39.4894 -0.00147927 0.000241476 2.58193e-05 11.0386
67.2817 39.4894 0.000700375 -0.000650966 -0.00133783 8.52986
68.2785 39.4894 -0.000340558 4.83547e-06 -0.000319848 8.52986
69.2753 39.4894 0.00118921 0.000965135 0.000370113 13.0457
70.272 39.4894 -0.000176894 3.30653e-05 0.00111041 9.03161
71.2688 39.4894 -3.30157e-05 0.000276484 -0.00113114 10.5369
72.2656 39.4894 0.000681156 0.000633419 0.000157409 9.03161
73.2623 39.4894 -0.000230236 -0.00107589 0.000669235 11.5404
74.2591 39.4894 -0.00075341 4.33043e-05 0.000574523 9.03161
75.2559 39.4894 0.000266618 3.66928e-05 -0.000472843 11.5404
76.2526 39.4894 -0.00148486 -0.000807108 -0.000643284 7.52634
77.2494 39.4894 0.000942778 0.00134075 -0.000687328 11.5404
78.2462 39.4894 0.000399443 0.000238845 -0.00056327 10.5369
79.2429 39.4894 -0.000293742 0.000910811 -0.00079269 9.53337
80.2397 39.4894 -0.000355994 0.000160608 3.39159e-05 9.03161
81.2365 39.4894 -0.000393424 -0.000293341 0.000775475 10.0351
82.2332 39.4894 0.000160502 0.000850274 0.000892992 10.0351
0.498383 40.4892 -0.00114319 -0.000601488 -0.000766012 11.5404
1.49515 40.4892 -1.99778e-05 -0.000453304 0.000455338 7.02459
2.49192 40.4892 -0.000362266 0.000263468 -0.000955866 12.5439
3.48868 40.4892 0.000488377 -0.0010892 0.000551651 12.0422
4.48545 40.4892 -0.00159819 0.000955632 -0.000428597 22.579
5.48221 40.4892 -0.000149517 -0.000402948 0.000205572 12.0422
6.47898 40.4892 -0.000889424 0.000210614 -0.000731567 14.0492
7.47575 40.4892 0.000547116 0.000789154 -0.000645039 16.558
8.47251 40.4892 0.00177423 -0.000984237 -0.00112938 10.0351
9.46928 40.4892 -0.00038749 -0.00108125 -0.00120062 6.02108
10.466 40.4892 -0.00254637 -0.00138568 -1.51156e-05 5.51932
11.4628 40.4892 -0.000991619 -0.000317586 -6.10008e-05 14.0492
12.4596 40.4892 -0.000333798 -0.000226579 -0.000719669 23.5825
13.4563 40.4892 0.00150506 0.000275326 -0.0015238 11.5404
14.4531 40.4892 0.000656765 0.000359214 0.000602951 15.0527
15.4499 40.4892 -5.40145e-05 -0.000458576 -0.000287566 17.5615
16.4466 40.4892 0.000739099 0.00144221 0.001697 7.02459
17.4434 40.4892 -0.000331267 -0.00308271 0.0016624 8.0281
18.4402 40.4892 0.00112427 0.000258279 0.000786334 9.03161
19.4369 40.4892 -0.00012926 -0.000611039 -9.37559e-05 11.0386
20.4337 40.4892 0.000717311 0.000111642 0.000910488 19.0667
21.4305 40.4892 -0.000226905 0.000552402 -0.000234191 20.0703
22.4272 40.4892 -0.00122712 -0.000722598 -0.000506279 10.0351
23.424 40.4892 -0.000768382 0.00110838 0.000313989 23.0808
24.4208 40.4892 -0.000650157 -0.000251393 0.00090151 11.5404
25.4175 40.4892 -0.000654535 0.000260833 0.000732515 11.0386
26.4143 40.4892 0.001357 -0.000411381 0.000289378 8.52986
27.4111 40.4892 -0.000940969 -0.000942829 7.97884e-05 5.01756
28.4078 40.4892 -0.00136115 4.52535e-06 -0.000426301 22.0773
29.4046 40.4892 0.000477024 -0.00076191 -0.000142603 17.5615
30.4014 40.4892 -0.000688017 0.000179051 2.58635e-05 9.53337
31.3981 40.4892 -9.32401e-05 0.000382579 -0.000756535 20.0703
32.3949 40.4892 0.000599459 -0.000847123 -0.000225014 11.0386
33.3917 40.4892 0.000880684 -0.000851729 8.68308e-05 4.01405
34.3884 40.4892 7.57879e-05 0.000202159 0.000830103 7.02459
35.3852 40.4892 0.000509713 -0.000510515 -0.000207445 10.0351
36.382 40.4892 -0.000809254 0.000729479 2.79536e-05 12.0422
37.3787 40.4892 -7.42549e-05 -0.000165688 0.000364995 23.5825
38.3755 40.4892 0.00092792 0.000358443 0.000201276 11.5404
39.3723 40.4892 4.352e-05 3.33312e-05 0.000312303 16.558
40.369 40.4892 0.000626619 -0.00047583 0.00118244 19.5685
41.3658 40.4892 -0.00093158 -0.00060991 -0.000364534 8.0281
42.3626 40.4892 8.90416e-05 -0.000163675 0.000593469 11.0386
43.3593 40.4892 0.0010198 -0.00059254 -0.00109564 4.01405
44.3561 40.4892 0.000138235 -0.000516616 0.000631326 12.0422
45.3529 40.4892 -0.00098665 0.00079535 -0.000388408 21.0738
46.3496 40.4892 -0.000772465 0.000138957 0.000637549 16.558
47.3464 40.4892 -0.000784498 0.000767992 -0.00146697 13.0457
48.3432 40.4892 -0.000350483 -0.000247266 -0.000238103 21.0738
49.3399 40.4892 1.23658e-05 -0.000715581 -0.00132293 9.03161
50.3367 40.4892 0.000515662 -0.000945915 0.000683 5.51932
51.3335 40.4892 0.000828194 6.75499e-05 -0.000772789 9.03161
52.3302 40.4892 -0.000612105 0.000412649 -0.000387279 6.52283
53.327 40.4892 -0.00121425 0.000702725 0.000380904 15.5544
54.3238 40.4892 -0.000436819 -0.000652779 0.000186485 21.0738
55.3205 40.4892 -4.58918e-05 -0.00126886 6.90047e-06 10.0351
56.3173 40.4892 4.14271e-06 0.000955872 -0.000538309 21.0738
57.3141 40.4892 8.35119e-05 -0.000605976 0.000699802 19.0667
58.3108 40.4892 -0.00140192 -0.00107389 0.00134511 9.03161
59.3076 40.4892 -0.000524359 0.000677453 -0.000575704 11.0386
60.3044 40.4892 0.00138005 0.000112961 -0.00107302 9.53337
61.3011 40.4892 -0.000834048 -0.00109457 -0.000513615 13.0457
62.2979 40.4892 0.000112058 -0.000430297 0.000318386 27.0948
63.2947 40.4892 0.000963264 0.000935623 -0.00076208 8.52986
64.2914 40.4892 0.000440642 0.000440302 -0.000354899 19.0667
65.2882 40.4892 -0.000634712 0.000608756 0.000386711 18.0632
66.285 40.4892 0.000835758 0.0002586 -0.000647318 7.52634
67.2817 40.4892 0.00052605 -0.000921059 0.000365302 10.0351
68.2785 40.4892 0.00177622 -0.000661758 -0.000485184 9.53337
69.2753 40.4892 -0.00039375 -0.000383663 1.35763e-05 8.0281
70.272 40.4892 -2.69177e-05 -0.000254412 -4.39428e-05 25.0878
71.2688 40.4892 0.00139747 -0.000650242 1.04482e-05 12.0422
72.2656 40.4892 0.000585115 0.000637461 -0.000490912 15.0527
73.2623 40.4892 -0.00173084 -0.000133824 -4.83861e-05 19.0667
74.2591 40.4892 0.00132172 -0.000788992 2.01097e-05 10.5369
75.2559 40.4892 0.000501161 0.000238752 -0.000523289 9.53337
76.2526 40.4892 0.00150486 0.00142978 0.00129126 8.52986
77.2494 40.4892 -0.000738369 -0.000205889 -0.000309025 9.53337
78.2462 40.4892 0.000316078 -7.49268e-05 0.000846216 19.0667
79.2429 40.4892 0.00101911 -0.000420225 0.000429802 14.5509
80.2397 40.4892 0.000751139 -0.00011413 -0.000605204 13.0457
81.2365 40.4892 -0.0005153 -0.00118391 0.000760136 20.572
82.2332 40.4892 0.00087747 0.00135689 -0.000412926 14.5509
0.498383 41.4889 0.00089562 0.000317679 0.00138863 7.02459
1.49515 41.4889 -0.000222563 0.000957822 -0.00101125 8.0281
2.49192 41.4889 -0.00023869 0.000861286 -0.00127968 9.03161
3.48868 41.4889 -0.000860489 0.000503371 -0.000914369 9.53337
4.48545 41.4889 0.000419191 0.000968443 2.63859e-05 14.0492
5.48221 41.4889 0.00253393 -0.000283754 0.000344437 7.52634
6.47898 41.4889 0.000823877 0.000221429 -0.000375423 11.0386
7.47575 41.4889 -0.00123126 -0.00068239 -0.000166275 17.5615
8.47251 41.4889 0.000775312 -0.000957047 0.000982741 7.52634
9.46928 41.4889 -0.00114522 -0.00196339 -0.000838825 6.52283
10.466 41.4889 0.000121179 0.000752837 -0.000608287 8.0281
11.4628 41.4889 0.0013614 4.97732e-05 -0.00129604 13.0457
12.4596 41.4889 9.27309e-05 -0.000509033 0.000689207 8.0281
13.4563 41.4889 -0.0020191 -0.00100255 -6.80786e-05 8.0281
14.4531 41.4889 -0.00141702 0.000974759 -0.000411475 14.5509
15.4499 41.4889 0.000555426 0.00106704 0.000434324 17.0597
16.4466 41.4889 -0.000453744 -0.00078605 0.00133989 8.52986
17.4434 41.4889 -0.000561838 -2.54688e-05 -0.000690391 9.03161
18.4402 41.4889 0.00213858 -0.000232778 -0.000358661 7.52634
19.4369 41.4889 -0.000475613 0.000968229 0.000583237 10.5369
20.4337 41.4889 -0.00135182 -0.000653338 0.000313689 11.5404
21.4305 41.4889 -0.00259285 -0.00010804 -0.000288819 12.5439
22.4272 41.4889 0.00104738 0.000124544 -0.000368431 10.5369
23.424 41.4889 0.00059955 0.000650688 0.000454756 12.5439
24.4208 41.4889 0.000809627 -0.00112353 0.000277759 8.0281
25.4175 41.4889 -0.000258018 -0.000329393 -0.000754874 10.5369
26.4143 41.4889 -0.00184452 0.00017797 -7.68108e-06 6.02108
27.4111 41.4889 -0.000901392 8.88831e-05 0.000350409 7.02459
28.4078 41.4889 -0.000633358 -0.000425715 8.45657e-05 10.0351
29.4046 41.4889 -0.000877564 -0.000214715 -0.000191581 11.0386
30.4014 41.4889 0.000727219 9.41887e-05 -0.000847935 9.03161
31.3981 41.4889 -0.000240853 -0.000336574 0.00110558 13.5474
32.3949 41.4889 -0.000455667 0.000278366 0.000869402 11.5404
33.3917 41.4889 0.00063314 0.000565084 2.97234e-05 13.0457
34.3884 41.4889 -0.000243729 5.49906e-05 -0.000229507 5.01756
35.3852 41.4889 -0.000676007 -0.000690113 -0.000354691 10.0351
36.382 41.4889 0.000622312 0.000869896 0.00025724 7.52634
37.3787 41.4889 -0.000153404 0.000260738 8.80092e-05 13.5474
38.3755 41.4889 -0.000222945 0.000624726 0.000763831 9.53337
39.3723 41.4889 -0.000322895 -0.000742995 -0.00115072 10.5369
40.369 41.4889 0.000891098 -0.000423841 0.000399754 9.03161
41.3658 41.4889 0.000929198 -0.00130967 6.21377e-05 11.5404
42.3626 41.4889 0.000401854 -2.62474e-05 0.00157728 7.02459
43.3593 41.4889 0.00169249 0.000666541 -0.000722794 7.52634
44.3561 41.4889 -9.74872e-05 0.00164704 -0.000500236 14.5509
45.3529 41.4889 0.00117715 -0.000433361 -1.43591e-05 12.0422
46.3496 41.4889 0.0019825 -0.000980716 -0.000310067 7.02459
47.3464 41.4889 9.82543e-05 -0.00014785 -0.00081918 12.0422
48.3432 41.4889 -0.00151151 -0.000347868 -0.0016382 11.0386
49.3399 41.4889 -0.000564238 0.000746503 -0.000168072 10.5369
50.3367 41.4889 0.000300448 0.000358174 0.000281361 11.5404
51.3335 41.4889 -5.11082e-05 -0.00104456 -0.000912004 9.53337
52.3302 41.4889 0.000844309 -0.000400158 -0.00138455 8.0281
53.327 41.4889 -0.000312489 -0.000734822 0.00025643 15.5544
54.3238 41.4889 0.000352483 0.000591175 -0.000495898 9.03161
55.3205 41.4889 0.000502795 0.000849466 -0.00223207 7.02459
56.3173 41.4889 -0.00105743 -0.000815399 0.000368276 13.5474
57.3141 41.4889 0.000429664 0.00113083 9.56124e-05 10.5369
58.3108 41.4889 -0.00112511 -0.000276339 -0.000599701 5.01756
59.3076 41.4889 -0.00182653 -0.000430281 -0.000462031 7.52634
60.3044 41.4889 -1.82954e-05 0.00161016 0.000995991 6.52283
61.3011 41.4889 0.001114 -0.00014088 0.000658297 13.0457
62.2979 41.4889 -0.000525156 -0.000960939 0.000400185 11.5404
63.2947 41.4889 0.000217238 8.44325e-05 -0.000381583 8.52986
64.2914 41.4889 -0.00044294 0.000171269 -4.06475e-06 12.0422
65.2882 41.4889 0.000470152 -0.000486796 -0.000253604 14.0492
66.285 41.4889 0.000691675 -5.44475e-05 8.13732e-05 11.0386
67.2817 41.4889 -0.000990321 2.94298e-05 -0.000603067 6.52283
68.2785 41.4889 -0.000594393 0.000141935 0.00103193 4.01405
69.2753 41.4889 0.00110081 0.0013775 -0.000214286 9.03161
70.272 41.4889 -0.000350895 0.000628861 -0.000767917 14.0492
71.2688 41.4889 0.000531571 -3.29104e-05 -0.00103353 6.02108
72.2656 41.4889 -0.00039854 -0.00042525 0.000897471 12.0422
73.2623 41.4889 -0.000886205 -0.00085867 0.000385919 12.0422
74.2591 41.4889 0.00060384 -9.04168e-05 0.00101141 10.5369
75.2559 41.4889 -0.000477363 -9.99085e-05 0.000529617 5.51932
76.2526 41.4889 -0.00102903 0.000643401 -0.00106414 11.0386
77.2494 41.4889 0.000932743 0.000167933 0.00081261 9.03161
78.2462 41.4889 9.46862e-06 -0.000596065 -0.000386254 14.5509
79.2429 41.4889 -0.000304193 -0.000255337 0.000158424 9.03161
80.2397 41.4889 0.000225403 0.00147426 0.000561877 8.0281
81.2365 41.4889 -0.00098122 0.000836204 -0.00100538 12.5439
82.2332 41.4889 -0.000570128 0.00136279 -5.02116e-05 9.53337
0.498383 42.4886 -0.000845628 -0.000465077 0.000479659 14.0492
1.49515 42.4886 0.000816175 0.000299541 0.00021308 14.5509
2.49192 42.4886 0.000527915 -0.000670031 -0.000793305 17.0597
3.48868 42.4886 0.000709592 -0.000129425 -0.000783038 11.0386
4.48545 42.4886 -0.000181988 0.000366872 -0.00047819 10.0351
5.48221 42.4886 0.000544032 0.000724619 -3.06375e-05 8.52986
6.47898 42.4886 0.000581991 0.0010123 -0.000877221 8.52986
7.47575 42.4886 -0.000788279 -5.96877e-05 0.00179769 8.52986
8.47251 42.4886 -0.000101921 0.000531014 -0.00031701 17.5615
9.46928 42.4886 0.000378176 -0.000569984 -0.000458449 13.0457
10.466 42.4886 9.38812e-06 -0.000248496 -0.000137774 17.0597
11.4628 42.4886 0.000376115 0.00107535 -0.000805615 18.0632
12.4596 42.4886 -0.0010922 -0.000199998 -0.000378493 10.0351
13.4563 42.4886 0.00161685 0.000610948 0.00191511 5.51932
14.4531 42.4886 0.00166978 0.000652711 -0.00102014 7.52634
15.4499 42.4886 0.000411692 0.000274672 -0.000530405 5.01756
16.4466 42.4886 -0.00049413 0.000304271 -0.000233197 20.572
17.4434 42.4886 -0.000597752 0.000640438 -0.000124034 12.0422
18.4402 42.4886 -0.000835665 0.000363022 0.000245886 7.02459
19.4369 42.4886 -0.000229137 -0.000145156 0.000676039 20.0703
20.4337 42.4886 -0.000990671 -5.98805e-05 -0.00130899 9.53337
21.4305 42.4886 0.000939285 0.000946765 0.000695632 8.0281
22.4272 42.4886 0.00121509 0.000510182 -0.00105176 5.01756
23.424 42.4886 -0.00176153 0.00113216 0.00104941 10.5369
24.4208 42.4886 0.000687511 0.000570654 0.000178318 17.5615
25.4175 42.4886 -0.000452632 -0.000567107 0.000297974 15.5544
26.4143 42.4886 0.000639711 0.000226827 0.00043226 9.03161
27.4111 42.4886 -0.000714501 0.000286798 0.00035058 19.0667
28.4078 42.4886 -0.000115719 -0.00025095 -0.000825984 13.0457
29.4046 42.4886 -0.000446479 -0.000467455 -0.000529563 11.0386
30.4014 42.4886 0.00290125 -0.000115265 -0.00122965 6.52283
31.3981 42.4886 0.0014412 -0.0019064 -0.00113226 5.01756
32.3949 42.4886 -0.000571579 -0.00057275 0.000721303 15.5544
33.3917 42.4886 0.000572352 -0.000262475 0.000158392 19.0667
34.3884 42.4886 -0.00153337 -0.000527414 0.00114701 7.52634
35.3852 42.4886 8.69375e-05 0.000486991 -0.000815624 19.0667
36.382 42.4886 -0.000259736 -0.000445316 0.00016665 14.5509
37.3787 42.4886 0.000836439 0.000243876 -0.000427902 9.53337
38.3755 42.4886 0.00145284 -0.00120893 -0.000688503 5.51932
39.3723 42.4886 -2.33719e-05 -0.000681881 0.000374971 8.52986
40.369 42.4886 -0.00112091 0.000221387 0.00024025 13.0457
41.3658 42.4886 -0.000157698 0.000389014 -4.66098e-05 15.5544
42.3626 42.4886 0.000302982 0.000398001 -0.000541242 11.0386
43.3593 42.4886 0.000446844 0.000592021 -0.00161396 10.5369
44.3561 42.4886 -0.000138356 -0.000316339 -0.000173858 20.572
45.3529 42.4886 -0.0017527 0.000459816 -0.000282357 6.52283
46.3496 42.4886 -0.00171032 -0.000949313 -0.000195355 8.0281
47.3464 42.4886 -1.15154e-05 0.00151297 -0.00133681 9.03161
48.3432 42.4886 0.000888941 -0.000552976 -0.000265109 4.51581
49.3399 42.4886 -0.000475408 0.000617411 -0.00073557 18.565
50.3367 42.4886 0.000103951 -0.000620064 0.00126901 14.0492
51.3335 42.4886 -0.000690083 -0.000340787 0.00104932 12.5439
52.3302 42.4886 0.00164564 -5.26358e-05 0.000665411 13.0457
53.327 42.4886 -0.00049818 -0.00141003 -8.38507e-05 14.0492
54.3238 42.4886 -0.00151838 0.000314942 0.00138845 8.52986
55.3205 42.4886 0.00222229 0.00132226 -0.00110584 6.02108
56.3173 42.4886 -0.001253 -0.000616217 -0.00196343 8.52986
57.3141 42.4886 -0.000456386 -0.000676279 -0.000163464 17.5615
58.3108 42.4886 1.60757e-05 0.000723424 -0.00127934 17.0597
59.3076 42.4886 -0.000704412 0.000764655 -0.00038108 8.52986
60.3044 42.4886 0.000882274 0.00077101 5.16572e-05 17.5615
61.3011 42.4886 0.000703861 0.000132243 -0.000464366 11.5404
62.2979 42.4886 5.99746e-05 -8.97797e-05 -0.000981575 9.03161
63.2947 42.4886 0.000317678 0.000337379 -0.000489 9.03161
64.2914 42.4886 0.000449156 1.15317e-05 -0.000232243 8.0281
65.2882 42.4886 -3.60187e-05 0.000810122 -0.000578058 12.0422
66.285 42.4886 0.000372188 0.00105021 0.000654927 16.558
67.2817 42.4886 -0.000587874 -0.000175257 0.00054515 9.53337
68.2785 42.4886 7.14362e-05 0.000612964 -0.000617818 18.565
69.2753 42.4886 -0.000197213 0.000281916 0.000563922 19.0667
70.272 42.4886 0.00105723 0.000352698 -0.000150585 10.5369
71.2688 42.4886 -0.000240579 -0.00039461 9.8615e-05 8.52986
72.2656 42.4886 0.00204254 0.000257707 0.000520486 11.0386
73.2623 42.4886 0.000989177 0.000699777 -0.000527676 8.52986
74.2591 42.4886 0.000615457 -5.34862e-05 -0.000145685 18.565
75.2559 42.4886 -0.000649142 0.000488186 0.000217566 13.5474
76.2526 42.4886 0.000819492 0.00108988 -0.00247778 9.53337
77.2494 42.4886 -0.000784957 0.000285132 0.0010708 14.5509
78.2462 42.4886 -3.60066e-05 0.000312231 0.000365069 13.0457
79.2429 42.4886 7.03045e-06 0.000493639 -0.000590324 11.0386
80.2397 42.4886 -0.000790247 0.000372121 9.7106e-05 8.52986
81.2365 42.4886 -0.000814767 0.000187707 0.000928976 9.03161
82.2332 42.4886 0.000443117 0.000338648 -0.000180683 18.565
0.498383 43.4884 0.000367815 0.000879329 -0.000771605 9.03161
1.49515 43.4884 5.56624e-05 0.000998491 -0.000672831 10.5369
2.49192 43.4884 0.000750561 0.000734206 0.000188682 14.0492
3.48868 43.4884 -0.00125793 0.000401555 0.0005705 15.5544
4.48545 43.4884 -0.00035418 -0.000524758 9.37712e-05 11.0386
5.48221 43.4884 0.000126381 0.00058675 0.00203199 6.52283
6.47898 43.4884 -0.000297871 -0.000703105 0.000118185 9.53337
7.47575 43.4884 0.000729934 0.000117291 -0.000817803 14.0492
8.47251 43.4884 0.000311201 -0.000279541 -0.000205862 17.0597
9.46928 43.4884 -0.000801216 -0.000574603 0.000503223 8.0281
10.466 43.4884 0.000553837 -6.32531e-05 -0.000700826 17.5615
11.4628 43.4884 -0.000986762 -2.96494e-05 -0.000211696 16.0562
12.4596 43.4884 0.000878631 0.000240184 0.000157866 5.01756
13.4563 43.4884 -0.00115801 5.14434e-05 -0.000521684 11.0386
14.4531 43.4884 0.00012313 -0.00015896 -0.000142649 8.0281
15.4499 43.4884 -0.000394715 -0.00104561 0.00121775 9.53337
16.4466 43.4884 9.78345e-05 -1.94048e-05 0.000580661 22.579
17.4434 43.4884 -8.43373e-05 -0.000490918 0.000761661 11.0386
18.4402 43.4884 -0.000625596 0.000241872 -0.000562695 10.5369
19.4369 43.4884 -0.000500768 -0.000515773 0.00101633 23.0808
20.4337 43.4884 -6.36709e-05 -0.00141864 0.000484687 11.0386
21.4305 43.4884 0.000229449 0.000388078 0.00209754 4.01405
22.4272 43.4884 0.00236517 -0.001332 -0.000541976 7.02459
23.424 43.4884 -0.00166404 0.000447929 -0.00114764 11.0386
24.4208 43.4884 -0.000486046 -0.000493423 -0.00108039 15.5544
25.4175 43.4884 -0.000343745 -8.58904e-05 -0.00102569 15.5544
26.4143 43.4884 -0.000336595 -0.00110441 -0.000545338 7.52634
27.4111 43.4884 0.000648181 0.000689198 0.000794433 24.5861
28.4078 43.4884 -0.000209714 -0.000760756 -0.000275564 11.5404
29.4046 43.4884 -0.00036785 0.00219481 -0.00150696 6.52283
30.4014 43.4884 -0.000138877 -0.00068325 0.000592562 8.52986
31.3981 43.4884 0.000247887 -0.0004362 -0.000435645 5.51932
32.3949 43.4884 0.00136817 -0.000221304 0.000154985 15.0527
33.3917 43.4884 -1.62275e-06 0.000259983 0.000138487 16.0562
34.3884 43.4884 -0.000838165 0.000885171 0.000285234 9.03161
35.3852 43.4884 -0.000404919 -0.00017598 -0.00140831 15.0527
36.382 43.4884 0.000156916 0.000187157 0.000749255 20.572
37.3787 43.4884 -0.000773644 -0.000548278 0.000557816 6.52283
38.3755 43.4884 0.000201099 0.000753672 -0.0004723 9.53337
39.3723 43.4884 7.79456e-06 0.000402161 -0.000335898 9.03161
40.369 43.4884 -0.000289083 -0.00145823 -0.000381088 10.0351
41.3658 43.4884 -0.00134124 -0.000903908 0.000679493 21.5755
42.3626 43.4884 5.73599e-05 0.000148049 0.0012535 9.03161
43.3593 43.4884 6.10002e-05 0.000489985 0.000410794 18.565
44.3561 43.4884 -4.58785e-05 6.68899e-05 -0.0010125 16.0562
45.3529 43.4884 1.75965e-05 0.000319454 -0.00040066 6.52283
46.3496 43.4884 0.00136791 7.36037e-05 0.00219803 8.0281
47.3464 43.4884 0.000660352 -5.58851e-05 -0.000162918 9.53337
48.3432 43.4884 5.29023e-05 0.000353641 -0.000969423 11.5404
49.3399 43.4884 -0.0017772 0.000235051 -0.000672438 14.0492
50.3367 43.4884 0.0008235 -3.2306e-05 -0.000663089 12.0422
51.3335 43.4884 -0.000802986 -0.000226714 2.89883e-05 10.5369
52.3302 43.4884 6.62886e-05 -0.00119536 0.000176669 17.5615
53.327 43.4884 0.000813869 0.000467148 -0.000477434 11.0386
54.3238 43.4884 0.000484564 0.000723444 -0.00160733 10.5369
55.3205 43.4884 0.00180188 -0.000198974 0.000505383 7.02459
56.3173 43.4884 8.90895e-05 0.000641999 0.000196347 6.52283
57.3141 43.4884 -0.00131485 0.000898843 -0.000111481 17.0597
58.3108 43.4884 6.14986e-05 4.58624e-05 0.000283319 19.5685
59.3076 43.4884 -0.00152587 -0.000215114 0.000476663 9.53337
60.3044 43.4884 -0.000704746 0.000694689 -0.000842915 22.0773
61.3011 43.4884 -2.79958e-05 -0.000858133 -0.000676061 15.0527
62.2979 43.4884 0.00083723 0.000258197 0.000846912 6.02108
63.2947 43.4884 0.000894087 -0.00125576 -0.000399831 8.52986
64.2914 43.4884 0.00154573 0.000361839 -0.0010795 8.52986
65.2882 43.4884 -0.000911924 -9.85201e-05 -0.000405289 14.0492
66.285 43.4884 -0.000722202 -0.00128304 -0.00047287 17.5615
67.2817 43.4884 0.000631715 0.00120443 -0.00144009 8.52986
68.2785 43.4884 -0.000752941 -0.000358866 -0.000451319 13.5474
69.2753 43.4884 -0.000910466 -1.2106e-05 -0.00118935 14.5509
70.272 43.4884 0.000715233 8.35881e-05 -0.00059827 9.03161
71.2688 43.4884 0.000210591 0.000178746 0.00279352 6.02108
72.2656 43.4884 -0.00111969 -8.37081e-05 0.000392708 9.53337
73.2623 43.4884 -0.000454167 -0.000171697 -0.00070376 9.03161
74.2591 43.4884 -0.000241035 0.000378265 0.0015612 16.558
75.2559 43.4884 0.00132621 0.00139674 -8.12611e-05 15.0527
76.2526 43.4884 0.00108214 0.000272774 -4.58627e-05 11.0386
77.2494 43.4884 -0.000696187 0.000597191 0.000540146 14.0492
78.2462 43.4884 -2.75314e-06 -4.80758e-05 0.00103892 10.5369
79.2429 43.4884 -3.94548e-05 -0.0006009 0.000163113 9.53337
80.2397 43.4884 0.00142574 0.00135829 -0.000326401 8.0281
81.2365 43.4884 0.000434762 -9.8961e-05 0.000485702 8.0281
82.2332 43.4884 0.00131144 -0.000169747 0.000570662 17.5615
0.498383 44.4881 -0.00171064 8.19438e-06 0.00115031 6.52283
1.49515 44.4881 -0.000374029 -7.32388e-05 0.000539115 10.0351
2.49192 44.4881 -0.000454497 0.000385457 -0.000275685 11.0386
3.48868 44.4881 -0.000815787 -0.000633983 0.00046273 11.5404
4.48545 44.4881 -0.000488182 -0.00119273 -0.000321926 12.0422
5.48221 44.4881 0.000429697 0.000726606 -0.000669565 7.02459
6.47898 44.4881 0.000503983 -0.000833337 -0.000638408 12.0422
7.47575 44.4881 0.00015724 -0.000349469 -8.06533e-05 12.0422
8.47251 44.4881 0.000198401 0.000820193 0.0015351 7.02459
9.46928 44.4881 -0.0004423 0.00112661 -0.000813679 7.02459
10.466 44.4881 0.00100592 -0.000776913 0.00173374 8.52986
11.4628 44.4881 -0.000244076 0.000896376 0.000646867 8.0281
12.4596 44.4881 0.000592622 -0.000279153 -0.000381694 13.5474
13.4563 44.4881 0.00150789 0.000885125 0.000105302 6.02108
14.4531 44.4881 0.000498368 0.00141255 0.000892048 10.5369
15.4499 44.4881 -0.000959162 -0.000491654 5.37392e-05 11.5404
16.4466 44.4881 0.00114528 -0.000176429 -0.000552748 11.0386
17.4434 44.4881 0.000580096 -0.000611356 -0.000107601 7.52634
18.4402 44.4881 0.000211296 0.0014974 -0.000550633 7.02459
19.4369 44.4881 0.00167086 0.00188495 -0.000772949 7.02459
20.4337 44.4881 0.000248381 -0.000306166 0.000152175 15.0527
21.4305 44.4881 0.00079699 -0.000157566 0.000810524 8.0281
22.4272 44.4881 0.000140523 -0.000669136 -0.000916351 10.0351
23.424 44.4881 -0.000191214 -0.000457568 0.000640918 11.0386
24.4208 44.4881 0.000831217 0.000132373 4.24609e-05 13.5474
25.4175 44.4881 0.000975932 -0.00169702 0.00065015 9.53337
26.4143 44.4881 -0.000519002 -0.000618257 4.81469e-05 6.02108
27.4111 44.4881 -0.000863111 0.000809892 -0.00159057 5.51932
28.4078 44.4881 -0.000592437 0.000411913 0.000644028 13.5474
29.4046 44.4881 0.00043375 -0.000654946 0.000294155 11.0386
30.4014 44.4881 -0.00166319 0.000426361 0.00155621 6.02108
31.3981 44.4881 -0.000570213 0.000135917 7.16966e-05 19.0667
32.3949 44.4881 0.00163172 -0.000277377 0.000223362 14.5509
33.3917 44.4881 -4.50529e-05 -0.000566756 0.00144203 13.0457
34.3884 44.4881 0.00283546 -0.000479988 0.000303296 6.02108
35.3852 44.4881 0.00109945 -0.00104975 0.00144768 9.03161
36.382 44.4881 -3.83164e-05 0.000618332 0.000117001 13.5474
37.3787 44.4881 -0.0022058 -0.000376379 0.000745009 10.5369
38.3755 44.4881 -0.00128186 -0.000866037 -0.000126803 6.52283
39.3723 44.4881 -0.00102632 0.000548633 -0.000532713 11.0386
40.369 44.4881 0.000799284 2.71648e-05 -0.000303939 12.0422
41.3658 44.4881 0.000908905 0.000193768 0.000566867 11.5404
42.3626 44.4881 0.0017743 0.000964756 -0.00140359 6.52283
43.3593 44.4881 0.00111477 0.00179065 -0.000337582 8.52986
44.3561 44.4881 0.000323958 -0.000127161 -0.000390722 11.0386
45.3529 44.4881 0.000545587 0.000291289 0.000368247 14.0492
46.3496 44.4881 0.00118659 0.000560026 0.000324539 9.03161
47.3464 44.4881 -0.00039757 -0.000614873 0.000129492 11.5404
48.3432 44.4881 0.000355637 0.000167922 -0.00108184 14.5509
49.3399 44.4881 1.19509e-05 0.000356198 0.000588626 10.0351
50.3367 44.4881 0.00104114 -0.000141655 -0.000481777 10.5369
51.3335 44.4881 -0.000552145 0.000242398 -0.000177213 7.52634
52.3302 44.4881 0.00210678 0.00117063 0.000177313 10.0351
53.327 44.4881 -0.00022478 0.000593913 0.000424252 13.0457
54.3238 44.4881 0.000158511 0.000569197 -0.000308122 18.0632
55.3205 44.4881 -0.0030335 -0.0012078 -0.00200145 4.01405
56.3173 44.4881 0.000382259 -0.000762319 0.00076316 10.0351
57.3141 44.4881 -0.00242344 -0.00120299 0.000846554 7.52634
58.3108 44.4881 -0.000330171 0.000110626 0.000311162 10.0351
59.3076 44.4881 0.00139419 9.24872e-05 0.00109596 5.51932
60.3044 44.4881 0.00111203 -0.00193246 -0.0011829 8.0281
61.3011 44.4881 0.000427462 0.000596936 1.68803e-05 11.0386
62.2979 44.4881 0.000305677 -0.000460156 0.00033393 12.0422
63.2947 44.4881 0.00072926 -0.000922966 -0.000455331 9.53337
64.2914 44.4881 0.00117087 -0.00119692 0.000833598 12.5439
65.2882 44.4881 -0.000208067 0.000462512 0.000590832 12.0422
66.285 44.4881 -0.00166776 -8.51624e-05 -0.00171842 9.03161
67.2817 44.4881 -0.000574114 0.00032105 0.000150804 8.0281
68.2785 44.4881 0.000666304 0.000132375 0.0010656 9.03161
69.2753 44.4881 2.31762e-05 0.00047289 0.000893437 12.5439
70.272 44.4881 0.00059759 -5.67702e-05 -0.000849013 11.0386
71.2688 44.4881 0.000136141 -0.000356376 0.000704842 11.0386
72.2656 44.4881 -0.000483006 3.52596e-05 -4.81609e-05 11.5404
73.2623 44.4881 -0.000637728 -0.000137055 0.000367788 13.5474
74.2591 44.4881 -0.000195322 0.000899547 0.00103762 8.52986
75.2559 44.4881 0.000567074 0.00114137 0.00111136 8.0281
76.2526 44.4881 0.000424423 0.000280331 0.000156741 9.53337
77.2494 44.4881 0.000567687 -0.000321753 -0.000498623 11.0386
78.2462 44.4881 -0.000691912 0.000105179 0.000901775 9.53337
79.2429 44.4881 0.001671 0.000650838 0.00113727 12.0422
80.2397 44.4881 -0.000547283 0.00158104 0.00130268 9.03161
81.2365 44.4881 -0.00150519 0.000322797 -0.00030007 11.0386
82.2332 44.4881 0.000216976 0.00152616 0.000500973 12.5439
0.498383 45.4878 0.00125725 0.000668912 -0.000159876 9.53337
1.49515 45.4878 -0.00178084 3.38418e-05 0.000664249 11.0386
2.49192 45.4878 0.000960841 -0.000254591 0.00160643 8.52986
3.48868 45.4878 -0.0004404 0.000838887 0.000243895 15.0527
4.48545 45.4878 3.1626e-05 -0.000368873 -0.000215151 24.5861
5.48221 45.4878 0.000188324 -0.000419293 -0.00021851 8.52986
6.47898 45.4878 -0.00135551 0.000507462 -0.000613947 20.572
7.47575 45.4878 -4.55044e-05 0.000861684 -3.30615e-05 16.558
8.47251 45.4878 -0.000297514 0.000713058 0.000864479 10.0351
9.46928 45.4878 0.00190977 0.000362052 0.000261336 9.53337
10.466 45.4878 -0.000254131 0.00195971 -0.00159228 9.03161
11.4628 45.4878 -0.00164353 -0.00028082 -0.000662999 9.53337
12.4596 45.4878 0.000101734 -2.84443e-05 0.00104559 28.6001
13.4563 45.4878 -0.00077588 0.000338312 -0.000881274 12.0422
14.4531 45.4878 -0.00115701 -0.000284324 -0.000415854 16.0562
15.4499 45.4878 0.000268115 0.00120906 0.000462623 20.0703
16.4466 45.4878 -0.000544828 -0.0011474 0.000858383 9.03161
17.4434 45.4878 -0.000770171 7.42971e-06 0.000937235 9.53337
18.4402 45.4878 -0.000295432 0.000315751 -0.00249959 5.51932
19.4369 45.4878 0.00104818 0.00047538 0.000730476 10.5369
20.4337 45.4878 0.000389266 -0.000823588 0.00110471 19.0667
21.4305 45.4878 -0.000250037 0.000948706 0.000264063 19.0667
22.4272 45.4878 0.000288116 -0.000895388 -0.000281523 10.5369
23.424 45.4878 0.00104093 -0.000321103 0.000417302 27.0948
24.4208 45.4878 -0.000382735 0.00116036 0.00199822 11.0386
25.4175 45.4878 -0.00135672 0.000376034 0.00184564 5.01756
26.4143 45.4878 0.000187308 -0.00145554 -0.000680686 6.02108
27.4111 45.4878 -0.00191648 -0.000304584 -1.62671e-05 8.0281
28.4078 45.4878 -0.000187572 0.000894942 0.000583378 22.0773
29.4046 45.4878 0.000935274 -0.000493127 -3.36917e-05 21.0738
30.4014 45.4878 -0.000453463 -0.000412987 -0.000574836 12.5439
31.3981 45.4878 -0.000282392 6.03745e-05 1.58487e-05 19.5685
32.3949 45.4878 0.000712011 -0.00124674 0.000996192 10.5369
33.3917 45.4878 -0.000707217 -0.000730841 -0.00145466 11.5404
34.3884 45.4878 0.000563262 -0.00064961 3.47579e-06 9.53337
35.3852 45.4878 8.82558e-05 0.000851327 -9.7285e-05 5.01756
36.382 45.4878 0.000550083 0.000709686 -0.000171094 13.0457
37.3787 45.4878 -0.00101408 -0.00085802 9.95569e-06 19.5685
38.3755 45.4878 0.00113801 -4.30695e-05 -1.98817e-05 13.5474
39.3723 45.4878 0.000340728 -0.000842165 -0.000484726 17.5615
40.369 45.4878 0.00124652 0.000739815 0.000852839 19.5685
41.3658 45.4878 -0.00119256 0.000556654 0.000365178 10.5369
42.3626 45.4878 0.000583431 -0.000100676 -0.000112047 5.51932
43.3593 45.4878 0.00051233 -0.0005199 0.000121153 5.51932
44.3561 45.4878 0.000664656 -0.00101189 0.000115915 12.0422
45.3529 45.4878 -0.000438689 0.000406859 0.000735703 23.0808
46.3496 45.4878 -0.000685872 -0.000411013 0.000514313 12.0422
47.3464 45.4878 0.000362305 0.00104946 -0.000699631 13.5474
48.3432 45.4878 -0.000790733 -0.000214365 0.00105166 21.0738
49.3399 45.4878 0.000114008 0.00137984 0.00042719 9.03161
50.3367 45.4878 0.000208854 0.00153508 0.000837808 8.52986
51.3335 45.4878 0.00124348 3.59164e-05 -0.000523937 7.02459
52.3302 45.4878 -0.000304078 0.000115094 -0.000785696 10.0351
53.327 45.4878 -0.000161739 0.000165185 0.000556825 18.565
54.3238 45.4878 0.00111674 -0.000387427 0.000254026 17.0597
55.3205 45.4878 -5.1675e-05 -0.000383849 0.00129712 10.5369
56.3173 45.4878 -0.000101414 -0.000358058 0.000119078 26.5931
57.3141 45.4878 -0.000489539 -0.000779769 -0.000672257 14.0492
58.3108 45.4878 -3.73211e-05 0.0014335 0.00273082 4.01405
59.3076 45.4878 -0.000438985 -0.000895459 -0.00107216 8.52986
60.3044 45.4878 0.000723506 -0.00110484 0.000977231 7.52634
61.3011 45.4878 0.000231537 0.00026414 -0.000620974 13.0457
62.2979 45.4878 -0.000430615 0.000260262 -0.000103653 25.5896
63.2947 45.4878 -0.000575852 8.90466e-05 0.000301771 13.0457
64.2914 45.4878 -0.00066655 0.000126039 0.000440936 17.0597
65.2882 45.4878 -0.000494349 -0.000345966 -0.000880215 18.565
66.285 45.4878 -0.000480857 -0.000764285 0.00178028 6.52283
67.2817 45.4878 0.00125519 0.00164627 0.00135974 6.02108
68.2785 45.4878 -0.000212054 -0.000155231 -0.00102044 8.0281
69.2753 45.4878 0.000890386 0.000187985 -0.000411212 11.5404
70.272 45.4878 -0.00033085 8.5195e-05 5.65935e-05 21.5755
71.2688 45.4878 0.000252633 -0.000664954 -0.000741018 13.5474
72.2656 45.4878 -0.000787747 0.000578325 7.40745e-05 17.5615
73.2623 45.4878 0.00053069 0.000397029 0.000775964 17.5615
74.2591 45.4878 0.00140952 0.000449454 -0.000315444 6.02108
75.2559 45.4878 -0.000480981 -2.89205e-05 -0.000109723 10.5369
76.2526 45.4878 -0.000293674 -0.000404393 -9.93474e-05 7.02459
77.2494 45.4878 0.000242549 0.000632085 -0.000766482 9.53337
78.2462 45.4878 0.001077 -0.000381392 0.000373062 19.5685
79.2429 45.4878 -0.00101703 0.000856314 -0.000574666 23.0808
80.2397 45.4878 -0.00136195 -0.000981847 -0.000389421 9.53337
81.2365 45.4878 -6.13154e-05 -0.000210211 0.000232914 18.565
82.2332 45.4878 -0.00114504 0.000906261 -0.00080357 14.0492
0.498383 46.4876 -0.00101415 -0.000892643 -0.0013574 10.0351
1.49515 46.4876 -0.00046947 0.00193162 0.000217739 11.0386
2.49192 46.4876 -0.00101421 0.000703265 -0.00030943 8.0281
3.48868 46.4876 -0.00150587 -0.000364879 0.000743618 9.53337
4.48545 46.4876 0.000689381 -0.00117475 0.000879576 11.5404
5.48221 46.4876 -0.000520678 0.0012585 0.000191614 9.03161
6.47898 46.4876 0.0019796 0.000810094 -0.000426546 6.52283
7.47575 46.4876 0.000212965 0.000515388 0.000935479 14.0492
8.47251 46.4876 -0.000390077 0.000336329 -0.000983019 8.0281
9.46928 46.4876 -0.000633595 0.00364109 0.000637686 6.52283
10.466 46.4876 0.000476139 0.000336834 0.000127403 8.0281
11.4628 46.4876 -0.00195847 0.00128255 0.000192569 11.0386
12.4596 46.4876 -0.00062198 -0.00185463 0.000987 9.03161
13.4563 46.4876 0.000767795 0.00041596 -0.000156903 11.0386
14.4531 46.4876 0.000683906 0.000769368 -0.000157141 9.53337
15.4499 46.4876 0.000836347 -0.0013045 -0.000440327 11.5404
16.4466 46.4876 0.000196722 -0.000781922 -7.19475e-05 11.0386
17.4434 46.4876 -0.000775782 -0.000299427 0.000101476 11.0386
18.4402 46.4876 -0.00108337 0.00118129 0.0018659 7.02459
19.4369 46.4876 0.00107724 -0.000450886 0.001365 8.0281
20.4337 46.4876 0.00148979 0.000506404 -0.000175708 13.5474
21.4305 46.4876 -0.00105992 0.000528209 -4.35281e-05 12.5439
22.4272 46.4876 -0.00231351 -0.000250611 0.00130486 5.51932
23.424 46.4876 0.000250378 0.000572716 0.000770912 10.5369
24.4208 46.4876 0.000932061 -6.52839e-05 0.000504252 13.0457
25.4175 46.4876 -0.00144667 -0.000208876 -0.000500055 9.53337
26.4143 46.4876 -0.000145289 0.000660348 0.000365652 9.03161
27.4111 46.4876 0.00108491 -0.000431317 -0.00101806 13.5474
28.4078 46.4876 0.00209663 -4.61631e-06 -0.000153654 9.03161
29.4046 46.4876 -8.55075e-05 -0.00058384 0.000944784 9.03161
30.4014 46.4876 -0.000268405 0.000802065 0.000418273 7.52634
31.3981 46.4876 0.000937894 -6.65814e-05 0.00167055 11.0386
32.3949 46.4876 -0.000265372 0.000538178 0.000788742 11.5404
33.3917 46.4876 0.00094271 -0.000366301 0.000700611 9.03161
34.3884 46.4876 -7.95981e-05 -0.000230826 0.000629529 7.52634
35.3852 46.4876 0.000465371 0.00039957 0.000558766 10.5369
36.382 46.4876 -0.000144866 -0.00119335 0.000729555 13.5474
37.3787 46.4876 -0.000130987 0.000135598 -0.000269526 13.0457
38.3755 46.4876 0.000999621 -0.000527544 -6.49886e-05 7.02459
39.3723 46.4876 0.001378 0.000406679 -0.000871261 9.53337
40.369 46.4876 -0.000929745 -0.00101665 -0.000661022 8.0281
41.3658 46.4876 0.000100885 0.000102508 0.00027018 12.0422
42.3626 46.4876 -0.000722247 -0.000963963 -0.000383008 12.0422
43.3593 46.4876 -0.000555388 0.00114935 0.000267122 6.52283
44.3561 46.4876 -0.000296349 0.000243613 -0.000615376 11.0386
45.3529 46.4876 -0.000894568 -0.00037561 0.000357776 9.03161
46.3496 46.4876 0.000739965 -0.000416737 -0.000269111 14.0492
47.3464 46.4876 0.00135191 0.000701154 -0.000158292 7.52634
48.3432 46.4876 0.000797564 -0.000114074 0.00097702 10.5369
49.3399 46.4876 -0.000443515 0.000605619 0.000550185 13.5474
50.3367 46.4876 0.000439522 -6.92541e-05 -0.000659084 11.5404
51.3335 46.4876 -0.00113272 0.000451166 0.00169965 6.52283
52.3302 46.4876 0.000701787 -0.000682892 -0.000180051 12.0422
53.327 46.4876 0.00137141 0.000432135 0.000606042 11.5404
54.3238 46.4876 -0.00101183 -0.00105699 -0.000533509 9.53337
55.3205 46.4876 0.000616012 0.00103488 -0.0012434 7.02459
56.3173 46.4876 0.00108434 -0.00050519 0.000743424 10.5369
57.3141 46.4876 0.0015605 0.000698886 -0.0010835 10.0351
58.3108 46.4876 -0.00043655 -0.000302357 -0.00018008 11.5404
59.3076 46.4876 0.000246247 0.00192405 -0.000986016 8.0281
60.3044 46.4876 -0.000117451 -0.000442708 -0.000709874 9.03161
61.3011 46.4876 -0.000935741 -0.000280844 -0.000853645 11.0386
62.2979 46.4876 0.000309128 0.000119645 0.000932302 11.0386
63.2947 46.4876 0.000872594 0.000733864 -0.000202888 6.02108
64.2914 46.4876 0.000848927 -0.000825958 -0.000135457 9.03161
65.2882 46.4876 -0.000797323 -5.3968e-05 -0.000696485 8.52986
66.285 46.4876 1.04471e-05 0.00155427 0.000812416 11.5404
67.2817 46.4876 0.000884292 -0.00133176 0.00120279 8.52986
68.2785 46.4876 0.00150941 0.00108868 -0.00193225 7.02459
69.2753 46.4876 -0.000433213 0.000364909 0.00040657 11.0386
70.272 46.4876 0.000243504 -9.52212e-05 0.000910397 15.0527
71.2688 46.4876 -0.000609145 0.000118209 0.000653378 8.52986
72.2656 46.4876 -0.000116803 0.000967905 -0.000251518 10.5369
73.2623 46.4876 0.000350019 -0.000116027 -0.000262086 13.0457
74.2591 46.4876 0.00102539 0.000251766 -0.00116636 11.0386
75.2559 46.4876 -0.000457437 -0.000306395 0.000892738 9.03161
76.2526 46.4876 -0.000600668 -0.0012626 -0.000558422 10.5369
77.2494 46.4876 0.00029976 -0.000160501 -0.000783729 5.51932
78.2462 46.4876 -0.000332336 0.000213513 -0.000898972 9.03161
79.2429 46.4876 -0.00042128 -0.000814649 0.00105687 9.03161
80.2397 46.4876 -0.000313653 -0.00078288 0.000269501 10.0351
81.2365 46.4876 0.00144954 0.00107824 -8.67917e-05 8.0281
82.2332 46.4876 0.000987313 6.72195e-06 -0.000206067 11.0386
0.498383 47.4873 -0.000217849 -0.000275238 1.59278e-05 17.5615
1.49515 47.4873 -0.000715864 0.000383746 -3.2257e-05 12.5439
2.49192 47.4873 0.000528735 -0.000488151 -0.000116547 18.0632
3.48868 47.4873 0.00112685 0.000209753 0.00052993 16.0562
4.48545 47.4873 0.00158007 -0.000185373 -0.00027335 6.52283
5.48221 47.4873 -0.000813183 0.000505663 -0.000371716 10.0351
6.47898 47.4873 0.00102484 -0.000953602 0.00119575 8.0281
7.47575 47.4873 -0.000333413 0.001169 -9.70855e-05 14.0492
8.47251 47.4873 0.000609454 0.00104803 -0.000704041 17.0597
9.46928 47.4873 -0.000806582 0.00101793 -0.000491397 11.0386
10.466 47.4873 -0.000142643 0.000277583 -0.000655139 16.558
11.4628 47.4873 -0.000110403 -0.000343835 -0.000565286 18.565
12.4596 47.4873 -0.000829053 0.00104635 -0.000967391 7.52634
13.4563 47.4873 -0.00037319 -4.57489e-05 -0.00080942 9.53337
14.4531 47.4873 4.50888e-05 0.000730176 0.000433714 5.01756
15.4499 47.4873 -0.0004075 -0.00103956 -0.000108822 11.5404
16.4466 47.4873 0.000966294 0.00048428 5.8688e-05 20.572
17.4434 47.4873 -0.000447413 0.000105567 0.00014981 11.0386
18.4402 47.4873 1.78821e-05 -0.000426142 -3.3106e-05 16.0562
19.4369 47.4873 5.98619e-05 0.000375516 0.00034608 19.0667
20.4337 47.4873 0.000491676 7.88332e-06 -0.00113202 9.53337
21.4305 47.4873 -0.00110822 -0.00102335 -0.000121881 8.52986
22.4272 47.4873 -0.000323226 -0.000225447 -0.000106869 8.0281
23.424 47.4873 0.000303867 1.63844e-05 -0.000222826 10.0351
24.4208 47.4873 0.000427785 0.000291796 0.00150395 16.558
25.4175 47.4873 -0.000419547 0.00051292 -3.85096e-06 18.0632
26.4143 47.4873 0.000278145 -0.0011418 0.00031042 10.0351
27.4111 47.4873 -1.006e-05 0.000156235 -0.000310592 22.0773
28.4078 47.4873 5.94143e-05 -0.000531834 -0.00053038 13.0457
29.4046 47.4873 -0.0022995 0.000909168 0.000589109 4.51581
30.4014 47.4873 -0.00130159 -0.000280223 0.00187228 11.0386
31.3981 47.4873 -0.00117801 0.000933548 -0.000305854 6.52283
32.3949 47.4873 0.000320468 0.000451058 -0.000776661 13.5474
33.3917 47.4873 -0.000504596 -0.000812302 -0.000247356 19.0667
34.3884 47.4873 0.00039086 0.000316069 -0.000117505 10.0351
35.3852 47.4873 0.000554188 0.000918511 -0.000513072 17.0597
36.382 47.4873 0.000359205 -0.000314482 7.38204e-05 15.5544
37.3787 47.4873 -4.3283e-05 4.12279e-05 -0.000466319 9.53337
38.3755 47.4873 -0.000594359 -0.00180337 -0.000633561 9.03161
39.3723 47.4873 0.00026736 6.98238e-05 -0.000885859 6.52283
40.369 47.4873 0.000541101 -0.000554018 0.000409144 13.0457
41.3658 47.4873 -0.000864036 0.000762479 -9.80633e-05 21.5755
42.3626 47.4873 0.000705772 0.000530158 -0.00175289 11.0386
43.3593 47.4873 0.00082705 3.43022e-06 -0.000563735 13.0457
44.3561 47.4873 0.000599377 -0.000532595 0.000133077 21.5755
45.3529 47.4873 0.00034797 0.000136475 0.000337329 10.0351
46.3496 47.4873 0.00125727 0.000205066 0.000281719 6.52283
47.3464 47.4873 0.000171875 -0.000260626 0.000641981 6.52283
48.3432 47.4873 -0.000129073 0.000237979 -0.000735877 9.03161
49.3399 47.4873 -0.000821925 6.26495e-05 0.00074577 18.565
50.3367 47.4873 -0.00102417 -0.00119868 -0.000750873 14.5509
51.3335 47.4873 -0.000832764 0.000860355 0.000501616 10.0351
52.3302 47.4873 0.000291379 -0.000216957 0.000165425 25.0878
53.327 47.4873 0.000449844 0.000199907 0.0018116 10.5369
54.3238 47.4873 0.000201661 0.000694354 -0.0010229 5.51932
55.3205 47.4873 -0.00186923 0.00118345 -0.000333295 6.02108
56.3173 47.4873 -0.00139434 -0.00168627 0.0004787 7.52634
57.3141 47.4873 -0.00170454 -0.000485085 0.000686301 11.0386
58.3108 47.4873 -0.000405189 0.00131589 -5.58075e-06 25.0878
59.3076 47.4873 -0.000767293 -0.000404212 4.43222e-05 8.0281
60.3044 47.4873 -9.62745e-05 0.000360598 -0.000243874 19.0667
61.3011 47.4873 -0.000635512 8.3932e-05 -0.000388003 15.5544
62.2979 47.4873 0.00243728 0.00105476 -0.000136067 10.5369
63.2947 47.4873 -0.000934617 -0.000522812 -0.000332695 9.03161
64.2914 47.4873 0.00170478 0.000400038 -0.000905425 8.0281
65.2882 47.4873 0.000146392 0.000714794 -0.00040918 15.5544
66.285 47.4873 -0.00087248 -0.000133947 -0.000199329 25.5896
67.2817 47.4873 -0.000117036 0.00132772 0.000177184 12.5439
68.2785 47.4873 -0.00117691 0.000146252 0.000432444 13.0457
69.2753 47.4873 0.000946467 7.74528e-05 -0.000273801 17.0597
70.272 47.4873 0.00165785 -0.000276022 -0.00225463 10.5369
71.2688 47.4873 0.000905695 0.00044235 0.000801259 6.52283
72.2656 47.4873 -0.00158437 -0.0011808 -0.000540453 9.53337
73.2623 47.4873 0.00069118 -0.000840262 -0.000157166 10.5369
74.2591 47.4873 -0.000560929 -0.000312631 6.85817e-05 20.0703
75.2559 47.4873 -0.000508243 -0.000511399 -0.00049373 9.53337
76.2526 47.4873 -0.000516938 -8.32052e-05 -0.000447446 11.5404
77.2494 47.4873 0.00104668 -0.000150195 0.000756918 25.5896
78.2462 47.4873 -0.00153609 -0.000750388 -0.000159646 9.03161
79.2429 47.4873 -0.00144039 0.00161894 0.0010737 8.0281
80.2397 47.4873 0.00109981 0.00103794 0.000408676 10.5369
81.2365 47.4873 -0.00177717 -0.000859185 -0.000297751 10.0351
82.2332 47.4873 0.000750906 0.000988265 -0.000654838 15.5544
0.498383 48.487 0.000539197 0.00049633 0.000814515 11.0386
1.49515 48.487 -0.000255643 -0.00124223 0.000657033 10.5369
2.49192 48.487 0.000504215 0.000418644 -0.000760802 9.53337
3.48868 48.487 -0.000652021 -0.000144256 -3.11217e-05 15.0527
4.48545 48.487 -0.000438651 -8.19832e-05 0.00119654 5.01756
5.48221 48.487 0.0019538 0.000266688 0.000726786 10.5369
6.47898 48.487 -0.00168196 0.00153741 0.000965504 5.01756
7.47575 48.487 -4.5087e-05 -0.000659007 -0.00159264 11.5404
8.47251 48.487 0.000822405 0.000444705 0.000136011 18.565
9.46928 48.487 0.000707254 -0.00085535 0.000182399 8.52986
10.466 48.487 0.000190315 -0.00142623 0.00016125 14.5509
11.4628 48.487 0.000779201 -0.000477883 -0.000163038 17.5615
12.4596 48.487 -0.000115042 0.000718923 -0.000467413 8.52986
13.4563 48.487 -3.62183e-05 0.00089405 0.000736274 6.02108
14.4531 48.487 0.00263162 -0.000404947 -0.00101275 5.01756
15.4499 48.487 -4.37942e-05 -0.00045619 0.000452038 8.52986
16.4466 48.487 0.000106328 0.000556858 -4.51998e-05 15.5544
17.4434 48.487 -0.000558382 0.000729448 -0.000290598 9.03161
18.4402 48.487 -0.00114041 0.000296634 -0.000808212 12.0422
19.4369 48.487 0.00108518 0.00119735 3.10877e-05 18.0632
20.4337 48.487 -0.000113635 -0.000156105 -2.93774e-05 9.03161
21.4305 48.487 -0.000180313 0.00262772 0.000485654 8.52986
22.4272 48.487 0.000716003 0.000591313 -0.000326991 6.52283
23.424 48.487 -0.000583591 0.000191781 -0.0012798 6.02108
24.4208 48.487 -0.000180783 -0.000324001 0.000376011 18.565
25.4175 48.487 -0.000383861 0.000805965 -0.00106128 11.0386
26.4143 48.487 0.000137801 0.000574969 -0.00146241 7.02459
27.4111 48.487 -0.00044396 -0.000285492 0.000296675 12.5439
28.4078 48.487 0.000792143 -0.000204296 0.000309381 12.5439
29.4046 48.487 0.000729779 4.46392e-05 -0.000225829 9.03161
30.4014 48.487 0.000643011 -0.000264463 0.00179024 6.02108
31.3981 48.487 -0.00160906 -0.0030695 0.00167234 9.03161
32.3949 48.487 -0.00050641 0.000560738 0.000993446 11.0386
33.3917 48.487 -0.000241104 0.00033883 0.000216973 16.0562
34.3884 48.487 0.00133802 0.000677787 -0.00111602 11.0386
35.3852 48.487 0.000725099 0.00108434 -0.00100392 13.5474
36.382 48.487 -0.000632491 -8.32155e-05 -0.000172297 16.558
37.3787 48.487 -0.000153472 -1.07134e-06 -0.000275385 13.5474
38.3755 48.487 -0.00132877 -0.00158161 -0.000996083 7.02459
39.3723 48.487 0.0015247 -0.000588868 -0.000737312 7.02459
40.369 48.487 -0.000205964 -0.000829392 -0.000331106 8.52986
41.3658 48.487 0.000493995 -0.000181884 0.000385222 19.5685
42.3626 48.487 -0.000168195 0.000252801 6.42848e-05 12.0422
43.3593 48.487 -0.000634914 2.07522e-05 0.00100809 8.0281
44.3561 48.487 0.000582052 -0.000481927 0.000571201 16.0562
45.3529 48.487 -0.000191138 -0.00066699 -0.000639444 10.0351
46.3496 48.487 0.00180369 0.000405622 0.000311591 7.02459
47.3464 48.487 0.00127477 -0.000800493 -8.75963e-05 7.02459
48.3432 48.487 -9.70166e-05 -0.00013051 0.00030833 10.5369
49.3399 48.487 0.000662315 -3.22214e-06 -0.000337641 18.0632
50.3367 48.487 0.000325494 -0.000239087 -0.000695796 12.5439
51.3335 48.487 9.34947e-05 -0.000186279 -0.000393483 9.03161
52.3302 48.487 7.37385e-05 -0.00123364 0.000247511 13.0457
53.327 48.487 6.46702e-05 0.000178118 -0.000208943 10.0351
54.3238 48.487 0.000160161 0.000127159 -0.000441721 8.52986
55.3205 48.487 -0.000841956 -0.000580255 0.000791559 4.51581
56.3173 48.487 -0.000465157 0.00063866 3.02027e-05 9.03161
57.3141 48.487 -0.000139978 -0.00134657 0.000603753 11.5404
58.3108 48.487 4.82798e-05 0.000291136 -0.00129016 15.0527
59.3076 48.487 0.000557864 -0.000701817 0.000696694 12.0422
60.3044 48.487 -0.000614729 -0.000181563 0.000252988 12.5439
61.3011 48.487 0.000343469 0.000487398 0.000743023 11.5404
62.2979 48.487 -0.00182078 4.56587e-05 0.000743051 7.52634
63.2947 48.487 0.000977177 0.000934832 -0.00295653 5.51932
64.2914 48.487 -0.000670748 0.000494692 0.00100705 6.02108
65.2882 48.487 0.000249937 0.00017625 -0.000172671 13.0457
66.285 48.487 -0.00036339 9.91072e-05 0.000435056 13.5474
67.2817 48.487 0.0023809 0.00068232 0.000685523 8.52986
68.2785 48.487 0.000613867 -0.000263711 0.000485559 13.0457
69.2753 48.487 -0.00111299 0.000539157 -0.000530918 19.5685
70.272 48.487 -0.00113677 -0.000115557 -0.000797231 6.52283
71.2688 48.487 0.00048097 0.000916946 -0.00220775 7.52634
72.2656 48.487 0.00242843 0.000459509 0.000301834 6.52283
73.2623 48.487 -0.000429498 0.000889616 0.000276087 10.0351
74.2591 48.487 -0.000139041 -0.000453849 0.000593672 13.5474
75.2559 48.487 -0.000525706 0.000436674 -0.000555692 13.0457
76.2526 48.487 -0.000884177 -0.00073871 0.00177736 12.0422
77.2494 48.487 -0.000354741 -0.00121723 0.000379543 15.0527
78.2462 48.487 0.0005152 -0.000495874 -0.000737594 12.0422
79.2429 48.487 0.000930665 0.000775342 -0.00118329 7.52634
80.2397 48.487 -1.11558e-05 0.00110004 0.000692786 6.02108
81.2365 48.487 0.00084937 -8.5809e-05 0.00135584 11.0386
82.2332 48.487 0.000397744 0.000620477 -0.000288318 11.5404
0.498383 49.4868 -0.000428214 -0.000308069 -0.000130509 10.0351
1.49515 49.4868 0.00212478 0.000501107 -0.000491215 6.52283
2.49192 49.4868 0.00142483 0.000357902 -0.00151226 9.03161
3.48868 49.4868 0.00137708 -0.000135634 0.000327673 20.0703
4.48545 49.4868 -0.00132068 0.000509515 -0.000331568 13.5474
5.48221 49.4868 0.00157838 0.000880356 -9.04674e-05 13.5474
6.47898 49.4868 9.63352e-05 0.000377185 0.000334254 13.0457
7.47575 49.4868 0.000920454 0.000829683 0.000334282 11.5404
8.47251 49.4868 -0.0009818 5.23647e-06 -5.21768e-05 7.52634
9.46928 49.4868 0.000191264 -0.000118134 -0.000571491 8.52986
10.466 49.4868 0.000339945 0.000537092 -0.000461308 6.52283
11.4628 49.4868 -0.000669469 -0.00122828 -0.000531069 13.0457
12.4596 49.4868 -0.000561651 0.000186113 -9.33184e-05 18.0632
13.4563 49.4868 -0.000198492 0.000412257 0.000120412 11.0386
14.4531 49.4868 0.00165561 0.000619749 0.000240333 16.0562
15.4499 49.4868 -0.000662404 0.000533461 -0.000238923 20.0703
16.4466 49.4868 -0.000452303 -4.0312e-05 0.000184822 8.0281
17.4434 49.4868 0.00185869 -0.000791419 0.00110112 5.51932
18.4402 49.4868 -5.58001e-05 -0.000187986 -0.000699179 9.53337
19.4369 49.4868 0.00182677 0.000257451 0.000175378 6.52283
20.4337 49.4868 -0.00102249 3.75577e-05 0.000753111 16.0562
21.4305 49.4868 0.00055439 -9.38549e-05 -0.00171093 15.0527
22.4272 49.4868 1.73743e-05 0.000608913 -0.000222361 10.5369
23.424 49.4868 0.00013533 -0.000362607 -0.000138329 17.0597
24.4208 49.4868 0.00158705 -0.000317659 0.00174114 7.52634
25.4175 49.4868 0.00119768 -0.000443646 -0.00078337 9.03161
26.4143 49.4868 -0.000999457 -0.000471265 0.000612368 9.03161
27.4111 49.4868 0.00100905 0.00026113 0.00105762 6.52283
28.4078 49.4868 0.00113509 0.000256332 -0.000650775 10.5369
29.4046 49.4868 2.46596e-05 0.000370493 8.68792e-05 12.5439
30.4014 49.4868 0.00096662 0.000207467 -0.000586361 11.0386
31.3981 49.4868 -0.000686875 -0.000479821 0.000325605 15.5544
32.3949 49.4868 -0.000217172 0.000722783 -0.000833438 12.0422
33.3917 49.4868 0.00076069 3.12098e-05 -0.000420895 6.52283
34.3884 49.4868 0.00132336 -0.00191404 -7.92694e-05 7.02459
35.3852 49.4868 0.000176168 -0.000747038 -0.00112351 5.01756
36.382 49.4868 0.00119313 0.00102384 -0.000525658 11.0386
37.3787 49.4868 -8.08847e-05 -0.000744133 0.000234214 13.5474
38.3755 49.4868 0.000859719 -0.000749799 -0.000346199 8.52986
39.3723 49.4868 -0.000154883 -0.00101729 8.76102e-05 15.5544
40.369 49.4868 -0.00040209 -0.000610608 -7.10605e-05 17.5615
41.3658 49.4868 -0.000216035 0.00125389 0.00105139 6.02108
42.3626 49.4868 0.000845838 -0.000529004 0.000255074 7.02459
43.3593 49.4868 0.000141233 -0.000807146 -1.96333e-05 7.52634
44.3561 49.4868 0.00100125 -0.00119992 -0.000473474 8.0281
45.3529 49.4868 -0.00160869 -0.000492462 -0.000207619 16.558
46.3496 49.4868 0.000311615 -0.000819956 0.000899965 14.0492
47.3464 49.4868 -8.39998e-05 0.000921755 0.000301166 14.5509
48.3432 49.4868 0.0011377 0.000191712 -0.000563302 12.5439
49.3399 49.4868 0.000277195 -0.000659774 -0.000228526 12.5439
50.3367 49.4868 0.00147724 -0.00114291 -0.000517804 7.52634
51.3335 49.4868 0.00210511 0.00068656 2.15409e-06 5.51932
52.3302 49.4868 -0.00343426 0.00125152 0.000695352 5.01756
53.327 49.4868 -0.000502824 0.00152139 -0.000275725 16.0562
54.3238 49.4868 0.000571684 -0.000142509 0.000120559 20.0703
55.3205 49.4868 0.00226382 -0.000270185 -0.000601565 8.0281
56.3173 49.4868 -0.000178442 0.000453526 0.000951186 20.0703
57.3141 49.4868 0.000462103 -6.57965e-05 -0.00110986 11.5404
58.3108 49.4868 -2.6302e-05 -0.000550595 -0.000680283 8.52986
59.3076 49.4868 -0.000477669 0.000409353 0.000546673 9.53337
60.3044 49.4868 0.00126254 0.000298445 -0.000718049 9.03161
61.3011 49.4868 0.00071591 -0.000468608 -0.0001252 10.5369
62.2979 49.4868 0.000676964 0.000620969 0.000861208 15.5544
63.2947 49.4868 -0.00102629 -7.95261e-05 -0.000173885 12.5439
64.2914 49.4868 -0.00011472 -6.88261e-05 0.000158465 14.5509
65.2882 49.4868 -0.000871355 -0.000599131 -6.92788e-05 10.5369
66.285 49.4868 0.0014027 0.000839071 -0.000801293 7.52634
67.2817 49.4868 7.51735e-05 0.00136631 -0.00026012 12.0422
68.2785 49.4868 0.000199191 3.42215e-05 -0.000933687 6.52283
69.2753 49.4868 -0.000114893 0.00122778 0.000410986 7.02459
70.272 49.4868 0.000104215 0.00088594 -0.000590633 15.0527
71.2688 49.4868 -0.000519073 -8.50769e-05 0.00173755 10.5369
72.2656 49.4868 0.00126318 0.000555367 -0.000280093 13.5474
73.2623 49.4868 -8.88001e-05 -0.000569589 0.000666883 17.5615
74.2591 49.4868 -0.000187065 0.000501012 0.000537759 9.53337
75.2559 49.4868 -4.75816e-05 -0.00233372 0.00217131 6.02108
76.2526 49.4868 -0.000621722 -0.000861334 -0.000717637 6.02108
77.2494 49.4868 0.000644434 0.000338358 -4.37746e-05 8.0281
78.2462 49.4868 0.000433825 2.35184e-06 -5.03201e-05 22.579
79.2429 49.4868 0.00117807 -0.000371299 0.000151819 10.5369
80.2397 49.4868 0.00137667 0.000662136 0.000986149 7.52634
81.2365 49.4868 0.00115016 -0.0011973 -0.000576057 17.5615
82.2332 49.4868 0.00215332 0.000108539 0.00081184 10.0351
0.498383 50.4865 0.000337509 0.00169258 -1.14281e-05 7.52634
1.49515 50.4865 -0.00148191 0.000353298 -0.000413145 7.52634
2.49192 50.4865 0.000584113 -0.00101153 0.000941667 7.52634
3.48868 50.4865 0.000125671 -0.000208411 1.93224e-05 15.0527
4.48545 50.4865 -0.000181977 -0.000881003 -0.0014591 14.0492
5.48221 50.4865 0.000152088 -5.06925e-05 -0.000589381 12.0422
6.47898 50.4865 -0.00138704 -0.000326403 -0.000951338 16.0562
7.47575 50.4865 -7.51142e-05 0.000460824 0.000141024 15.5544
8.47251 50.4865 0.00124479 -0.000263388 4.43172e-05 8.52986
9.46928 50.4865 0.000970499 0.00111568 0.000559405 10.0351
10.466 50.4865 -0.000705385 -0.000271976 -0.000799394 8.52986
11.4628 50.4865 0.000575819 0.000354084 1.31258e-06 13.0457
12.4596 50.4865 -0.000403605 -0.00145528 0.000211773 16.0562
13.4563 50.4865 -0.000158557 -0.000616036 0.00110755 9.53337
14.4531 50.4865 -6.35825e-05 0.000862502 0.000947494 15.0527
15.4499 50.4865 -0.000361995 -0.000172611 -0.000225925 16.558
16.4466 50.4865 0.00091773 -0.000904457 0.000259165 12.0422
17.4434 50.4865 0.00212659 -0.000173366 0.00088276 7.52634
18.4402 50.4865 -0.00140844 -0.000928921 0.000196466 8.0281
19.4369 50.4865 0.000664615 0.000252946 -0.000108022 10.0351
20.4337 50.4865 -3.70229e-05 -0.000196018 -0.000929682 17.5615
21.4305 50.4865 0.000331093 0.000875594 0.000953004 16.558
22.4272 50.4865 0.00158252 -0.000574292 -0.000624824 12.5439
23.424 50.4865 0.000332066 -0.000363187 -1.86825e-05 22.0773
24.4208 50.4865 0.000239727 0.000224596 0.000200509 14.0492
25.4175 50.4865 -0.000437465 -0.000208372 -0.00100201 5.01756
26.4143 50.4865 0.000367084 5.16469e-05 0.000400687 7.02459
27.4111 50.4865 0.000547853 0.000752397 0.000493104 10.5369
28.4078 50.4865 -0.000651149 0.000188945 3.59169e-05 16.0562
29.4046 50.4865 -0.000158662 -5.19541e-05 -0.000393924 20.0703
30.4014 50.4865 -0.000306125 0.000736216 -0.00102959 14.0492
31.3981 50.4865 0.000503034 0.000148458 3.34976e-05 20.572
32.3949 50.4865 -0.000473699 -0.000159822 0.000411598 16.0562
33.3917 50.4865 0.00221616 1.09584e-05 -0.000441171 5.51932
34.3884 50.4865 -6.1938e-05 -0.000166334 -0.000356353 8.52986
35.3852 50.4865 -0.000655618 -0.000537572 0.000335324 9.53337
36.382 50.4865 0.00114093 -0.00039215 0.00117411 12.5439
37.3787 50.4865 -0.00077697 0.000128457 -4.94993e-05 19.0667
38.3755 50.4865 0.000554109 1.64592e-05 0.000430546 17.5615
39.3723 50.4865 0.00029335 -5.80274e-05 0.00077285 14.5509
40.369 50.4865 6.61917e-06 0.000372485 0.00035222 18.0632
41.3658 50.4865 0.000647226 -0.000270099 -0.00129561 12.5439
42.3626 50.4865 -0.00091502 0.00132987 -0.000566492 8.0281
43.3593 50.4865 0.000382399 -9.28157e-05 -0.000677915 12.0422
44.3561 50.4865 0.000306469 -0.000346451 -0.000310378 12.5439
45.3529 50.4865 -0.000293366 0.000211637 -0.00080792 17.5615
46.3496 50.4865 -0.000763073 -0.00079016 0.00125332 9.53337
47.3464 50.4865 -0.000557871 0.000644587 0.00021502 16.0562
48.3432 50.4865 -0.000331578 0.000125601 0.000180545 19.5685
49.3399 50.4865 -0.000906613 0.00142702 -0.00176802 7.02459
50.3367 50.4865 0.000843599 -0.000793656 0.000774949 8.52986
51.3335 50.4865 0.00156992 -0.000419197 -0.000822875 8.52986
52.3302 50.4865 0.000593904 -0.00012306 0.000159857 11.5404
53.327 50.4865 0.000507863 0.000114374 -0.000526377 18.565
54.3238 50.4865 9.03608e-05 4.2246e-05 -0.000330054 13.0457
55.3205 50.4865 0.000602972 -0.000488828 0.000494571 10.0351
56.3173 50.4865 -0.000126093 -0.000561605 0.000235993 21.0738
57.3141 50.4865 0.000856537 0.000190633 -5.7655e-05 12.0422
58.3108 50.4865 -0.000390542 -0.00166302 0.000244942 4.01405
59.3076 50.4865 0.00119735 -0.000217669 -0.00063099 11.0386
60.3044 50.4865 -0.000398245 0.00127385 -0.000449973 8.52986
61.3011 50.4865 -0.000908841 -0.000417572 0.000293974 13.0457
62.2979 50.4865 0.000922789 0.000978909 -0.000174261 15.5544
63.2947 50.4865 0.000427343 6.50875e-05 -0.000322019 7.52634
64.2914 50.4865 -0.000515217 0.000708538 8.84908e-05 22.0773
65.2882 50.4865 2.01229e-05 -3.1528e-05 0.000442357 13.0457
66.285 50.4865 -0.00167737 -0.00066744 4.72286e-05 9.03161
67.2817 50.4865 0.000610513 0.000714392 -0.000741134 7.02459
68.2785 50.4865 0.00123308 -0.000945532 -0.000958767 10.0351
69.2753 50.4865 0.00182967 -0.000172184 -0.000211222 11.5404
70.272 50.4865 0.000209421 0.000549021 -0.000210453 26.5931
71.2688 50.4865 0.00073822 0.00104532 -0.000144977 8.52986
72.2656 50.4865 -0.000151968 0.000340895 -0.000134716 10.5369
73.2623 50.4865 0.000800036 0.000913928 0.000668316 23.5825
74.2591 50.4865 0.000381867 -0.000703155 -0.000733534 10.0351
75.2559 50.4865 -0.000566946 0.00109256 0.000443619 8.0281
76.2526 50.4865 0.00221582 0.000667222 -0.00095039 9.03161
77.2494 50.4865 -0.000596424 -0.000202572 0.000245684 8.0281
78.2462 50.4865 0.00022877 0.000594441 0.00165445 13.5474
79.2429 50.4865 -0.00158957 -4.75346e-05 0.000573284 11.5404
80.2397 50.4865 0.000962219 0.000283507 3.6786e-05 14.5509
81.2365 50.4865 -0.000425425 6.65901e-05 -0.000432688 22.0773
82.2332 50.4865 -0.000816145 -0.000337649 -0.000145574 12.0422
0.498383 51.4862 0.000316882 0.00108767 -0.00137783 8.0281
1.49515 51.4862 0.000152363 5.16571e-05 3.21192e-05 8.52986
2.49192 51.4862 4.23051e-05 0.000683258 0.00016713 10.0351
3.48868 51.4862 -0.000307873 0.000173879 -8.76799e-05 11.5404
4.48545 51.4862 -0.000144855 -4.85159e-05 0.000438452 12.5439
5.48221 51.4862 0.000152096 0.00152817 -0.000820416 8.52986
6.47898 51.4862 0.00202077 0.000844113 0.000477213 11.0386
7.47575 51.4862 0.00174579 -0.000577004 -0.00176985 13.5474
8.47251 51.4862 -0.00182754 0.000522113 -0.000472695 11.0386
9.46928 51.4862 -0.000580553 0.000616821 -0.000980686 7.52634
10.466 51.4862 -0.000370084 0.00115921 0.000887022 11.5404
11.4628 51.4862 0.00111314 0.000373188 0.000689153 11.5404
12.4596 51.4862 0.000861721 0.00117494 -8.03529e-05 10.0351
13.4563 51.4862 -0.000204358 -0.000133561 0.000565712 10.0351
14.4531 51.4862 0.00106956 0.000654474 0.000224908 9.53337
15.4499 51.4862 0.000748857 -0.000230425 0.000906074 11.0386
16.4466 51.4862 5.63183e-05 -0.00126943 0.0028616 7.02459
17.4434 51.4862 0.000771691 -7.50027e-05 0.00138066 10.5369
18.4402 51.4862 0.00124373 -0.00272928 -2.45391e-05 7.52634
19.4369 51.4862 0.000769855 0.000745026 -0.000174363 10.0351
20.4337 51.4862 0.00012134 -0.00048284 0.000877049 12.0422
21.4305 51.4862 0.000675197 -0.00119248 0.00107943 9.53337
22.4272 51.4862 -0.000217018 -0.00100549 -0.000746381 6.02108
23.424 51.4862 -0.000685948 0.000140376 0.000686508 11.0386
24.4208 51.4862 0.00127272 -0.000956946 0.000145703 14.0492
25.4175 51.4862 0.000416306 -0.000451836 0.000510581 12.5439
26.4143 51.4862 -0.000803525 0.00144046 0.000153232 6.52283
27.4111 51.4862 0.00145866 -0.000628266 -0.00033428 11.0386
28.4078 51.4862 0.00207728 -0.000381299 0.000135628 10.5369
29.4046 51.4862 0.000104711 -0.000689392 0.000169548 9.53337
30.4014 51.4862 0.000412004 -0.000348694 -0.000995734 6.52283
31.3981 51.4862 -5.72446e-05 0.000686122 0.000295997 9.03161
32.3949 51.4862 -0.00102836 -0.000162157 0.000233259 14.5509
33.3917 51.4862 0.000676883 0.00236195 -1.78829e-05 10.5369
34.3884 51.4862 0.000546961 0.00017607 0.000273997 6.02108
35.3852 51.4862 -0.00105492 0.000714061 -0.000844372 10.5369
36.382 51.4862 0.000646797 0.00110655 -0.00115386 10.5369
37.3787 51.4862 4.80374e-05 -0.000551602 0.000370538 10.5369
38.3755 51.4862 0.0015805 -0.000814623 -1.27402e-05 11.0386
39.3723 51.4862 -0.000439805 0.000297327 -0.000563977 8.52986
40.369 51.4862 -0.00104437 -0.000821058 0.00172741 6.02108
41.3658 51.4862 0.000952177 0.000329324 0.000402675 9.53337
42.3626 51.4862 4.47364e-05 -0.00157495 -0.00137168 4.01405
43.3593 51.4862 0.00124493 -0.000389494 -0.000193345 10.0351
44.3561 51.4862 0.000853032 -0.000139091 0.000393719 14.0492
45.3529 51.4862 -0.00123054 -0.00106872 -0.000831331 9.53337
46.3496 51.4862 -0.0013447 -0.000884028 -0.000596795 10.5369
47.3464 51.4862 -0.000525913 3.76089e-05 0.000943077 7.52634
48.3432 51.4862 -0.00102643 -0.00209737 -0.000381353 8.52986
49.3399 51.4862 -0.00128076 0.00064508 0.00057628 16.558
50.3367 51.4862 -0.001149 -0.000246795 -0.000261075 7.52634
51.3335 51.4862 0.00128939 0.00085449 0.00020286 10.0351
52.3302 51.4862 0.00185368 -0.000248457 0.00121676 11.5404
53.327 51.4862 0.000214519 0.000570738 -0.000266092 9.53337
54.3238 51.4862 -0.00104051 0.00139145 0.000195784 7.52634
55.3205 51.4862 -0.000148829 -0.00107896 0.000631672 10.5369
56.3173 51.4862 0.000114526 -0.00149139 -0.000756942 6.52283
57.3141 51.4862 -0.000418623 -9.59552e-05 0.000723791 11.0386
58.3108 51.4862 -0.0011273 -0.000231362 0.00112795 13.5474
59.3076 51.4862 -0.000596631 -1.91105e-05 0.000495043 8.0281
60.3044 51.4862 -8.86882e-05 9.25945e-05 -0.000698394 11.0386
61.3011 51.4862 -0.000156627 0.000304313 0.00137609 10.5369
62.2979 51.4862 -9.16803e-05 -7.35517e-05 1.9002e-06 12.0422
63.2947 51.4862 0.000440577 0.000437911 -0.000547977 8.0281
64.2914 51.4862 0.000654501 0.000889567 0.000356302 10.0351
65.2882 51.4862 0.0019 0.00189045 -0.000131359 9.53337
66.285 51.4862 -0.000496275 -0.000312537 -0.000302287 15.0527
67.2817 51.4862 -0.00174033 0.00124303 -0.00130664 9.03161
68.2785 51.4862 -4.1543e-05 -0.000378716 0.000443124 12.0422
69.2753 51.4862 -0.000267904 -0.000574379 -0.000670945 12.5439
70.272 51.4862 0.000978187 0.000475398 -0.00221153 4.51581
71.2688 51.4862 0.00128836 -0.000337105 0.000447956 11.0386
72.2656 51.4862 -0.000131501 -0.00191761 0.000692266 10.0351
73.2623 51.4862 -0.000906179 0.000266249 -0.0015857 8.52986
74.2591 51.4862 -0.00107532 -0.00100716 -0.000102135 10.5369
75.2559 51.4862 -0.00163544 -0.000179294 -0.00206086 8.0281
76.2526 51.4862 0.000102097 0.000694731 -0.000312074 11.0386
77.2494 51.4862 0.000488272 0.000134826 -0.000195079 18.0632
78.2462 51.4862 0.00131468 0.000407036 0.000406656 9.53337
79.2429 51.4862 -0.000661031 -0.000334851 -0.00113065 6.02108
80.2397 51.4862 0.00105946 0.000119942 0.00117999 4.51581
81.2365 51.4862 -0.00184412 0.00161753 -0.000199393 12.0422
82.2332 51.4862 -0.000950933 -0.000561538 0.000286544 12.0422
0.498383 52.486 0.000371665 0.000261566 0.000899282 17.0597
1.49515 52.486 -0.000405788 -0.000149483 0.000982558 12.0422
2.49192 52.486 2.34565e-05 -0.000488908 -0.000587652 24.5861
3.48868 52.486 -0.000383444 -0.000120576 -0.000199559 10.0351
4.48545 52.486 -0.00123166 0.00106079 0.000486497 8.0281
5.48221 52.486 0.000709478 -0.000834209 -0.00109727 8.52986
6.47898 52.486 0.000427569 7.51743e-05 0.00136435 6.52283
7.47575 52.486 -5.19751e-05 -0.000216336 -0.000381019 11.5404
8.47251 52.486 -7.85703e-05 0.000567621 -0.00019879 21.5755
9.46928 52.486 0.00180602 0.000652309 0.00110976 10.0351
10.466 52.486 -0.000504172 -0.00121604 4.19216e-05 17.5615
11.4628 52.486 0.000552037 -0.00101771 0.000553232 20.0703
12.4596 52.486 0.000419417 0.000287367 -0.000235682 5.51932
13.4563 52.486 0.000892499 -0.000263068 0.000202053 5.51932
14.4531 52.486 0.000590238 0.00121534 0.000134653 10.0351
15.4499 52.486 0.00151966 -0.000955059 -0.000556743 10.5369
16.4466 52.486 -0.00111437 -0.000253162 0.000797372 20.572
17.4434 52.486 0.000653884 -0.000872549 -0.00031453 15.0527
18.4402 52.486 -0.000287623 -0.000758711 -0.0005005 10.5369
19.4369 52.486 -0.000548793 -0.000853161 -0.000966447 21.0738
20.4337 52.486 -0.000564012 0.000593445 -0.000677049 11.5404
21.4305 52.486 -5.35855e-06 0.000733639 0.000561436 10.0351
22.4272 52.486 0.00193177 0.00107049 5.60931e-05 8.0281
23.424 52.486 0.000611478 -0.000716381 -0.000676924 6.52283
24.4208 52.486 -0.000535111 0.00023052 -0.00061677 20.0703
25.4175 52.486 0.000920337 -1.51196e-05 0.000113125 20.0703
26.4143 52.486 -0.00121371 0.000176776 -0.000230571 11.0386
27.4111 52.486 0.000430913 0.000533547 -8.92188e-05 21.5755
28.4078 52.486 6.91218e-05 0.000138979 5.64019e-05 20.572
29.4046 52.486 -0.000232424 -0.00126285 0.0014872 7.52634
30.4014 52.486 0.000659469 -0.00138189 0.00121941 6.52283
31.3981 52.486 -0.00149278 0.000474652 0.00077585 8.52986
32.3949 52.486 0.00118528 0.00131112 0.000868809 21.5755
33.3917 52.486 0.000219558 -0.000421646 -0.0004087 22.579
34.3884 52.486 0.000894547 -0.000819464 -2.17735e-05 7.52634
35.3852 52.486 0.000851772 -0.00059436 0.000786411 19.5685
36.382 52.486 -0.000332238 -0.000455827 0.000479725 20.0703
37.3787 52.486 0.000907722 -0.000581566 0.000344927 7.52634
38.3755 52.486 -0.00086488 0.00119882 0.000317554 6.02108
39.3723 52.486 0.00117945 0.00129041 0.00177878 9.03161
40.369 52.486 -0.000246665 0.000150418 -0.000547236 15.5544
41.3658 52.486 0.000473398 0.00124274 -0.00116052 16.0562
42.3626 52.486 -9.44344e-05 -0.000396398 -0.000129932 18.565
43.3593 52.486 0.00071877 0.00040394 1.60532e-05 13.5474
44.3561 52.486 -0.000635181 -0.000475245 -0.000584689 18.565
45.3529 52.486 0.000658733 0.00127073 -0.000835978 10.5369
46.3496 52.486 0.000790015 -0.000607413 0.000706948 8.52986
47.3464 52.486 0.000612967 -0.000327384 -0.000525125 12.5439
48.3432 52.486 -0.000809032 0.0010533 -0.000750593 8.0281
49.3399 52.486 -0.000613363 -0.000216912 0.000691133 20.0703
50.3367 52.486 -0.000250094 -7.82372e-05 0.000362907 19.5685
51.3335 52.486 -0.000122792 0.00119599 0.000225415 8.0281
52.3302 52.486 -0.000490639 0.00045138 -0.000385711 28.6001
53.327 52.486 0.000752709 -0.000561597 -0.000878503 13.5474
54.3238 52.486 0.0012368 0.000252427 0.000523585 9.03161
55.3205 52.486 0.000977582 -0.000718337 0.000652103 8.0281
56.3173 52.486 0.00064877 0.000271897 -0.000298749 8.52986
57.3141 52.486 8.75073e-05 0.000171515 -0.000479906 16.558
58.3108 52.486 0.000269338 -0.000222852 9.808e-07 17.5615
59.3076 52.486 0.000338441 0.000355871 0.000280852 16.558
60.3044 52.486 -0.000838094 -0.00127761 -0.000188549 20.572
61.3011 52.486 -0.000665649 0.000298496 -1.59889e-05 14.0492
62.2979 52.486 0.000657859 -0.000766069 0.00081282 6.52283
63.2947 52.486 0.00229546 0.00197676 0.000228964 8.52986
64.2914 52.486 -0.000168171 0.00160718 0.000361984 9.53337
65.2882 52.486 -0.00026969 0.000529114 0.000193498 16.0562
66.285 52.486 -0.000578659 0.000178743 -0.000492431 20.572
67.2817 52.486 0.000480253 0.000647632 0.000287306 10.5369
68.2785 52.486 -0.000149043 0.000290621 -0.000997487 19.5685
69.2753 52.486 0.000190789 -1.25446e-05 -0.000165805 16.558
70.272 52.486 0.000431736 0.00122627 -0.00125062 5.51932
71.2688 52.486 0.000524619 4.93729e-05 0.000272428 11.5404
72.2656 52.486 0.000584469 0.000587669 -0.0013593 9.53337
73.2623 52.486 -0.000670509 -2.63897e-05 0.000210922 11.5404
74.2591 52.486 -0.000145224 0.000408497 0.000111365 21.5755
75.2559 52.486 0.00136586 0.000347373 0.000390825 10.5369
76.2526 52.486 -0.000106465 3.37223e-05 -0.000209469 15.0527
77.2494 52.486 -0.000206812 -0.000382227 -8.17225e-05 27.0948
78.2462 52.486 -0.000958044 8.09152e-05 -4.76911e-05 7.52634
79.2429 52.486 -0.000301705 -0.000180135 -0.000476703 12.0422
80.2397 52.486 -0.000563861 0.00100696 -0.000902063 8.0281
81.2365 52.486 0.000445925 0.000302786 0.000612636 11.0386
82.2332 52.486 0.00112567 0.00034198 -1.63685e-05 21.0738
0.498383 53.4857 -0.000264969 0.000560074 -0.000910246 12.0422
1.49515 53.4857 0.000316678 -0.0020182 0.00186381 7.02459
2.49192 53.4857 -0.000226102 -0.000458941 -0.000243396 11.5404
3.48868 53.4857 0.00156272 0.000705067 -0.000800112 14.0492
4.48545 53.4857 -0.000442475 -0.00135237 -0.000488444 8.0281
5.48221 53.4857 0.000530563 0.000859817 -0.000513419 10.5369
6.47898 53.4857 0.00120386 -0.0006471 -0.000826121 6.52283
7.47575 53.4857 -9.24817e-05 0.000439166 -2.58329e-05 13.5474
8.47251 53.4857 0.00114426 0.000602072 -0.000216599 15.0527
9.46928 53.4857 -0.00120647 -4.14574e-05 9.15554e-05 8.0281
10.466 53.4857 -0.000946124 0.000242925 -0.000395662 12.5439
11.4628 53.4857 -0.000142539 0.000949995 -0.000584571 14.5509
12.4596 53.4857 -0.000504004 4.72471e-05 -0.000122501 9.03161
13.4563 53.4857 -0.000600619 0.000785495 0.00119223 8.0281
14.4531 53.4857 -0.000945829 0.000512126 -0.000444195 10.5369
15.4499 53.4857 -0.00119535 -0.00155398 0.000201184 9.03161
16.4466 53.4857 -0.000323982 0.000658568 0.000253617 15.5544
17.4434 53.4857 -0.000307337 0.000985618 -0.000149365 11.5404
18.4402 53.4857 0.000827179 -5.71617e-06 0.000964476 9.03161
19.4369 53.4857 -0.000156851 -0.00115671 -0.00035784 12.0422
20.4337 53.4857 2.75502e-05 -0.000895748 0.00013154 10.5369
21.4305 53.4857 0.000203074 -0.00139559 0.00136003 6.02108
22.4272 53.4857 0.00100373 0.000755474 0.000124135 6.52283
23.424 53.4857 0.00106768 0.000342445 -0.00067479 11.0386
24.4208 53.4857 -0.00155624 0.000557169 0.000221897 7.52634
25.4175 53.4857 0.000510057 -0.000257655 0.000912217 10.0351
26.4143 53.4857 -0.00169405 -0.000656801 0.000644596 5.01756
27.4111 53.4857 -0.000319363 -0.000596577 0.000428872 13.5474
28.4078 53.4857 0.00136285 -0.000964967 0.000731324 11.0386
29.4046 53.4857 -0.000651282 0.000421434 0.00122452 6.02108
30.4014 53.4857 0.000117106 -0.000808918 -9.57783e-05 8.52986
31.3981 53.4857 -0.000155072 0.00148996 0.000194026 6.52283
32.3949 53.4857 0.00052508 -0.000300118 0.000863374 11.0386
33.3917 53.4857 0.000229187 -0.00102841 0.000296524 8.0281
34.3884 53.4857 0.00269577 -0.000800034 0.000724613 9.53337
35.3852 53.4857 0.000378321 -0.000347062 -0.00152305 13.0457
36.382 53.4857 0.00127083 0.000907206 5.59112e-07 12.5439
37.3787 53.4857 -0.000134848 -4.30075e-05 -9.40993e-05 9.03161
38.3755 53.4857 0.000265789 -2.251e-05 6.7626e-05 5.01756
39.3723 53.4857 0.000638325 0.000240263 -0.00020282 7.52634
40.369 53.4857 -0.00104885 5.89227e-05 -0.000210624 10.5369
41.3658 53.4857 0.0013557 0.00139789 0.000127889 13.5474
42.3626 53.4857 -0.00105534 -0.000314951 -0.00101501 12.5439
43.3593 53.4857 0.000133583 -0.000271021 0.000412441 11.0386
44.3561 53.4857 0.00042933 -0.000199069 -0.000267132 12.0422
45.3529 53.4857 -0.000401567 0.000372397 -0.000466333 11.5404
46.3496 53.4857 -0.000655593 0.000743958 0.000426699 7.52634
47.3464 53.4857 0.00110997 0.000798497 -0.000180308 6.52283
48.3432 53.4857 -7.84801e-05 0.000287309 0.000566711 8.0281
49.3399 53.4857 -0.000992364 0.000434664 -0.000152133 12.0422
50.3367 53.4857 -0.000566809 8.64223e-05 -0.000347003 13.5474
51.3335 53.4857 0.00118547 -0.000570502 0.000453051 8.0281
52.3302 53.4857 0.000762601 -0.000202401 0.000104896 10.5369
53.327 53.4857 0.00113931 -0.00143517 -0.000168489 7.52634
54.3238 53.4857 0.000636346 0.000668312 0.000226866 7.02459
55.3205 53.4857 0.0021948 -0.000661597 0.000276837 6.52283
56.3173 53.4857 0.000307693 -0.00190571 -0.000442641 9.53337
57.3141 53.4857 -2.8331e-05 3.61866e-06 -0.000309029 14.0492
58.3108 53.4857 -0.000701232 0.000242706 -5.20119e-06 13.5474
59.3076 53.4857 0.000790532 0.000718442 -0.0024917 8.0281
60.3044 53.4857 -0.000343999 -0.000475403 -0.000897467 11.0386
61.3011 53.4857 -0.00020645 0.000640435 0.000319546 8.0281
62.2979 53.4857 -0.000320077 0.000262314 -0.00071687 13.5474
63.2947 53.4857 -0.000363466 -0.000218407 0.00146644 8.52986
64.2914 53.4857 -0.000823854 7.74381e-05 -0.000129149 7.52634
65.2882 53.4857 0.000635869 0.000463623 -0.000444496 10.5369
66.285 53.4857 0.00058367 0.000581916 0.00156137 7.52634
67.2817 53.4857 -0.00166251 6.63044e-05 -9.00013e-05 12.5439
68.2785 53.4857 -0.000325674 0.000347836 0.000134611 8.0281
69.2753 53.4857 9.19101e-05 0.00071539 0.000348981 9.53337
70.272 53.4857 0.00109444 0.000401191 0.000625511 14.0492
71.2688 53.4857 -0.000315935 -0.00169549 0.000912078 9.03161
72.2656 53.4857 0.000218435 5.74128e-05 0.000266502 4.51581
73.2623 53.4857 0.000786607 0.000503858 -0.000733987 11.0386
74.2591 53.4857 0.000309596 -0.00125271 0.000194151 17.0597
75.2559 53.4857 -0.000357563 -9.44878e-05 -0.000467839 7.02459
76.2526 53.4857 0.00062578 -0.000535335 -0.000208038 7.52634
77.2494 53.4857 -0.000805483 0.000233236 0.000108575 14.5509
78.2462 53.4857 0.00238872 2.77923e-05 -0.000459853 8.52986
79.2429 53.4857 -0.00107513 -0.000167654 -0.00125148 9.03161
80.2397 53.4857 0.00131766 0.000391637 -0.000126049 7.52634
81.2365 53.4857 0.000238453 -0.000333806 0.000488217 6.52283
82.2332 53.4857 -0.000129872 0.00142751 0.000869918 11.5404
0.498383 54.4854 0.000910378 -0.000645045 -0.000618007 7.52634
1.49515 54.4854 0.00199574 -9.32033e-05 -0.000262598 10.0351
2.49192 54.4854 -0.00039201 0.000483005 0.000470703 6.52283
3.48868 54.4854 0.000644021 0.000180496 3.51354e-05 17.5615
4.48545 54.4854 -0.00116678 -0.000328033 0.000370855 12.5439
5.48221 54.4854 -0.000644572 -0.000823019 -0.000488014 10.0351
6.47898 54.4854 0.000163352 -0.00060661 -0.000236307 21.5755
7.47575 54.4854 -0.00055999 -0.000811096 -0.000474704 14.0492
8.47251 54.4854 0.000290798 -0.000836649 -0.000258126 9.53337
9.46928 54.4854 0.000859157 0.00102805 -0.000381339 6.02108
10.466 54.4854 -0.00058592 0.00121814 -0.00106335 8.0281
11.4628 54.4854 -0.00106676 0.000594551 -0.000442535 12.0422
12.4596 54.4854 -0.000767164 0.000224035 -0.000310476 21.5755
13.4563 54.4854 -6.34542e-05 0.00013611 6.92333e-07 6.02108
14.4531 54.4854 0.00075429 -1.85489e-05 0.00111503 14.0492
15.4499 54.4854 -0.000188795 -0.000871608 0.000134501 16.558
16.4466 54.4854 -0.000954217 -0.00117032 0.000281408 8.52986
17.4434 54.4854 0.000679149 0.00135143 -0.000202127 6.02108
18.4402 54.4854 0.00110554 -0.000249775 -3.07998e-05 9.03161
19.4369 54.4854 0.000152406 -0.00124755 0.000344231 11.5404
20.4337 54.4854 0.000622683 -0.000563586 0.000458743 19.5685
21.4305 54.4854 0.000304577 0.000225143 -0.000598386 13.0457
22.4272 54.4854 -0.000484484 -0.000382583 5.87919e-05 13.5474
23.424 54.4854 -0.00033124 -0.000702701 0.000373906 21.5755
24.4208 54.4854 0.000438775 0.000342091 0.000171515 9.53337
25.4175 54.4854 0.00122153 -0.000367312 0.000266882 8.0281
26.4143 54.4854 0.00236405 0.000492588 -0.000133943 11.5404
27.4111 54.4854 -0.000590107 0.00204936 0.000503647 4.51581
28.4078 54.4854 -0.000175835 -0.000307247 0.000334345 17.0597
29.4046 54.4854 0.000256008 -0.00110149 0.000474272 19.5685
30.4014 54.4854 0.00066697 6.80572e-05 0.000418085 15.5544
31.3981 54.4854 -0.000263746 -0.000593838 0.000643206 15.0527
32.3949 54.4854 -0.00093665 0.000384342 -7.74884e-05 13.5474
33.3917 54.4854 0.00173679 -0.000605767 -0.00259471 8.0281
34.3884 54.4854 -3.32829e-05 0.000157488 -0.00129884 8.52986
35.3852 54.4854 -8.54457e-05 0.000385489 -0.00165527 6.02108
36.382 54.4854 -0.000333751 1.71822e-05 -0.000887995 17.0597
37.3787 54.4854 -0.000753734 -0.000184565 0.000409736 18.565
38.3755 54.4854 0.000376788 -6.37251e-05 -0.000423368 12.5439
39.3723 54.4854 -0.000106969 -0.000358484 -0.000442085 22.579
40.369 54.4854 5.02633e-05 -0.00106669 0.000142658 11.5404
41.3658 54.4854 0.000844972 0.000964969 -0.000493662 8.0281
42.3626 54.4854 -0.00043148 0.000485805 0.000930078 10.0351
43.3593 54.4854 0.000539172 -0.000565212 -0.000189504 5.01756
44.3561 54.4854 0.000376065 0.000134813 -0.00139546 11.5404
45.3529 54.4854 -0.000882087 0.0001929 0.000576303 19.0667
46.3496 54.4854 -0.000209113 -0.000394302 0.000674267 11.5404
47.3464 54.4854 0.00126059 -0.000896191 0.000289212 12.0422
48.3432 54.4854 0.000307148 0.000950638 0.000661989 19.5685
49.3399 54.4854 -0.00151418 -0.00146916 0.000285664 10.0351
50.3367 54.4854 0.00103182 -0.00095437 0.000390331 7.52634
51.3335 54.4854 -2.70813e-06 0.00110453 0.000752441 8.0281
52.3302 54.4854 -0.00105505 -0.000161062 0.000485611 14.5509
53.327 54.4854 -0.0011569 2.20419e-07 -5.44155e-05 15.5544
54.3238 54.4854 0.00174594 -4.85423e-05 0.000468688 13.5474
55.3205 54.4854 -0.000680146 0.000716581 9.9965e-05 13.0457
56.3173 54.4854 -7.66599e-05 -0.000387133 0.000164157 14.0492
57.3141 54.4854 0.000484616 0.000288613 -0.000756626 12.0422
58.3108 54.4854 0.000597213 0.000854532 -0.000980792 7.02459
59.3076 54.4854 0.000521571 -0.000796878 0.00110723 10.0351
60.3044 54.4854 4.61686e-05 -0.000405868 0.000758698 7.52634
61.3011 54.4854 -0.000208603 -0.000191582 -4.35236e-05 15.0527
62.2979 54.4854 -0.000211851 -0.000339969 -0.000245711 16.558
63.2947 54.4854 -0.000358832 -0.000590044 -0.00182144 10.0351
64.2914 54.4854 -0.000290195 0.000486304 0.000120978 17.5615
65.2882 54.4854 0.00021665 0.000207854 0.000614902 14.0492
66.285 54.4854 -0.000424844 -0.000206118 -0.000616096 11.0386
67.2817 54.4854 0.00136275 0.00033875 -0.000258679 8.52986
68.2785 54.4854 0.00083737 -0.000174777 -0.0012536 6.02108
69.2753 54.4854 -0.000627138 2.24689e-05 -0.000361266 11.0386
70.272 54.4854 0.00192455 -0.000289239 0.000491042 18.565
71.2688 54.4854 0.000275091 9.35158e-05 0.000576101 12.5439
72.2656 54.4854 -0.000469451 0.000644168 0.000960685 10.5369
73.2623 54.4854 -0.000575665 -0.000388012 -0.00013018 17.0597
74.2591 54.4854 0.000176427 0.000723085 0.000317761 12.0422
75.2559 54.4854 -0.000749966 -0.00226315 -0.000789801 5.51932
76.2526 54.4854 -0.00182407 0.00155124 -0.000247948 5.51932
77.2494 54.4854 8.67454e-05 -0.000367359 -0.00069732 13.0457
78.2462 54.4854 -0.0012847 -0.00059825 0.00120437 16.558
79.2429 54.4854 2.04689e-05 -0.000144002 -0.000130931 15.5544
80.2397 54.4854 0.000835469 0.000392764 0.000318962 14.0492
81.2365 54.4854 0.000170046 0.000168906 2.32059e-05 17.0597
82.2332 54.4854 -0.00170249 0.000997141 0.000150443 8.0281
0.498383 55.4852 0.00108131 -0.000936529 0.000328651 6.02108
1.49515 55.4852 0.000192725 -0.000425085 -0.000917446 4.51581
2.49192 55.4852 0.000173917 -0.000115046 0.000226272 6.52283
3.48868 55.4852 -0.000339021 0.00114833 -0.000488267 12.5439
4.48545 55.4852 0.000947324 0.000962479 0.000210199 21.0738
5.48221 55.4852 0.00127615 -0.00071134 -0.000370564 9.53337
6.47898 55.4852 -0.0010583 -0.000528248 0.000171726 14.5509
7.47575 55.4852 0.00118882 0.000109414 -0.000244449 15.5544
8.47251 55.4852 -0.000775329 0.000106766 0.0014249 7.52634
9.46928 55.4852 -9.09108e-05 -0.00132206 0.00104556 6.52283
10.466 55.4852 0.000368743 0.000577329 -0.000577859 8.52986
11.4628 55.4852 -0.000877235 -0.000324513 -0.000525519 8.0281
12.4596 55.4852 8.60862e-06 -8.29235e-05 -0.000488783 17.0597
13.4563 55.4852 -0.000196495 0.000606938 -5.17241e-07 11.0386
14.4531 55.4852 3.15849e-05 0.000738008 -0.000132389 15.0527
15.4499 55.4852 6.39394e-05 0.000108194 -0.000407206 21.5755
16.4466 55.4852 0.00142557 0.000529521 -0.0002899 12.0422
17.4434 55.4852 0.00215948 6.62218e-05 -5.00314e-05 5.01756
18.4402 55.4852 0.00176078 9.82696e-05 0.00140678 8.52986
19.4369 55.4852 0.000590168 -4.08165e-05 -9.11108e-05 5.01756
20.4337 55.4852 0.000463226 -0.00050305 -0.000430295 21.5755
21.4305 55.4852 0.000699335 -0.00115452 0.00027282 14.0492
22.4272 55.4852 0.000906342 0.000979747 0.000815742 5.51932
23.424 55.4852 -0.000690749 0.000951316 -2.04316e-05 18.0632
24.4208 55.4852 -0.00116398 -5.57778e-05 -0.000746461 12.5439
25.4175 55.4852 -0.00245628 0.000346633 -0.000954881 8.0281
26.4143 55.4852 -0.00196607 -0.000115973 0.00043162 8.52986
27.4111 55.4852 0.000384199 0.00146794 5.26058e-05 7.02459
28.4078 55.4852 -0.000793398 -0.000536609 0.00195056 10.0351
29.4046 55.4852 0.00022241 5.04843e-05 0.000102459 20.0703
30.4014 55.4852 -0.000289585 0.00103946 0.00029144 8.52986
31.3981 55.4852 -0.000847036 -0.000425999 0.000759681 14.0492
32.3949 55.4852 8.54595e-05 0.000497719 -8.17235e-05 15.5544
33.3917 55.4852 -0.000452401 -5.51817e-05 -0.0023426 7.52634
34.3884 55.4852 0.000664148 -0.00123133 0.000636189 7.02459
35.3852 55.4852 8.23288e-05 -0.000520969 -0.000119278 4.01405
36.382 55.4852 -0.000461627 0.000419123 0.00106404 15.5544
37.3787 55.4852 0.00114707 -0.000215782 -0.000192258 13.5474
38.3755 55.4852 6.42819e-05 -0.000146486 9.69492e-05 9.53337
39.3723 55.4852 0.000864382 -1.73299e-05 -0.00046579 13.0457
40.369 55.4852 0.000870892 0.000382065 -0.000591373 12.5439
41.3658 55.4852 0.00173258 0.00039638 -0.00113457 7.52634
42.3626 55.4852 -0.00132923 9.02169e-05 0.000112182 10.0351
43.3593 55.4852 0.000225271 -0.000445458 -0.000509772 6.52283
44.3561 55.4852 -0.00098668 -0.000615603 -0.000463547 6.52283
45.3529 55.4852 -0.000245945 0.000848624 -0.000564703 21.0738
46.3496 55.4852 0.000182789 -0.000480239 -0.000244408 15.0527
47.3464 55.4852 -0.000117505 0.000511801 0.000374348 7.52634
48.3432 55.4852 -0.000305951 -0.0016339 -0.000364816 18.565
49.3399 55.4852 -0.000142693 0.000281606 0.000569067 13.0457
50.3367 55.4852 0.00311858 -0.000683498 -0.000206085 6.02108
51.3335 55.4852 -0.000211921 -0.000547935 7.6996e-05 8.52986
52.3302 55.4852 -0.000531113 0.000593822 0.000794789 7.52634
53.327 55.4852 -0.000503393 0.000482744 0.000494177 16.0562
54.3238 55.4852 0.000147887 0.000224064 0.00128211 13.5474
55.3205 55.4852 -0.00136643 -0.00109835 -6.0306e-05 11.0386
56.3173 55.4852 -0.000446957 -0.000202452 0.000711776 19.5685
57.3141 55.4852 -0.00146178 0.000203569 0.000345567 14.5509
58.3108 55.4852 -0.000337915 -0.00025638 0.000808975 9.03161
59.3076 55.4852 0.0011238 5.72026e-05 -0.00161263 9.53337
60.3044 55.4852 -0.00145227 -0.000700931 0.00161715 12.0422
61.3011 55.4852 0.000389982 -0.000180492 0.00137647 15.0527
62.2979 55.4852 2.7504e-05 0.00106647 0.000429272 14.5509
63.2947 55.4852 -0.00102691 0.00175168 -0.00022347 7.02459
64.2914 55.4852 0.00123917 0.00106686 -0.000443456 15.5544
65.2882 55.4852 0.00137516 0.00186995 -0.00129507 15.5544
66.285 55.4852 0.000643677 -0.000454146 -0.000525791 9.03161
67.2817 55.4852 -0.000282259 -0.000556298 0.00025937 5.01756
68.2785 55.4852 -0.000696857 0.00152252 7.22794e-05 10.0351
69.2753 55.4852 -0.00118833 -0.000411102 -0.0011294 9.53337
70.272 55.4852 -0.000671032 0.000215709 0.00053498 21.5755
71.2688 55.4852 -0.000752043 0.000276196 0.000832022 11.0386
72.2656 55.4852 0.000589631 -6.05507e-05 0.000302187 12.0422
73.2623 55.4852 3.76209e-06 0.000226266 -0.000705463 16.0562
74.2591 55.4852 0.000548345 0.000120806 -0.00175066 11.0386
75.2559 55.4852 0.000808422 0.00072647 7.27674e-05 12.5439
76.2526 55.4852 0.000777482 -0.00111704 0.000262686 10.0351
77.2494 55.4852 0.000135575 -0.000758669 0.00101268 10.0351
78.2462 55.4852 0.000592684 0.000523249 8.39357e-06 14.0492
79.2429 55.4852 -0.000554046 -0.000661056 -0.00032498 12.5439
80.2397 55.4852 0.000168996 0.00168357 7.02392e-05 10.5369
81.2365 55.4852 -0.00174044 0.00135561 0.000206441 19.5685
82.2332 55.4852 -0.000898976 1.50625e-05 0.000734302 17.0597
0.498383 56.4849 0.000991479 -0.000335589 0.000487416 11.0386
1.49515 56.4849 0.000848383 -0.000399854 -0.000336211 10.0351
2.49192 56.4849 0.00126766 0.00110968 3.59748e-05 11.5404
3.48868 56.4849 -0.000223341 -0.000316565 9.61903e-05 10.0351
4.48545 56.4849 0.00045046 0.000864995 0.000334286 10.0351
5.48221 56.4849 -0.000560878 -0.00027049 0.001247 6.52283
6.47898 56.4849 0.00158471 0.00135467 0.00055498 7.02459
7.47575 56.4849 -0.00137348 -8.17934e-05 -0.000926508 9.03161
8.47251 56.4849 -6.96555e-05 0.000203931 0.00057941 18.565
9.46928 56.4849 0.00148529 0.000268554 -0.000251927 10.0351
10.466 56.4849 -0.000533961 0.000278174 0.000751904 13.0457
11.4628 56.4849 -0.000721285 -0.00029602 -0.000504452 14.0492
12.4596 56.4849 -0.000671711 -0.000584186 0.000814523 7.02459
13.4563 56.4849 0.000316756 0.000701546 -8.48256e-05 9.03161
14.4531 56.4849 -0.000640738 -0.000745591 -0.00103598 6.52283
15.4499 56.4849 0.00118113 -0.000984424 0.000505545 7.52634
16.4466 56.4849 -0.00106426 -0.000397955 -0.000560946 14.0492
17.4434 56.4849 0.000621424 0.000164737 -0.00180407 7.52634
18.4402 56.4849 0.000240537 9.83333e-05 0.000171317 10.5369
19.4369 56.4849 -0.000224653 -0.000509724 1.90357e-05 13.5474
20.4337 56.4849 -0.000895723 -6.23644e-05 -0.000125055 9.03161
21.4305 56.4849 0.000536649 -0.00134955 0.00010812 7.02459
22.4272 56.4849 0.000774191 0.000104077 0.000922521 9.03161
23.424 56.4849 -0.000249617 -0.00106854 0.000805563 7.52634
24.4208 56.4849 5.00413e-05 -1.34552e-05 -0.000482859 16.0562
25.4175 56.4849 -0.000842704 0.000653191 0.00107736 10.0351
26.4143 56.4849 0.00212115 0.00147642 -0.00022976 10.5369
27.4111 56.4849 -7.2603e-06 0.000344293 -0.00228789 15.0527
28.4078 56.4849 0.000866147 0.000889854 -0.000977923 13.5474
29.4046 56.4849 0.000254587 0.000270707 0.000777089 7.02459
30.4014 56.4849 0.00246138 -0.00048159 -0.00107905 7.52634
31.3981 56.4849 4.51554e-05 -0.000955598 -5.25699e-05 10.0351
32.3949 56.4849 0.000945658 -0.000321647 -0.000209449 13.0457
33.3917 56.4849 0.00087373 -0.000839616 -0.0008316 9.53337
34.3884 56.4849 -0.00152804 -0.000746183 -0.00025316 10.0351
35.3852 56.4849 -0.000327928 -0.000240438 0.00045301 14.0492
36.382 56.4849 -0.000437262 -0.00221492 0.000693864 8.0281
37.3787 56.4849 0.00163975 0.000119237 0.000598178 9.03161
38.3755 56.4849 0.00134908 -3.36861e-05 0.00109089 11.5404
39.3723 56.4849 4.04559e-05 3.0033e-05 0.00100109 10.5369
40.369 56.4849 0.000897502 -6.85941e-05 0.000533479 10.0351
41.3658 56.4849 -0.00108112 -0.000982833 -0.000874749 12.0422
42.3626 56.4849 -0.00161981 0.000627752 -0.00049223 11.5404
43.3593 56.4849 -0.000511516 -0.000485559 0.00042494 8.0281
44.3561 56.4849 0.00143678 0.00149002 0.000287194 10.5369
45.3529 56.4849 -0.000930518 -0.000398844 -8.81076e-05 9.53337
46.3496 56.4849 0.000872304 0.000942597 -0.00115058 10.0351
47.3464 56.4849 -4.81882e-05 -2.60762e-05 -0.00169804 9.03161
48.3432 56.4849 0.00107684 4.58852e-05 -0.000638593 11.5404
49.3399 56.4849 0.000664978 -0.000184955 -0.000902715 12.0422
50.3367 56.4849 -9.90342e-05 0.000273548 -0.000250748 10.0351
51.3335 56.4849 -3.10397e-05 -0.000230687 0.000807085 10.0351
52.3302 56.4849 -0.000446904 0.00112584 0.000646729 15.5544
53.327 56.4849 0.00117937 0.000998077 2.94921e-05 13.0457
54.3238 56.4849 0.000214677 7.44703e-05 0.00159709 9.53337
55.3205 56.4849 0.000683551 -3.33691e-05 0.000746987 9.03161
56.3173 56.4849 0.00204875 -0.000639887 -0.000471389 9.03161
57.3141 56.4849 -0.000455708 -0.00109588 -0.00031747 11.5404
58.3108 56.4849 0.000138649 0.000233394 -0.000589506 8.52986
59.3076 56.4849 -0.000683527 0.000661063 0.000559649 9.03161
60.3044 56.4849 0.000606673 0.000184281 3.33896e-05 11.0386
61.3011 56.4849 -0.000767782 -0.000129427 0.00139665 8.0281
62.2979 56.4849 0.000256502 -0.000640421 -0.000206924 11.0386
63.2947 56.4849 -0.00023506 0.00015005 0.000149615 10.0351
64.2914 56.4849 -0.000422537 0.00131057 -0.000801406 10.5369
65.2882 56.4849 -0.00082854 -0.000172014 0.000889392 10.0351
66.285 56.4849 -0.00160114 -0.000918869 -0.000730281 15.0527
67.2817 56.4849 1.58566e-05 0.000143147 -0.000667565 9.53337
68.2785 56.4849 0.00042336 -0.00114863 -0.000357682 11.0386
69.2753 56.4849 0.000964405 0.00116908 -0.00037517 14.5509
70.272 56.4849 -0.000950023 3.99753e-06 0.00100034 9.03161
71.2688 56.4849 -0.000588747 -9.12572e-05 0.000815269 12.5439
72.2656 56.4849 -0.00150888 0.00119454 -2.58156e-05 7.52634
73.2623 56.4849 0.00188655 -0.000428163 0.000221472 9.03161
74.2591 56.4849 -0.00130722 0.00039009 -0.000273051 13.5474
75.2559 56.4849 -2.64335e-05 -6.42821e-05 0.00019132 8.0281
76.2526 56.4849 0.000171009 1.85334e-05 0.000425825 12.0422
77.2494 56.4849 -0.000408312 -0.00120399 -0.000337152 15.0527
78.2462 56.4849 -0.0010955 -0.000451512 -0.00100148 9.53337
79.2429 56.4849 2.37457e-05 -0.00024786 -0.000901905 7.52634
80.2397 56.4849 0.00108495 0.000265704 0.00132502 6.52283
81.2365 56.4849 0.00242534 -0.000142152 -0.0001294 8.52986
82.2332 56.4849 0.000422793 0.000143372 0.000827622 13.5474
0.498383 57.4846 -0.000389298 -0.00178629 0.00014895 19.0667
1.49515 57.4846 -0.000394448 -0.000376754 1.57564e-05 10.5369
2.49192 57.4846 -0.000540943 -0.000611286 7.15922e-05 24.0843
3.48868 57.4846 0.000385115 -0.000861364 0.00016459 13.5474
4.48545 57.4846 -0.00104518 -0.000960793 -0.000450731 9.03161
5.48221 57.4846 0.00126532 -0.000723764 -0.000246291 7.02459
6.47898 57.4846 0.000247382 -2.98611e-05 0.000440799 10.0351
7.47575 57.4846 0.00060702 -0.000626644 -0.000301315 14.0492
8.47251 57.4846 -0.000239384 -6.75464e-05 6.52325e-05 23.0808
9.46928 57.4846 0.00113125 -0.000744783 -0.00141098 8.0281
10.466 57.4846 0.000692294 9.10125e-05 0.000224891 11.0386
11.4628 57.4846 -0.000665402 0.000367997 -0.000583156 24.5861
12.4596 57.4846 -0.000152585 0.00149306 0.000698595 7.52634
13.4563 57.4846 0.000656095 0.000469703 -0.00112701 6.02108
14.4531 57.4846 0.000726344 0.00182999 0.000580463 9.03161
15.4499 57.4846 4.61171e-06 -0.000562363 0.00112709 12.0422
16.4466 57.4846 -0.00113452 9.49073e-05 -0.00014048 25.0878
17.4434 57.4846 -0.000367746 0.000786397 0.00065282 12.0422
18.4402 57.4846 -0.0015087 -0.00037462 -0.000754915 15.5544
19.4369 57.4846 0.000232073 -0.00018303 0.000443722 25.0878
20.4337 57.4846 -0.000437184 -0.000784143 9.91619e-05 10.5369
21.4305 57.4846 0.000292972 0.0006627 0.00282332 6.02108
22.4272 57.4846 0.000679247 0.000313781 0.000321401 7.02459
23.424 57.4846 -0.000253107 0.000469727 6.75101e-05 10.5369
24.4208 57.4846 0.000937622 7.28996e-05 -0.000360969 20.572
25.4175 57.4846 -0.000208611 -0.000272869 0.000122439 20.572
26.4143 57.4846 -0.000455945 0.000675578 -0.000256689 7.02459
27.4111 57.4846 -9.31304e-05 -1.74075e-05 0.00017816 24.5861
28.4078 57.4846 0.000460447 0.000233732 0.000727945 14.5509
29.4046 57.4846 0.00015505 -0.00215296 -0.000605896 6.52283
30.4014 57.4846 -0.000751329 0.00128074 -0.00250528 5.51932
31.3981 57.4846 0.000765222 0.000501957 0.000589727 5.01756
32.3949 57.4846 -0.00105809 -0.000105712 0.00088504 17.5615
33.3917 57.4846 0.000405515 -0.00030305 0.000587482 22.0773
34.3884 57.4846 -0.000169778 -0.000923933 0.000716473 7.52634
35.3852 57.4846 0.000734428 -0.000509622 0.000112938 21.0738
36.382 57.4846 -0.00074454 -0.000978693 -0.000279723 17.5615
37.3787 57.4846 0.00182179 -0.00188826 0.000489595 6.52283
38.3755 57.4846 0.000225092 0.000357635 0.000831059 8.0281
39.3723 57.4846 4.0474e-05 0.00142286 0.000369987 5.01756
40.369 57.4846 -0.00092223 0.000235161 0.000478393 13.0457
41.3658 57.4846 -0.000177722 0.000131353 -0.00020671 21.0738
42.3626 57.4846 0.000343698 0.000928476 0.000723074 12.0422
43.3593 57.4846 2.01883e-05 0.000580889 0.000290274 18.0632
44.3561 57.4846 -0.000377273 -0.000842112 0.000618151 18.0632
45.3529 57.4846 -0.000308194 0.000552238 0.00131994 11.0386
46.3496 57.4846 0.000510108 -0.000623288 0.00230764 5.51932
47.3464 57.4846 0.000767734 -0.000782015 0.000540147 7.02459
48.3432 57.4846 -0.000249513 0.000258489 0.00059069 9.03161
49.3399 57.4846 -0.000439671 -0.00024162 -0.00104924 22.579
50.3367 57.4846 -0.000283286 0.000693277 -7.68483e-06 16.558
51.3335 57.4846 -0.000832934 -0.000604859 0.000181796 11.5404
52.3302 57.4846 0.000580056 -8.75492e-06 -0.00120478 18.565
53.327 57.4846 4.29637e-05 0.00106992 -0.000694996 13.5474
54.3238 57.4846 -0.00189157 0.000325603 0.000952105 4.01405
55.3205 57.4846 0.000757284 -0.000358833 -0.0013984 9.53337
56.3173 57.4846 0.000979227 0.0017174 0.000529745 6.52283
57.3141 57.4846 -0.0002429 -0.000304802 -0.000193071 19.0667
58.3108 57.4846 0.000155879 -0.000342397 -0.000378164 18.565
59.3076 57.4846 9.73563e-05 -0.00105133 0.00154682 10.5369
60.3044 57.4846 -0.000228092 0.000250989 -0.000905349 22.579
61.3011 57.4846 0.000905303 -0.000831706 -0.000386794 20.0703
62.2979 57.4846 -0.000182152 0.000331257 0.000739496 11.0386
63.2947 57.4846 -0.000141811 -0.00135167 5.38389e-07 9.03161
64.2914 57.4846 -0.00154641 -0.000793369 0.00171208 6.02108
65.2882 57.4846 0.000768756 -0.000950164 2.29926e-05 15.5544
66.285 57.4846 0.000242818 -0.000245207 -0.000208767 21.5755
67.2817 57.4846 0.00043544 0.000227433 0.000731472 14.5509
68.2785 57.4846 -0.00120865 0.00027326 -0.000353103 15.5544
69.2753 57.4846 2.81378e-06 -0.000172565 -0.000287781 19.0667
70.272 57.4846 0.00240757 -0.000796482 0.00086548 6.52283
71.2688 57.4846 0.00188599 0.000328923 -5.89822e-05 10.0351
72.2656 57.4846 0.000471116 0.000326682 0.000552045 10.0351
73.2623 57.4846 0.000367986 0.000586009 -0.00010808 8.52986
74.2591 57.4846 0.000773558 0.000269683 0.00014375 16.558
75.2559 57.4846 0.00147578 4.75697e-05 -0.000320147 15.0527
76.2526 57.4846 -9.2095e-05 -0.00129241 0.000339109 10.5369
77.2494 57.4846 -0.000555485 0.000148556 0.00053304 24.0843
78.2462 57.4846 0.000288639 0.000305354 -0.000144992 11.5404
79.2429 57.4846 -0.00123001 0.000816468 0.00109136 8.52986
80.2397 57.4846 -8.45517e-05 8.52123e-05 0.000792488 10.0351
81.2365 57.4846 -0.000917363 -0.000346448 -0.000443623 10.0351
82.2332 57.4846 -0.000727495 -0.000254787 0.000682767 16.558
0.498383 58.4844 0.00159505 0.000347546 0.000128835 7.52634
1.49515 58.4844 -0.00023406 0.000708921 0.000235125 10.0351
2.49192 58.4844 -0.000457929 -0.000136523 -0.00120932 9.53337
3.48868 58.4844 -0.000658588 0.00101719 -0.000302219 11.5404
4.48545 58.4844 0.000636707 0.00157115 -0.000532309 6.02108
5.48221 58.4844 0.000240015 0.00084871 0.000435449 11.0386
6.47898 58.4844 -0.000663877 -0.000850986 6.82925e-05 12.5439
7.47575 58.4844 -0.00109668 0.000190234 0.00015849 10.0351
8.47251 58.4844 0.000309786 -0.00153611 0.000604212 8.52986
9.46928 58.4844 0.00217902 -0.000829812 -0.0004775 10.0351
10.466 58.4844 -0.000804723 0.000599606 0.000847214 9.53337
11.4628 58.4844 -0.000474508 0.000347237 -0.000199818 13.5474
12.4596 58.4844 -0.000927698 0.000380299 -0.00062604 11.5404
13.4563 58.4844 0.000918148 0.000348023 0.000491934 6.02108
14.4531 58.4844 0.000262212 0.000295776 -0.00107885 9.53337
15.4499 58.4844 -0.000532309 0.000287551 -0.00111255 13.5474
16.4466 58.4844 0.000708177 0.00042317 0.000845518 9.53337
17.4434 58.4844 -0.000451365 -0.00097843 -0.000134707 10.5369
18.4402 58.4844 0.000160394 0.000557789 -0.00114637 10.5369
19.4369 58.4844 0.000258625 0.000864787 -4.06296e-06 11.5404
20.4337 58.4844 -0.000470582 0.000118313 -0.000313711 11.0386
21.4305 58.4844 0.0011183 -0.000475178 0.000231437 8.52986
22.4272 58.4844 -0.000438092 0.00130365 0.00102078 7.52634
23.424 58.4844 4.36505e-05 0.000681271 0.00121948 10.0351
24.4208 58.4844 -0.000198436 -0.00235126 0.000456461 10.0351
25.4175 58.4844 -0.000297645 -0.00222567 -3.93812e-05 7.52634
26.4143 58.4844 -1.24726e-06 0.000714029 -0.000770044 9.53337
27.4111 58.4844 -0.000773771 -0.000812807 -0.000722184 8.0281
28.4078 58.4844 -0.000855948 -0.000753256 0.000639094 8.0281
29.4046 58.4844 0.000161299 0.000405752 0.000358063 11.5404
30.4014 58.4844 0.000651515 -0.000207953 -0.000974846 5.01756
31.3981 58.4844 -0.00185795 0.00134232 0.00102983 10.0351
32.3949 58.4844 0.00108797 0.00062627 0.00146548 11.5404
33.3917 58.4844 0.000761012 -0.000356885 -0.00126291 13.0457
34.3884 58.4844 3.19482e-05 -0.00138559 0.0012263 10.0351
35.3852 58.4844 0.00119003 0.000277662 -0.000182266 9.53337
36.382 58.4844 -0.00108772 -0.000623924 0.000700805 13.5474
37.3787 58.4844 -0.00135359 -0.000241381 0.000258938 12.5439
38.3755 58.4844 -0.000505346 -0.000792076 0.000240977 8.0281
39.3723 58.4844 0.000824341 -0.00141667 -0.000973131 9.53337
40.369 58.4844 -0.000684711 0.000834205 0.000257108 11.5404
41.3658 58.4844 0.000208813 -6.82855e-05 -0.000879117 11.5404
42.3626 58.4844 -0.00183985 0.000214339 -0.000114831 6.52283
43.3593 58.4844 0.00236566 -0.000122113 0.000512942 9.53337
44.3561 58.4844 7.34499e-05 -0.000230044 0.000800794 12.0422
45.3529 58.4844 -0.00022534 -0.000253024 -0.00052376 15.0527
46.3496 58.4844 -0.000597773 0.000314061 -0.00088132 6.52283
47.3464 58.4844 0.00102712 0.00116038 -3.07721e-05 8.52986
48.3432 58.4844 -0.000857117 -0.000159387 -0.000282216 12.5439
49.3399 58.4844 0.000849165 0.000868012 -0.000551315 12.0422
50.3367 58.4844 -6.09302e-05 -0.000235234 0.000660997 11.0386
51.3335 58.4844 0.000339553 -0.00023433 0.000426178 5.01756
52.3302 58.4844 6.04995e-05 -0.000887914 -0.00166279 11.0386
53.327 58.4844 0.000742558 -0.000522181 0.000753067 12.0422
54.3238 58.4844 0.000352805 0.000832419 0.000151989 10.0351
55.3205 58.4844 0.00114533 -0.0010556 0.00104551 7.02459
56.3173 58.4844 -0.000615069 -0.000564286 -0.000664399 11.5404
57.3141 58.4844 0.00100196 0.000240676 0.000322379 9.53337
58.3108 58.4844 0.000797458 -0.000897436 0.000452984 10.5369
59.3076 58.4844 0.00153883 -0.000548284 0.00140816 10.5369
60.3044 58.4844 -0.000588214 0.00101798 0.000455237 6.02108
61.3011 58.4844 0.000669374 -0.00137355 -0.000492092 11.0386
62.2979 58.4844 0.000835808 -0.00156277 0.0019314 7.02459
63.2947 58.4844 0.000123937 0.000164801 1.07898e-06 8.52986
64.2914 58.4844 -0.00026492 0.00128679 0.000243995 9.03161
65.2882 58.4844 -0.000511834 0.000386694 -0.000156179 12.0422
66.285 58.4844 0.00042539 0.000323233 -8.02633e-05 9.53337
67.2817 58.4844 -0.0013898 -0.00153373 -0.000440573 8.52986
68.2785 58.4844 -0.00118105 -0.000930051 -0.000453282 9.03161
69.2753 58.4844 -0.00088801 0.00129754 0.000120203 16.0562
70.272 58.4844 -0.000690357 0.000674097 -0.000107065 11.0386
71.2688 58.4844 3.54084e-05 -0.000994972 -0.000497688 7.52634
72.2656 58.4844 -6.22543e-05 0.00239938 0.000743377 7.52634
73.2623 58.4844 -0.000336187 0.000598236 -0.000555518 15.0527
74.2591 58.4844 -0.000331099 0.000154429 -0.000952951 13.5474
75.2559 58.4844 0.00161152 0.000792075 0.000407912 11.0386
76.2526 58.4844 0.00157097 0.00127468 -0.000205847 6.02108
77.2494 58.4844 -0.00174868 -0.000335669 -0.00104139 5.51932
78.2462 58.4844 0.000168445 -0.000188143 -0.000554173 11.0386
79.2429 58.4844 -0.00177893 -0.000618474 0.000720982 8.0281
80.2397 58.4844 -0.00168986 0.000625033 0.00060611 12.0422
81.2365 58.4844 0.000855004 0.000555873 0.000104358 9.03161
82.2332 58.4844 0.00047114 -0.000110337 0.000582471 9.53337
0.498383 59.4841 0.000773335 0.000316443 0.000385266 8.0281
1.49515 59.4841 0.000219482 -0.000694443 0.00104543 9.53337
2.49192 59.4841 6.11404e-05 -0.00138956 -0.0010119 10.0351
3.48868 59.4841 -0.000467951 -0.000840318 -0.00030136 13.5474
4.48545 59.4841 -0.00159835 -3.23476e-06 0.000253771 18.565
5.48221 59.4841 0.000605084 -0.00173673 -0.00121183 12.0422
6.47898 59.4841 0.00128433 0.000119999 0.000877164 16.558
7.47575 59.4841 -0.000530938 3.91058e-05 -0.000379246 19.0667
8.47251 59.4841 -0.00141172 -0.000967938 0.0007722 5.51932
9.46928 59.4841 -0.00137826 0.000600761 0.000288682 6.52283
10.466 59.4841 0.000825335 0.000177044 0.000366755 8.0281
11.4628 59.4841 -0.00124514 0.000141269 0.000117454 12.0422
12.4596 59.4841 0.000386514 -0.000415799 0.00020003 20.0703
13.4563 59.4841 -0.000389208 -0.00116464 0.000281895 11.0386
14.4531 59.4841 -0.000111857 0.000644332 0.000446841 10.5369
15.4499 59.4841 0.00137073 0.00045803 6.41964e-05 23.0808
16.4466 59.4841 0.00134869 -0.000292206 0.00080829 7.52634
17.4434 59.4841 -0.000438473 0.000558008 0.00118197 7.52634
18.4402 59.4841 -0.000811277 -0.00123719 -0.000715673 8.0281
19.4369 59.4841 -0.000288517 0.00130899 -0.000273686 3.51229
20.4337 59.4841 0.000197129 0.000454769 -0.000231756 22.579
21.4305 59.4841 0.000234524 -0.000848447 9.58978e-06 13.5474
22.4272 59.4841 2.4463e-05 -0.000720785 1.69773e-05 13.0457
23.424 59.4841 0.00025853 -0.000528598 0.000109387 24.0843
24.4208 59.4841 -0.00052704 -0.000546818 -0.00134335 12.5439
25.4175 59.4841 0.000598638 3.29455e-05 0.00139275 5.51932
26.4143 59.4841 0.00174162 0.000809637 -5.56844e-05 8.52986
27.4111 59.4841 0.000932798 -0.000224063 0.00014818 8.0281
28.4078 59.4841 -0.00135664 0.000161575 5.70838e-05 16.558
29.4046 59.4841 -0.000568089 0.000326267 -0.000122842 22.0773
30.4014 59.4841 -7.10599e-05 -0.000240081 -0.000616075 10.0351
31.3981 59.4841 -1.92597e-05 0.000162587 0.000288788 18.565
32.3949 59.4841 0.000280683 -0.000670395 0.000351838 14.0492
33.3917 59.4841 -0.000584474 0.000474023 0.00127175 5.01756
34.3884 59.4841 -0.000452843 -0.00142405 8.88888e-05 8.0281
35.3852 59.4841 0.0012813 -9.20522e-05 -0.00103903 8.0281
36.382 59.4841 -0.00111544 5.42852e-06 -6.16089e-05 10.5369
37.3787 59.4841 -0.000407752 7.37749e-05 0.000338483 15.5544
38.3755 59.4841 3.54545e-05 -3.45259e-05 -4.89039e-05 11.0386
39.3723 59.4841 0.000129579 -0.000268372 -4.75016e-05 22.0773
40.369 59.4841 -0.000695808 0.000135795 -0.000159996 14.5509
41.3658 59.4841 -0.0011852 0.000173376 0.000144548 7.02459
42.3626 59.4841 0.000972005 0.000393682 0.000195698 9.03161
43.3593 59.4841 -0.00010222 -0.0011328 0.000968441 8.52986
44.3561 59.4841 -0.000124125 -0.000123322 -5.15377e-05 12.5439
45.3529 59.4841 0.000507441 0.000565668 0.000153165 21.0738
46.3496 59.4841 0.000940856 -0.00013307 0.000229791 16.558
47.3464 59.4841 -0.000612085 -0.000385973 -0.000265856 13.5474
48.3432 59.4841 -0.000326968 0.00105953 0.000242601 19.5685
49.3399 59.4841 -7.61772e-05 -0.000429177 6.98963e-05 8.0281
50.3367 59.4841 -0.00121661 -0.000983356 -0.000393918 6.52283
51.3335 59.4841 -0.000559162 -0.000327238 0.000737911 9.53337
52.3302 59.4841 -0.0012255 -0.000731677 0.000937315 12.5439
53.327 59.4841 0.000139552 0.000694594 0.000803405 16.0562
54.3238 59.4841 -5.38006e-05 0.000233709 -0.000491955 18.565
55.3205 59.4841 -0.00103094 -5.85317e-06 0.000690631 9.03161
56.3173 59.4841 0.000375451 -0.00144008 0.000274475 19.5685
57.3141 59.4841 0.000157778 0.000346982 0.000374425 11.5404
58.3108 59.4841 -6.9155e-06 -0.000197905 0.00219346 8.0281
59.3076 59.4841 0.00055888 -0.000559435 -0.000371071 11.0386
60.3044 59.4841 -0.000909738 7.14225e-05 0.00131459 7.52634
61.3011 59.4841 0.00141046 -0.000268419 -0.000826661 14.5509
62.2979 59.4841 0.000449845 2.81014e-05 -0.000894365 17.5615
63.2947 59.4841 -0.000656484 6.75848e-05 0.000390371 9.03161
64.2914 59.4841 0.000109499 7.4001e-06 -4.90056e-05 15.5544
65.2882 59.4841 -0.000406871 0.000338004 0.000100061 20.0703
66.285 59.4841 -0.000405263 -0.000556272 0.000258217 7.02459
67.2817 59.4841 0.000975286 -0.00199494 -0.000525507 7.52634
68.2785 59.4841 -0.000190826 -0.000781939 -0.000809943 7.02459
69.2753 59.4841 -0.00121153 0.000666309 0.00131212 10.0351
70.272 59.4841 9.5319e-05 -0.000169234 0.000799807 21.0738
71.2688 59.4841 7.87202e-05 -0.000432758 -0.000919225 12.0422
72.2656 59.4841 -0.00139101 -0.000548315 -0.000925442 11.0386
73.2623 59.4841 -6.38888e-05 0.000734954 0.00065158 17.5615
74.2591 59.4841 -0.000684796 -0.000139439 0.00104636 12.0422
75.2559 59.4841 -0.000645878 -0.000516022 -0.000267444 7.02459
76.2526 59.4841 0.00195811 0.000596233 0.00107554 9.03161
77.2494 59.4841 -0.00105696 -2.24842e-05 0.000667561 10.5369
78.2462 59.4841 0.000395174 -0.000180936 0.000498007 22.579
79.2429 59.4841 0.000919402 -0.000537084 -0.00055856 16.558
80.2397 59.4841 3.91407e-05 -0.000612769 0.000339717 10.5369
81.2365 59.4841 -0.000582367 -0.000273845 -5.01579e-05 25.0878
82.2332 59.4841 0.000390834 0.000867942 0.000373655 14.0492
0.498383 60.4838 0.000515576 0.00061336 -0.001058 12.5439
1.49515 60.4838 -0.00137915 -0.000694266 -0.000258861 8.0281
2.49192 60.4838 0.000976471 -9.9071e-05 -0.000481039 6.02108
3.48868 60.4838 -0.000347057 0.000105907 -0.000504484 10.5369
4.48545 60.4838 -0.000590884 0.000412304 0.000698342 13.0457
5.48221 60.4838 0.00230586 -0.000101219 0.00128122 11.5404
6.47898 60.4838 -0.00068302 0.000357948 -0.00068759 12.5439
7.47575 60.4838 -0.000103134 0.000219973 -0.000668609 13.0457
8.47251 60.4838 0.00077579 -0.000186889 0.00130932 7.02459
9.46928 60.4838 -0.00076273 -0.000549406 -0.00158264 6.52283
10.466 60.4838 -0.000860692 0.0012597 8.70563e-05 6.02108
11.4628 60.4838 -0.00197179 5.73447e-05 0.000282972 8.52986
12.4596 60.4838 0.00121962 0.00102994 -0.000374483 16.558
13.4563 60.4838 0.000864628 -0.000726712 0.0010537 12.0422
14.4531 60.4838 -0.000931767 -0.00012688 -0.000156014 15.0527
15.4499 60.4838 0.000181821 3.4463e-05 0.000341394 20.0703
16.4466 60.4838 0.000651482 0.00114121 0.000680303 6.02108
17.4434 60.4838 -0.000366024 -0.000270257 -5.47224e-05 7.52634
18.4402 60.4838 -0.00105302 0.000269839 0.00058443 8.52986
19.4369 60.4838 -0.00310899 0.000508469 -9.47276e-05 6.02108
20.4337 60.4838 0.000596697 0.000293966 0.00105629 18.0632
21.4305 60.4838 0.000987231 -0.000531736 0.000115039 12.0422
22.4272 60.4838 0.000614767 -0.000345673 0.00100812 7.02459
23.424 60.4838 0.000521864 -0.000347925 -0.000395679 19.0667
24.4208 60.4838 -0.000717363 -0.000857056 0.000320307 10.5369
25.4175 60.4838 -0.000145617 0.000890811 0.00124142 7.02459
26.4143 60.4838 0.00286524 0.000374475 0.000627831 6.52283
27.4111 60.4838 0.00110279 0.000297594 0.000526414 10.5369
28.4078 60.4838 0.000678056 -0.000462176 -0.00119554 12.0422
29.4046 60.4838 0.00088249 -0.000681521 -0.000446538 15.0527
30.4014 60.4838 0.00165321 0.00100843 -0.000971577 7.52634
31.3981 60.4838 0.000300705 -0.000830547 -6.91891e-05 20.0703
32.3949 60.4838 0.000700317 -1.48093e-05 8.56504e-05 15.0527
33.3917 60.4838 0.000347339 0.0011066 -1.76072e-05 5.01756
34.3884 60.4838 -0.001696 -0.000860485 -0.000212404 7.52634
35.3852 60.4838 0.000932771 0.000111628 -0.000581903 11.5404
36.382 60.4838 0.000647118 0.00120042 -0.0012357 12.5439
37.3787 60.4838 -0.000138631 -0.00142688 -0.000607128 16.0562
38.3755 60.4838 -0.000159706 -0.00038721 -6.65312e-06 10.5369
39.3723 60.4838 0.00142234 -0.000122095 0.000315605 10.5369
40.369 60.4838 -0.000989876 6.05497e-05 0.000233348 14.5509
41.3658 60.4838 0.00110829 0.000275818 -0.000136697 10.5369
42.3626 60.4838 0.000735845 -0.000744171 0.00135689 6.52283
43.3593 60.4838 -0.00119848 0.000674029 0.00114471 8.0281
44.3561 60.4838 1.85462e-05 -4.14189e-06 -0.00089507 9.53337
45.3529 60.4838 -0.000193777 -0.000243626 0.000760368 8.52986
46.3496 60.4838 -0.000479618 0.000353483 -0.00122231 10.0351
47.3464 60.4838 0.000664561 0.000749862 -0.00051472 12.5439
48.3432 60.4838 -0.000228698 0.00137282 -0.000422665 16.558
49.3399 60.4838 0.000731077 -0.00114922 -5.33016e-05 12.0422
50.3367 60.4838 0.000415251 0.0022238 -0.00127338 6.02108
51.3335 60.4838 -0.000649377 -0.00145301 -0.000287799 8.0281
52.3302 60.4838 0.00048057 -0.000568469 -0.00129212 11.5404
53.327 60.4838 0.000690437 -0.000932292 -0.000447317 15.5544
54.3238 60.4838 0.00214975 -0.000785973 -0.000579466 7.02459
55.3205 60.4838 -0.000581419 4.89167e-06 0.000678994 10.5369
56.3173 60.4838 0.000771884 -0.000153086 -0.0002301 18.565
57.3141 60.4838 -0.00077393 -8.09585e-05 -7.936e-06 12.5439
58.3108 60.4838 6.37662e-05 0.00135076 0.000549019 5.51932
59.3076 60.4838 0.00202384 0.00162208 0.000129422 6.52283
60.3044 60.4838 -0.000639496 -0.00016345 -0.000485269 10.5369
61.3011 60.4838 0.00037881 -0.000965597 -0.00149862 8.52986
62.2979 60.4838 -0.000326457 -0.000495171 -0.000555819 16.0562
63.2947 60.4838 -0.000155173 0.000335092 -0.0006655 10.0351
64.2914 60.4838 9.65789e-05 0.00103078 0.000253113 15.0527
65.2882 60.4838 -0.00021524 0.00119315 0.000634335 9.03161
66.285 60.4838 7.14777e-05 0.0015993 -0.00102 10.0351
67.2817 60.4838 0.00152561 0.00047012 0.000497416 9.03161
68.2785 60.4838 -0.000382369 -0.000188187 -0.00016955 10.0351
69.2753 60.4838 -0.000377168 -8.96881e-05 -0.00079472 11.0386
70.272 60.4838 -0.000104918 0.000527956 -1.77059e-06 14.5509
71.2688 60.4838 0.00034657 0.000820234 -0.000840034 11.0386
72.2656 60.4838 -0.000528102 0.000648563 -0.000800218 12.5439
73.2623 60.4838 -0.00151945 -9.33222e-05 -2.38806e-05 16.0562
74.2591 60.4838 0.000946526 0.000318164 -0.000904594 9.53337
75.2559 60.4838 -0.000103146 -0.00107561 -0.000179624 9.03161
76.2526 60.4838 0.0010348 -0.000717136 0.0014276 8.0281
77.2494 60.4838 -0.00047816 0.00053672 0.000553879 12.0422
78.2462 60.4838 -0.000782958 0.000486212 -0.00140876 14.0492
79.2429 60.4838 8.009e-05 -0.000734951 0.000413091 12.5439
80.2397 60.4838 0.00216883 -0.000191189 0.00113585 7.02459
81.2365 60.4838 -0.00012478 -5.31745e-05 8.08687e-05 12.0422
82.2332 60.4838 0.00107592 -0.00039148 6.439e-05 13.5474
0.498383 61.4836 0.000649833 -0.00123055 -5.05842e-05 16.0562
1.49515 61.4836 -0.000979811 0.00023368 -0.000147701 10.0351
2.49192 61.4836 -0.000386465 0.000409537 -0.000350005 12.5439
3.48868 61.4836 -0.000358465 -0.000248532 0.000405956 17.5615
4.48545 61.4836 0.000497044 -0.00123399 0.000480135 10.0351
5.48221 61.4836 -0.00118902 0.000681131 0.00049179 6.52283
6.47898 61.4836 -8.35451e-05 7.13802e-05 -0.000746449 8.0281
7.47575 61.4836 0.00059014 -0.000555634 1.41102e-05 10.0351
8.47251 61.4836 -0.000954837 -0.000728869 -0.000268598 15.5544
9.46928 61.4836 0.0022852 -0.00108083 -0.00085092 13.0457
10.466 61.4836 0.000518063 -0.000400883 -0.000747234 16.0562
11.4628 61.4836 -6.92541e-05 0.000326786 0.000317926 15.0527
12.4596 61.4836 0.00113723 0.00109241 0.000960725 6.02108
13.4563 61.4836 0.00166091 -0.000404608 0.000328038 5.01756
14.4531 61.4836 0.00105018 -0.00158688 0.00120079 8.52986
15.4499 61.4836 0.000704506 -0.00184756 -0.00021323 7.02459
16.4466 61.4836 0.000623416 -0.000771017 -0.000383416 16.0562
17.4434 61.4836 0.000909863 -0.000925007 0.000469243 8.0281
18.4402 61.4836 3.00461e-05 0.000153209 0.000628902 15.0527
19.4369 61.4836 0.00149387 -0.000541655 -0.00116364 17.0597
20.4337 61.4836 0.000453381 -0.00132598 -8.2607e-05 10.5369
21.4305 61.4836 -0.00173625 -0.00066791 -0.0011171 7.52634
22.4272 61.4836 -0.000257404 0.000137829 -0.000801544 8.52986
23.424 61.4836 -0.00139196 -0.000356495 0.000539345 8.52986
24.4208 61.4836 -3.51332e-06 0.00110884 -0.000648389 12.5439
25.4175 61.4836 0.000176961 0.000983701 -0.000114614 11.5404
26.4143 61.4836 -0.00111261 -0.00222373 -0.000523957 9.03161
27.4111 61.4836 -0.000758168 -0.000420812 0.000189228 21.0738
28.4078 61.4836 -4.47542e-05 -0.00165176 -0.000972195 11.5404
29.4046 61.4836 -0.00055731 -0.000904119 0.00131432 7.02459
30.4014 61.4836 0.000733433 0.0002743 0.000140385 5.51932
31.3981 61.4836 0.00154081 0.00106835 0.00183592 7.02459
32.3949 61.4836 -0.000508957 0.0002668 -0.0001088 10.5369
33.3917 61.4836 0.00126851 0.0004388 -0.000654467 16.558
34.3884 61.4836 -0.00131229 -0.000930932 -0.000372665 11.0386
35.3852 61.4836 -0.000109463 0.000511971 -0.000168302 14.5509
36.382 61.4836 0.00121591 0.000570926 -0.000808214 15.0527
37.3787 61.4836 0.000500614 -0.0025361 0.00118642 7.02459
38.3755 61.4836 0.000196571 -0.000816518 0.000510172 10.0351
39.3723 61.4836 0.00179243 0.000899229 -0.000244327 8.52986
40.369 61.4836 -0.000514115 0.000721105 0.000380188 10.0351
41.3658 61.4836 -0.000329969 0.000513249 0.000458918 18.565
42.3626 61.4836 0.00102385 0.000957252 0.00149658 8.52986
43.3593 61.4836 -0.00093084 5.34167e-05 6.49775e-05 14.0492
44.3561 61.4836 -0.000730105 0.000495763 -0.000253459 18.565
45.3529 61.4836 -3.65499e-05 -0.000270683 -0.00081366 9.53337
46.3496 61.4836 0.000636274 0.000924965 -7.33944e-05 6.52283
47.3464 61.4836 -0.000533542 -5.79507e-05 4.37805e-05 6.52283
48.3432 61.4836 0.00198207 -5.10297e-05 -0.000538194 12.0422
49.3399 61.4836 -0.000971847 -0.000197001 0.000881921 16.558
50.3367 61.4836 0.000685707 -0.00157933 -0.000624855 12.5439
51.3335 61.4836 -0.000437525 0.000258196 -0.00108965 9.03161
52.3302 61.4836 -0.00060174 -0.000601169 4.79599e-05 17.5615
53.327 61.4836 -0.000636273 0.00106674 0.000905519 8.52986
54.3238 61.4836 -0.000458305 -7.77992e-06 0.00120235 6.52283
55.3205 61.4836 0.000298981 0.000200126 -0.000759741 10.0351
56.3173 61.4836 -0.0010593 -0.00242252 0.000274561 6.52283
57.3141 61.4836 -0.000363941 0.000116443 3.61628e-06 14.5509
58.3108 61.4836 -0.000473739 0.00123855 0.000706121 15.0527
59.3076 61.4836 -0.00023001 0.000434715 0.00142892 9.53337
60.3044 61.4836 -0.00116507 0.000921549 0.00112251 14.5509
61.3011 61.4836 0.000339452 2.54408e-05 -0.000285542 14.5509
62.2979 61.4836 -0.0024882 0.000111805 -0.000348628 10.5369
63.2947 61.4836 -0.00137315 0.00150257 -0.00286923 5.51932
64.2914 61.4836 0.000349048 -0.000423865 0.00167899 8.52986
65.2882 61.4836 0.000516793 0.000470085 0.000385781 14.0492
66.285 61.4836 0.000428879 0.00032075 -0.000973814 17.5615
67.2817 61.4836 -0.000374055 0.00128522 0.000382539 7.52634
68.2785 61.4836 0.00127744 0.000597748 0.000675734 13.0457
69.2753 61.4836 0.000662478 0.000163667 -0.000132442 15.0527
70.272 61.4836 -0.00105332 -0.001723 0.000603088 10.5369
71.2688 61.4836 0.00098467 0.000568789 0.000861359 6.52283
72.2656 61.4836 0.00173977 -0.00130437 -6.96336e-05 8.52986
73.2623 61.4836 0.00140096 0.000986881 0.00011294 10.0351
74.2591 61.4836 -0.000719231 0.000755365 0.000557087 13.5474
75.2559 61.4836 0.00125104 -6.78997e-05 -0.000748565 11.5404
76.2526 61.4836 0.000763639 0.00135277 -0.00110543 10.0351
77.2494 61.4836 -0.000773416 -0.000394361 0.000110861 15.0527
78.2462 61.4836 -2.74309e-05 -0.000339671 -5.49376e-05 13.5474
79.2429 61.4836 4.21474e-05 -0.000244654 -0.00101794 7.52634
80.2397 61.4836 0.000492263 0.000393692 0.00045857 8.52986
81.2365 61.4836 -0.00141055 -0.000375036 0.000268755 7.02459
82.2332 61.4836 -0.000658472 -0.000349126 0.000227861 14.0492
0.498383 62.4833 0.000908853 -0.000780183 0.000274995 18.565
1.49515 62.4833 -0.000450279 0.00204642 0.000234222 6.52283
2.49192 62.4833 -0.000401745 0.00117796 0.000379486 21.5755
3.48868 62.4833 -0.000928939 -0.000499295 -0.000582275 16.558
4.48545 62.4833 0.00103795 -0.000717089 0.000208108 7.02459
5.48221 62.4833 -0.000374008 -0.000628228 0.000393509 8.0281
6.47898 62.4833 -0.000720551 0.00129963 -0.000453132 9.53337
7.47575 62.4833 0.000501563 0.000387817 0.000131134 16.0562
8.47251 62.4833 -0.00047242 0.000554367 -0.000262798 23.0808
9.46928 62.4833 0.000573907 -0.00122338 -0.00199066 7.52634
10.466 62.4833 -0.000702333 3.53767e-05 0.00096028 13.5474
11.4628 62.4833 -0.00129211 0.00073757 -0.000606558 23.5825
12.4596 62.4833 -0.00234773 0.00125226 0.000802904 7.02459
13.4563 62.4833 0.00197699 -0.000567368 0.000119061 6.02108
14.4531 62.4833 -0.000815677 -0.000838207 -0.000992163 5.01756
15.4499 62.4833 -0.000965834 -0.000538912 8.07706e-05 13.0457
16.4466 62.4833 -0.000303713 -0.000413125 0.000511263 26.5931
17.4434 62.4833 0.000609904 -3.26526e-05 0.000370944 10.0351
18.4402 62.4833 0.000734851 -0.000299218 -0.000607438 12.5439
19.4369 62.4833 0.000723935 0.000993978 0.000628172 20.572
20.4337 62.4833 5.72806e-05 -0.000421715 0.000205397 8.52986
21.4305 62.4833 0.00161548 0.00200071 -0.00078445 7.02459
22.4272 62.4833 0.00182784 0.000634103 -0.000333085 9.03161
23.424 62.4833 -0.00335294 0.000134581 -0.000207931 10.5369
24.4208 62.4833 -0.000572231 -0.000840486 -0.00111336 21.0738
25.4175 62.4833 0.000746067 0.000579741 -0.000451713 15.5544
26.4143 62.4833 0.000217029 -0.00030654 6.53414e-05 8.0281
27.4111 62.4833 -0.000992454 -0.000147869 0.0010177 18.565
28.4078 62.4833 0.00123517 -0.000165409 5.6569e-05 14.0492
29.4046 62.4833 0.000299191 7.44006e-05 -0.000144058 8.0281
30.4014 62.4833 0.000554076 0.00010554 -0.00123602 7.52634
31.3981 62.4833 0.000933264 0.000797629 0.00113928 13.5474
32.3949 62.4833 -8.52945e-05 0.000691739 6.21227e-05 14.5509
33.3917 62.4833 0.000349 0.000183093 5.66314e-05 22.0773
34.3884 62.4833 0.000474183 -0.000426182 -0.000352493 10.0351
35.3852 62.4833 -0.000231009 0.000283989 -0.000923933 16.558
36.382 62.4833 -0.000479113 -0.00180443 -7.94519e-05 15.0527
37.3787 62.4833 0.00210652 -0.00125516 0.000513824 9.03161
38.3755 62.4833 -0.00192214 -0.000419788 -0.00184321 2.50878
39.3723 62.4833 0.000417139 -0.000532927 0.000215184 7.52634
40.369 62.4833 -2.90404e-05 -0.00116754 0.000182357 12.5439
41.3658 62.4833 5.97461e-05 -0.00017257 2.7729e-05 19.5685
42.3626 62.4833 6.04604e-05 -0.00035265 -2.20144e-05 12.5439
43.3593 62.4833 0.000201809 0.000898957 -0.000253854 13.0457
44.3561 62.4833 0.000357072 -0.00079293 0.000896649 17.0597
45.3529 62.4833 -0.00135267 0.00135304 0.00106674 9.53337
46.3496 62.4833 -0.00197113 -7.34466e-05 -0.000285302 7.52634
47.3464 62.4833 0.00187353 0.000154423 0.00117179 7.02459
48.3432 62.4833 0.0012622 0.000881618 0.00157087 7.52634
49.3399 62.4833 -0.000710432 -7.76842e-05 0.000173269 19.0667
50.3367 62.4833 -0.00139793 0.0005641 0.000106122 17.5615
51.3335 62.4833 0.000854583 -0.000922764 0.000177653 11.0386
52.3302 62.4833 -0.00111641 0.000329337 0.000353636 22.0773
53.327 62.4833 -0.00068855 0.000152148 8.58291e-05 10.0351
54.3238 62.4833 -0.000803626 0.000187062 -0.000490038 7.52634
55.3205 62.4833 -0.000317592 0.00126732 -1.2628e-05 10.5369
56.3173 62.4833 -0.000172822 -0.000748747 -8.28556e-05 10.5369
57.3141 62.4833 -0.000516993 -0.000806463 0.000576673 18.0632
58.3108 62.4833 -0.000536107 0.000407763 0.00045775 18.0632
59.3076 62.4833 -0.000680512 0.000284673 0.00152561 11.5404
60.3044 62.4833 0.000140114 0.000263006 0.000372475 23.0808
61.3011 62.4833 -5.82292e-05 6.2485e-06 -0.000375729 13.0457
62.2979 62.4833 -0.00135997 0.000154344 -0.000913552 10.0351
63.2947 62.4833 0.000338824 0.000382894 -0.000363668 6.02108
64.2914 62.4833 0.00139737 -0.00044668 -0.000168272 6.02108
65.2882 62.4833 -0.00136266 -0.00171256 0.00111437 12.0422
66.285 62.4833 -0.00167544 -0.000218995 -0.000212438 19.5685
67.2817 62.4833 -0.00115253 0.00033488 -0.000572957 12.5439
68.2785 62.4833 -1.06412e-05 -0.000647926 8.21358e-05 15.0527
69.2753 62.4833 -0.000472873 0.000981243 0.000155246 17.5615
70.272 62.4833 -0.000104066 0.000619631 0.000154685 12.0422
71.2688 62.4833 0.00035619 -0.00014514 0.000108757 8.0281
72.2656 62.4833 -0.000115213 0.00032116 -0.00121989 9.53337
73.2623 62.4833 -0.000735508 -0.000247693 -0.000144753 10.5369
74.2591 62.4833 -0.000451424 -0.000379271 -0.00117082 16.558
75.2559 62.4833 -0.000909023 -9.67e-05 0.000923859 15.5544
76.2526 62.4833 0.000449582 -0.000380726 -0.00047827 9.53337
77.2494 62.4833 -0.000212261 0.00020152 0.000112958 19.0667
78.2462 62.4833 0.000928566 -0.000793203 0.00039063 13.0457
79.2429 62.4833 0.00053131 -0.000522439 0.000664028 6.52283
80.2397 62.4833 0.0025935 -0.00162855 -0.000205591 5.51932
81.2365 62.4833 0.00104825 -0.000830328 0.00109432 11.0386
82.2332 62.4833 -0.00161853 0.000111244 1.16426e-06 11.0386
0.498383 63.483 -0.000142643 -0.00165381 -0.000553102 9.03161
1.49515 63.483 0.00225678 -7.99779e-05 0.000137466 8.0281
2.49192 63.483 0.000381354 -0.000472844 -0.000671166 11.0386
3.48868 63.483 0.0003363 -0.000809378 0.000584129 8.0281
4.48545 63.483 -0.00112813 0.000132966 -0.00135548 11.0386
5.48221 63.483 0.000948998 0.00074302 0.00041647 8.0281
6.47898 63.483 -0.00128374 0.000603435 0.000616824 12.5439
7.47575 63.483 0.000160046 -0.0011349 0.000226489 11.0386
8.47251 63.483 -0.00215012 0.000614614 0.000426637 6.52283
9.46928 63.483 0.000228379 0.000256872 -0.000234483 7.02459
10.466 63.483 -0.000322841 -0.000481676 0.000493097 7.52634
11.4628 63.483 -0.000329602 0.000118062 0.000410902 10.5369
12.4596 63.483 0.00151283 0.000607917 5.78606e-05 14.0492
13.4563 63.483 -0.00162408 0.000122364 -0.00166324 9.53337
14.4531 63.483 0.00100485 -0.000574816 0.000555734 9.03161
15.4499 63.483 -0.000526591 0.000783537 0.00145356 9.03161
16.4466 63.483 -6.33918e-05 -0.000115692 0.000966999 9.03161
17.4434 63.483 0.000610283 -0.000982729 -1.54628e-05 9.53337
18.4402 63.483 -0.000801001 -0.000955655 0.000474083 10.5369
19.4369 63.483 -0.000269354 -0.000145739 -6.03509e-05 8.0281
20.4337 63.483 0.00032266 -0.000289141 0.000180741 15.0527
21.4305 63.483 -0.000592401 0.000117775 0.000267166 10.5369
22.4272 63.483 0.000636962 0.000639778 -0.000778135 4.01405
23.424 63.483 -0.00116261 0.000286225 -0.00100354 11.5404
24.4208 63.483 0.00135264 0.00141995 -0.000112514 15.5544
25.4175 63.483 -0.00195133 0.000695233 0.00131712 6.02108
26.4143 63.483 -0.000400262 0.000952407 0.000164493 9.03161
27.4111 63.483 0.000379795 -0.000244839 -8.86684e-05 10.5369
28.4078 63.483 -0.00160613 -0.000406675 -0.000133847 10.0351
29.4046 63.483 0.00120856 9.95835e-05 0.000526986 8.52986
30.4014 63.483 -0.00168865 3.30256e-06 -2.92865e-05 8.0281
31.3981 63.483 -0.000868101 -0.000997401 -0.000131213 14.0492
32.3949 63.483 0.00144629 0.00167683 -0.000323324 9.03161
33.3917 63.483 0.00139152 -0.00129854 -0.000797256 8.0281
34.3884 63.483 -0.00083822 0.00057996 -0.00020355 9.03161
35.3852 63.483 0.000317056 0.000368317 0.00135484 8.52986
36.382 63.483 0.00050074 -2.18648e-05 -3.91324e-05 10.5369
37.3787 63.483 0.000237065 -0.000942629 0.000640792 15.0527
38.3755 63.483 -1.03478e-06 0.000446553 0.000455888 9.03161
39.3723 63.483 -0.000810737 0.000353746 -0.000237162 12.0422
40.369 63.483 -0.000584909 0.00117526 -0.00125861 9.53337
41.3658 63.483 -0.00115146 -0.000577813 3.02582e-05 7.52634
42.3626 63.483 -0.000759179 -4.49054e-05 0.00044379 7.02459
43.3593 63.483 -0.000519937 -0.000709701 -0.000957868 6.02108
44.3561 63.483 -3.30629e-06 -0.000681607 -0.000448761 14.0492
45.3529 63.483 0.00118208 -0.000117413 -0.000802163 12.0422
46.3496 63.483 0.00187449 -0.000489112 0.0002265 8.52986
47.3464 63.483 -0.00053819 -0.00170799 0.000618444 9.53337
48.3432 63.483 -0.00141996 -0.00166566 8.66919e-05 9.53337
49.3399 63.483 -0.000637102 -0.00128042 -0.000410378 9.53337
50.3367 63.483 -5.82223e-05 -0.00118657 -0.000817595 7.52634
51.3335 63.483 -0.000848459 0.0002459 0.000343656 6.02108
52.3302 63.483 0.000141114 -0.000728007 -0.000271149 12.5439
53.327 63.483 0.000267791 -0.000768349 0.000771568 9.03161
54.3238 63.483 0.000537249 0.000262071 -0.000697149 11.0386
55.3205 63.483 -0.00124039 -0.000307238 0.000698455 7.02459
56.3173 63.483 0.00162044 -0.000465901 -0.000175949 8.52986
57.3141 63.483 -0.00133062 -0.000347965 -0.000710093 9.53337
58.3108 63.483 0.000799167 -0.000858784 0.000464093 10.5369
59.3076 63.483 -0.000502828 0.000793818 -9.74074e-05 7.52634
60.3044 63.483 -0.000930749 0.000775976 0.000235437 10.5369
61.3011 63.483 -0.000331647 0.00114043 -0.000412138 9.03161
62.2979 63.483 -0.00102065 -0.000299541 -0.000459851 8.52986
63.2947 63.483 -0.000295821 9.32668e-05 -0.000329494 8.52986
64.2914 63.483 -0.00101433 -0.000351778 4.67998e-05 10.0351
65.2882 63.483 0.00108923 -0.000729938 -0.00132657 10.0351
66.285 63.483 0.00236418 0.000728217 -0.000645819 9.03161
67.2817 63.483 -0.000765046 0.000244654 0.000137435 8.52986
68.2785 63.483 -0.000792933 0.000518708 0.000944804 12.0422
69.2753 63.483 -0.000934096 -0.00176271 0.00014435 10.5369
70.272 63.483 -0.000614118 0.000436379 0.000844909 10.0351
71.2688 63.483 -0.00189714 -0.00207714 0.000571213 6.02108
72.2656 63.483 -0.000302673 -0.000300894 0.00029611 12.5439
73.2623 63.483 0.00127883 2.63446e-05 0.000165476 12.0422
74.2591 63.483 0.00171561 0.000868166 4.48763e-05 9.53337
75.2559 63.483 0.00191722 -0.000384977 -0.000574687 7.52634
76.2526 63.483 -0.000879107 0.000154492 -0.000364218 7.52634
77.2494 63.483 0.000896547 -0.000489431 8.46274e-05 12.5439
78.2462 63.483 0.00128275 -0.000745022 0.000530478 12.0422
79.2429 63.483 -0.00153296 -0.00155572 -0.000117724 9.03161
80.2397 63.483 0.00185548 0.000267104 -0.00102223 9.03161
81.2365 63.483 -0.000146583 -0.000237421 -0.00103658 12.0422
82.2332 63.483 0.000999713 0.000241598 4.26999e-05 13.5474
0.498383 64.4827 0.000477086 0.000617163 -0.000234748 8.52986
1.49515 64.4827 0.000564043 3.53211e-05 0.000577912 7.52634
2.49192 64.4827 -0.00111638 -2.7282e-05 0.000750275 8.52986
3.48868 64.4827 -3.32786e-05 -0.000203353 0.000761335 13.0457
4.48545 64.4827 -0.000187959 0.000351491 -0.000192635 21.5755
5.48221 64.4827 0.000379257 0.000404437 -0.00059152 12.0422
6.47898 64.4827 -0.000140139 -3.61452e-05 -0.000745573 15.0527
7.47575 64.4827 -0.000587865 -0.0002333 0.00102923 20.0703
8.47251 64.4827 -0.000697436 7.59097e-05 0.000408019 8.0281
9.46928 64.4827 -0.000536569 0.000165513 0.00128238 7.52634
10.466 64.4827 0.000195436 -0.000440392 -0.000621863 10.5369
11.4628 64.4827 -0.000491639 -0.00012437 0.000140563 7.52634
12.4596 64.4827 -0.000306743 -0.000269937 0.000585253 28.0984
13.4563 64.4827 0.00145449 -5.42069e-05 0.00125962 14.5509
14.4531 64.4827 -0.000206107 -1.9768e-05 0.000240658 18.565
15.4499 64.4827 -0.000501716 -0.000284792 0.000537152 23.5825
16.4466 64.4827 0.000745611 0.00043187 0.0013537 11.0386
17.4434 64.4827 4.43242e-05 0.000881804 -0.00100872 9.03161
18.4402 64.4827 0.00106048 -0.00187023 -0.000955205 6.02108
19.4369 64.4827 -0.000679305 0.00132892 0.00190154 8.0281
20.4337 64.4827 -0.000581208 -2.05981e-05 0.000143058 19.5685
21.4305 64.4827 0.000262311 0.000267878 0.000743198 20.0703
22.4272 64.4827 0.00153619 -1.32857e-08 -0.00113858 10.5369
23.424 64.4827 -0.00147156 0.000490598 0.000111608 20.572
24.4208 64.4827 -0.00104686 -0.000610711 -0.000214498 13.5474
25.4175 64.4827 -0.000207979 0.00116209 0.00177722 5.01756
26.4143 64.4827 0.000667221 -2.40071e-05 -0.00121832 8.52986
27.4111 64.4827 -0.00013928 0.00109771 0.000634874 7.02459
28.4078 64.4827 0.00122027 -6.17305e-05 0.000813615 19.5685
29.4046 64.4827 -0.000486811 9.90266e-05 -8.32914e-05 16.0562
30.4014 64.4827 0.000142914 -0.000413376 -0.000751727 11.0386
31.3981 64.4827 0.000933573 -0.000903655 -5.28419e-05 19.0667
32.3949 64.4827 -0.000213231 0.000417437 -0.000453501 15.5544
33.3917 64.4827 -0.00101764 -0.000552713 0.000252667 8.52986
34.3884 64.4827 -0.000858528 0.000849147 0.000135216 9.53337
35.3852 64.4827 -0.00121901 0.000613311 -0.000765371 8.52986
36.382 64.4827 0.00127899 -0.000102788 0.000321007 15.0527
37.3787 64.4827 -0.000326112 0.00031168 0.0012999 18.565
38.3755 64.4827 -0.00130782 4.36942e-06 0.000459697 16.0562
39.3723 64.4827 -0.000264885 -0.000288558 -4.87543e-05 18.565
40.369 64.4827 -0.000339259 5.05865e-05 -0.000806566 17.0597
41.3658 64.4827 -0.000786173 0.00036489 -0.000982913 12.0422
42.3626 64.4827 -0.000676291 0.00182574 -0.00118907 11.0386
43.3593 64.4827 0.00116159 8.7025e-05 4.73848e-05 8.52986
44.3561 64.4827 6.3573e-05 0.000210684 -6.42396e-05 11.0386
45.3529 64.4827 -0.00116643 -0.000107227 -0.000170235 24.5861
46.3496 64.4827 -0.000544936 0.000167141 -0.00061957 12.5439
47.3464 64.4827 0.000537598 0.0013943 0.000370589 16.0562
48.3432 64.4827 -0.00029337 -0.000120749 0.000186798 24.0843
49.3399 64.4827 4.88057e-05 -0.00178591 0.00102376 12.0422
50.3367 64.4827 -0.000868247 -0.000636708 0.00075865 7.52634
51.3335 64.4827 -4.58662e-05 0.000711916 -0.000522551 10.5369
52.3302 64.4827 -0.000263497 0.000697987 -0.000453156 9.53337
53.327 64.4827 2.07237e-05 -0.000283712 -0.000414985 19.0667
54.3238 64.4827 -0.00030254 5.24564e-05 -0.000175649 23.5825
55.3205 64.4827 0.00101084 -0.000865782 -0.000796245 10.0351
56.3173 64.4827 -0.000274868 -7.58634e-05 -6.52389e-05 25.0878
57.3141 64.4827 -9.87742e-05 0.00111807 0.000749382 14.5509
58.3108 64.4827 0.000776188 0.000763284 0.00056315 8.0281
59.3076 64.4827 -0.000625825 0.00041736 0.00012019 5.51932
60.3044 64.4827 0.0014843 0.000968344 -0.000702963 7.52634
61.3011 64.4827 -0.00047695 -0.000453253 -0.000432102 14.0492
62.2979 64.4827 0.000619111 -0.000100775 -0.00106375 23.5825
63.2947 64.4827 0.000423621 -0.000116912 -0.000202353 12.0422
64.2914 64.4827 6.68899e-05 0.000168624 -0.000491109 18.0632
65.2882 64.4827 -0.000202043 0.00081537 -0.000141042 17.0597
66.285 64.4827 0.00159374 0.000109218 0.00124916 9.53337
67.2817 64.4827 5.22386e-06 -0.000805681 -0.000689782 11.0386
68.2785 64.4827 0.000530236 0.000346075 -0.000561906 5.51932
69.2753 64.4827 0.000225164 0.00127157 -0.000632147 9.03161
70.272 64.4827 -0.000395803 0.000225582 0.000158923 25.5896
71.2688 64.4827 0.000549351 0.000613632 8.43724e-05 13.0457
72.2656 64.4827 -0.000122861 -0.000513405 0.00101135 10.5369
73.2623 64.4827 0.000288418 4.48935e-05 0.000881344 19.5685
74.2591 64.4827 -0.000328872 -0.000696211 -2.47724e-05 13.5474
75.2559 64.4827 -0.000386884 -0.00101324 -0.000652161 10.0351
76.2526 64.4827 0.00135777 -0.000947396 -0.000887064 9.53337
77.2494 64.4827 0.00120527 0.000346277 -0.000800109 9.03161
78.2462 64.4827 7.43742e-06 -0.000830245 0.000353591 22.579
79.2429 64.4827 -0.000689059 9.31407e-05 0.000566051 13.5474
80.2397 64.4827 0.000509551 8.4725e-05 0.000347399 10.5369
81.2365 64.4827 -0.000802686 -0.000445091 -6.62254e-05 27.0948
82.2332 64.4827 -5.61063e-05 0.000671794 -0.00175809 10.5369
0.498383 65.4825 -0.000832154 0.000708151 0.000386216 11.0386
1.49515 65.4825 -0.0005293 -0.000989618 0.000871738 11.5404
2.49192 65.4825 -0.000156635 -0.000274892 0.000375014 7.52634
3.48868 65.4825 -0.000520308 0.000938996 0.00080325 10.5369
4.48545 65.4825 0.000403973 0.000329784 -0.00103289 16.0562
5.48221 65.4825 0.000776129 -0.000880515 0.00108817 7.02459
6.47898 65.4825 0.000285613 9.2659e-05 -0.0001478 11.5404
7.47575 65.4825 -0.000879272 0.00177301 0.000593986 12.0422
8.47251 65.4825 -0.00018517 -0.00108348 -0.000535869 7.02459
9.46928 65.4825 0.00102435 0.00108357 0.000342805 10.5369
10.466 65.4825 8.07905e-05 -0.000119282 -0.00131507 8.0281
11.4628 65.4825 0.00013025 -0.000960485 -0.000455301 11.0386
12.4596 65.4825 0.000538776 -0.000546855 -0.0003107 8.0281
13.4563 65.4825 -0.000457523 0.000192415 -0.000641858 4.51581
14.4531 65.4825 -2.9359e-05 -0.00055844 -0.000533931 12.0422
15.4499 65.4825 0.000658295 0.000591431 -3.97095e-05 9.03161
16.4466 65.4825 -0.000812677 -0.000654504 9.30924e-05 10.5369
17.4434 65.4825 -0.000637253 0.000270634 -0.000105862 5.51932
18.4402 65.4825 -0.000902642 -0.000711523 -0.000783614 9.53337
19.4369 65.4825 0.0021174 0.000390431 0.000272158 14.5509
20.4337 65.4825 -0.000310207 0.000135224 0.00103668 11.0386
21.4305 65.4825 7.96883e-05 0.000724234 3.46106e-05 8.0281
22.4272 65.4825 -0.000149165 0.000537501 -0.000184079 13.0457
23.424 65.4825 0.000721519 0.00063549 0.000262208 9.53337
24.4208 65.4825 0.000627396 -0.000641338 -0.000619679 13.5474
25.4175 65.4825 -0.000235101 -0.000361676 0.00106333 10.5369
26.4143 65.4825 0.00179755 -0.00124956 0.000160713 9.03161
27.4111 65.4825 0.00100714 0.00106633 0.00153748 8.52986
28.4078 65.4825 -5.63667e-05 -0.00020882 0.000565737 14.0492
29.4046 65.4825 -0.00016008 1.49148e-05 7.24808e-05 16.558
30.4014 65.4825 -0.00193925 -0.0012737 -0.000298704 6.52283
31.3981 65.4825 0.00105777 -0.00081888 -0.000585716 8.0281
32.3949 65.4825 -0.00166977 -0.000726209 -0.000304777 10.5369
33.3917 65.4825 0.000569645 0.000391334 0.000607365 9.53337
34.3884 65.4825 -0.00119182 -0.00114877 -0.000706253 3.51229
35.3852 65.4825 -0.00150314 1.94537e-05 0.00132737 11.0386
36.382 65.4825 -0.000985222 -0.00153645 -0.00132216 8.52986
37.3787 65.4825 0.000231659 0.00022328 0.000617094 14.0492
38.3755 65.4825 -0.000110067 3.09747e-05 0.000842685 6.02108
39.3723 65.4825 -0.0014503 2.93478e-05 0.00101828 11.0386
40.369 65.4825 -0.000467724 0.000339719 -0.000558862 10.0351
41.3658 65.4825 8.59412e-06 0.000555379 0.000728265 8.52986
42.3626 65.4825 0.00035793 -2.56635e-05 -0.000288884 7.52634
43.3593 65.4825 0.000770912 0.0010835 0.000607236 6.02108
44.3561 65.4825 -0.000415812 0.000445528 0.000224485 11.0386
45.3529 65.4825 0.000508208 -0.000271742 0.000695606 12.0422
46.3496 65.4825 0.000175957 0.00131637 0.000870588 8.52986
47.3464 65.4825 -0.000178824 0.000746511 0.000988095 11.0386
48.3432 65.4825 -0.000169201 0.00109646 0.00080409 12.0422
49.3399 65.4825 0.000261386 -8.25933e-05 0.000720271 13.5474
50.3367 65.4825 -0.00111697 -0.000640497 0.000358516 6.52283
51.3335 65.4825 0.0015033 -0.000778381 -0.000248998 7.02459
52.3302 65.4825 0.000357621 -0.00143953 -0.000971874 7.02459
53.327 65.4825 -0.00108691 -0.00115651 -1.77854e-05 9.03161
54.3238 65.4825 0.000775095 -0.00113377 0.000366799 8.52986
55.3205 65.4825 0.000774621 0.000232395 -0.0012572 6.02108
56.3173 65.4825 0.000285103 -0.000990022 0.000520222 12.0422
57.3141 65.4825 -0.000743565 -1.62535e-05 0.00127801 8.52986
58.3108 65.4825 0.000236137 -0.000372892 0.000444644 10.0351
59.3076 65.4825 2.56392e-05 -0.00157614 -0.000491618 7.02459
60.3044 65.4825 -0.000916002 0.000966981 0.000370586 8.0281
61.3011 65.4825 0.000292687 -0.000781963 0.000794725 18.0632
62.2979 65.4825 0.000233343 0.000471905 0.00140746 7.52634
63.2947 65.4825 5.91188e-05 -0.000713361 0.000866664 13.0457
64.2914 65.4825 0.000806085 -0.000777831 0.0001893 12.0422
65.2882 65.4825 -0.000138064 0.00160264 0.000733229 11.0386
66.285 65.4825 -0.00183689 -0.000942281 -0.00038978 10.5369
67.2817 65.4825 0.000899664 -0.000793252 0.00130841 7.02459
68.2785 65.4825 0.000299612 0.00118933 0.000238005 10.5369
69.2753 65.4825 0.00130649 -0.000783828 0.00122639 9.03161
70.272 65.4825 0.000940325 -0.000517607 0.000701934 13.5474
71.2688 65.4825 -0.000980283 0.000695312 0.000705498 7.52634
72.2656 65.4825 0.000286301 -0.000162196 0.00142812 12.0422
73.2623 65.4825 -0.00143024 -6.91922e-05 -9.07439e-06 9.03161
74.2591 65.4825 3.3797e-06 0.000441925 0.00053578 8.0281
75.2559 65.4825 0.00102783 -0.000421534 -0.000682764 6.02108
76.2526 65.4825 0.000128425 7.45289e-05 -0.000122474 8.0281
77.2494 65.4825 0.000303429 -0.000649613 0.000789602 11.0386
78.2462 65.4825 0.00107095 0.000251888 0.000296674 14.5509
79.2429 65.4825 -0.000412947 -0.000315481 -0.000232122 7.02459
80.2397 65.4825 -0.000448507 -0.00063367 -0.000865198 9.03161
81.2365 65.4825 -0.000624557 0.000114138 -0.000637279 13.0457
82.2332 65.4825 0.000379551 0.00100366 -0.000565421 8.52986
0.498383 66.4822 -0.000292736 -0.000645059 -0.000320148 17.0597
1.49515 66.4822 0.00161425 -0.000260523 0.000274929 10.5369
2.49192 66.4822 -0.00080716 -0.000436993 0.000706093 19.0667
3.48868 66.4822 -0.000640956 0.00151236 0.000166294 14.5509
4.48545 66.4822 0.000485201 0.000891112 -0.000341116 6.52283
5.48221 66.4822 0.000235232 -0.00107719 -0.000855447 7.52634
6.47898 66.4822 0.000801016 0.00133361 -0.000582081 11.5404
7.47575 66.4822 2.60775e-05 0.000581621 4.70421e-05 16.558
8.47251 66.4822 1.75745e-06 0.000401797 0.000402178 17.0597
9.46928 66.4822 -0.00026669 0.000219236 0.00135274 11.0386
10.466 66.4822 -0.00133169 0.000825018 0.000937232 16.558
11.4628 66.4822 -0.000295148 -0.000135444 -0.000161375 20.572
12.4596 66.4822 0.000499803 -0.00217281 -0.000303238 9.03161
13.4563 66.4822 -0.000444752 0.000920362 -0.000777043 6.02108
14.4531 66.4822 -0.00130499 -0.000678338 0.000177043 3.51229
15.4499 66.4822 0.00109673 -0.00100853 0.000971161 12.0422
16.4466 66.4822 0.00057125 0.000107431 -0.000792857 20.0703
17.4434 66.4822 -0.000636487 0.0008282 0.0005833 15.5544
18.4402 66.4822 0.000921925 4.06095e-07 0.00110906 10.5369
19.4369 66.4822 8.57822e-05 -0.000821742 -0.000123434 19.0667
20.4337 66.4822 -0.00228375 -0.000304993 -0.000256391 12.0422
21.4305 66.4822 1.80684e-05 0.000882679 0.000300985 7.02459
22.4272 66.4822 0.001079 0.000430209 -0.00094587 7.52634
23.424 66.4822 -0.000784663 0.000297356 0.00104723 4.51581
24.4208 66.4822 0.000677606 -0.000335747 -0.000824557 15.0527
25.4175 66.4822 -0.000290255 -0.000510357 -3.03464e-05 16.0562
26.4143 66.4822 -0.00011871 0.000199483 0.000729691 11.0386
27.4111 66.4822 -0.00204885 0.000398993 7.53702e-05 18.0632
28.4078 66.4822 0.000865381 0.000404112 -0.000227487 15.0527
29.4046 66.4822 2.87912e-05 0.000733014 -0.000745593 5.51932
30.4014 66.4822 0.000694936 0.000651159 -0.000275048 10.5369
31.3981 66.4822 0.00132512 0.00187974 -0.000725689 6.52283
32.3949 66.4822 0.00021441 9.82361e-05 -8.03672e-06 15.5544
33.3917 66.4822 0.00111306 0.000383064 -0.000461941 20.0703
34.3884 66.4822 0.000842547 0.000680172 -0.00124019 11.5404
35.3852 66.4822 0.000283201 -0.000794521 -0.00024313 19.5685
36.382 66.4822 -0.000164196 0.000162947 -0.000897115 16.558
37.3787 66.4822 -0.00309795 0.000284902 0.00075824 7.02459
38.3755 66.4822 0.000590582 -0.000939436 -0.000602235 11.5404
39.3723 66.4822 0.000999041 0.000776968 0.00149672 7.02459
40.369 66.4822 0.000816929 0.000386935 0.000332563 13.5474
41.3658 66.4822 0.000297413 0.000380153 9.4823e-05 21.0738
42.3626 66.4822 -0.00113566 0.000319382 0.000702473 12.5439
43.3593 66.4822 0.000419053 0.000669475 -0.00127903 12.5439
44.3561 66.4822 -8.5199e-05 -0.00073486 -6.9548e-05 23.5825
45.3529 66.4822 0.000704035 0.000168393 -0.00112706 10.5369
46.3496 66.4822 -0.000188151 0.000259756 0.00163139 6.52283
47.3464 66.4822 0.000743909 -0.0015471 0.00090639 6.02108
48.3432 66.4822 0.000670169 -0.000396488 0.000716338 8.52986
49.3399 66.4822 -0.000824109 0.000763678 -0.000233282 16.0562
50.3367 66.4822 0.000115501 -0.000208865 -0.000230408 16.558
51.3335 66.4822 -0.00103645 -1.56269e-05 0.000345349 15.0527
52.3302 66.4822 0.000262768 0.000705238 0.000435769 21.5755
53.327 66.4822 -0.000180014 -0.000287551 -0.000296586 16.558
54.3238 66.4822 -0.000348731 -0.00121019 0.00133316 7.02459
55.3205 66.4822 -0.000906799 -0.001206 -5.92234e-05 8.0281
56.3173 66.4822 -0.000765936 0.000451044 0.000158313 9.03161
57.3141 66.4822 -0.000341535 -0.000273056 0.000553391 17.0597
58.3108 66.4822 -0.000598824 -0.000160226 -0.000346116 18.565
59.3076 66.4822 -0.00111932 9.33939e-05 0.000878792 13.0457
60.3044 66.4822 -0.000142048 -0.00133167 -7.42164e-05 16.0562
61.3011 66.4822 0.000492823 0.000199349 -0.000780984 13.5474
62.2979 66.4822 -0.000498065 -0.00149129 -0.00147903 7.52634
63.2947 66.4822 -0.000249869 -0.00100722 0.000293175 5.51932
64.2914 66.4822 0.000254326 0.000253595 -0.000479264 8.0281
65.2882 66.4822 0.00130466 0.000890975 0.000609085 10.0351
66.285 66.4822 3.7768e-05 -0.000222625 -0.000571827 20.0703
67.2817 66.4822 -0.0004308 0.000126552 -0.000380446 10.5369
68.2785 66.4822 -0.000938428 0.000631483 0.00108245 14.0492
69.2753 66.4822 0.000379278 1.05653e-05 0.000250003 17.0597
70.272 66.4822 5.74852e-05 -0.000925095 0.000366817 13.5474
71.2688 66.4822 0.00121586 0.000837699 0.00156401 9.03161
72.2656 66.4822 0.000928361 4.75482e-05 -0.000176667 9.03161
73.2623 66.4822 -0.00129247 -0.000478007 -0.000889779 7.02459
74.2591 66.4822 -0.000648851 3.36307e-05 -0.000495843 17.5615
75.2559 66.4822 0.00154399 0.000834781 0.000365257 15.5544
76.2526 66.4822 -0.000349306 -0.00126751 5.39751e-06 10.5369
77.2494 66.4822 -0.00189764 0.000565739 -0.000168656 15.5544
78.2462 66.4822 -0.000497557 -0.000852318 -0.000454456 10.5369
79.2429 66.4822 0.00272297 -0.00149567 0.000131307 8.0281
80.2397 66.4822 0.00189159 -0.0017758 -0.000546233 7.52634
81.2365 66.4822 -0.00106304 0.00173078 -0.000106196 8.0281
82.2332 66.4822 0.000312708 0.00115488 -9.83821e-05 14.0492
0.498383 67.4819 0.000210325 0.000113113 -0.000437475 14.5509
1.49515 67.4819 0.000486448 -0.00104861 0.0016112 10.0351
2.49192 67.4819 -0.000125229 -0.00114689 0.000429913 16.0562
3.48868 67.4819 0.000632051 0.000343302 -0.000240307 13.0457
4.48545 67.4819 0.00024639 -2.76668e-05 -0.0012235 8.52986
5.48221 67.4819 0.0011476 0.000167 0.000265683 7.52634
6.47898 67.4819 -0.00109846 -0.00047258 -0.000619948 8.52986
7.47575 67.4819 9.9528e-07 0.000241973 -5.3084e-05 12.5439
8.47251 67.4819 -0.000930197 4.60356e-05 -0.00044636 20.572
9.46928 67.4819 -0.000669477 -0.00103879 -0.00230926 9.03161
10.466 67.4819 0.00111815 -0.000255693 -0.00044105 14.0492
11.4628 67.4819 0.000102913 0.00088507 0.000447404 15.0527
12.4596 67.4819 -0.000863736 0.000341671 -0.000268384 7.02459
13.4563 67.4819 0.00137189 0.000338653 0.00038037 8.52986
14.4531 67.4819 -0.000146826 3.73644e-06 -0.00085279 8.0281
15.4499 67.4819 -0.000966757 0.000806337 -0.000116798 7.52634
16.4466 67.4819 0.000304989 -0.000155126 -6.37185e-05 18.0632
17.4434 67.4819 -0.000300567 -4.87075e-05 0.000509071 13.0457
18.4402 67.4819 7.12451e-05 0.000264528 0.000192076 12.5439
19.4369 67.4819 -0.00116817 0.00040999 -3.12401e-05 14.5509
20.4337 67.4819 0.000694772 0.000258821 -2.34096e-05 10.0351
21.4305 67.4819 0.000317733 0.000851243 3.18377e-05 9.03161
22.4272 67.4819 0.00136685 -0.000358558 -0.000585475 9.53337
23.424 67.4819 -1.04632e-05 0.000303456 -0.000735992 9.53337
24.4208 67.4819 -0.000712038 -0.000513166 -0.000821054 20.572
25.4175 67.4819 -6.78779e-05 0.000273607 0.000140914 12.5439
26.4143 67.4819 -0.000583705 -0.000840999 0.000462931 9.53337
27.4111 67.4819 0.000351438 0.000374385 0.000128969 17.0597
28.4078 67.4819 -0.00105925 -2.43192e-05 -8.6413e-05 9.53337
29.4046 67.4819 -0.00100963 5.37675e-05 0.000889339 6.52283
30.4014 67.4819 0.000383734 -0.000282737 -0.000279438 8.0281
31.3981 67.4819 0.000119823 -0.000136101 0.000330747 8.0281
32.3949 67.4819 -0.000357502 -0.000474081 -0.000717865 12.5439
33.3917 67.4819 0.000751753 -2.42541e-05 9.54682e-05 15.0527
34.3884 67.4819 -0.00136159 -0.000217341 0.000392615 8.52986
35.3852 67.4819 0.00139086 -0.00220258 4.10925e-05 12.0422
36.382 67.4819 -0.000457773 0.000695798 0.000855003 11.0386
37.3787 67.4819 0.00123178 -0.000733793 -0.000169171 11.0386
38.3755 67.4819 0.00102278 -0.000216181 -0.000437589 10.5369
39.3723 67.4819 0.000354521 0.000504814 0.00159878 7.52634
40.369 67.4819 -0.00108394 -0.000469618 0.00127843 8.0281
41.3658 67.4819 -0.000459705 0.00130333 -0.000120542 18.565
42.3626 67.4819 -0.00167749 8.70781e-06 -0.000116361 12.5439
43.3593 67.4819 0.000669083 -0.00172563 -1.38459e-05 14.0492
44.3561 67.4819 -0.000704265 -0.000668665 -0.000742614 13.5474
45.3529 67.4819 0.000471215 -0.000191743 0.000508236 11.5404
46.3496 67.4819 -0.0001419 0.00141442 -0.000776268 10.0351
47.3464 67.4819 0.000189206 0.00163571 0.0012943 8.0281
48.3432 67.4819 6.04142e-05 4.5906e-05 0.00068305 9.53337
49.3399 67.4819 -0.000730503 -0.000506266 -0.000271217 14.5509
50.3367 67.4819 -0.0011773 0.00030006 0.000196099 17.0597
51.3335 67.4819 -2.10224e-05 0.000582903 -0.000491758 12.5439
52.3302 67.4819 0.000788354 0.000232925 -0.000263203 14.5509
53.327 67.4819 0.000545534 8.56524e-05 0.000554464 12.0422
54.3238 67.4819 0.000405628 -0.00142785 -0.000614042 6.52283
55.3205 67.4819 0.000151236 -6.1836e-05 0.000265436 8.52986
56.3173 67.4819 -0.00124459 0.000213177 -0.00072197 7.52634
57.3141 67.4819 0.000312692 -0.000379265 0.000979392 13.0457
58.3108 67.4819 0.00176506 -0.000840888 -0.000948348 12.0422
59.3076 67.4819 0.00114857 0.000359905 0.000386101 7.02459
60.3044 67.4819 0.000214509 1.43058e-05 -0.000411378 16.0562
61.3011 67.4819 0.000445848 -0.000393825 0.00027817 14.0492
62.2979 67.4819 -0.00093526 0.000128756 8.01597e-05 9.53337
63.2947 67.4819 -0.00128994 1.01762e-05 0.000692913 8.0281
64.2914 67.4819 0.000828244 -0.000436668 -0.000282494 11.5404
65.2882 67.4819 -0.000285117 -0.000654449 -0.00054321 15.5544
66.285 67.4819 -0.000426865 3.72648e-05 0.000512661 19.0667
67.2817 67.4819 -0.0008385 0.00117426 0.000367174 10.5369
68.2785 67.4819 -0.000591833 -0.000122501 -0.000511529 13.0457
69.2753 67.4819 0.000285547 0.000225401 0.000947985 15.0527
70.272 67.4819 -5.26473e-05 -7.28305e-05 -0.000715618 6.52283
71.2688 67.4819 0.000860683 0.000390709 -0.000496973 9.03161
72.2656 67.4819 -0.0013424 0.000391875 -0.000344609 7.52634
73.2623 67.4819 0.000638792 -0.000515199 -5.64391e-05 9.03161
74.2591 67.4819 -0.00086003 9.03599e-05 -0.000376408 18.0632
75.2559 67.4819 -0.00017799 0.000809894 -0.000367926 14.5509
76.2526 67.4819 -0.000839554 0.000817001 0.00126589 10.0351
77.2494 67.4819 -0.000267659 7.37406e-07 -0.000603574 16.0562
78.2462 67.4819 0.00102455 0.000295785 0.000697434 11.0386
79.2429 67.4819 -0.000942719 -0.000324392 0.00120033 9.53337
80.2397 67.4819 0.00132243 -0.000807221 0.000130804 9.03161
81.2365 67.4819 -7.25019e-05 0.000263656 -0.0012799 9.03161
82.2332 67.4819 0.000415295 0.000259232 0.00071565 12.0422
0.498383 68.4817 0.000907641 -0.000794568 -0.000492011 10.0351
1.49515 68.4817 0.00236389 0.0002672 -0.000395537 7.52634
2.49192 68.4817 -0.000692865 -0.0013399 -0.000579066 6.02108
3.48868 68.4817 -3.1278e-05 0.000221465 0.000527509 16.558
4.48545 68.4817 0.00135121 0.000148075 -0.000849611 13.5474
5.48221 68.4817 0.000677116 -0.000995962 0.00118261 7.02459
6.47898 68.4817 -0.000270881 -0.000408896 -0.000748101 8.52986
7.47575 68.4817 -0.00088679 -0.00105321 0.000737759 8.52986
8.47251 68.4817 0.00209543 -0.000242579 -0.000207035 8.52986
9.46928 68.4817 -0.000268401 0.00119345 0.000606267 7.02459
10.466 68.4817 -0.000163279 0.000290541 4.47903e-05 8.0281
11.4628 68.4817 -1.18726e-05 0.000111044 -0.000540567 16.558
12.4596 68.4817 -0.000162267 0.000205929 -0.000479309 15.5544
13.4563 68.4817 0.00175747 0.00106662 -0.000352416 9.03161
14.4531 68.4817 0.000435833 0.000206871 0.000383935 11.0386
15.4499 68.4817 -0.000983539 0.000164747 0.000175422 13.5474
16.4466 68.4817 0.00102902 -0.000787733 -6.03478e-05 9.53337
17.4434 68.4817 -0.00218716 -0.000415996 -0.000520343 3.51229
18.4402 68.4817 -0.000677357 0.00102999 -0.0012857 5.01756
19.4369 68.4817 9.03298e-05 0.00045509 -0.000771757 12.5439
20.4337 68.4817 -8.4532e-05 -0.000339674 1.82139e-05 11.0386
21.4305 68.4817 0.000239309 -0.00167437 0.000204421 10.0351
22.4272 68.4817 -0.000429183 0.000335864 -0.000672863 11.0386
23.424 68.4817 -0.00106993 -0.000489285 0.000469435 18.0632
24.4208 68.4817 -0.00167448 0.000134608 -0.00133017 11.5404
25.4175 68.4817 -0.000593955 -0.00103037 -0.00186468 5.01756
26.4143 68.4817 -0.0014843 0.00129906 0.00115358 7.02459
27.4111 68.4817 -0.000202864 -0.00162891 0.000546889 11.0386
28.4078 68.4817 -0.000669761 0.00114219 -0.000766546 12.0422
29.4046 68.4817 -0.000672448 0.000531956 -0.000652072 17.0597
30.4014 68.4817 0.00101251 -0.000289674 0.000936452 12.0422
31.3981 68.4817 -9.70128e-05 -0.000391846 0.000305225 16.0562
32.3949 68.4817 0.000834303 -0.000572622 -0.000466798 10.5369
33.3917 68.4817 0.000599066 0.00106364 0.000269615 10.5369
34.3884 68.4817 0.000206782 -4.06981e-05 0.00067658 7.02459
35.3852 68.4817 0.000594183 0.000505576 -0.0011008 10.5369
36.382 68.4817 -0.0015222 0.000385501 4.5052e-05 9.53337
37.3787 68.4817 -0.00108432 0.00044008 -0.00136224 10.5369
38.3755 68.4817 -0.000513093 0.000480306 -8.86556e-05 12.0422
39.3723 68.4817 0.000237304 -4.82123e-05 -0.000249213 9.03161
40.369 68.4817 0.000125491 0.000126398 -0.000197812 15.0527
41.3658 68.4817 -0.00143568 0.000127279 0.00128771 6.52283
42.3626 68.4817 0.000559064 0.000594896 0.00132221 8.0281
43.3593 68.4817 0.000139816 0.00130447 -0.00129434 7.52634
44.3561 68.4817 0.0014994 -0.000599274 0.000421187 8.0281
45.3529 68.4817 0.000480351 0.000148699 0.000152026 14.5509
46.3496 68.4817 -0.00170194 -0.00041499 0.00028529 9.53337
47.3464 68.4817 0.00168097 -0.000531208 -0.000623987 8.52986
48.3432 68.4817 -0.000442209 0.000677636 3.02484e-05 14.5509
49.3399 68.4817 3.64565e-05 9.94992e-05 0.000480339 11.0386
50.3367 68.4817 0.000694263 -0.00182264 0.000185741 6.52283
51.3335 68.4817 0.000313627 -0.000105294 -0.000615552 8.52986
52.3302 68.4817 -0.00129987 -0.000428676 0.00090958 6.02108
53.327 68.4817 -0.000553523 -0.000814658 0.000541177 13.0457
54.3238 68.4817 -0.000158658 -0.000668532 -0.00150763 12.5439
55.3205 68.4817 0.00122693 -0.000130903 0.000274318 12.0422
56.3173 68.4817 0.000386496 -0.000465088 -0.000533724 16.558
57.3141 68.4817 0.00022096 -0.000329315 0.000554417 13.5474
58.3108 68.4817 0.00211493 -0.000975158 -0.000205606 10.0351
59.3076 68.4817 0.000310075 -0.000865576 -2.78167e-06 7.02459
60.3044 68.4817 0.00060825 -3.1481e-05 0.000240955 12.0422
61.3011 68.4817 -0.000116474 -0.000109279 -0.000410244 13.5474
62.2979 68.4817 0.000255724 0.000806128 0.000349786 13.0457
63.2947 68.4817 -0.000743502 -0.00076856 0.000991743 6.02108
64.2914 68.4817 4.35156e-05 -0.000416346 0.000235925 16.558
65.2882 68.4817 -2.01504e-05 0.000252475 0.00100606 8.52986
66.285 68.4817 0.00194852 0.00112241 7.46115e-05 6.02108
67.2817 68.4817 0.000347309 0.000279 0.000474627 7.52634
68.2785 68.4817 -6.9251e-05 -0.0010447 -0.0018481 10.5369
69.2753 68.4817 -0.00040501 0.000271317 -0.000566618 12.5439
70.272 68.4817 0.000289803 -0.000162195 0.000963744 12.0422
71.2688 68.4817 0.00346229 0.000476629 0.000126323 9.53337
72.2656 68.4817 -0.0011416 -0.000352913 -7.10277e-05 9.03161
73.2623 68.4817 3.07903e-05 0.000133876 -0.000770843 14.5509
74.2591 68.4817 0.000375344 0.000610957 0.000845182 9.03161
75.2559 68.4817 -0.000545922 -0.000133678 0.000896182 8.52986
76.2526 68.4817 0.0011413 -0.000425488 -0.0010326 8.52986
77.2494 68.4817 0.000861497 8.46354e-05 -9.34909e-05 10.5369
78.2462 68.4817 0.000271753 -0.000591218 -0.00064537 10.0351
79.2429 68.4817 -0.000876127 -0.000559205 -1.09842e-05 12.5439
80.2397 68.4817 0.000458844 0.000409627 -0.000157771 9.53337
81.2365 68.4817 -0.000523678 -0.000130618 -0.000382855 18.565
82.2332 68.4817 -0.000252363 7.20643e-05 0.00195848 13.0457
0.498383 69.4814 0.000636218 1.96365e-05 0.000109119 6.52283
1.49515 69.4814 -0.00123275 0.00111868 -0.000400953 9.03161
2.49192 69.4814 -0.0018287 -0.000246329 0.00114109 6.52283
3.48868 69.4814 -0.000855572 -0.000984541 0.000210793 15.5544
4.48545 69.4814 -0.00053645 8.08197e-05 -0.000320672 27.0948
5.48221 69.4814 -0.000765082 -0.00162685 -0.000132123 9.03161
6.47898 69.4814 -2.98522e-05 2.71119e-06 0.000941133 19.0667
7.47575 69.4814 -0.000750235 0.00015897 0.000645661 22.579
8.47251 69.4814 0.00132021 -0.00140612 -0.000310482 10.0351
9.46928 69.4814 0.000171432 -0.000379348 -0.00091184 3.01054
10.466 69.4814 0.000912014 0.0026702 0.00198938 4.51581
11.4628 69.4814 -0.000343182 -4.43389e-05 3.3761e-05 11.5404
12.4596 69.4814 0.000117164 -0.000480624 0.000611965 21.0738
13.4563 69.4814 -0.00048858 -0.00045135 0.000432067 15.5544
14.4531 69.4814 -0.000217371 0.000870507 0.000396266 16.0562
15.4499 69.4814 -0.000286558 0.000142352 -0.000643809 21.5755
16.4466 69.4814 0.000115674 0.00017496 -0.000250982 7.52634
17.4434 69.4814 0.000288221 -0.000182336 0.00158167 9.03161
18.4402 69.4814 -0.000794399 -0.000353052 0.000687838 10.0351
19.4369 69.4814 0.00011415 0.00128952 0.000206306 10.5369
20.4337 69.4814 -0.000259777 0.000217616 8.91623e-06 20.0703
21.4305 69.4814 2.81817e-05 -0.000657857 -0.000444507 16.0562
22.4272 69.4814 0.000742867 -0.000492671 0.000642456 11.5404
23.424 69.4814 0.000453479 0.000857409 -1.01226e-05 20.0703
24.4208 69.4814 -0.00126917 -0.000436533 6.17708e-05 10.0351
25.4175 69.4814 0.000397794 -0.000606835 -0.0015454 5.51932
26.4143 69.4814 0.0017962 -0.000272162 0.000698797 10.5369
27.4111 69.4814 -0.00103124 -0.00102004 -0.000389727 6.52283
28.4078 69.4814 0.000141529 -0.00102889 9.78505e-05 16.558
29.4046 69.4814 -0.00015735 -0.000652202 0.000408834 16.558
30.4014 69.4814 -0.000201538 3.68635e-05 -0.000205221 10.5369
31.3981 69.4814 0.000729945 0.000149499 -0.000373334 16.0562
32.3949 69.4814 0.000492712 -0.000281701 -0.000255144 17.0597
33.3917 69.4814 0.00183068 -0.000209177 0.000151485 6.52283
34.3884 69.4814 0.000193538 0.000834082 -0.000478684 10.0351
35.3852 69.4814 0.000898266 -0.00153386 0.000273342 11.0386
36.382 69.4814 -0.000287825 -0.000353223 3.34141e-06 12.0422
37.3787 69.4814 0.000180538 0.000660281 -5.67638e-05 18.565
38.3755 69.4814 3.98878e-05 0.000362668 0.000775234 11.0386
39.3723 69.4814 0.000564232 -4.80961e-05 -0.000721188 22.0773
40.369 69.4814 -0.000306903 -0.00127862 -0.000830153 17.0597
41.3658 69.4814 -0.000575044 3.35689e-05 -0.000511232 8.52986
42.3626 69.4814 -0.00053987 0.000235264 -0.00109016 7.52634
43.3593 69.4814 1.15586e-05 -0.000788163 -0.000744742 6.52283
44.3561 69.4814 0.00120946 0.000133827 0.000264277 10.5369
45.3529 69.4814 -0.000631576 0.000442503 -0.000102097 21.5755
46.3496 69.4814 -0.00131767 9.77687e-05 -0.000439221 12.5439
47.3464 69.4814 0.000776246 -2.212e-05 -0.0012989 13.5474
48.3432 69.4814 5.19441e-05 -7.87916e-06 0.000560272 24.5861
49.3399 69.4814 -0.00254163 -0.000233007 -0.000152593 11.5404
50.3367 69.4814 -0.0018356 -4.91678e-05 -0.000468369 9.03161
51.3335 69.4814 0.00290289 0.000449474 0.000769685 7.02459
52.3302 69.4814 0.00044151 -0.000122125 -0.00110629 6.52283
53.327 69.4814 0.00054848 -0.000494638 0.000416341 16.558
54.3238 69.4814 -0.00059512 -0.000184057 0.000766485 19.5685
55.3205 69.4814 -0.00125547 -0.000342016 0.000305101 8.52986
56.3173 69.4814 0.000787407 -0.000700381 -0.00147673 15.5544
57.3141 69.4814 -0.000408099 0.000796741 0.00201352 14.5509
58.3108 69.4814 4.62826e-05 -0.00138249 -0.000383005 6.52283
59.3076 69.4814 -0.000118404 0.000498506 -0.000106208 6.52283
60.3044 69.4814 0.000913045 -0.000597466 0.000564079 7.52634
61.3011 69.4814 0.000499071 -0.00047054 0.000173901 13.5474
62.2979 69.4814 1.71145e-05 3.83066e-05 -0.000145677 20.572
63.2947 69.4814 0.000926183 -2.9898e-05 0.000741228 11.5404
64.2914 69.4814 -0.000638317 9.61834e-05 0.000646711 19.5685
65.2882 69.4814 -0.00103722 0.00122095 -0.000247724 14.0492
66.285 69.4814 -0.00155853 0.000505906 0.00211836 7.52634
67.2817 69.4814 0.000444088 -0.000425689 0.000438611 9.03161
68.2785 69.4814 0.0010398 0.000464254 -0.0013946 9.03161
69.2753 69.4814 0.000682036 0.000531595 0.00117247 9.03161
70.272 69.4814 -0.00132065 2.68017e-05 0.000168669 25.5896
71.2688 69.4814 0.000993338 -0.000466812 0.000299551 11.0386
72.2656 69.4814 0.000279843 3.83868e-05 0.000456419 14.5509
73.2623 69.4814 -0.000328512 0.000507202 0.000583783 23.5825
74.2591 69.4814 -0.000599098 0.000691729 0.000263256 8.0281
75.2559 69.4814 1.26312e-05 0.000229801 0.00143954 7.52634
76.2526 69.4814 0.00176694 -0.000782352 -0.000729681 5.51932
77.2494 69.4814 -0.000185618 0.0015361 -0.00196732 10.0351
78.2462 69.4814 -0.000140364 -8.16512e-05 -0.000187867 22.0773
79.2429 69.4814 -0.000195271 -0.00101669 -0.000877335 18.0632
80.2397 69.4814 -0.000193853 -0.000623407 -0.000151697 11.5404
81.2365 69.4814 -0.000562573 0.000490608 -0.000704035 16.0562
82.2332 69.4814 0.00054489 0.000447649 -0.00094445 12.0422
0.498383 70.4811 0.000185054 0.000119151 -0.000583137 13.0457
1.49515 70.4811 0.00124327 -9.751e-05 0.00036163 7.02459
2.49192 70.4811 0.000233892 -0.000610418 0.0011428 7.02459
3.48868 70.4811 -0.000945446 -0.000991351 1.85233e-05 10.0351
4.48545 70.4811 -0.000382174 0.000452632 0.000907869 7.52634
5.48221 70.4811 -0.000947762 6.93846e-05 0.000436196 10.5369
6.47898 70.4811 0.000430944 -0.000576705 -2.18638e-05 9.53337
7.47575 70.4811 0.00177901 2.471e-05 0.000580456 10.5369
8.47251 70.4811 -0.000150447 -5.07154e-05 -6.83645e-05 8.0281
9.46928 70.4811 -0.00131603 0.000846415 0.000255543 6.02108
10.466 70.4811 0.00245206 -0.00165175 0.00037059 10.0351
11.4628 70.4811 -0.000278094 -0.000258834 0.00107572 9.53337
12.4596 70.4811 -0.00108618 0.000904626 -0.000258185 10.5369
13.4563 70.4811 -0.000387408 -9.767e-05 -8.28863e-05 5.51932
14.4531 70.4811 7.30198e-05 9.68356e-05 0.00104297 12.5439
15.4499 70.4811 0.000688166 0.000399044 9.51752e-05 12.0422
16.4466 70.4811 0.000395742 1.41599e-05 -0.000236312 9.53337
17.4434 70.4811 -4.59553e-06 0.000780197 -0.000227232 8.52986
18.4402 70.4811 -0.00162576 -9.79296e-05 0.000465272 7.02459
19.4369 70.4811 -7.1761e-05 -0.000943074 -0.000642346 9.53337
20.4337 70.4811 -0.00188092 -0.00107894 -0.000660685 9.53337
21.4305 70.4811 -2.02743e-05 0.000415438 0.000953123 10.5369
22.4272 70.4811 0.000648288 0.000690565 0.00139404 8.52986
23.424 70.4811 0.000274482 -0.000430833 0.000197752 8.52986
24.4208 70.4811 0.000455188 0.000543006 -0.00121423 16.558
25.4175 70.4811 -0.00143521 -0.000625892 0.000122971 7.02459
26.4143 70.4811 0.000225765 0.00169539 0.00114063 7.02459
27.4111 70.4811 0.000440462 0.000106611 0.000715313 11.0386
28.4078 70.4811 -0.00044265 -0.000478964 -0.000310496 11.5404
29.4046 70.4811 -0.000437892 -0.000120084 0.000661221 10.5369
30.4014 70.4811 -0.000907619 -0.000296671 2.21525e-05 10.5369
31.3981 70.4811 0.000792665 -0.00022259 0.0014811 10.0351
32.3949 70.4811 -4.41575e-05 0.000456264 -0.000416628 12.0422
33.3917 70.4811 -0.00121182 0.000147261 0.00147244 10.0351
34.3884 70.4811 0.00038159 0.000337839 6.6701e-05 2.50878
35.3852 70.4811 -0.00144395 0.000111679 -0.000145461 11.5404
36.382 70.4811 0.00124738 -0.00110844 -0.000762231 11.0386
37.3787 70.4811 0.00111877 -0.000286674 -0.000502105 9.03161
38.3755 70.4811 -0.000928678 0.000188648 -6.58958e-05 8.52986
39.3723 70.4811 0.000840724 3.43206e-05 0.00100222 10.5369
40.369 70.4811 -0.000164527 -0.00039165 0.000225405 10.5369
41.3658 70.4811 -0.000940764 0.000489199 7.28548e-05 11.5404
42.3626 70.4811 -0.000187673 0.000736128 0.00210551 11.0386
43.3593 70.4811 0.000138377 0.000814783 0.000387364 12.0422
44.3561 70.4811 -0.000755672 -0.000412296 -4.99975e-05 14.0492
45.3529 70.4811 -0.000462311 0.000287589 -0.000508552 10.0351
46.3496 70.4811 0.000272766 -0.00125229 -0.00104173 11.5404
47.3464 70.4811 -0.000952072 -0.00158155 5.44434e-05 6.52283
48.3432 70.4811 -0.00162075 -2.75002e-05 -0.000104207 9.03161
49.3399 70.4811 -9.57937e-05 -0.000319737 0.00140373 11.5404
50.3367 70.4811 -0.000928679 -0.00212203 0.000802074 7.52634
51.3335 70.4811 0.00101624 -0.000866124 3.63035e-05 11.0386
52.3302 70.4811 -0.00195653 -0.000581527 -0.00046443 7.02459
53.327 70.4811 0.00018202 -0.000289919 0.00110057 11.0386
54.3238 70.4811 -0.000879934 0.000949 0.00139775 8.52986
55.3205 70.4811 0.00149492 -0.000850204 0.00141918 6.02108
56.3173 70.4811 0.000400226 0.000771091 0.000829508 11.0386
57.3141 70.4811 0.00162034 0.000551942 0.000847925 12.0422
58.3108 70.4811 -0.000890559 0.000394192 0.000446175 9.53337
59.3076 70.4811 -0.00108705 0.00204859 0.000834514 8.0281
60.3044 70.4811 -0.000837302 -0.00158069 0.00101502 11.0386
61.3011 70.4811 -0.000131227 -4.42625e-05 -0.000439823 10.5369
62.2979 70.4811 0.00116083 -0.000484867 0.000615017 11.0386
63.2947 70.4811 -0.000186096 0.000498682 -0.000661638 7.52634
64.2914 70.4811 -0.000194222 0.000766637 0.000255467 10.5369
65.2882 70.4811 -0.00124746 0.000647489 -0.00117464 12.5439
66.285 70.4811 -1.7442e-05 -0.00114333 0.000359472 12.5439
67.2817 70.4811 0.000752069 -0.000197851 0.00099851 8.52986
68.2785 70.4811 4.69902e-05 -0.00048688 0.000308031 8.0281
69.2753 70.4811 -0.00109464 0.000380766 0.000104121 10.0351
70.272 70.4811 0.000338243 -0.000646802 0.000534212 14.5509
71.2688 70.4811 0.00201084 -0.000145277 -0.000191166 9.53337
72.2656 70.4811 0.00116095 -0.000988444 0.000981404 8.0281
73.2623 70.4811 0.00126851 -0.000325095 2.18308e-06 14.5509
74.2591 70.4811 0.000604617 0.000440102 0.000996505 9.03161
75.2559 70.4811 0.00111118 -0.000428974 1.20655e-05 8.0281
76.2526 70.4811 -0.000150523 -0.00134164 0.000823441 6.02108
77.2494 70.4811 0.000121479 0.000115134 -0.000736829 14.5509
78.2462 70.4811 -7.39985e-06 -0.000220073 0.000445767 13.5474
79.2429 70.4811 -0.000291251 -0.000112063 0.00185282 7.52634
80.2397 70.4811 -4.70982e-05 0.000212828 -0.000409371 10.0351
81.2365 70.4811 0.000921272 -0.000221393 -0.000332241 10.5369
82.2332 70.4811 -0.00221876 2.2362e-05 1.12405e-05 17.0597
0.498383 71.4809 0.000400147 0.000162651 0.000215157 16.558
1.49515 71.4809 0.00019203 -0.000362462 -0.000238117 13.5474
2.49192 71.4809 -9.20655e-05 0.000466329 4.05132e-05 25.5896
3.48868 71.4809 0.00169336 0.000412543 -0.000453058 17.5615
4.48545 71.4809 -0.000594375 0.000611708 0.00163881 7.02459
5.48221 71.4809 0.00121652 -3.6644e-05 -0.00170828 8.52986
6.47898 71.4809 0.00114912 -2.22654e-05 0.000777025 5.01756
7.47575 71.4809 -0.000531501 0.000294305 -0.000294854 14.5509
8.47251 71.4809 0.00110713 0.000958889 0.000449104 24.5861
9.46928 71.4809 3.19355e-05 -0.00161082 -4.46733e-05 13.5474
10.466 71.4809 -0.000874452 -0.000297404 0.00129252 15.5544
11.4628 71.4809 -0.000514741 0.000758528 0.00066828 19.5685
12.4596 71.4809 0.000394766 -0.000504567 0.00124789 11.0386
13.4563 71.4809 0.00159979 -7.90276e-05 0.000443753 6.02108
14.4531 71.4809 -0.000380635 0.00139825 0.0012221 6.02108
15.4499 71.4809 -0.000271025 6.05497e-05 -0.000537185 8.0281
16.4466 71.4809 0.000514192 -3.67848e-05 -0.000567757 26.0913
17.4434 71.4809 0.000225992 0.000260769 3.97961e-05 14.0492
18.4402 71.4809 0.00017521 0.00101007 -0.000968446 11.5404
19.4369 71.4809 0.000780011 -0.000152532 -9.16373e-05 25.5896
20.4337 71.4809 -0.000300478 -0.00026557 0.000291229 8.52986
21.4305 71.4809 0.000475805 -0.000281911 -0.00026052 6.52283
22.4272 71.4809 0.000881644 7.00458e-05 0.000749038 8.0281
23.424 71.4809 -0.00167429 0.000124408 0.00111527 8.52986
24.4208 71.4809 0.000284212 0.00048554 5.46936e-05 22.0773
25.4175 71.4809 -0.000891883 -0.000703107 -0.000523818 15.5544
26.4143 71.4809 0.00032474 -0.00041311 0.00042616 12.5439
27.4111 71.4809 0.000519366 0.000708679 -0.000499819 22.0773
28.4078 71.4809 -0.000453714 -0.000940249 4.82694e-05 13.0457
29.4046 71.4809 -3.97131e-06 -0.000330385 -0.00120192 8.0281
30.4014 71.4809 0.000386258 0.000674164 -0.000524946 6.02108
31.3981 71.4809 0.000449006 -0.000202122 0.0007775 8.52986
32.3949 71.4809 -0.00117247 0.000200689 -0.000506284 10.5369
33.3917 71.4809 0.00136443 -0.000735412 -8.43981e-06 21.5755
34.3884 71.4809 0.000161854 -0.000509792 -0.000164529 15.0527
35.3852 71.4809 -0.000676168 -0.000204657 -0.000161531 18.565
36.382 71.4809 -5.29524e-05 -0.000414694 0.000119728 19.5685
37.3787 71.4809 0.000665497 -0.000487999 0.000317182 10.5369
38.3755 71.4809 -0.0018433 -0.000629256 -0.000616295 6.02108
39.3723 71.4809 -0.00239917 0.00187695 0.000454018 7.52634
40.369 71.4809 0.00145358 -0.000763149 -0.00113434 9.53337
41.3658 71.4809 7.63769e-05 -0.000141852 -0.000596359 23.0808
42.3626 71.4809 -0.000173026 0.000661274 -0.000529305 12.5439
43.3593 71.4809 -0.000336088 -0.000183138 -0.000743185 13.5474
44.3561 71.4809 -0.000504798 0.00028787 -0.000441338 20.572
45.3529 71.4809 -0.000885164 -1.51458e-05 0.000187702 10.5369
46.3496 71.4809 0.00196208 -0.000995881 0.00252247 3.51229
47.3464 71.4809 0.000309058 0.000161314 0.000372276 12.0422
48.3432 71.4809 0.000763802 0.000258401 2.31015e-05 14.5509
49.3399 71.4809 -0.000687831 -8.10229e-05 0.000779373 15.0527
50.3367 71.4809 3.00468e-05 0.000346886 -6.36842e-05 16.558
51.3335 71.4809 -0.00103961 0.000571228 0.000900443 11.5404
52.3302 71.4809 0.000254665 0.000758515 -0.000695719 24.5861
53.327 71.4809 -0.00153149 -0.000744367 0.000720665 13.5474
54.3238 71.4809 0.000452578 -1.54645e-05 -0.000321554 7.02459
55.3205 71.4809 -0.000664532 0.00120602 0.000200058 8.0281
56.3173 71.4809 -0.000918299 -4.69419e-05 0.000663048 8.0281
57.3141 71.4809 0.00061746 0.000414529 -2.59506e-05 17.0597
58.3108 71.4809 -0.00107501 -0.000134654 -0.000319888 21.5755
59.3076 71.4809 0.000521691 -0.000844555 0.000257571 11.5404
60.3044 71.4809 -0.000135867 -0.000904621 -0.000929894 21.5755
61.3011 71.4809 -0.000717222 -0.000444558 -0.000151877 17.0597
62.2979 71.4809 0.000683976 -3.18417e-07 -0.000632478 6.02108
63.2947 71.4809 0.000803249 -0.000965699 -0.00145951 8.52986
64.2914 71.4809 0.00194301 -0.00138834 0.00136604 6.02108
65.2882 71.4809 0.00161678 0.000331551 2.37735e-05 15.0527
66.285 71.4809 -0.0010551 6.27109e-07 -0.000142468 23.0808
67.2817 71.4809 -0.000266643 0.000480996 -0.000321124 12.0422
68.2785 71.4809 -1.70623e-05 -2.39829e-05 -0.000910566 16.558
69.2753 71.4809 -2.07514e-07 8.83471e-05 -0.000898948 17.5615
70.272 71.4809 -0.000981803 0.00107099 -0.00265555 8.0281
71.2688 71.4809 0.00172072 -0.000530828 0.00012068 6.52283
72.2656 71.4809 9.32552e-05 -0.000188022 -0.00212427 7.02459
73.2623 71.4809 -0.000385152 0.00106925 -0.000367362 12.0422
74.2591 71.4809 0.000378186 0.000199786 0.000136187 24.5861
75.2559 71.4809 -7.06876e-05 0.000727229 -0.000845681 11.5404
76.2526 71.4809 0.000219995 -0.00122912 0.000594545 14.0492
77.2494 71.4809 -0.00141949 0.000738006 -0.000301318 19.5685
78.2462 71.4809 -0.000276074 -0.0010169 0.00064141 12.5439
79.2429 71.4809 -0.00066869 0.000249206 0.000868431 5.51932
80.2397 71.4809 -0.00146958 -3.65942e-05 -0.000481942 10.5369
81.2365 71.4809 -0.00209615 -0.000139272 -0.000179568 5.51932
82.2332 71.4809 -0.000131407 0.000468828 -0.000594936 16.558
0.498383 72.4806 0.000786289 5.36773e-05 -0.000214902 12.0422
1.49515 72.4806 -0.00161982 -7.32532e-05 5.71747e-05 9.53337
2.49192 72.4806 0.000756685 -0.000652919 -0.00202318 7.02459
3.48868 72.4806 -0.000272401 0.000156247 0.00176784 12.5439
4.48545 72.4806 -0.000910581 0.000506196 0.000267906 7.02459
5.48221 72.4806 0.000272614 -0.000256466 -0.00157324 6.52283
6.47898 72.4806 0.000522711 0.000728938 0.000731553 7.02459
7.47575 72.4806 0.000590965 -0.000679982 0.000526498 7.52634
8.47251 72.4806 -0.000267944 -0.000632712 -0.000114801 14.0492
9.46928 72.4806 0.000691152 -0.000733296 -0.000565659 6.52283
10.466 72.4806 0.000600003 -0.000187937 0.000419554 13.0457
11.4628 72.4806 -0.000502314 -0.000491663 0.000991583 12.5439
12.4596 72.4806 0.000104887 -0.00063947 0.000106458 9.03161
13.4563 72.4806 -0.00025127 0.000159825 -9.30621e-05 9.53337
14.4531 72.4806 -0.00319849 -0.000566816 -5.47638e-05 6.52283
15.4499 72.4806 -0.000875144 -0.00126502 -0.000568446 9.53337
16.4466 72.4806 -0.000303293 0.000551144 -0.000170463 12.0422
17.4434 72.4806 0.00154173 -0.000615491 -0.000258441 10.5369
18.4402 72.4806 -0.000789919 -0.00126518 9.75002e-05 10.0351
19.4369 72.4806 -0.00109522 -0.000358515 -0.000955902 13.5474
20.4337 72.4806 9.78789e-05 -0.00140844 0.000324316 7.02459
21.4305 72.4806 0.00116451 4.06036e-05 -0.000265462 8.52986
22.4272 72.4806 0.000260405 0.000884005 3.56289e-05 8.52986
23.424 72.4806 0.000420942 3.93264e-05 0.000424175 7.52634
24.4208 72.4806 -0.00089804 -0.000526533 -0.000745189 14.0492
25.4175 72.4806 -0.000400276 -0.000716881 0.00146179 8.52986
26.4143 72.4806 -0.000138646 -0.000228062 -0.000625294 9.03161
27.4111 72.4806 -0.000755746 -0.000963425 0.000277176 15.0527
28.4078 72.4806 0.000654342 -0.000355779 -0.000172634 9.53337
29.4046 72.4806 -8.06465e-05 -0.000523576 0.000458576 10.5369
30.4014 72.4806 0.000708385 0.000262767 -0.00102761 8.52986
31.3981 72.4806 0.000373428 -0.00113201 0.000457427 11.0386
32.3949 72.4806 -0.00151831 0.000121719 -0.000283889 13.5474
33.3917 72.4806 7.8979e-05 0.000356125 -0.000305718 16.0562
34.3884 72.4806 -0.000268192 -0.00024657 0.000469164 11.5404
35.3852 72.4806 0.000538514 0.00165783 -0.00103832 10.5369
36.382 72.4806 0.000351967 0.00108255 0.000906425 13.5474
37.3787 72.4806 -0.00226316 -0.00100222 -0.000146203 8.0281
38.3755 72.4806 0.000280291 0.00106988 -0.00141143 5.51932
39.3723 72.4806 0.00199713 0.000343883 1.72329e-06 7.02459
40.369 72.4806 0.000795615 -0.000251176 0.00077111 16.0562
41.3658 72.4806 0.000252012 7.40297e-05 0.000126449 15.0527
42.3626 72.4806 -0.00144305 0.00123743 -0.000598246 4.51581
43.3593 72.4806 0.00133033 -0.000359845 -0.000952503 9.03161
44.3561 72.4806 -0.000670236 0.000502571 -0.000163457 13.5474
45.3529 72.4806 -4.16537e-05 -0.000968775 -0.000357788 13.0457
46.3496 72.4806 0.000940142 0.000289434 -0.000592474 10.5369
47.3464 72.4806 -0.000623965 -0.000283132 -5.51803e-05 8.0281
48.3432 72.4806 0.000975271 0.000439828 -2.52986e-05 10.0351
49.3399 72.4806 -0.00188582 -0.000259874 6.52551e-05 15.0527
50.3367 72.4806 6.05815e-05 3.01466e-05 0.000158325 12.0422
51.3335 72.4806 -0.00048343 0.000842201 0.00114858 9.53337
52.3302 72.4806 5.80927e-05 0.00104538 7.46805e-05 16.0562
53.327 72.4806 0.00165733 -0.000353779 0.000717463 12.0422
54.3238 72.4806 -0.000632772 -0.000619095 0.00088391 7.52634
55.3205 72.4806 -0.00214231 -0.000476015 8.12806e-05 7.02459
56.3173 72.4806 0.000822393 -0.00023557 0.000230303 6.02108
57.3141 72.4806 0.000357836 -0.00115146 7.6021e-05 15.0527
58.3108 72.4806 0.000797349 -0.000181929 0.000768728 11.0386
59.3076 72.4806 0.00122945 0.000128703 -0.000395788 7.02459
60.3044 72.4806 -0.000440397 -0.00111702 -0.000290721 14.0492
61.3011 72.4806 -0.000729409 0.000755726 0.00111441 15.0527
62.2979 72.4806 0.000452504 -0.000500549 -0.000557045 9.03161
63.2947 72.4806 -0.00130695 -0.000544545 0.000392015 9.53337
64.2914 72.4806 0.000919368 -0.00120708 6.30281e-05 6.52283
65.2882 72.4806 0.000610041 0.000200665 -0.000368058 10.0351
66.285 72.4806 0.000320781 -0.000957949 0.00033187 14.0492
67.2817 72.4806 -0.000318047 -5.64791e-05 -7.76966e-05 10.0351
68.2785 72.4806 -5.64773e-05 0.000817283 0.000289539 11.5404
69.2753 72.4806 -0.000723482 0.000526752 9.81737e-05 10.5369
70.272 72.4806 -0.0013074 0.000314437 -0.000559824 11.0386
71.2688 72.4806 -0.000204595 -0.000415675 -0.000849349 8.52986
72.2656 72.4806 0.000871669 0.000584985 0.000847204 7.02459
73.2623 72.4806 0.0011852 -0.000852157 -6.26392e-05 10.5369
74.2591 72.4806 0.000940091 0.000496282 -0.000838981 17.5615
75.2559 72.4806 0.000713365 0.000197665 0.000793246 9.03161
76.2526 72.4806 0.000757145 0.000273053 -7.54319e-05 9.03161
77.2494 72.4806 -0.000461405 -1.26786e-05 0.000494396 14.0492
78.2462 72.4806 -8.07876e-06 0.000515079 -0.00137259 8.52986
79.2429 72.4806 -0.00122006 -0.000493692 -0.000794134 8.0281
80.2397 72.4806 -0.00304877 -0.00054637 -0.000761057 7.02459
81.2365 72.4806 -0.00167459 -0.00124131 0.000278255 11.0386
82.2332 72.4806 -4.37266e-05 0.0005068 -0.000241855 13.0457
0.498383 73.4803 0.00206917 -0.000564767 0.000792647 8.0281
1.49515 73.4803 0.000929387 0.000217481 0.000528913 10.0351
2.49192 73.4803 0.000223101 0.000233867 0.00089772 8.52986
3.48868 73.4803 0.000215422 -0.000560895 4.87811e-05 15.0527
4.48545 73.4803 -0.000417956 0.000258638 0.000334283 16.0562
5.48221 73.4803 -0.000690001 0.00106372 -0.000544322 11.0386
6.47898 73.4803 0.00074929 -0.000988733 -0.000796108 19.0667
7.47575 73.4803 -0.00027194 -0.000188812 -0.000706255 17.0597
8.47251 73.4803 0.000600889 0.000996396 0.00076072 8.52986
9.46928 73.4803 -0.00142827 6.43477e-05 0.000227725 9.53337
10.466 73.4803 0.00221101 -0.000437815 0.000289172 5.51932
11.4628 73.4803 -0.000315211 0.000423606 0.000754531 12.0422
12.4596 73.4803 0.000596727 0.00125036 -0.000578467 18.0632
13.4563 73.4803 -0.000939301 0.000139346 0.000321697 10.0351
14.4531 73.4803 -0.00169915 0.000872586 -0.000258939 14.0492
15.4499 73.4803 -0.000482339 0.00165849 0.00050328 14.5509
16.4466 73.4803 -0.00014766 0.000712455 -0.000538417 11.0386
17.4434 73.4803 -0.000256242 -8.58873e-05 -0.000568569 10.0351
18.4402 73.4803 0.00200524 -0.00138889 0.000417268 6.52283
19.4369 73.4803 -0.0019004 0.00197271 -0.000163036 7.02459
20.4337 73.4803 -0.000130403 -0.000446932 -9.56136e-05 20.0703
21.4305 73.4803 -0.000329333 3.52189e-05 -0.000391162 7.52634
22.4272 73.4803 0.00010677 3.29718e-05 0.000389992 11.5404
23.424 73.4803 0.000426135 -0.000306486 -0.00117755 19.5685
24.4208 73.4803 0.000470751 -0.000307936 3.82924e-05 9.03161
25.4175 73.4803 -0.000518233 -0.000300366 0.00172423 9.03161
26.4143 73.4803 1.6477e-05 0.0012878 -0.000322761 8.0281
27.4111 73.4803 -0.00149537 -0.000748267 -0.000189766 9.53337
28.4078 73.4803 0.000372336 0.000946149 -0.000281477 15.0527
29.4046 73.4803 0.000854572 0.000109278 0.000846228 15.5544
30.4014 73.4803 0.000307004 1.97061e-06 0.000497277 9.03161
31.3981 73.4803 0.000608437 1.0228e-05 -0.00121651 12.0422
32.3949 73.4803 -0.00117795 0.00115781 0.000441505 13.5474
33.3917 73.4803 -0.00024083 -0.000232115 0.000244278 13.0457
34.3884 73.4803 -0.000582568 3.84397e-05 0.00140548 6.52283
35.3852 73.4803 0.000388861 -0.000470325 0.00152932 8.52986
36.382 73.4803 0.00143072 -0.000644433 -0.00158013 10.0351
37.3787 73.4803 -0.000709676 0.000626474 0.000655012 19.0667
38.3755 73.4803 -0.000721529 0.00012048 -0.000613347 10.5369
39.3723 73.4803 -0.000790031 -0.000200158 -0.000780206 12.0422
40.369 73.4803 -0.000333186 0.000612024 0.000145887 16.558
41.3658 73.4803 0.00151925 0.000322911 -0.000748464 8.0281
42.3626 73.4803 2.812e-05 0.00106764 -4.10517e-05 6.02108
43.3593 73.4803 -0.000400231 0.000249506 -0.00194269 8.0281
44.3561 73.4803 -0.00050379 -0.000362017 -0.000292683 8.0281
45.3529 73.4803 0.000668599 -0.000782934 -0.00110421 17.0597
46.3496 73.4803 0.00100305 -0.000260009 0.000624934 11.0386
47.3464 73.4803 0.00111389 -0.00149907 -0.00016971 11.5404
48.3432 73.4803 4.49958e-05 0.000218421 0.000577815 17.0597
49.3399 73.4803 0.00129896 0.000415977 0.000897749 10.5369
50.3367 73.4803 -0.000407741 0.00134352 0.00148728 7.02459
51.3335 73.4803 -0.000622377 0.00134347 -0.00034418 8.52986
52.3302 73.4803 -0.00110343 0.000212791 -0.000959759 6.52283
53.327 73.4803 0.000333001 -1.56445e-06 0.000620456 16.558
54.3238 73.4803 0.000513183 -6.33151e-05 -0.000197662 10.5369
55.3205 73.4803 -0.002027 -0.000115614 0.000270266 9.53337
56.3173 73.4803 -0.00113688 -0.000193955 -0.000545242 19.5685
57.3141 73.4803 0.000205945 -0.000203452 -0.000145177 12.5439
58.3108 73.4803 0.000830076 -0.000478952 0.00066798 7.02459
59.3076 73.4803 -0.000518895 -0.000724028 0.00139011 8.0281
60.3044 73.4803 9.44989e-05 -0.000727951 -0.000115368 6.52283
61.3011 73.4803 -0.000447565 -0.00108503 0.000805322 9.03161
62.2979 73.4803 0.000721343 0.000249377 -0.000296511 16.558
63.2947 73.4803 -0.000345204 -0.00120376 -0.00183291 8.0281
64.2914 73.4803 0.000559688 0.000880457 -9.42686e-06 17.5615
65.2882 73.4803 0.000626963 0.000166378 0.000804974 14.5509
66.285 73.4803 -0.000503904 -0.00137858 0.00104813 8.52986
67.2817 73.4803 -0.000182595 -8.2527e-05 0.00149872 11.0386
68.2785 73.4803 0.000421646 0.00166116 0.00176265 4.51581
69.2753 73.4803 0.000362015 -0.000447643 0.000228337 13.5474
70.272 73.4803 -0.000336558 -0.000941072 -0.000565387 16.558
71.2688 73.4803 0.00228882 0.000257168 -0.000544453 7.02459
72.2656 73.4803 -0.000628335 -0.00130842 -5.2208e-05 10.5369
73.2623 73.4803 -0.000529183 0.000312821 0.000204268 13.0457
74.2591 73.4803 0.00208449 0.00115264 0.000880079 8.52986
75.2559 73.4803 -0.000875775 0.000121888 -0.000413319 8.52986
76.2526 73.4803 0.00131774 -0.000174869 -0.000444511 7.52634
77.2494 73.4803 -1.01267e-05 -0.000825519 -0.00197573 8.0281
78.2462 73.4803 -0.000432391 -0.000411468 0.000194936 21.5755
79.2429 73.4803 9.35791e-05 0.000407734 -0.000504961 15.0527
80.2397 73.4803 -0.00165375 -0.000729589 0.000383229 12.0422
81.2365 73.4803 0.000521726 0.000812724 -0.000392555 16.0562
82.2332 73.4803 -0.000597561 -0.000197981 0.000489358 11.5404
0.498383 74.4801 0.000198492 0.000924742 -2.53774e-05 8.0281
1.49515 74.4801 -0.000434926 -0.000139584 -0.000270908 6.02108
2.49192 74.4801 0.00211229 0.000131592 -0.00117318 7.02459
3.48868 74.4801 -0.000343138 3.68197e-05 0.000731609 15.0527
4.48545 74.4801 0.000269022 0.000148985 -0.000483622 18.0632
5.48221 74.4801 -4.5878e-05 0.00064769 -0.00163433 8.0281
6.47898 74.4801 0.000305997 -0.000343146 -5.79019e-05 20.572
7.47575 74.4801 -0.000971308 0.000131416 -0.00020755 12.5439
8.47251 74.4801 -0.00130774 -0.000628219 -0.000753598 9.53337
9.46928 74.4801 4.89767e-05 0.000832727 -0.000225363 11.5404
10.466 74.4801 -9.636e-05 -0.00141787 0.000572752 3.01054
11.4628 74.4801 0.000223109 0.000443228 0.000222999 12.5439
12.4596 74.4801 -0.000652048 -0.00049312 -0.000186461 22.0773
13.4563 74.4801 0.000595346 -0.000439641 -0.000598425 9.03161
14.4531 74.4801 0.000102134 -0.000751566 0.00133944 11.0386
15.4499 74.4801 0.00035028 -2.49373e-05 -0.000629113 17.0597
16.4466 74.4801 -0.00044489 -0.000217558 0.000939231 8.52986
17.4434 74.4801 0.00161677 -0.000782178 0.00118887 7.52634
18.4402 74.4801 -0.000814062 0.000675353 0.000944024 4.51581
19.4369 74.4801 -0.000377077 0.000778296 -0.000809786 14.0492
20.4337 74.4801 -0.00135533 0.000287819 -0.000862467 23.0808
21.4305 74.4801 0.000725789 -0.000300066 0.000789752 14.5509
22.4272 74.4801 0.000325679 0.000620525 -0.000647194 13.0457
23.424 74.4801 -0.00115922 0.00109631 -0.00139406 20.0703
24.4208 74.4801 -0.000637743 -0.00108643 0.000718259 12.0422
25.4175 74.4801 0.00156226 0.000302812 0.000247116 8.0281
26.4143 74.4801 -0.00124259 -0.000608298 0.000531943 8.0281
27.4111 74.4801 -0.000115838 -0.000210684 -0.000233253 10.0351
28.4078 74.4801 0.00036024 -0.000463047 -0.00132709 10.5369
29.4046 74.4801 -0.000121412 -0.000333781 2.06323e-05 15.0527
30.4014 74.4801 -0.000595201 -0.000486268 -0.000201529 12.5439
31.3981 74.4801 -0.0011314 0.000968025 -0.000326687 13.0457
32.3949 74.4801 0.00122453 -0.000179782 -0.000494746 12.5439
33.3917 74.4801 -0.000113924 -0.00121207 0.000543357 6.52283
34.3884 74.4801 -0.00115882 -0.00126351 -4.51142e-05 8.0281
35.3852 74.4801 -0.00137193 6.16462e-05 -2.08756e-05 6.52283
36.382 74.4801 -0.000372553 -0.00110488 9.79153e-05 12.0422
37.3787 74.4801 0.00128221 -0.000631518 -0.000796362 23.5825
38.3755 74.4801 2.66358e-05 0.000757222 0.000406857 7.52634
39.3723 74.4801 -0.000246411 -0.00132153 0.00039301 13.0457
40.369 74.4801 4.15146e-05 4.0313e-05 0.000101856 21.5755
41.3658 74.4801 0.000295717 2.37652e-05 -0.000311289 9.03161
42.3626 74.4801 -0.000159815 0.000580408 0.000252671 7.02459
43.3593 74.4801 -0.000938937 -0.000579485 0.000161906 9.53337
44.3561 74.4801 -0.000614339 0.000550455 -0.000433233 16.0562
45.3529 74.4801 -0.00169053 0.00051726 -0.000193253 15.0527
46.3496 74.4801 -0.000447535 -0.000412429 0.000297951 13.0457
47.3464 74.4801 0.000836346 0.000208225 -2.64536e-05 12.0422
48.3432 74.4801 0.00028942 -0.000817796 -0.000664525 18.565
49.3399 74.4801 0.00050468 -0.000496138 -0.00184979 12.0422
50.3367 74.4801 5.94022e-05 -0.000308359 -0.000303105 5.51932
51.3335 74.4801 0.000108873 0.00072449 -0.000381338 8.0281
52.3302 74.4801 0.000423023 0.000321112 0.000512045 5.01756
53.327 74.4801 -0.00134595 0.000100238 -0.000529102 17.5615
54.3238 74.4801 0.000368334 0.00088575 -0.000705059 14.5509
55.3205 74.4801 0.000789674 0.00011526 -0.000903739 7.02459
56.3173 74.4801 -0.000315006 -0.000656421 0.000655597 21.0738
57.3141 74.4801 -0.000334303 0.000805069 -0.000723724 16.0562
58.3108 74.4801 0.0007931 0.000491689 0.0015768 5.51932
59.3076 74.4801 0.00069313 0.000539284 -0.000975822 7.02459
60.3044 74.4801 0.000657788 0.000748365 1.82619e-05 9.53337
61.3011 74.4801 0.000538139 -6.60304e-06 0.000774055 13.0457
62.2979 74.4801 0.000424506 -8.31706e-05 -8.51478e-05 20.0703
63.2947 74.4801 -0.000595747 -6.71798e-05 -0.000627935 9.53337
64.2914 74.4801 -0.00116472 -0.000795801 -0.000963057 12.5439
65.2882 74.4801 0.000613232 -0.000162474 0.00142701 16.0562
66.285 74.4801 -0.00067722 0.00137596 0.00107748 8.0281
67.2817 74.4801 0.0019231 -0.000241544 0.000676631 8.0281
68.2785 74.4801 -7.25039e-05 -1.15349e-05 0.00192959 7.02459
69.2753 74.4801 -0.000577093 -0.000158795 -0.000299897 10.0351
70.272 74.4801 -0.000771983 -0.000221867 -0.000451273 23.5825
71.2688 74.4801 0.00101273 -0.000309258 9.85552e-05 12.5439
72.2656 74.4801 -0.0011547 -0.000470727 -0.00102478 15.0527
73.2623 74.4801 0.000548544 0.000972499 -0.000158932 20.0703
74.2591 74.4801 -6.63314e-05 8.04151e-05 -1.68094e-05 11.0386
75.2559 74.4801 0.000305487 -0.000480062 0.00103643 5.51932
76.2526 74.4801 -0.000985502 -0.00070847 -0.00223776 7.02459
77.2494 74.4801 0.000151571 -0.00153519 0.000591121 9.53337
78.2462 74.4801 -0.000222642 0.000995252 0.000578266 19.0667
79.2429 74.4801 0.000609016 -0.000990855 0.000544517 11.0386
80.2397 74.4801 0.000611399 -0.000490539 0.000920371 11.0386
81.2365 74.4801 -1.46763e-05 1.60003e-05 -0.000397448 20.572
82.2332 74.4801 -0.000816642 0.000276869 -0.000509247 8.0281
0.498383 75.4798 -0.000516316 -0.000104756 0.000766828 15.5544
1.49515 75.4798 -0.000682222 0.00165059 0.000981973 6.02108
2.49192 75.4798 -0.00043244 0.000497087 -6.68476e-07 10.5369
3.48868 75.4798 0.00105805 -0.000299192 -0.00069037 10.0351
4.48545 75.4798 -0.000385716 0.000323931 0.00061354 8.0281
5.48221 75.4798 0.000202394 -0.000572566 0.000475435 11.0386
6.47898 75.4798 0.000887489 -0.0003876 -0.00242686 7.02459
7.47575 75.4798 0.000734071 0.000230941 -0.000259235 10.5369
8.47251 75.4798 0.00172097 0.000218132 -0.00076092 11.5404
9.46928 75.4798 -0.00114839 -5.39275e-06 -0.000542728 8.0281
10.466 75.4798 0.00120245 0.000522468 0.000296097 8.0281
11.4628 75.4798 -0.00065208 0.00113736 0.000501507 13.5474
12.4596 75.4798 7.90552e-05 -0.00117408 0.000183088 7.02459
13.4563 75.4798 0.00162486 -0.000513734 0.000342186 10.0351
14.4531 75.4798 0.000315532 -0.000161264 0.000424022 10.0351
15.4499 75.4798 0.000349699 7.71727e-05 -0.000260639 8.52986
16.4466 75.4798 0.000783612 -6.8493e-05 -0.000483126 20.572
17.4434 75.4798 0.000805804 0.00130125 -0.00047265 7.02459
18.4402 75.4798 0.00243184 0.00156453 0.000487801 7.52634
19.4369 75.4798 -0.00024453 0.000517423 0.000157907 11.5404
20.4337 75.4798 0.0027454 -0.000672924 0.000807392 9.03161
21.4305 75.4798 0.00167086 -0.000706768 0.000609166 5.51932
22.4272 75.4798 -0.0002159 -0.00195091 -0.000987317 7.52634
23.424 75.4798 0.00222242 0.00115451 -0.000482123 10.5369
24.4208 75.4798 0.0011967 0.00114558 -0.000583427 12.5439
25.4175 75.4798 0.00073089 -0.000342603 -0.000127069 10.5369
26.4143 75.4798 -0.00105281 0.000249277 8.86786e-05 6.52283
27.4111 75.4798 0.000756561 -0.000144902 -0.000580282 13.5474
28.4078 75.4798 -0.000791527 -0.000506254 -9.55805e-05 14.0492
29.4046 75.4798 -0.000472775 -0.000767299 -0.00056173 8.52986
30.4014 75.4798 0.00139419 0.000319932 -0.000550649 7.52634
31.3981 75.4798 -0.000741558 -0.00107445 -0.00138561 10.5369
32.3949 75.4798 0.000450035 0.00226906 -0.000194385 12.5439
33.3917 75.4798 -0.000836338 -0.00130078 0.000356847 13.0457
34.3884 75.4798 -0.000291747 -0.00129829 0.00157244 10.5369
35.3852 75.4798 0.000514076 -0.000241947 -0.000677696 14.5509
36.382 75.4798 -0.000682116 -0.000169618 -8.70715e-05 11.0386
37.3787 75.4798 0.00205443 -0.000483122 5.00268e-05 6.52283
38.3755 75.4798 6.93686e-05 -0.000733586 -0.000679418 13.0457
39.3723 75.4798 0.000734883 0.000586797 -0.000481688 8.0281
40.369 75.4798 0.00150914 6.30612e-05 0.000578448 7.52634
41.3658 75.4798 0.000539856 0.000308882 0.000922437 14.5509
42.3626 75.4798 0.00229064 0.000965289 -0.000955324 10.0351
43.3593 75.4798 -0.000228131 0.00167426 0.000502519 8.52986
44.3561 75.4798 -2.00486e-05 0.000738175 6.185e-05 13.0457
45.3529 75.4798 8.86321e-05 0.000990756 9.12612e-05 11.5404
46.3496 75.4798 0.000115576 -3.73688e-05 0.000857901 6.02108
47.3464 75.4798 -0.00130709 -0.000615236 0.000256073 6.02108
48.3432 75.4798 0.000592552 -5.71726e-05 0.000548086 14.5509
49.3399 75.4798 -0.000793012 -0.00113911 -0.000174307 13.0457
50.3367 75.4798 2.31642e-05 -0.000555609 0.000783333 8.0281
51.3335 75.4798 -0.00169013 -0.000603438 -0.000810579 13.0457
52.3302 75.4798 0.000798246 -0.00123587 0.000435331 8.52986
53.327 75.4798 -0.000746364 0.000653022 0.000619546 13.0457
54.3238 75.4798 0.000540885 0.000296439 0.000850328 11.0386
55.3205 75.4798 0.00167235 3.01855e-05 4.95161e-05 4.01405
56.3173 75.4798 0.00074546 0.000361098 0.000591713 6.52283
57.3141 75.4798 5.79935e-05 0.00121876 0.000750301 12.5439
58.3108 75.4798 -0.000488107 0.000548797 0.000451394 15.0527
59.3076 75.4798 -4.61962e-05 -0.000238376 0.00200747 9.03161
60.3044 75.4798 -0.000415303 0.00122177 0.000168115 10.5369
61.3011 75.4798 -0.000959326 -0.000749049 -0.00038425 14.0492
62.2979 75.4798 -0.000306653 -0.00113808 -0.000183427 9.03161
63.2947 75.4798 -0.00110516 -0.0028201 0.00223739 6.52283
64.2914 75.4798 0.00111263 -0.000867132 0.00114018 12.5439
65.2882 75.4798 -0.000669232 0.000755779 -0.000262672 7.02459
66.285 75.4798 0.000763153 0.000558512 -0.000218685 12.5439
67.2817 75.4798 0.000559967 7.02425e-05 0.000298351 13.0457
68.2785 75.4798 0.000428989 7.95138e-05 -0.00153811 12.0422
69.2753 75.4798 0.0017994 0.00213525 3.04122e-05 11.0386
70.272 75.4798 -0.000419069 -0.000505287 -0.000437058 10.5369
71.2688 75.4798 0.000751532 -3.22206e-05 -0.000854057 8.0281
72.2656 75.4798 0.000522722 -0.00039971 0.000736144 7.52634
73.2623 75.4798 -0.00043813 0.000142563 0.000253252 9.53337
74.2591 75.4798 -0.000367859 0.000747665 -0.00015366 21.0738
75.2559 75.4798 0.000484908 0.0013077 0.00083981 11.0386
76.2526 75.4798 0.000440027 0.000454341 -1.38791e-05 7.52634
77.2494 75.4798 -0.00162083 0.00137077 -0.000447891 14.5509
78.2462 75.4798 0.000483706 -0.000950988 0.000293309 8.52986
79.2429 75.4798 -0.00109442 0.000276862 0.001319 6.52283
80.2397 75.4798 6.91454e-05 -0.000665319 0.00114428 8.52986
81.2365 75.4798 -0.00120205 0.00147978 0.000239477 7.52634
82.2332 75.4798 -0.00113221 0.00155634 -0.000144917 12.0422
0.498383 76.4795 0.00111322 0.000423166 -0.000436471 16.558
1.49515 76.4795 -0.000341946 0.000158335 -6.90411e-05 11.0386
2.49192 76.4795 -0.000141539 0.000100052 -0.000643745 20.572
3.48868 76.4795 0.00181711 0.000555312 -0.000763189 14.5509
4.48545 76.4795 2.30581e-05 0.00115061 0.00051669 10.0351
5.48221 76.4795 -0.000913851 0.000577618 0.00101308 6.52283
6.47898 76.4795 -0.000617523 -0.00114737 0.000816414 5.51932
7.47575 76.4795 -0.000199434 -0.000503215 -0.000190108 10.5369
8.47251 76.4795 -0.000590891 -0.000501459 -0.000394145 25.5896
9.46928 76.4795 -0.000668927 -0.000936261 0.000920766 12.5439
10.466 76.4795 0.000375978 -0.000554505 -6.19691e-05 19.0667
11.4628 76.4795 -0.000798675 0.000515713 -0.000383493 21.0738
12.4596 76.4795 3.93516e-05 -0.000394291 -0.000612561 9.53337
13.4563 76.4795 0.00125054 0.000499278 -0.000683975 7.02459
14.4531 76.4795 -0.000676925 0.000373137 0.00145488 8.52986
15.4499 76.4795 -0.000169047 -0.000151159 0.000224827 11.5404
16.4466 76.4795 -0.00043446 0.000150006 -0.000619555 22.579
17.4434 76.4795 0.000296966 0.000700676 0.00151647 13.0457
18.4402 76.4795 -0.000130912 -0.000831676 0.000935368 14.5509
19.4369 76.4795 0.000299054 -0.000235377 -0.001425 23.5825
20.4337 76.4795 0.00151142 -0.00230066 0.000642087 9.03161
21.4305 76.4795 0.00184849 -0.00106917 -0.00079793 8.0281
22.4272 76.4795 0.000225304 0.000504748 -3.51379e-05 6.02108
23.424 76.4795 -0.00139349 0.000586078 0.000934897 6.02108
24.4208 76.4795 -0.000721822 0.00128295 -0.00100313 25.0878
25.4175 76.4795 0.00112396 0.000846854 -0.000480773 13.0457
26.4143 76.4795 -0.000800846 0.000198685 -5.29908e-05 12.0422
27.4111 76.4795 -0.000441706 0.000690483 0.000166839 22.579
28.4078 76.4795 0.000343781 3.21555e-05 6.12395e-05 14.5509
29.4046 76.4795 0.0019445 -0.00104115 -0.00144922 7.52634
30.4014 76.4795 -0.00232043 0.000762234 0.00011736 11.0386
31.3981 76.4795 0.000267514 0.000127799 0.000884705 9.53337
32.3949 76.4795 0.000141823 0.000218675 -0.000172265 18.565
33.3917 76.4795 0.00114233 -2.65223e-05 -0.000109482 16.558
34.3884 76.4795 -0.000650517 -0.00108152 0.000316488 11.5404
35.3852 76.4795 0.00083814 -0.000455371 -0.000692479 16.0562
36.382 76.4795 -0.000360594 0.000441434 -0.00126778 16.558
37.3787 76.4795 -0.000595274 0.000284197 -0.000159066 7.02459
38.3755 76.4795 -0.00169668 0.000491417 -0.000911353 5.51932
39.3723 76.4795 0.00087264 -0.00103511 -0.00162108 5.01756
40.369 76.4795 -0.000353311 -0.000397137 0.000384987 13.0457
41.3658 76.4795 -0.00105872 -0.000117067 -0.000401042 24.5861
42.3626 76.4795 -0.000522642 0.000173896 -0.000397899 11.5404
43.3593 76.4795 -0.00217953 -0.000249239 0.000455625 11.5404
44.3561 76.4795 0.000775931 0.000799076 -0.000279983 21.0738
45.3529 76.4795 -0.00124976 -4.87741e-05 0.00047268 11.0386
46.3496 76.4795 -0.00137308 -0.000519034 -0.000693986 6.52283
47.3464 76.4795 0.000222022 -0.00158183 0.00056752 10.0351
48.3432 76.4795 0.000136747 -0.000727865 -0.00133377 8.52986
49.3399 76.4795 -0.000590241 0.000489103 -0.000883404 19.5685
50.3367 76.4795 -0.00199678 0.000130507 -0.00101967 16.0562
51.3335 76.4795 0.00022012 -0.00138452 0.000417627 13.0457
52.3302 76.4795 -3.63535e-05 -0.000349922 0.000282499 22.579
53.327 76.4795 0.000180336 0.000333588 -4.39589e-05 10.5369
54.3238 76.4795 0.000328141 0.000363558 0.000537962 6.02108
55.3205 76.4795 0.000145771 -0.000852529 0.000561093 9.53337
56.3173 76.4795 -0.000739306 7.1475e-07 0.000725586 6.02108
57.3141 76.4795 0.000146877 -0.000664409 0.000283428 16.558
58.3108 76.4795 0.00146108 -8.5264e-05 0.000436257 15.5544
59.3076 76.4795 0.000968498 0.00106894 -0.000149277 10.0351
60.3044 76.4795 0.000232781 9.72914e-05 2.34333e-05 18.565
61.3011 76.4795 0.000233118 -0.000673939 0.00126423 20.0703
62.2979 76.4795 0.000539326 -0.000358192 -0.000750953 10.0351
63.2947 76.4795 -0.000999751 -0.000222391 0.00076644 8.0281
64.2914 76.4795 -0.00108226 -2.20882e-05 0.000540313 5.51932
65.2882 76.4795 -0.000336601 0.000428375 0.000297642 12.0422
66.285 76.4795 -0.000247281 -0.000370928 -0.000184233 26.5931
67.2817 76.4795 -0.00114267 -0.000731599 -0.000853969 7.02459
68.2785 76.4795 0.000217503 0.000477551 0.000244913 17.0597
69.2753 76.4795 -0.000266443 0.000243343 -0.00043827 25.5896
70.272 76.4795 -0.00210088 0.000218034 -0.000231626 6.52283
71.2688 76.4795 0.00170745 -0.000334196 0.00039164 9.03161
72.2656 76.4795 0.00148604 -0.000911094 0.0019976 9.03161
73.2623 76.4795 -0.000381609 0.000491561 8.0586e-05 9.53337
74.2591 76.4795 -0.000910528 -0.000368315 -0.000718894 23.0808
75.2559 76.4795 0.00166161 -5.36476e-05 -7.30489e-05 15.0527
76.2526 76.4795 -0.00139865 -0.000909357 -0.000953499 12.0422
77.2494 76.4795 6.11394e-05 -0.000210637 0.00139818 26.0913
78.2462 76.4795 -0.000209642 -0.000419577 0.000469357 10.0351
79.2429 76.4795 -0.00131101 -0.000816506 -0.00101664 5.51932
80.2397 76.4795 0.0013296 -8.58206e-05 -0.000608226 6.52283
81.2365 76.4795 0.00161902 0.000185121 0.000201677 11.5404
82.2332 76.4795 -0.000614157 0.000261983 -4.13801e-05 22.579
0.498383 77.4793 -0.000345567 -6.56707e-05 0.000284065 13.5474
1.49515 77.4793 0.00129853 -5.30088e-05 -0.000322612 9.03161
2.49192 77.4793 0.00019427 -2.28257e-05 -0.00014399 18.0632
3.48868 77.4793 -0.00117242 -0.000541654 -0.00193082 9.03161
4.48545 77.4793 9.74771e-06 0.000518944 -0.00145354 8.52986
5.48221 77.4793 -4.345e-05 0.000276007 0.000715482 9.03161
6.47898 77.4793 -0.000776932 0.000933455 0.00122477 9.03161
7.47575 77.4793 -6.72827e-05 0.000198697 -0.00021463 10.0351
8.47251 77.4793 0.000367019 -0.000637602 -0.000182163 14.0492
9.46928 77.4793 0.00131817 0.000443722 0.000760641 8.52986
10.466 77.4793 0.000228799 -0.000995514 -0.000163472 10.0351
11.4628 77.4793 0.00063502 3.65152e-05 0.00118319 11.5404
12.4596 77.4793 -0.00173685 0.000662044 0.000378709 9.03161
13.4563 77.4793 -0.000611527 -0.000720996 -0.00060478 8.52986
14.4531 77.4793 -0.000247873 -0.000235939 0.000822544 5.51932
15.4499 77.4793 0.00023126 -0.000449678 -0.000220417 14.5509
16.4466 77.4793 7.67595e-06 0.000263772 -5.80557e-05 11.0386
17.4434 77.4793 2.5676e-05 -0.00104608 0.000926608 9.53337
18.4402 77.4793 0.000779028 -0.00073969 -9.07395e-06 10.5369
19.4369 77.4793 -9.13444e-06 -0.000457546 -0.000161701 13.0457
20.4337 77.4793 -0.000579833 -0.000561311 -0.000721532 9.03161
21.4305 77.4793 -0.000665295 -0.000275542 -0.00230796 9.03161
22.4272 77.4793 -0.00101062 0.00104387 -7.00176e-05 7.02459
23.424 77.4793 0.00042711 2.14267e-05 -0.000771529 10.0351
24.4208 77.4793 0.00026241 -0.000139512 -0.000181948 13.5474
25.4175 77.4793 -6.34175e-06 -0.000879843 0.000876732 10.0351
26.4143 77.4793 1.95911e-05 0.00041591 3.72224e-05 8.52986
27.4111 77.4793 -0.000467502 0.00011989 0.00181818 13.5474
28.4078 77.4793 0.000565366 0.000556804 -0.000738142 11.5404
29.4046 77.4793 -0.000702451 0.000241038 0.000765053 11.5404
30.4014 77.4793 0.00127023 -0.000165293 0.0016815 9.53337
31.3981 77.4793 -0.000840576 0.000229672 -0.000542067 9.03161
32.3949 77.4793 0.00103347 0.000341614 -0.000794672 9.53337
33.3917 77.4793 -0.0019721 -0.000514091 -0.000163449 9.53337
34.3884 77.4793 0.00174651 -0.000144052 0.000848672 8.0281
35.3852 77.4793 0.00109707 -0.000482821 -0.000796955 8.0281
36.382 77.4793 -0.000649548 0.000286245 4.42673e-06 15.5544
37.3787 77.4793 -0.0002635 0.000912226 0.000112217 13.0457
38.3755 77.4793 0.000359981 -0.000338039 -8.75958e-05 9.03161
39.3723 77.4793 -0.000758746 -0.000669477 0.000515052 11.0386
40.369 77.4793 0.000483036 0.000727724 0.00115601 8.0281
41.3658 77.4793 -0.00167807 -0.000458291 0.000231708 11.0386
42.3626 77.4793 0.000604111 -0.000263396 0.000481512 7.52634
43.3593 77.4793 9.56765e-05 0.000485328 3.56111e-05 10.5369
44.3561 77.4793 0.00120862 -0.000224663 -0.000570217 13.5474
45.3529 77.4793 -0.000121391 -0.00090729 -0.000715075 9.53337
46.3496 77.4793 -0.000490156 0.000965023 -0.000600974 11.0386
47.3464 77.4793 -0.000253795 -0.000675497 0.00177529 7.52634
48.3432 77.4793 0.0012689 0.000322996 -0.000730715 10.0351
49.3399 77.4793 -0.0014307 0.00112589 0.000604871 11.5404
50.3367 77.4793 0.00145194 -9.85848e-05 -0.00105624 8.52986
51.3335 77.4793 0.000247893 -0.000553369 0.000431039 11.5404
52.3302 77.4793 0.000800667 -0.000343786 -0.000948259 9.53337
53.327 77.4793 0.000264878 -0.000634022 -1.2157e-05 11.5404
54.3238 77.4793 0.00197728 -0.000288817 0.000197629 13.0457
55.3205 77.4793 0.000156844 0.000224451 0.000802356 9.53337
56.3173 77.4793 0.000212875 -0.000881373 -0.000164049 9.53337
57.3141 77.4793 -0.000917505 -0.000475618 0.000185425 17.5615
58.3108 77.4793 -0.000498786 0.000565585 -0.000418708 11.5404
59.3076 77.4793 -0.000117448 -0.000474123 0.000464097 10.5369
60.3044 77.4793 0.00132828 -0.000623653 0.00100758 8.52986
61.3011 77.4793 0.00055627 -0.00108792 0.000474998 9.03161
62.2979 77.4793 6.41933e-05 -0.000315206 0.00040518 5.01756
63.2947 77.4793 0.000959741 -1.96436e-05 -5.22243e-05 8.0281
64.2914 77.4793 -0.000316281 0.000548298 -0.000674687 9.03161
65.2882 77.4793 0.00177338 0.000415187 -9.75678e-05 9.53337
66.285 77.4793 -0.00024478 0.000563791 -0.00220041 11.5404
67.2817 77.4793 4.47872e-05 -0.000513917 -0.000914466 10.0351
68.2785 77.4793 0.00103101 0.000217085 -0.000210633 10.0351
69.2753 77.4793 -0.000275879 -0.000166781 0.00118092 10.0351
70.272 77.4793 0.000287077 0.000154158 0.00220731 9.03161
71.2688 77.4793 -0.000939857 -0.000487029 -0.000463997 9.03161
72.2656 77.4793 0.00169171 0.000668158 -0.0011831 7.52634
73.2623 77.4793 0.000533205 0.000675755 0.00101404 8.0281
74.2591 77.4793 0.000283434 1.142e-05 -0.000629487 10.5369
75.2559 77.4793 -0.000413287 0.00141279 0.000381713 8.52986
76.2526 77.4793 -0.000215932 -3.94298e-05 0.000697078 10.5369
77.2494 77.4793 0.00155196 0.000495894 0.000672204 10.5369
78.2462 77.4793 -5.71906e-05 0.000335009 0.000304262 14.5509
79.2429 77.4793 0.00254965 -0.00087169 0.000958657 6.02108
80.2397 77.4793 -0.000542475 -0.00066271 0.000382999 7.02459
81.2365 77.4793 -0.0013686 0.000248533 0.000502208 8.0281
82.2332 77.4793 0.000299381 0.00114924 -0.00104002 11.5404
0.498383 78.479 -0.00272179 -0.000698317 0.000450523 7.52634
1.49515 78.479 -0.000477188 -0.000807853 0.000196673 6.02108
2.49192 78.479 0.000191368 -0.00170292 -5.06884e-05 8.52986
3.48868 78.479 -0.00128287 0.000320747 -0.000282586 10.5369
4.48545 78.479 -0.00139094 -0.000269503 0.000640557 20.572
5.48221 78.479 0.000541649 -0.000987516 0.000743998 12.0422
6.47898 78.479 0.000430681 0.000534402 0.000568055 18.565
7.47575 78.479 5.71753e-05 -0.000399874 -0.000408355 19.5685
8.47251 78.479 0.00226382 -0.000166119 0.000924503 8.52986
9.46928 78.479 -0.00128645 0.000157607 0.00154511 10.0351
10.466 78.479 -0.00019833 -0.000496216 -4.00595e-05 7.02459
11.4628 78.479 0.000424245 -0.000976371 0.000573418 10.5369
12.4596 78.479 -0.000735742 -6.21047e-05 -0.000642622 28.0984
13.4563 78.479 0.00105684 -0.00107961 0.000675953 13.0457
14.4531 78.479 0.00110307 -0.000643759 -0.000166042 18.0632
15.4499 78.479 0.000160226 -0.00115302 -0.000355112 13.0457
16.4466 78.479 -0.000921926 -0.000227313 0.00104362 9.53337
17.4434 78.479 0.000230006 0.0005335 0.000440835 10.5369
18.4402 78.479 0.0010175 -0.00165196 -0.000112736 7.02459
19.4369 78.479 0.000705717 0.000304212 0.000369611 10.0351
20.4337 78.479 -0.000235465 0.00025846 -0.000537614 19.5685
21.4305 78.479 -0.00162347 0.000611124 -0.000323544 10.0351
22.4272 78.479 0.000720407 0.000316561 -3.77128e-05 14.5509
23.424 78.479 -0.000116978 0.000137164 0.000381282 22.0773
24.4208 78.479 0.000371254 -0.000595823 0.00160051 8.52986
25.4175 78.479 0.00128035 -0.000927292 -0.00119492 10.0351
26.4143 78.479 -0.00111602 -7.15275e-05 0.000409382 7.52634
27.4111 78.479 0.00024872 -0.000174758 -0.0013706 7.02459
28.4078 78.479 -0.000123898 0.000599669 0.00166899 20.0703
29.4046 78.479 0.0019333 0.00134663 -0.000424698 13.5474
30.4014 78.479 1.76663e-05 0.000673105 0.000841419 13.0457
31.3981 78.479 0.00105909 1.34939e-06 0.0012069 18.0632
32.3949 78.479 -0.000368877 -0.000255194 7.75952e-05 12.0422
33.3917 78.479 -0.000195769 0.00126417 0.000174188 7.02459
34.3884 78.479 0.000497756 0.000736146 -0.000501736 8.52986
35.3852 78.479 0.000298717 -0.000682411 -0.000394479 10.5369
36.382 78.479 0.00214788 0.000467226 -7.17831e-05 6.52283
37.3787 78.479 0.000306471 -0.000801995 -0.000134752 16.0562
38.3755 78.479 0.000328877 0.000182996 -0.00194649 8.52986
39.3723 78.479 -0.000220093 -0.000349021 -0.000796856 14.5509
40.369 78.479 0.000544461 -0.000330706 0.000220679 17.0597
41.3658 78.479 3.54693e-05 4.98341e-05 -0.000896816 14.5509
42.3626 78.479 0.00120996 3.74063e-05 3.14334e-05 11.0386
43.3593 78.479 -6.54288e-05 0.000223958 -0.00103052 9.03161
44.3561 78.479 -0.00130405 1.1007e-05 0.000668076 8.52986
45.3529 78.479 0.000256418 0.000438955 -0.000474518 18.565
46.3496 78.479 0.000767641 -0.0010029 0.00185508 11.5404
47.3464 78.479 0.000435984 -0.00124414 -0.000232543 14.5509
48.3432 78.479 -0.000251267 6.49143e-05 0.000646564 17.0597
49.3399 78.479 -4.84779e-05 -1.88896e-05 0.000238274 13.5474
50.3367 78.479 0.00166494 -0.000408887 0.000663299 6.02108
51.3335 78.479 0.000241702 0.000509985 0.000317269 7.52634
52.3302 78.479 0.00156643 0.00192142 -0.000185324 8.0281
53.327 78.479 -0.000806983 0.000327447 -0.000519203 16.558
54.3238 78.479 -0.00029503 -0.000222805 -1.7034e-05 20.0703
55.3205 78.479 0.000560881 -0.000102508 -0.000660928 12.0422
56.3173 78.479 -3.71691e-05 0.000239086 0.000276914 16.0562
57.3141 78.479 -0.000102173 -0.000218651 0.000494146 12.0422
58.3108 78.479 0.000909914 -0.000613824 0.000352689 5.51932
59.3076 78.479 0.00111763 -4.28603e-05 -0.000555459 8.0281
60.3044 78.479 0.000211166 0.00164389 -0.000349976 10.0351
61.3011 78.479 -0.000216827 0.000956945 -0.000291069 15.0527
62.2979 78.479 0.000808413 0.000529997 8.29874e-05 24.0843
63.2947 78.479 -3.32036e-05 0.000260245 -0.00069483 11.5404
64.2914 78.479 -0.000553345 -0.000799163 -0.000416583 18.565
65.2882 78.479 0.000291732 0.000416482 -0.000233456 16.558
66.285 78.479 -0.000366611 -0.00123773 -0.000743054 5.51932
67.2817 78.479 -0.000568863 -0.000246107 0.00100725 8.52986
68.2785 78.479 0.00142436 -7.44158e-05 -0.00125187 7.02459
69.2753 78.479 0.00164168 -0.000479339 -0.00157857 7.02459
70.272 78.479 0.000657567 0.000286522 -3.71185e-05 24.0843
71.2688 78.479 -9.10988e-05 0.000723121 -0.000523835 12.5439
72.2656 78.479 -0.000224669 0.000568185 0.000430184 8.52986
73.2623 78.479 6.27202e-05 -0.000231062 0.000460502 24.5861
74.2591 78.479 0.000473066 0.000981971 -0.00143932 11.0386
75.2559 78.479 -0.000906198 -0.000557232 0.00187407 6.02108
76.2526 78.479 0.000710273 0.00163545 -0.00238029 6.02108
77.2494 78.479 -0.000590373 -0.000345654 0.00175368 7.52634
78.2462 78.479 0.000141202 0.00132769 -0.000377784 19.0667
79.2429 78.479 -0.000193277 0.000787016 -0.000899462 16.558
80.2397 78.479 0.000326782 0.000968693 -0.000483377 14.5509
81.2365 78.479 -0.000468251 0.000650402 -0.000334887 17.5615
82.2332 78.479 0.000367934 -0.000619426 -0.000475421 14.0492
0.498383 79.4787 0.000353452 0.000225398 -2.28554e-05 8.52986
1.49515 79.4787 0.00112044 -0.000465349 -0.0019049 7.52634
2.49192 79.4787 -0.00195066 0.000271364 -0.000215008 6.52283
3.48868 79.4787 5.98994e-05 -0.000485508 0.000286358 11.5404
4.48545 79.4787 -0.000679524 0.00121262 0.000138525 14.5509
5.48221 79.4787 1.22935e-06 -5.7876e-05 0.000467631 11.5404
6.47898 79.4787 0.000943772 0.00123319 0.000930861 13.0457
7.47575 79.4787 -0.00147191 -0.000559999 0.000766113 15.0527
8.47251 79.4787 0.00204761 0.000720729 -0.00101742 5.51932
9.46928 79.4787 -0.000255405 0.000572513 -0.00128037 4.51581
10.466 79.4787 -0.000576563 0.00087735 -0.000844376 5.01756
11.4628 79.4787 0.00104079 -0.000288226 0.00103672 10.0351
12.4596 79.4787 -0.000540682 -5.24138e-05 -4.57033e-05 11.5404
13.4563 79.4787 0.000740172 0.000245968 0.00154941 8.0281
14.4531 79.4787 -0.000138541 0.000320558 7.60061e-05 14.5509
15.4499 79.4787 -0.000483897 0.000326607 -0.0004591 16.558
16.4466 79.4787 0.00200777 0.000507592 -3.23479e-05 6.52283
17.4434 79.4787 0.00132154 0.000455146 -0.00159961 6.52283
18.4402 79.4787 0.00164505 0.00213587 0.000337362 6.02108
19.4369 79.4787 0.000779385 0.00131547 -0.00109937 8.0281
20.4337 79.4787 0.00148988 -0.000689101 0.000960834 19.5685
21.4305 79.4787 7.96983e-05 9.32888e-05 0.000401744 11.5404
22.4272 79.4787 0.000362715 0.000740145 0.000821071 10.5369
23.424 79.4787 -0.00104847 0.000423866 -0.0010509 16.558
24.4208 79.4787 0.000578397 0.000107321 3.62021e-05 12.0422
25.4175 79.4787 7.90003e-05 -0.0017492 -0.00197611 6.52283
26.4143 79.4787 0.00271696 0.000176144 0.00184233 4.51581
27.4111 79.4787 0.00158502 0.000268026 0.000564852 9.03161
28.4078 79.4787 0.000123759 0.000301858 -8.68872e-05 15.5544
29.4046 79.4787 -0.000590319 0.000218362 -0.000558364 14.0492
30.4014 79.4787 -0.000872146 -0.00059836 0.000113651 13.5474
31.3981 79.4787 -0.0020725 0.000220082 0.000873741 9.03161
32.3949 79.4787 -2.2729e-05 0.000442154 -2.89855e-05 14.5509
33.3917 79.4787 -0.000397282 -5.85394e-05 0.000423449 10.5369
34.3884 79.4787 0.00125765 -0.000524348 0.000166486 8.0281
35.3852 79.4787 -0.000599042 -0.00075192 0.000993058 10.5369
36.382 79.4787 0.000438134 -0.000238686 3.02361e-05 10.0351
37.3787 79.4787 0.000282777 0.000164647 -0.000673469 19.0667
38.3755 79.4787 -5.50674e-05 0.000512569 0.00129239 11.5404
39.3723 79.4787 -0.000573443 -0.0015161 0.000299707 12.5439
40.369 79.4787 -0.00107875 -0.000745786 -0.000342126 16.558
41.3658 79.4787 -0.000523862 -6.41222e-05 0.00179076 11.0386
42.3626 79.4787 0.000119728 0.00168016 -0.000221391 3.51229
43.3593 79.4787 0.000689184 -0.000849213 0.00119787 6.02108
44.3561 79.4787 -0.000374037 -0.000717729 -0.000155546 13.5474
45.3529 79.4787 -0.00138811 -5.76055e-05 0.000140923 18.0632
46.3496 79.4787 0.000454678 -0.000505049 -0.000812022 10.5369
47.3464 79.4787 -0.000249176 -0.000211184 -0.000435142 12.5439
48.3432 79.4787 -8.4264e-05 -0.000902006 -5.25238e-05 14.0492
49.3399 79.4787 -0.000462113 0.000437483 0.000219247 11.5404
50.3367 79.4787 -0.000477726 -0.000961079 0.00107382 5.51932
51.3335 79.4787 0.00175818 -0.000400096 -0.00116458 10.0351
52.3302 79.4787 -0.000278092 0.000445125 -0.00181411 7.52634
53.327 79.4787 0.000410463 -0.000133256 0.000639442 11.5404
54.3238 79.4787 4.50038e-05 0.00128234 -0.000154484 13.5474
55.3205 79.4787 -0.000513122 0.000613802 0.00140919 5.51932
56.3173 79.4787 -0.000573089 -0.00027127 0.000448085 19.5685
57.3141 79.4787 0.00100939 -0.00038146 -0.000908192 11.0386
58.3108 79.4787 -0.000251123 -0.000148492 -0.00110834 9.53337
59.3076 79.4787 0.000937653 0.00088405 1.17846e-05 5.51932
60.3044 79.4787 0.000314968 0.00181693 -0.00014564 4.51581
61.3011 79.4787 0.00128909 -0.000122579 -0.00114385 13.5474
62.2979 79.4787 -0.000960603 0.000227881 0.000294387 15.0527
63.2947 79.4787 0.000790495 -0.000243112 -0.000728476 8.0281
64.2914 79.4787 -0.00040212 0.000451605 0.000477845 12.5439
65.2882 79.4787 -0.00121587 -0.000146169 -0.000246928 23.0808
66.285 79.4787 0.00168913 -0.000102328 0.00101528 6.52283
67.2817 79.4787 0.000476399 0.000417129 -0.000464346 7.52634
68.2785 79.4787 -0.00139044 -0.000254271 -0.000790464 5.51932
69.2753 79.4787 0.00020846 -0.00103835 -0.000484188 9.03161
70.272 79.4787 -0.000398109 -0.000369584 -0.000415537 15.0527
71.2688 79.4787 -0.000819462 5.60271e-05 0.00039393 16.0562
72.2656 79.4787 0.00122398 0.000878097 0.00186532 7.52634
73.2623 79.4787 -0.000831884 -0.000491019 0.000234232 19.5685
74.2591 79.4787 -0.00258597 -4.91933e-05 -0.00135354 9.03161
75.2559 79.4787 0.000822448 0.000142967 -0.000290628 8.0281
76.2526 79.4787 0.000999428 0.000711558 -0.000142711 7.52634
77.2494 79.4787 -0.000931243 0.00015425 4.28791e-05 9.03161
78.2462 79.4787 0.000799213 -0.000865205 -0.000800351 15.0527
79.2429 79.4787 -0.00158233 -0.000609599 -0.000740566 12.5439
80.2397 79.4787 -8.02921e-06 0.000810887 -0.0012739 9.53337
81.2365 79.4787 0.00100089 7.97871e-05 -0.000637711 16.0562
82.2332 79.4787 0.00142045 0.000209467 0.00065642 12.0422
0.498383 80.4785 0.0013984 -0.000833586 0.000195092 17.0597
1.49515 80.4785 -0.000283214 -0.000342081 0.000573725 6.52283
2.49192 80.4785 -0.00139151 -0.000363973 -0.000667243 15.5544
3.48868 80.4785 0.000703445 -0.000253173 0.000771671 17.0597
4.48545 80.4785 -0.000528347 -0.00047469 0.000200657 10.0351
5.48221 80.4785 -0.000447589 9.77618e-05 6.40816e-05 9.03161
6.47898 80.4785 0.00025677 0.00168926 -0.000100449 2.50878
7.47575 80.4785 -0.00129024 0.000239224 0.000558631 14.5509
8.47251 80.4785 0.000252823 -0.000552229 -0.000333834 14.0492
9.46928 80.4785 0.00106255 0.000210072 0.000159758 12.0422
10.466 80.4785 0.00050155 -0.000508621 0.000472799 11.5404
11.4628 80.4785 0.00144136 0.000449316 0.000476571 17.0597
12.4596 80.4785 -0.000856454 0.0015075 -0.000980537 7.02459
13.4563 80.4785 -0.00059329 -0.000444743 0.000893202 6.02108
14.4531 80.4785 0.00146355 -0.000339601 0.00128018 9.53337
15.4499 80.4785 0.00106983 0.00117353 0.000688938 10.0351
16.4466 80.4785 -0.000637385 0.000267656 -0.000306074 11.5404
17.4434 80.4785 0.000124462 -0.000401461 0.000393498 14.5509
18.4402 80.4785 0.0017537 -0.000629663 0.000739366 11.0386
19.4369 80.4785 8.6314e-05 0.000182582 -0.000512491 18.565
20.4337 80.4785 0.00113533 -0.000105 0.00104535 8.52986
21.4305 80.4785 -0.000443678 -0.000537697 0.000618877 5.01756
22.4272 80.4785 0.00133695 0.00151262 0.00135339 5.51932
23.424 80.4785 0.000994757 -0.000278075 0.000721067 9.53337
24.4208 80.4785 -0.000381412 -0.000601688 -0.000910292 14.5509
25.4175 80.4785 -0.000712093 0.000427385 -0.000265464 10.0351
26.4143 80.4785 0.00110455 -0.00117361 -0.000312687 11.5404
27.4111 80.4785 0.000523533 -0.000267904 -0.00054044 14.5509
28.4078 80.4785 -0.00118522 0.000580465 -0.00119795 8.0281
29.4046 80.4785 -0.000475808 0.000104262 -7.71385e-05 6.52283
30.4014 80.4785 0.00126598 -1.79208e-05 -0.00071691 9.53337
31.3981 80.4785 0.000109522 0.000985095 -0.000244667 12.0422
32.3949 80.4785 -0.000670921 -8.72639e-05 -0.00103921 13.0457
33.3917 80.4785 -0.000383367 -0.000197947 -0.000304128 16.558
34.3884 80.4785 -0.000232555 0.00181775 -0.00148388 7.02459
35.3852 80.4785 0.000525539 8.81187e-05 -0.000417503 17.5615
36.382 80.4785 -0.000163466 -0.000282083 0.000360384 14.5509
37.3787 80.4785 0.000727947 -0.000630089 0.000720839 7.02459
38.3755 80.4785 0.00046571 0.00110108 -0.00201908 7.02459
39.3723 80.4785 -0.000182496 -5.24954e-05 -0.000982899 12.0422
40.369 80.4785 0.00034894 -0.000297853 0.000782964 10.0351
41.3658 80.4785 0.000137318 0.000713951 -0.000279257 12.5439
42.3626 80.4785 -0.000304757 0.000639083 0.000344014 12.5439
43.3593 80.4785 -0.000244685 -0.000950734 -0.000132343 11.5404
44.3561 80.4785 0.00180604 -0.00190472 -0.000398761 13.0457
45.3529 80.4785 -0.0015172 -0.000175906 -0.000200701 12.0422
46.3496 80.4785 0.000787826 -0.000749635 0.000669944 6.02108
47.3464 80.4785 0.000139142 0.00122321 -0.00106772 10.0351
48.3432 80.4785 0.000490466 0.00133234 -0.000467687 8.0281
49.3399 80.4785 -0.000100001 -5.97471e-05 -6.22886e-05 18.565
50.3367 80.4785 0.000402033 0.00187172 0.000345608 9.03161
51.3335 80.4785 -0.00130382 -0.000903143 0.000461688 10.5369
52.3302 80.4785 -0.000651284 -0.000499801 0.000188488 19.0667
53.327 80.4785 -0.000421559 -0.000588394 -0.000108678 12.0422
54.3238 80.4785 -0.000962726 -0.000249698 -0.000174915 10.5369
55.3205 80.4785 0.00124924 0.000868003 4.44864e-05 10.0351
56.3173 80.4785 -0.000156442 0.000652388 -0.000298648 7.02459
57.3141 80.4785 -0.00085046 -1.20328e-05 -0.00030126 13.0457
58.3108 80.4785 -0.000505577 -0.000744076 -0.00095299 13.0457
59.3076 80.4785 -0.000361873 0.000568289 -0.00059184 9.03161
60.3044 80.4785 -0.000176224 -0.000257292 -0.000360159 16.0562
61.3011 80.4785 3.84732e-05 -0.00027966 -0.000371787 13.5474
62.2979 80.4785 -3.03971e-05 -0.00127042 0.000792815 5.51932
63.2947 80.4785 -0.00129916 -0.000593196 -0.00126158 10.0351
64.2914 80.4785 0.000859659 0.00103269 -0.000786765 9.53337
65.2882 80.4785 -0.000746535 0.0001875 -0.00160538 9.03161
66.285 80.4785 -0.000396454 0.000296726 -3.75217e-05 16.558
67.2817 80.4785 -0.000993914 0.000390899 0.00142828 12.0422
68.2785 80.4785 -0.000862484 7.41404e-05 -0.000963186 13.5474
69.2753 80.4785 9.96481e-05 -0.000280725 0.000119357 16.0562
70.272 80.4785 0.00277269 0.00139413 0.00106405 7.52634
71.2688 80.4785 -0.00061254 0.000124566 -0.00011826 7.02459
72.2656 80.4785 -0.00080772 0.000409601 0.000988958 6.02108
73.2623 80.4785 0.000712591 0.000469008 -0.000112302 13.5474
74.2591 80.4785 -8.14421e-05 0.000997201 0.000521769 12.0422
75.2559 80.4785 0.000543114 0.000575586 -0.000551197 12.5439
76.2526 80.4785 0.00214251 -0.000588667 0.000323024 8.52986
77.2494 80.4785 0.000262371 -0.000385246 -0.000442712 16.558
78.2462 80.4785 0.000534774 -0.000152502 0.0013911 12.0422
79.2429 80.4785 0.00100515 -0.000135944 -0.000789405 6.52283
80.2397 80.4785 -0.000890758 0.000501621 0.00067694 7.52634
81.2365 80.4785 -4.03418e-05 -0.000241287 0.00190212 7.02459
82.2332 80.4785 -0.000744229 0.000689603 -0.000644224 12.0422
0.498383 81.4782 -0.00108594 -0.00093408 0.000204701 24.0843
1.49515 81.4782 0.000194522 0.000308499 0.000405822 10.0351
2.49192 81.4782 0.000252579 0.000783474 -0.000219225 19.0667
3.48868 81.4782 -0.00047309 -0.00102655 0.0011145 13.0457
4.48545 81.4782 -0.000685425 0.000156041 0.000177946 6.02108
5.48221 81.4782 0.000627674 0.000758713 0.000415055 7.52634
6.47898 81.4782 0.00110359 -0.000888222 0.00150344 8.0281
7.47575 81.4782 -0.000901316 -0.000499452 -3.43353e-05 8.52986
8.47251 81.4782 -0.000531193 -9.22867e-05 -0.000182075 20.572
9.46928 81.4782 -0.000323879 -0.000190533 -0.000387282 9.53337
10.466 81.4782 -0.000579127 -0.000920501 0.000135517 17.0597
11.4628 81.4782 -0.000221611 0.00058656 2.44379e-05 26.5931
12.4596 81.4782 0.000127413 0.000822305 -0.000906603 5.51932
13.4563 81.4782 -0.00275196 -0.000611961 0.000693422 6.02108
14.4531 81.4782 -0.0014111 0.000185641 -0.00038635 7.02459
15.4499 81.4782 -0.00191016 -0.000123703 0.00130096 11.5404
16.4466 81.4782 0.00075561 -0.000470102 -0.000679721 23.0808
17.4434 81.4782 0.000217374 -0.0002832 -0.000703461 11.5404
18.4402 81.4782 0.00149865 0.000996904 0.00041688 10.0351
19.4369 81.4782 -0.000512463 -2.53016e-05 -0.000672345 22.0773
20.4337 81.4782 0.00106343 0.00093604 0.000439222 11.0386
21.4305 81.4782 0.00100174 -0.000681758 -0.000344487 7.52634
22.4272 81.4782 2.38122e-05 -0.000228657 8.50448e-05 10.5369
23.424 81.4782 0.00194125 0.000976597 0.000616697 6.52283
24.4208 81.4782 -0.000703679 0.00022502 0.000198156 24.5861
25.4175 81.4782 0.00104852 0.000146346 -3.33692e-05 16.0562
26.4143 81.4782 0.000636781 -0.000606864 -1.83577e-05 12.5439
27.4111 81.4782 -0.00023719 0.000290877 0.000139628 28.0984
28.4078 81.4782 -0.000189993 -7.43444e-05 0.000736581 9.03161
29.4046 81.4782 0.000513232 -0.000873792 -0.00102568 5.51932
30.4014 81.4782 3.71063e-05 -3.5035e-05 -0.00111185 5.01756
31.3981 81.4782 0.000942568 0.000922335 -0.000209939 8.0281
32.3949 81.4782 0.000391292 -0.000231882 0.000496076 10.5369
33.3917 81.4782 -0.00116237 0.000591956 -0.00019561 19.0667
34.3884 81.4782 0.00110456 0.000352386 0.000390408 8.52986
35.3852 81.4782 -1.48166e-05 -0.000711966 1.76311e-05 17.5615
36.382 81.4782 -0.000354403 0.000226758 0.000189582 16.0562
37.3787 81.4782 -0.000329594 -0.00107675 -0.000900988 8.0281
38.3755 81.4782 -0.0016738 0.00012137 0.0010097 5.01756
39.3723 81.4782 0.00105345 0.00032212 -0.000548414 9.03161
40.369 81.4782 5.45086e-05 -0.000687211 0.000933575 8.52986
41.3658 81.4782 -0.000217184 -0.000698941 0.00016961 20.572
42.3626 81.4782 -0.00118894 0.000925851 5.55791e-05 13.0457
43.3593 81.4782 -0.000594429 -0.000688899 -0.000642076 12.0422
44.3561 81.4782 -0.000554729 -5.97093e-05 0.000696772 22.0773
45.3529 81.4782 -0.000765143 0.000544604 0.000279351 13.0457
46.3496 81.4782 0.00155287 0.000394595 0.000882095 5.51932
47.3464 81.4782 0.000636015 -0.00158432 0.00272332 9.53337
48.3432 81.4782 -0.00197891 0.000805364 0.00199228 6.52283
49.3399 81.4782 -0.00133914 0.00143795 -0.000135242 20.0703
50.3367 81.4782 0.000729482 8.30022e-05 -0.000102424 15.5544
51.3335 81.4782 0.00216027 0.00123181 0.00150035 10.0351
52.3302 81.4782 0.000612675 0.000455962 -0.000952212 18.565
53.327 81.4782 0.000326165 0.00053169 -0.000338502 14.0492
54.3238 81.4782 0.000433847 -0.000908297 0.000261456 5.01756
55.3205 81.4782 0.000805769 8.15168e-05 0.000480137 10.0351
56.3173 81.4782 0.0012969 0.000102806 -0.000563826 10.5369
57.3141 81.4782 0.000458853 0.000986803 -0.000451476 15.5544
58.3108 81.4782 0.000540542 -0.00106427 0.000790719 19.5685
59.3076 81.4782 0.000247954 0.00118437 0.000318262 8.0281
60.3044 81.4782 -0.00144299 3.01311e-05 -6.9726e-06 23.5825
61.3011 81.4782 0.00022978 -8.14206e-05 -0.000602969 16.0562
62.2979 81.4782 0.000877651 0.000376454 -0.00051056 9.53337
63.2947 81.4782 0.001178 5.87729e-05 -0.000457291 6.02108
64.2914 81.4782 -0.00162247 0.000461014 -0.000791094 8.0281
65.2882 81.4782 0.00121392 0.000885288 0.000138332 13.0457
66.285 81.4782 0.000204472 0.000522127 0.000202736 22.579
67.2817 81.4782 -0.00171453 -0.000307084 -0.000464515 11.0386
68.2785 81.4782 -0.000841866 0.000366659 -0.000578824 15.0527
69.2753 81.4782 -0.000526212 -0.0010391 -9.93949e-05 22.0773
70.272 81.4782 -6.43362e-05 -0.000650079 0.00140373 8.52986
71.2688 81.4782 0.000322484 -0.00111583 0.00111666 8.0281
72.2656 81.4782 0.00144627 0.000998068 -0.000665747 4.01405
73.2623 81.4782 0.000139245 -0.000855388 -0.000189815 6.52283
74.2591 81.4782 -0.000661566 -9.37595e-05 -5.32017e-07 24.0843
75.2559 81.4782 -0.00145518 -0.000298495 -0.000776419 15.5544
76.2526 81.4782 -0.00105462 -4.26295e-05 -0.000533243 12.5439
77.2494 81.4782 0.000355433 -0.000881003 0.000221895 21.0738
78.2462 81.4782 -0.000779621 -0.000524994 -0.000152221 10.5369
79.2429 81.4782 0.000716557 0.000246603 -0.000599624 5.51932
80.2397 81.4782 -0.000577274 0.000892201 9.75141e-05 9.03161
81.2365 81.4782 0.00104852 0.00161443 0.000677598 12.5439
82.2332 81.4782 0.00027804 0.000111298 -0.000241993 13.5474
0.498383 82.4779 -0.00110993 0.00170993 0.000749512 7.02459
1.49515 82.4779 0.00263105 -0.000787351 -0.000472091 7.02459
2.49192 82.4779 0.000630009 -5.52574e-06 0.000291715 11.5404
3.48868 82.4779 -0.000733469 -0.000916235 8.68802e-05 11.5404
4.48545 82.4779 0.000813406 -0.000787554 0.00133411 8.52986
5.48221 82.4779 0.000601623 -0.00217018 0.000832514 8.0281
6.47898 82.4779 -9.99868e-05 0.000604775 -0.00025986 13.0457
7.47575 82.4779 0.0015245 -0.000204207 -0.000303717 13.0457
8.47251 82.4779 0.00101364 0.00104164 0.000106182 12.5439
9.46928 82.4779 -0.000219446 -0.00037652 -0.000255187 7.52634
10.466 82.4779 0.000476585 -6.14326e-05 -0.000280282 6.52283
11.4628 82.4779 0.000412955 -0.000351998 -0.000535281 10.5369
12.4596 82.4779 0.00180363 -0.00107917 -8.19077e-05 11.5404
13.4563 82.4779 0.00200922 -0.000845162 0.000196242 6.02108
14.4531 82.4779 0.000158225 0.000736746 0.000373509 12.5439
15.4499 82.4779 -0.000459654 0.000224688 -0.000855774 13.5474
16.4466 82.4779 0.000857211 0.000843066 -0.00216984 11.0386
17.4434 82.4779 0.000142752 7.9392e-05 0.00150178 7.02459
18.4402 82.4779 0.00143987 0.00116319 0.00125574 9.53337
19.4369 82.4779 0.000197939 0.000371513 -0.000168452 9.03161
20.4337 82.4779 0.000774101 -0.000404485 -0.00134353 11.0386
21.4305 82.4779 0.000516145 0.000699477 0.000251619 11.5404
22.4272 82.4779 -0.000599781 -0.000393683 0.00096591 8.52986
23.424 82.4779 0.000523989 -0.000638809 0.00122086 8.52986
24.4208 82.4779 0.000621029 -6.38353e-05 0.000201945 8.52986
25.4175 82.4779 -6.42711e-05 -0.0025906 0.000183015 7.02459
26.4143 82.4779 0.000271851 -5.09901e-05 -0.000896342 7.02459
27.4111 82.4779 0.00155505 0.000268598 -0.00151819 13.0457
28.4078 82.4779 -0.00236893 0.00146831 0.00087421 9.03161
29.4046 82.4779 0.000290281 0.000298946 0.000213663 10.5369
30.4014 82.4779 0.00143445 -0.000204781 0.00158082 7.02459
31.3981 82.4779 -0.000841284 -0.000841345 0.000371118 15.0527
32.3949 82.4779 -0.000416853 -0.000377174 3.25443e-05 10.0351
33.3917 82.4779 -2.3017e-05 -0.000230406 -0.000695529 13.0457
34.3884 82.4779 0.00112845 -0.000417426 -0.000547484 8.0281
35.3852 82.4779 -0.000535044 -0.00214048 0.00214525 7.52634
36.382 82.4779 0.000325488 8.31825e-05 0.000927105 12.0422
37.3787 82.4779 8.8122e-05 -0.000406209 -0.000182196 12.5439
38.3755 82.4779 0.000451368 0.00140147 -2.85771e-05 7.52634
39.3723 82.4779 -0.00016559 -0.00113373 -6.70475e-05 11.5404
40.369 82.4779 -0.00025014 -0.000823628 -0.00122388 13.5474
41.3658 82.4779 0.00101158 4.41802e-05 0.0011304 9.53337
42.3626 82.4779 -0.0017476 -0.000636271 0.000125183 9.03161
43.3593 82.4779 0.00115017 0.000107812 -0.000431851 11.0386
44.3561 82.4779 0.000382489 0.000415544 -0.000480859 12.5439
45.3529 82.4779 0.000621961 -0.000120002 -0.000170272 8.52986
46.3496 82.4779 -0.00228659 -0.000265933 0.000343538 9.03161
47.3464 82.4779 0.00266681 0.000534788 -0.00025383 7.02459
48.3432 82.4779 0.00103285 0.000419847 0.000772625 15.0527
49.3399 82.4779 0.00101851 -0.000799107 0.000518972 10.5369
50.3367 82.4779 -0.000486608 -0.00101233 0.000640584 6.02108
51.3335 82.4779 0.000642004 -0.000209807 -0.00109455 10.0351
52.3302 82.4779 1.6657e-05 8.24637e-06 -0.00147972 9.53337
53.327 82.4779 -0.00146507 0.00148863 -0.000407262 9.03161
54.3238 82.4779 -0.000450982 0.000273902 0.00103908 12.0422
55.3205 82.4779 0.00123425 -0.000284024 0.000261716 7.52634
56.3173 82.4779 0.000376358 0.000131899 0.00049571 12.0422
57.3141 82.4779 -0.000285364 -0.000294879 -0.000427528 12.5439
58.3108 82.4779 -0.002055 0.0011048 0.00187225 7.52634
59.3076 82.4779 0.0005271 -0.000675599 -0.000834538 8.0281
60.3044 82.4779 0.0015655 -0.000488512 0.000992002 7.52634
61.3011 82.4779 2.75631e-05 0.000462368 -0.000657046 12.5439
62.2979 82.4779 -0.00125322 6.63112e-05 0.000363911 8.52986
63.2947 82.4779 -0.000183751 3.3292e-05 -0.000905557 7.02459
64.2914 82.4779 0.000313398 -0.000631928 -0.000805049 8.52986
65.2882 82.4779 -0.00121937 0.00132131 -0.000449329 12.0422
66.285 82.4779 -0.000756672 0.000519351 -0.000121174 12.5439
67.2817 82.4779 5.16754e-05 -0.000203665 9.984e-06 3.51229
68.2785 82.4779 -0.00121177 -0.0011232 -0.0012226 10.0351
69.2753 82.4779 4.93706e-05 -0.00130869 0.000468895 10.5369
70.272 82.4779 -0.00178397 -0.000235512 -0.00139232 11.0386
71.2688 82.4779 -0.00110844 -0.000161458 -2.84093e-05 11.0386
72.2656 82.4779 -0.00129019 -0.000387086 0.000293427 7.02459
73.2623 82.4779 -0.00012525 -0.000372153 -0.000347804 11.0386
74.2591 82.4779 0.000178513 9.45548e-05 0.000428504 11.5404
75.2559 82.4779 -0.000571957 0.00136132 0.000174585 8.52986
76.2526 82.4779 0.00102518 -0.000611514 -0.000212518 7.52634
77.2494 82.4779 0.00071905 -0.000485964 -0.000121576 12.0422
78.2462 82.4779 0.000112323 0.000127197 -0.000677668 10.0351
79.2429 82.4779 0.000530033 0.000707721 0.000771389 9.53337
80.2397 82.4779 -8.56998e-05 -0.000120531 0.000773355 8.0281
81.2365 82.4779 -0.000744913 7.79498e-05 0.000578477 10.5369
82.2332 82.4779 0.00131002 0.000838804 1.25757e-05 9.53337
0.498383 83.4777 0.00104976 -0.000582172 -0.000159803 10.0351
1.49515 83.4777 -0.000592873 2.18122e-05 0.000242033 8.0281
2.49192 83.4777 0.000385125 -0.00113147 -0.000509232 2.00703
3.48868 83.4777 -0.000579455 0.0008838 -0.000510662 18.565
4.48545 83.4777 -0.000879335 0.000151729 0.00022787 28.6001
5.48221 83.4777 0.00159112 0.000542177 0.000789102 6.52283
6.47898 83.4777 -0.000547143 -0.000312096 0.000162804 16.558
7.47575 83.4777 -0.000867385 -0.000313046 -0.000139382 22.579
8.47251 83.4777 -0.000479994 -9.75953e-05 -0.000133554 7.02459
9.46928 83.4777 1.2684e-05 0.000550562 0.000319684 7.02459
10.466 83.4777 -0.00035658 0.000355564 0.000627935 7.52634
11.4628 83.4777 0.0012099 0.00101705 0.00139811 11.0386
12.4596 83.4777 0.000274459 -0.00016749 -0.00051219 24.0843
13.4563 83.4777 -0.000909633 -0.000190165 -0.000457276 16.558
14.4531 83.4777 0.0015782 -7.13804e-05 0.000900786 13.5474
15.4499 83.4777 4.96175e-05 0.000243671 8.4878e-05 16.558
16.4466 83.4777 -5.32368e-05 0.000476033 0.000681074 7.52634
17.4434 83.4777 -0.00233096 0.000380887 -0.000127482 9.03161
18.4402 83.4777 -0.00107677 0.00210903 -0.00061239 7.52634
19.4369 83.4777 0.000385358 -0.000277009 0.000669953 11.0386
20.4337 83.4777 0.000688107 0.000224766 0.000173846 20.0703
21.4305 83.4777 -0.000689071 0.00107219 -0.000894 15.5544
22.4272 83.4777 0.000541476 0.000745529 0.000248945 13.5474
23.424 83.4777 -0.000121828 0.000534816 0.000317955 25.5896
24.4208 83.4777 0.00168253 -0.000768549 0.000651719 11.5404
25.4175 83.4777 -0.00111043 0.000781074 -0.000126846 9.53337
26.4143 83.4777 0.00111303 0.00116205 0.00026432 8.0281
27.4111 83.4777 -0.002339 1.75663e-05 0.000307612 6.02108
28.4078 83.4777 -0.000333986 -0.000495975 -0.000443519 17.5615
29.4046 83.4777 0.00067801 0.000507858 8.0551e-05 22.0773
30.4014 83.4777 0.000148217 -3.57932e-05 -0.00137533 11.0386
31.3981 83.4777 -0.000127389 0.000531062 -0.000463996 18.565
32.3949 83.4777 -0.000456909 0.00121622 0.000334583 14.0492
33.3917 83.4777 0.00117934 -0.00103393 0.00198662 7.52634
34.3884 83.4777 -7.26972e-05 0.00096962 -0.00130036 7.52634
35.3852 83.4777 0.000548101 -0.00211506 -1.03374e-05 7.52634
36.382 83.4777 0.000214771 -0.000324246 6.38218e-05 17.0597
37.3787 83.4777 0.000606152 1.17499e-05 -0.00100163 23.0808
38.3755 83.4777 -0.000718921 0.00190534 -0.000706996 7.02459
39.3723 83.4777 -0.000238016 0.000104538 0.000404371 13.5474
40.369 83.4777 0.000344898 -0.000571709 -0.000221519 21.5755
41.3658 83.4777 -0.000361667 9.86178e-05 0.00112392 8.0281
42.3626 83.4777 -0.000232561 -0.000126651 -5.82141e-05 7.52634
43.3593 83.4777 0.000329991 0.00197896 0.00148675 6.52283
44.3561 83.4777 0.00129794 -1.56601e-05 -4.5928e-05 12.5439
45.3529 83.4777 -0.000404415 0.000198114 -0.000361542 21.0738
46.3496 83.4777 -0.000582392 0.000856851 0.000403175 14.5509
47.3464 83.4777 -0.00137735 -0.000821904 -0.000383348 13.5474
48.3432 83.4777 0.000208952 1.66661e-05 -0.000115059 20.572
49.3399 83.4777 0.00116015 -0.000589257 0.000946575 11.5404
50.3367 83.4777 0.00144398 -0.00182903 -0.00077012 8.0281
51.3335 83.4777 -4.44801e-05 -0.000621652 -0.000853033 7.52634
52.3302 83.4777 -2.85854e-05 -0.000796522 0.000740816 12.5439
53.327 83.4777 0.00112734 2.99053e-05 -0.000797783 18.0632
54.3238 83.4777 0.000160948 -0.000151849 4.77282e-05 14.0492
55.3205 83.4777 0.000600404 0.000142411 0.000923557 9.53337
56.3173 83.4777 -0.000332816 0.000393522 -0.000535986 24.0843
57.3141 83.4777 0.000449258 0.000541288 -0.0011002 16.558
58.3108 83.4777 0.00175868 0.000824316 -5.12224e-05 10.5369
59.3076 83.4777 0.000471422 0.000920839 -0.000953749 9.53337
60.3044 83.4777 0.00075758 -0.00119229 0.00164627 8.0281
61.3011 83.4777 0.00106788 -1.63861e-05 0.000441104 11.0386
62.2979 83.4777 0.000150744 0.000381725 -0.00109603 24.0843
63.2947 83.4777 0.00120765 -0.0012892 8.54468e-05 12.5439
64.2914 83.4777 -0.00110823 0.000255137 -6.67324e-05 19.0667
65.2882 83.4777 0.000904649 0.00108528 -0.000187995 19.5685
66.285 83.4777 0.000252064 6.79682e-05 -0.00065191 10.5369
67.2817 83.4777 0.00219356 0.000342855 -0.000288802 6.52283
68.2785 83.4777 0.000698759 -0.000517625 0.0026693 8.0281
69.2753 83.4777 0.00143162 0.000455049 0.00208848 5.51932
70.272 83.4777 -0.000702071 2.47872e-05 -0.000203961 24.0843
71.2688 83.4777 2.20095e-05 -0.000297266 0.000554456 14.5509
72.2656 83.4777 0.000781073 0.00135275 0.000529623 12.0422
73.2623 83.4777 -0.000442506 -0.000263531 0.000644178 25.5896
74.2591 83.4777 9.3512e-05 0.000366682 0.000750021 12.0422
75.2559 83.4777 0.000238381 0.000262418 0.00196228 5.01756
76.2526 83.4777 0.000450254 -0.00117991 -0.000812606 4.51581
77.2494 83.4777 0.00170512 -0.0015172 -0.00124219 11.0386
78.2462 83.4777 -5.8038e-05 -0.000176025 0.000150349 25.0878
79.2429 83.4777 -0.000513375 0.000316213 0.000253767 19.0667
80.2397 83.4777 -0.000788147 0.00022397 -0.000728071 11.5404
81.2365 83.4777 -0.000331738 0.00106859 -0.000151721 26.0913
82.2332 83.4777 0.000620412 0.000306613 0.000711526 13.0457
0.498383 84.4774 0.00153593 0.000984054 0.000310109 5.01756
1.49515 84.4774 0.00031313 -0.000480183 7.4079e-05 10.0351
2.49192 84.4774 0.000108104 0.000859086 0.00112476 5.51932
3.48868 84.4774 -0.000622214 0.000434972 0.000581534 13.0457
4.48545 84.4774 0.00105867 -0.000867759 -0.0010027 11.0386
5.48221 84.4774 2.44692e-05 -0.00037614 0.000131002 7.52634
6.47898 84.4774 -0.000711439 0.000726059 0.000842398 8.0281
7.47575 84.4774 -0.000435789 0.000922425 -0.000174626 13.0457
8.47251 84.4774 0.0010609 0.000101574 -0.000414325 10.0351
9.46928 84.4774 0.00118291 -0.000140345 0.000144069 6.02108
10.466 84.4774 -0.000717 -0.000223743 0.000879296 12.5439
11.4628 84.4774 0.00114908 0.00037114 -0.000373071 10.0351
12.4596 84.4774 0.000523706 0.000127529 7.95408e-05 16.558
13.4563 84.4774 -0.00018727 -5.33048e-06 -0.000858744 8.0281
14.4531 84.4774 -0.00176629 -0.000387592 -0.000108227 10.5369
15.4499 84.4774 -0.000695243 0.000957155 0.000283004 13.0457
16.4466 84.4774 -0.000768617 -0.0002215 -0.000201408 13.0457
17.4434 84.4774 0.000231893 0.00085567 0.000634474 6.02108
18.4402 84.4774 0.000723788 -0.000167763 -0.0001226 9.03161
19.4369 84.4774 -0.000382933 0.00133983 -0.000360115 11.0386
20.4337 84.4774 -7.92404e-05 -0.000789665 -0.000926317 11.5404
21.4305 84.4774 0.000938343 -0.000240005 -0.00101483 11.5404
22.4272 84.4774 0.00171464 0.000398983 0.000368543 8.52986
23.424 84.4774 -0.000444896 -1.74876e-05 0.000511442 13.5474
24.4208 84.4774 -0.000482837 0.000854332 -0.000598387 11.0386
25.4175 84.4774 -0.000580093 0.000880184 -0.000429204 6.02108
26.4143 84.4774 0.00171371 -0.000620262 0.00307285 2.00703
27.4111 84.4774 -0.00020337 0.00021568 -0.00104719 8.52986
28.4078 84.4774 -0.000399894 0.00130565 -0.000163218 10.5369
29.4046 84.4774 -0.000642232 -0.00144789 -0.000867496 12.0422
30.4014 84.4774 0.0021103 -0.00197212 -0.000881054 5.51932
31.3981 84.4774 -9.37908e-05 -9.64859e-05 0.000553392 13.5474
32.3949 84.4774 0.000274871 -0.00118177 0.00131266 12.0422
33.3917 84.4774 0.000465674 -0.00026712 0.00051244 9.53337
34.3884 84.4774 0.000101861 -0.00105023 0.000517259 7.52634
35.3852 84.4774 -0.00261339 0.00205585 0.000451464 5.01756
36.382 84.4774 0.000339359 -0.00024748 0.000447489 11.0386
37.3787 84.4774 -0.000184894 -0.000687579 -0.000197234 10.5369
38.3755 84.4774 3.81224e-05 -0.00010842 0.000275365 10.0351
39.3723 84.4774 0.00163138 0.000572039 -0.000638688 12.0422
40.369 84.4774 -3.14871e-05 -0.000187564 0.000371213 12.5439
41.3658 84.4774 3.78653e-05 0.000716196 -0.000260498 10.5369
42.3626 84.4774 0.00100798 -0.000394146 0.00117793 8.52986
43.3593 84.4774 -0.00117692 -0.00122761 -0.000657897 5.51932
44.3561 84.4774 0.00146555 0.000163294 9.96755e-05 10.0351
45.3529 84.4774 0.000596129 0.00138255 -0.000241842 9.53337
46.3496 84.4774 0.000372384 -0.000309965 0.000428453 14.5509
47.3464 84.4774 0.000936555 -6.28232e-05 0.00136851 8.0281
48.3432 84.4774 0.00163955 0.000444621 0.000102675 13.0457
49.3399 84.4774 -0.000408531 0.00019746 8.34843e-05 9.53337
50.3367 84.4774 0.000494636 0.000548575 -6.60547e-05 8.0281
51.3335 84.4774 -0.000236948 -0.000592658 -1.59402e-05 6.52283
52.3302 84.4774 -0.000728883 -0.000322182 -1.36969e-05 6.02108
53.327 84.4774 -0.000156797 0.000304882 -2.27341e-05 16.0562
54.3238 84.4774 0.000870813 0.000100677 0.000179097 11.0386
55.3205 84.4774 0.00118716 0.000406164 0.00117978 9.53337
56.3173 84.4774 -0.00254531 0.000776396 -0.000229211 10.5369
57.3141 84.4774 -0.000213849 -0.000218187 0.000975812 9.03161
58.3108 84.4774 -0.00161735 -0.000372571 0.000179299 8.0281
59.3076 84.4774 -0.00112015 -0.00155608 -0.000141512 7.52634
60.3044 84.4774 0.000322556 0.000307511 -0.00168495 8.52986
61.3011 84.4774 8.94114e-05 0.000153668 0.000390417 12.5439
62.2979 84.4774 0.00138582 0.000675719 -0.000812055 11.5404
63.2947 84.4774 -0.000293346 0.000867911 -0.000112357 11.0386
64.2914 84.4774 0.00069223 0.000678876 0.000934311 9.53337
65.2882 84.4774 -0.000618938 0.000141859 -0.000314351 15.5544
66.285 84.4774 -0.00128074 -0.000380148 -1.01523e-05 7.52634
67.2817 84.4774 -0.00138468 0.000653374 -0.000219354 8.0281
68.2785 84.4774 -0.00023053 0.000673921 -0.00147981 6.52283
69.2753 84.4774 -0.00126436 0.000281595 -0.000974049 12.5439
70.272 84.4774 0.000339518 0.00114821 -2.27727e-05 17.5615
71.2688 84.4774 -0.000902714 -0.00157427 0.000603269 8.52986
72.2656 84.4774 -0.000820704 0.000990079 1.84794e-05 11.0386
73.2623 84.4774 -0.000154281 -0.000511939 -0.00126919 11.0386
74.2591 84.4774 0.000781628 -0.000462777 0.0010963 11.5404
75.2559 84.4774 0.000535618 -0.00122972 0.000545458 6.02108
76.2526 84.4774 -0.00136734 0.000766856 -0.00134674 6.02108
77.2494 84.4774 -0.00174744 0.000184248 0.0014322 5.01756
78.2462 84.4774 0.000227555 0.000163682 0.00084989 15.0527
79.2429 84.4774 -0.000324108 0.00129109 0.000501644 8.0281
80.2397 84.4774 0.000694689 0.00182167 -0.00130637 6.52283
81.2365 84.4774 0.000415285 -0.000275122 -0.000884338 12.0422
82.2332 84.4774 0.000315878 0.00148566 -0.000253084 10.0351
0.498383 85.4771 -9.34073e-05 0.000276496 0.000852025 15.5544
1.49515 85.4771 -0.000504349 -0.00177599 0.000715947 8.0281
2.49192 85.4771 0.00024325 0.000769917 -1.03044e-05 16.558
3.48868 85.4771 -0.000617579 -0.000445602 0.00123693 16.0562
4.48545 85.4771 0.000803443 -0.000426837 -0.000856732 8.0281
5.48221 85.4771 0.00124234 0.000825452 6.3192e-05 9.53337
6.47898 85.4771 1.19577e-05 -0.00109075 -0.000814043 9.53337
7.47575 85.4771 0.00103736 -0.000152736 -0.00121939 9.03161
8.47251 85.4771 0.000198914 0.000701306 0.000549507 20.572
9.46928 85.4771 9.24376e-05 -0.00026215 -0.000189517 12.5439
10.466 85.4771 -0.000361881 0.000576141 -0.000393272 13.0457
11.4628 85.4771 -0.000925087 0.000665942 0.00013755 16.558
12.4596 85.4771 -0.00074138 -0.000280656 -0.000971501 9.53337
13.4563 85.4771 0.000580527 0.000328433 -0.000969981 7.52634
14.4531 85.4771 -0.00134467 0.000492707 -0.000840678 4.51581
15.4499 85.4771 -0.000117724 0.000568655 -0.0003483 10.0351
16.4466 85.4771 0.000264467 -0.000147966 0.000394764 18.565
17.4434 85.4771 -0.000738935 -0.0012603 0.000764856 7.52634
18.4402 85.4771 0.000218808 0.000140299 0.000787719 14.0492
19.4369 85.4771 -0.000421196 -0.000337207 0.000670932 18.0632
20.4337 85.4771 9.90171e-05 -0.00078316 0.000131549 10.5369
21.4305 85.4771 0.000581981 -0.000838072 -0.000932355 9.53337
22.4272 85.4771 -0.00171148 0.00039948 0.00152241 8.0281
23.424 85.4771 -0.0012028 -0.000186882 0.000625465 7.52634
24.4208 85.4771 0.000881881 0.000659811 0.000600515 18.565
25.4175 85.4771 -5.296e-05 -0.000134284 0.000267174 11.5404
26.4143 85.4771 -0.00121255 -0.000269957 0.000504576 11.0386
27.4111 85.4771 -0.000566688 0.000769997 -1.22583e-05 20.0703
28.4078 85.4771 1.18507e-05 -0.000345628 0.000756963 15.5544
29.4046 85.4771 -0.000800518 0.000690532 0.000674336 7.02459
30.4014 85.4771 0.000180536 0.00215671 0.000749065 7.52634
31.3981 85.4771 -0.0005103 -0.000518648 -0.000112616 8.52986
32.3949 85.4771 0.000472009 0.000982771 -0.00021287 11.5404
33.3917 85.4771 -0.00107648 0.00079551 -0.000127371 17.0597
34.3884 85.4771 -0.000163523 0.000164917 0.000390522 8.52986
35.3852 85.4771 -0.000377244 -0.000415566 0.00155092 11.5404
36.382 85.4771 -0.000411755 -0.000214061 0.000588932 13.5474
37.3787 85.4771 0.000754399 -9.54876e-05 0.000545249 8.52986
38.3755 85.4771 0.000466583 0.000200048 0.000377954 10.0351
39.3723 85.4771 0.000738089 0.0012615 0.000454064 9.53337
40.369 85.4771 -0.000584511 -0.000378146 0.000167591 10.5369
41.3658 85.4771 -0.000554794 -0.000745396 2.04303e-05 17.0597
42.3626 85.4771 0.000217537 -6.14892e-05 0.00127433 9.03161
43.3593 85.4771 0.000635215 0.000604734 0.00141496 13.0457
44.3561 85.4771 0.000356313 -0.000668061 0.00173688 13.5474
45.3529 85.4771 -0.00200668 -0.000385629 -0.000106649 11.0386
46.3496 85.4771 -0.00012787 -0.000709307 -0.000181718 10.0351
47.3464 85.4771 -0.00030827 0.00195427 -0.00118279 6.52283
48.3432 85.4771 -0.000155212 -0.000778614 0.000931709 11.5404
49.3399 85.4771 -0.00020435 0.000448472 0.000122805 19.5685
50.3367 85.4771 -4.62682e-05 0.000597791 -0.000140792 16.0562
51.3335 85.4771 -6.77914e-05 -0.000965873 0.000510212 12.0422
52.3302 85.4771 -0.00075776 -0.000403653 0.00110614 20.0703
53.327 85.4771 -0.000245517 -5.84233e-06 -2.97525e-05 12.0422
54.3238 85.4771 -2.83703e-05 0.000722615 0.000852256 8.0281
55.3205 85.4771 0.000128349 -0.00105243 -0.00117369 6.52283
56.3173 85.4771 -0.000295351 0.000369739 -0.000900074 7.52634
57.3141 85.4771 -3.67518e-05 0.000975985 0.000757036 11.0386
58.3108 85.4771 -0.000104247 -0.000209192 0.00208608 17.5615
59.3076 85.4771 -0.00158489 0.000139741 0.00189805 9.53337
60.3044 85.4771 0.00010257 0.000380878 0.00106503 16.558
61.3011 85.4771 -0.000715192 -0.000831259 0.000263792 15.5544
62.2979 85.4771 -0.00131683 -0.000338529 -0.000105548 8.0281
63.2947 85.4771 -0.000839793 0.000663035 -0.000216871 9.53337
64.2914 85.4771 -0.000755833 -0.00133745 -0.00209506 5.51932
65.2882 85.4771 0.000787961 -5.86634e-05 0.00172911 12.0422
66.285 85.4771 -0.00163064 -0.000985583 0.000121642 21.5755
67.2817 85.4771 0.000544912 0.00158728 0.00191199 7.02459
68.2785 85.4771 -0.000694601 0.000323315 -0.000842328 13.0457
69.2753 85.4771 -0.00022517 0.00020532 0.000378904 19.5685
70.272 85.4771 -0.000281224 -0.000346549 0.00250137 5.51932
71.2688 85.4771 0.00064658 -3.3452e-05 -0.000809806 7.02459
72.2656 85.4771 8.17137e-05 0.00047775 0.000782673 7.52634
73.2623 85.4771 0.000201672 0.000138208 0.000881049 8.0281
74.2591 85.4771 -0.000290301 0.000194332 0.000831676 21.5755
75.2559 85.4771 -0.000452043 0.000963734 0.000143156 11.0386
76.2526 85.4771 0.000957127 -0.000712102 0.000353726 13.0457
77.2494 85.4771 0.00011939 0.000556185 0.000493994 24.5861
78.2462 85.4771 -0.00200083 -0.000147974 0.00163893 8.0281
79.2429 85.4771 -0.00149903 -0.0013198 0.00105009 7.52634
80.2397 85.4771 0.000364825 0.000604644 0.000625746 9.03161
81.2365 85.4771 0.000867225 0.000537105 4.46425e-05 5.51932
82.2332 85.4771 5.476e-05 7.00135e-05 0.00152518 18.565
