y, z, Average_Vx, Average_Vy, Average_Vz, AtomCount
0.498383 0.499866 -0.000258375 -0.000317371 -0.00113395 14.5509
1.49515 0.499866 -0.000857316 0.00176789 0.000219208 12.5439
2.49192 0.499866 0.000207728 0.00154908 0.000432636 15.0527
3.48868 0.499866 0.000485641 0.000229768 -0.000420571 13.0457
4.48545 0.499866 0.00104254 0.00140767 -0.000957494 10.0351
5.48221 0.499866 -0.00016111 -0.000474293 0.000216285 10.0351
6.47898 0.499866 0.000632717 -0.00109102 -0.00189624 7.52634
7.47575 0.499866 0.000369283 -0.000955856 -0.000415034 14.5509
8.47251 0.499866 -0.000442665 0.000181188 -0.000378092 17.5615
9.46928 0.499866 -0.00084835 0.000305278 -0.00105973 9.03161
10.466 0.499866 -0.000141833 -5.76093e-05 -0.000947888 14.0492
11.4628 0.499866 0.000311483 0.000303568 -0.000697974 16.558
12.4596 0.499866 0.000411852 0.000135869 -0.000953219 10.5369
13.4563 0.499866 -0.000743145 -1.28665e-05 0.000122111 11.0386
14.4531 0.499866 -0.00129641 -0.000685073 0.000844837 8.0281
15.4499 0.499866 -0.000176699 -7.30502e-05 -0.000828267 10.0351
16.4466 0.499866 0.000374168 -0.000265094 -0.000380675 19.5685
17.4434 0.499866 -0.000553604 -0.000573541 0.000606634 11.5404
18.4402 0.499866 -0.000492459 -0.000592331 0.000203732 16.558
19.4369 0.499866 0.000220777 0.000453528 -0.000404661 18.565
20.4337 0.499866 -0.000290164 0.000376016 -9.85306e-05 12.0422
21.4305 0.499866 0.000102968 -0.00157405 -0.00145588 8.0281
22.4272 0.499866 0.0011595 -0.000833438 0.000909884 8.52986
23.424 0.499866 0.000148954 0.000121283 0.000363247 8.0281
24.4208 0.499866 0.000784229 8.07204e-05 -0.000609927 14.5509
25.4175 0.499866 -0.000322947 -0.000760748 -4.54383e-05 12.5439
26.4143 0.499866 -0.000876223 0.000316763 -0.000817875 10.5369
27.4111 0.499866 -0.00107651 -0.000139714 -0.000747337 20.572
28.4078 0.499866 -0.000339653 -0.000490073 -0.00179322 13.0457
29.4046 0.499866 -0.000906853 -0.000400637 0.000188513 9.53337
30.4014 0.499866 0.000623641 -0.000300936 0.000802166 9.53337
31.3981 0.499866 0.000400839 -0.00098004 -0.000464755 8.52986
32.3949 0.499866 -0.0010195 0.000406067 -0.000877206 12.5439
33.3917 0.499866 -0.000107467 0.000385219 0.000817191 16.558
34.3884 0.499866 -0.00100564 0.000734281 -0.000767489 9.03161
35.3852 0.499866 0.000276679 -0.000344765 -0.000913776 17.5615
36.382 0.499866 -0.000674107 -0.000345252 -0.00141074 13.0457
37.3787 0.499866 0.00014027 -0.000418343 0.000508516 12.5439
38.3755 0.499866 -0.000424094 0.00091555 -0.000253808 4.51581
39.3723 0.499866 -0.000898848 -0.000519534 0.000303408 9.03161
40.369 0.499866 0.000607695 -0.000947748 0.000631781 9.03161
41.3658 0.499866 -6.80568e-05 -6.15957e-05 -0.00136486 18.565
42.3626 0.499866 0.000605901 -0.000230272 -0.00131047 11.5404
43.3593 0.499866 -0.000242074 0.000677552 -0.000159138 7.52634
44.3561 0.499866 1.07918e-06 -0.000547357 -0.000927087 21.0738
45.3529 0.499866 -0.000157526 0.000333412 0.000128383 13.0457
46.3496 0.499866 0.000488595 -0.00106771 0.00074605 10.0351
47.3464 0.499866 0.00102673 0.00100344 0.00049327 9.03161
48.3432 0.499866 0.000353844 0.000611526 0.000193657 10.0351
49.3399 0.499866 0.000603876 -0.000989394 -1.50527e-05 18.0632
50.3367 0.499866 -0.000121341 -0.000200917 -0.000322567 14.0492
51.3335 0.499866 -0.00110019 0.000586659 -0.000324082 9.53337
52.3302 0.499866 0.000600833 -0.000682462 -0.000433517 19.0667
53.327 0.499866 0.000873421 -0.000556207 -0.000200734 12.0422
54.3238 0.499866 0.00114429 -0.0016869 8.55465e-05 7.52634
55.3205 0.499866 -0.00130531 -0.00153039 0.000154568 6.52283
56.3173 0.499866 0.000372925 0.000583839 0.000134207 8.52986
57.3141 0.499866 0.0013024 0.000396358 3.73958e-05 13.5474
58.3108 0.499866 -0.000161329 -5.87359e-06 0.000133965 18.565
59.3076 0.499866 -0.000269248 -0.000243771 0.000172823 9.03161
60.3044 0.499866 0.000916414 0.000551052 -0.00107991 14.5509
61.3011 0.499866 -0.000443663 -0.000324448 -0.000677488 15.0527
62.2979 0.499866 -0.00191383 -9.93721e-05 0.000933652 7.52634
63.2947 0.499866 0.000271292 0.000622522 9.85464e-05 8.0281
64.2914 0.499866 -0.000570061 0.00197298 -0.0018178 8.52986
65.2882 0.499866 0.00211133 0.000607566 0.00162448 9.03161
66.285 0.499866 0.00092258 -2.6154e-05 -0.00028716 21.0738
67.2817 0.499866 -0.000989417 -0.000308307 0.00114762 10.5369
68.2785 0.499866 -0.00076373 -0.00100512 -0.000322579 15.5544
69.2753 0.499866 -0.00136045 0.000178142 -0.000371171 12.5439
70.272 0.499866 -0.000461285 0.000669693 -0.000833722 12.5439
71.2688 0.499866 0.00136496 -0.000380453 -0.000791449 8.52986
72.2656 0.499866 -0.000308636 0.000100613 -0.0010639 5.51932
73.2623 0.499866 0.000822278 0.000635129 -0.00118229 10.0351
74.2591 0.499866 -6.72952e-05 0.000537644 0.00066542 15.5544
75.2559 0.499866 -0.000335618 0.00114758 -0.000958706 15.5544
76.2526 0.499866 0.000342232 -0.00138961 -0.00101251 10.5369
77.2494 0.499866 -0.000441973 0.000890094 -0.00111035 13.0457
78.2462 0.499866 -0.000204586 -0.00076179 -0.000631548 8.52986
79.2429 0.499866 -0.000723543 -0.00131638 -0.00190466 8.0281
80.2397 0.499866 -0.00124324 0.000611561 0.000740681 8.52986
81.2365 0.499866 -4.87476e-05 -0.000771982 -0.000236997 8.0281
82.2332 0.499866 0.000188626 0.000706267 -0.0010346 14.5509
0.498383 1.4996 0.000130655 -0.00108365 -0.000965783 7.02459
1.49515 1.4996 -0.000849404 0.00028797 0.00124652 10.5369
2.49192 1.4996 -0.000206605 0.000308091 -0.000339786 9.03161
3.48868 1.4996 2.53152e-05 0.000203498 -0.000408121 11.0386
4.48545 1.4996 0.000716869 -0.000207176 -0.000687399 10.0351
5.48221 1.4996 0.00123522 0.000719225 0.000213942 12.0422
6.47898 1.4996 0.000214446 -0.000723625 0.000620213 10.5369
7.47575 1.4996 -0.000613032 -0.000756357 0.000510992 9.53337
8.47251 1.4996 -0.000422118 -6.40142e-05 0.000358873 13.0457
9.46928 1.4996 0.000327484 -2.13749e-05 -0.000329276 7.02459
10.466 1.4996 -0.000149925 -0.00102609 0.000233532 8.52986
11.4628 1.4996 0.000576934 0.00065087 0.00129257 14.5509
12.4596 1.4996 0.000318215 0.00117581 0.000202368 12.0422
13.4563 1.4996 0.0011858 0.000216171 -1.51932e-05 7.52634
14.4531 1.4996 -0.000725726 0.00128567 -0.000162203 11.0386
15.4499 1.4996 -0.000134548 0.000703573 0.000265382 15.5544
16.4466 1.4996 -0.000553374 -0.000552811 0.000692819 12.0422
17.4434 1.4996 5.68274e-05 -0.000871695 -0.000809385 7.52634
18.4402 1.4996 -6.30619e-06 0.000384758 0.000861794 7.02459
19.4369 1.4996 0.00070257 0.00111859 -0.00100433 9.53337
20.4337 1.4996 -0.00139713 -0.00134337 -0.00112261 11.0386
21.4305 1.4996 0.000554681 0.000958241 0.000350821 11.0386
22.4272 1.4996 0.000130358 0.000137206 0.000435951 11.0386
23.424 1.4996 0.000104882 -0.00012093 -0.000752813 14.5509
24.4208 1.4996 0.00113309 -0.000363805 0.000104677 10.0351
25.4175 1.4996 -0.00084519 0.00100176 -6.78674e-05 9.03161
26.4143 1.4996 0.000592793 -0.000622299 0.000996853 11.5404
27.4111 1.4996 0.000208038 0.000145394 -0.000900718 7.52634
28.4078 1.4996 -0.00123922 -0.000577269 0.000131156 12.5439
29.4046 1.4996 0.000465617 -0.000634939 -0.00120095 9.03161
30.4014 1.4996 7.7493e-05 -0.00104479 0.00115792 6.52283
31.3981 1.4996 0.00118698 0.000232703 -0.000244942 14.0492
32.3949 1.4996 -0.000422595 0.000211726 0.000960435 12.5439
33.3917 1.4996 0.00104736 6.81156e-05 0.00260844 6.02108
34.3884 1.4996 6.49375e-05 -0.000241327 -0.000878735 6.02108
35.3852 1.4996 0.00162221 -0.000205554 3.08133e-05 6.52283
36.382 1.4996 0.000206964 0.00106409 0.000466019 12.0422
37.3787 1.4996 -0.000717896 5.77818e-05 -0.00101923 17.5615
38.3755 1.4996 7.95567e-05 0.000792668 0.000996339 7.52634
39.3723 1.4996 0.000155398 -0.00131565 -2.68288e-05 13.0457
40.369 1.4996 -0.000680721 -0.000987294 -0.000144668 16.558
41.3658 1.4996 -0.000710724 -0.00133832 -3.19831e-05 7.02459
42.3626 1.4996 -0.000307497 -0.000587155 5.77892e-05 9.03161
43.3593 1.4996 0.000169564 0.000113331 0.00180726 8.52986
44.3561 1.4996 0.00023773 0.00140042 0.000459511 8.0281
45.3529 1.4996 0.000517857 0.000462406 -0.000562671 14.0492
46.3496 1.4996 -0.000228344 -9.2108e-06 0.000473091 7.52634
47.3464 1.4996 -0.000237675 0.00130143 0.000153241 12.5439
48.3432 1.4996 0.000248261 -0.00108626 0.000259767 11.5404
49.3399 1.4996 0.00104598 -0.000355247 -0.000803056 9.03161
50.3367 1.4996 -8.68485e-05 -0.000437009 -0.00180552 8.52986
51.3335 1.4996 0.00113415 0.000140121 -0.000714771 7.02459
52.3302 1.4996 -0.000536924 -0.000447985 0.00210475 7.02459
53.327 1.4996 0.000814799 -0.00050495 0.000628986 11.5404
54.3238 1.4996 6.09906e-05 0.000290237 0.000438804 12.5439
55.3205 1.4996 0.00103899 0.000297499 -0.000390934 8.0281
56.3173 1.4996 -0.00127981 -0.000217436 0.00042787 14.0492
57.3141 1.4996 0.000370396 -0.00032945 0.000188788 11.0386
58.3108 1.4996 1.11578e-05 0.000425713 -0.000341126 9.03161
59.3076 1.4996 -0.0014191 0.000500519 -0.00203106 8.52986
60.3044 1.4996 -0.000353878 -0.000280558 -0.000395714 7.02459
61.3011 1.4996 -0.000200511 -0.000384199 -0.000686701 14.5509
62.2979 1.4996 -0.000215765 0.00024716 0.000610491 14.0492
63.2947 1.4996 -0.000294921 0.00032622 0.000120789 11.0386
64.2914 1.4996 -0.000541932 0.00142032 -0.000191176 8.0281
65.2882 1.4996 -0.000999585 0.000555643 -0.000941709 11.5404
66.285 1.4996 0.000776113 0.000771503 -0.000902269 8.0281
67.2817 1.4996 -0.00125358 0.00156783 0.000539575 8.0281
68.2785 1.4996 -0.000657635 -0.000146164 0.000115374 9.03161
69.2753 1.4996 0.000297901 0.00111332 0.000864975 11.5404
70.272 1.4996 -0.000347698 -0.00148263 0.000636178 7.52634
71.2688 1.4996 0.000860585 4.57143e-05 8.54258e-05 10.5369
72.2656 1.4996 -0.000307932 -0.00163512 -0.000434994 10.0351
73.2623 1.4996 -0.000572975 0.00109175 8.36036e-05 11.5404
74.2591 1.4996 -0.000690615 -0.000838971 -0.000138196 11.0386
75.2559 1.4996 -1.1159e-05 -0.00084407 0.00106194 10.5369
76.2526 1.4996 -0.000133222 0.000507219 0.0003891 7.52634
77.2494 1.4996 0.000270745 9.7084e-05 0.000601947 11.5404
78.2462 1.4996 -0.000730511 0.000414245 -0.000453038 17.5615
79.2429 1.4996 0.000503676 -0.000189599 -0.000279229 12.0422
80.2397 1.4996 0.000761047 4.25414e-05 0.000159575 10.0351
81.2365 1.4996 2.21622e-06 -0.000536395 0.00185394 13.5474
82.2332 1.4996 0.000752359 -0.000312157 0.000691077 12.0422
0.498383 2.49933 0.00111143 -0.000292906 -0.000126373 5.01756
1.49515 2.49933 -0.002081 -0.000622295 0.000783987 9.03161
2.49192 2.49933 0.000660346 -0.00105329 -4.63672e-05 6.52283
3.48868 2.49933 0.00136929 0.000299212 5.63584e-05 18.0632
4.48545 2.49933 -0.00106474 1.87907e-05 -0.00046447 21.0738
5.48221 2.49933 0.000873297 -0.000174966 -0.000716036 10.5369
6.47898 2.49933 -0.000244103 -0.000388352 -0.000738163 19.0667
7.47575 2.49933 0.000880279 -7.02775e-05 -0.000425264 14.5509
8.47251 2.49933 -0.000770731 0.000365705 0.000780553 11.5404
9.46928 2.49933 0.000492312 0.00119254 9.54123e-05 6.52283
10.466 2.49933 1.25426e-05 -0.000364263 -4.7925e-06 12.0422
11.4628 2.49933 -0.000680303 0.000162594 0.000631234 11.0386
12.4596 2.49933 -0.000710785 0.000445231 -0.000649038 20.572
13.4563 2.49933 -7.33463e-05 0.00097312 -6.8667e-05 15.0527
14.4531 2.49933 0.000964227 -0.000874481 0.000122804 16.558
15.4499 2.49933 -0.000508713 -4.4436e-05 -0.000867077 15.5544
16.4466 2.49933 -0.00139911 0.000845537 -0.000345099 9.03161
17.4434 2.49933 0.00139661 0.000104842 5.22613e-05 9.53337
18.4402 2.49933 -0.000637359 0.000473722 0.000295613 9.03161
19.4369 2.49933 -8.26128e-05 -0.00108924 -0.000970386 10.0351
20.4337 2.49933 0.000346911 -0.000376659 0.000330449 19.0667
21.4305 2.49933 0.000925351 0.00103459 -0.000359802 16.558
22.4272 2.49933 -0.000205711 -0.000816015 -0.0004695 12.0422
23.424 2.49933 -0.000589114 0.00024572 -0.000449721 18.0632
24.4208 2.49933 -3.98408e-06 -0.00117487 1.84743e-05 15.5544
25.4175 2.49933 0.00153522 -0.000711628 0.00111361 9.03161
26.4143 2.49933 0.00145371 -0.000765723 0.000536217 5.51932
27.4111 2.49933 -0.000540769 0.000943313 -0.000170458 8.0281
28.4078 2.49933 0.000884919 -7.33593e-05 0.00109433 21.0738
29.4046 2.49933 5.48727e-05 0.000390037 -0.000875383 20.572
30.4014 2.49933 3.41937e-05 0.00041406 -0.000112392 10.5369
31.3981 2.49933 -0.000263919 0.000830056 -0.0003008 17.5615
32.3949 2.49933 0.000140558 -0.000561601 -1.37784e-05 18.565
33.3917 2.49933 0.000969694 -0.000347313 0.000650466 9.03161
34.3884 2.49933 0.000123142 0.00068443 0.000775351 5.51932
35.3852 2.49933 -0.000995527 -0.000891756 0.00123968 8.0281
36.382 2.49933 -0.000737922 0.000102284 0.000661332 10.5369
37.3787 2.49933 3.27354e-07 0.00033867 1.72299e-05 24.0843
38.3755 2.49933 0.000194198 0.000450996 0.000529514 10.5369
39.3723 2.49933 -0.000195689 0.000284858 0.000103675 18.565
40.369 2.49933 -0.000398819 0.000247508 -0.000496241 17.5615
41.3658 2.49933 0.000710869 0.000711563 0.000675966 7.02459
42.3626 2.49933 -0.000621782 -0.000645986 -0.00208449 6.02108
43.3593 2.49933 -0.000116413 -0.000728359 -0.000329412 7.52634
44.3561 2.49933 0.000109899 0.000119318 -0.000616815 9.53337
45.3529 2.49933 -0.000127628 -0.000858321 -9.68774e-05 19.5685
46.3496 2.49933 -0.00141728 3.85287e-06 0.000404071 19.5685
47.3464 2.49933 0.000730124 -0.000235605 -0.00125984 8.52986
48.3432 2.49933 -0.000118849 -0.000567131 0.000278425 24.5861
49.3399 2.49933 0.000149203 0.000168873 1.58866e-06 10.5369
50.3367 2.49933 -0.000692556 -0.00105757 -0.00105829 5.51932
51.3335 2.49933 -0.00173736 -0.000339595 -0.000269582 6.52283
52.3302 2.49933 -0.00049724 0.000317783 -8.85775e-05 9.53337
53.327 2.49933 0.000109309 -0.000169126 8.70842e-05 20.0703
54.3238 2.49933 -5.86536e-05 0.000429562 0.000560195 18.565
55.3205 2.49933 -0.000399738 -0.000235333 -0.000827796 13.5474
56.3173 2.49933 -0.000218157 -5.07488e-05 -0.000482876 22.579
57.3141 2.49933 -0.000226805 0.000610696 0.000158774 17.0597
58.3108 2.49933 0.00117183 -0.000133765 -0.000573086 10.5369
59.3076 2.49933 0.000410694 0.000620561 -0.00123857 7.02459
60.3044 2.49933 -0.000992313 0.000670937 -0.000656184 7.52634
61.3011 2.49933 0.000749924 -0.000295089 0.000808076 14.0492
62.2979 2.49933 0.00117217 -0.000403968 7.39009e-05 19.5685
63.2947 2.49933 -0.000424347 0.00010098 -0.000145217 11.0386
64.2914 2.49933 0.000826095 5.92315e-05 0.00020915 24.5861
65.2882 2.49933 0.000738242 -0.000733036 -3.74185e-05 18.565
66.285 2.49933 -0.000617382 0.00134138 -0.00110111 12.0422
67.2817 2.49933 0.000489563 -0.000138643 0.000117488 7.02459
68.2785 2.49933 0.000507029 0.00252832 -0.000522347 6.52283
69.2753 2.49933 0.000803532 -0.000206057 0.000965093 16.0562
70.272 2.49933 0.000367231 0.000340657 -0.000533824 18.0632
71.2688 2.49933 -0.000127654 0.000442805 -0.000443373 12.0422
72.2656 2.49933 -9.69169e-05 0.00126559 -0.000649293 16.558
73.2623 2.49933 0.000518524 0.000538539 0.000413197 20.572
74.2591 2.49933 0.000775001 -0.000659684 0.00120329 10.0351
75.2559 2.49933 -0.000607257 -0.0019197 -0.000657067 5.51932
76.2526 2.49933 -8.13018e-05 0.000283877 -0.00154081 9.53337
77.2494 2.49933 0.000843347 0.000219678 0.000281195 11.5404
78.2462 2.49933 -0.000351071 -0.000130348 0.000760589 14.0492
79.2429 2.49933 4.03283e-05 -0.000627317 -0.00083025 11.5404
80.2397 2.49933 -5.68975e-05 0.000712541 -2.26734e-06 14.5509
81.2365 2.49933 -0.000473705 -4.2872e-05 0.000475301 24.5861
82.2332 2.49933 -0.00094619 -0.000272115 -0.000300407 13.0457
0.498383 3.49906 -0.000955978 0.000278711 -0.000786823 10.5369
1.49515 3.49906 -0.000105901 0.00120481 -0.00120727 9.03161
2.49192 3.49906 -0.00041773 -0.000578698 5.93038e-05 12.0422
3.48868 3.49906 0.000504216 0.00101695 0.000444334 12.5439
4.48545 3.49906 -0.00098655 0.000295655 -0.000382463 8.52986
5.48221 3.49906 -0.00163744 2.854e-05 -0.000213241 7.52634
6.47898 3.49906 -0.000237411 0.00122504 0.000439012 11.5404
7.47575 3.49906 0.000593921 0.00033514 -0.000221366 12.5439
8.47251 3.49906 3.00923e-05 0.000644659 -0.000804759 9.03161
9.46928 3.49906 -5.27076e-05 5.10435e-06 -0.000809265 13.0457
10.466 3.49906 0.000893467 0.00080654 5.32597e-05 9.53337
11.4628 3.49906 0.000321465 7.77265e-05 0.000966785 9.53337
12.4596 3.49906 0.000405037 -0.0012479 -0.000360645 11.0386
13.4563 3.49906 0.00160946 0.000825539 0.000529307 10.0351
14.4531 3.49906 -0.000492971 0.000931219 4.25889e-05 9.53337
15.4499 3.49906 0.00062504 2.27875e-05 -0.000650954 10.5369
16.4466 3.49906 -0.000762727 0.000960294 -0.000959699 7.52634
17.4434 3.49906 -0.000602739 -0.000793737 0.000378979 10.5369
18.4402 3.49906 0.000769285 0.000177843 0.000360415 8.52986
19.4369 3.49906 0.00110997 -0.000736348 -0.00117758 6.52283
20.4337 3.49906 0.000594717 -0.00141994 -0.000248737 12.5439
21.4305 3.49906 0.000485073 -2.12087e-05 -0.00117521 11.0386
22.4272 3.49906 0.000355669 3.63876e-05 -0.000229547 9.53337
23.424 3.49906 0.0005749 -0.00129373 0.0010426 8.52986
24.4208 3.49906 -0.000758873 -0.000334042 0.000456621 13.0457
25.4175 3.49906 8.92731e-05 0.00111439 -0.000434436 8.0281
26.4143 3.49906 -0.00192275 0.00046314 0.000472231 6.52283
27.4111 3.49906 0.000206511 0.000312604 -0.000794333 12.5439
28.4078 3.49906 -0.000343952 -0.000537708 0.00071603 7.02459
29.4046 3.49906 0.000500811 0.000992861 0.000880432 11.5404
30.4014 3.49906 3.57892e-05 0.000416729 1.37407e-05 8.0281
31.3981 3.49906 0.000332111 -0.0023421 0.000684536 11.5404
32.3949 3.49906 -0.000845162 -0.000452142 0.000911177 10.5369
33.3917 3.49906 -0.000322865 -0.000137568 -0.000288654 9.53337
34.3884 3.49906 -0.000779527 -0.000152885 0.000118916 8.0281
35.3852 3.49906 0.000736834 -0.000674487 0.000788546 11.5404
36.382 3.49906 -0.00038677 0.000877929 0.00160114 6.02108
37.3787 3.49906 0.00154023 -0.000898628 -0.00012839 9.53337
38.3755 3.49906 0.000171424 0.000961965 -0.000352397 6.52283
39.3723 3.49906 0.000593086 0.0003236 -0.000448041 7.52634
40.369 3.49906 0.000498106 -0.000405664 0.000188348 14.0492
41.3658 3.49906 -0.000654945 0.000426989 0.000408368 15.0527
42.3626 3.49906 4.81963e-05 -0.00110335 0.00237155 4.51581
43.3593 3.49906 -0.000698984 -0.00179051 -0.000367345 8.52986
44.3561 3.49906 -0.000242621 -0.00104104 0.000164749 10.0351
45.3529 3.49906 0.000785235 -0.000195514 8.61783e-05 9.03161
46.3496 3.49906 0.000733991 0.000439089 0.000610726 11.0386
47.3464 3.49906 -0.000257181 -0.000268287 -0.000740723 7.02459
48.3432 3.49906 0.000244411 -0.000786986 -8.34278e-05 8.52986
49.3399 3.49906 -0.000652142 -0.000361597 0.00043567 9.53337
50.3367 3.49906 -3.64117e-05 -0.000453484 -0.000322034 10.5369
51.3335 3.49906 0.000109467 0.000408258 0.000318039 9.53337
52.3302 3.49906 -0.000454698 0.00111202 0.000816057 9.53337
53.327 3.49906 5.506e-06 -0.00141351 0.00204482 8.0281
54.3238 3.49906 8.94074e-05 0.000638885 0.000203762 11.0386
55.3205 3.49906 0.000234185 0.000811405 0.00067644 8.52986
56.3173 3.49906 0.00130056 -0.000251868 0.000343261 5.51932
57.3141 3.49906 -0.00021891 0.000104612 0.00179957 11.0386
58.3108 3.49906 -0.000138472 0.000286929 -7.97894e-05 8.52986
59.3076 3.49906 -0.000724597 0.00133754 -0.000280036 5.01756
60.3044 3.49906 -0.00141569 -0.000236067 0.000974282 6.52283
61.3011 3.49906 -0.00139601 0.000131023 0.000537861 10.5369
62.2979 3.49906 0.000129659 -0.00099398 -0.000178387 9.03161
63.2947 3.49906 0.00164027 0.000161347 -0.000346643 8.52986
64.2914 3.49906 0.00133945 0.000446184 -0.000291183 9.53337
65.2882 3.49906 0.000559439 -0.000356623 0.00109169 9.53337
66.285 3.49906 0.00227492 5.84076e-06 -0.000167445 10.5369
67.2817 3.49906 0.00063275 0.00200783 -0.00110513 12.5439
68.2785 3.49906 -0.00087558 -0.000115266 -7.885e-05 8.52986
69.2753 3.49906 0.00100568 -0.000901343 -0.000170151 11.0386
70.272 3.49906 -0.000642042 4.93542e-06 0.000184228 15.0527
71.2688 3.49906 -6.75701e-05 0.000306043 0.000206587 9.53337
72.2656 3.49906 -0.000282416 -6.80265e-05 0.000504777 8.52986
73.2623 3.49906 -0.000663582 -0.000292178 0.000350606 16.0562
74.2591 3.49906 0.000407833 0.000624568 -0.00131325 9.03161
75.2559 3.49906 0.000522136 0.000222029 -0.00054628 9.53337
76.2526 3.49906 0.0010928 -0.00122255 -0.000632199 10.0351
77.2494 3.49906 0.000511516 0.000121803 0.00105721 9.03161
78.2462 3.49906 -5.87408e-05 0.000509871 0.000599477 13.0457
79.2429 3.49906 0.000593545 -0.000420733 -0.000538644 10.5369
80.2397 3.49906 -0.00198188 0.000602256 0.000503053 8.52986
81.2365 3.49906 -0.000250628 -4.11567e-05 0.00129264 8.52986
82.2332 3.49906 -0.000910789 0.00041781 -0.000219964 12.0422
0.498383 4.4988 0.000372646 -0.00013527 -6.76664e-05 20.0703
1.49515 4.4988 0.00049848 -0.0011122 0.000747974 10.5369
2.49192 4.4988 -1.47538e-05 -0.00133826 -0.00096468 17.5615
3.48868 4.4988 -0.000282151 -2.42662e-05 -8.3113e-05 17.0597
4.48545 4.4988 0.000261546 -0.000267444 -0.000858262 4.51581
5.48221 4.4988 -0.000152144 0.00110927 0.000456533 9.03161
6.47898 4.4988 -0.000793049 -0.000964604 -0.00148613 7.52634
7.47575 4.4988 0.000559947 0.000600429 -0.000123592 12.5439
8.47251 4.4988 -2.13402e-05 -0.000553771 2.45908e-05 16.558
9.46928 4.4988 -3.72382e-05 -0.000541495 -0.00058995 11.0386
10.466 4.4988 0.000710026 0.000133792 -0.000244666 16.0562
11.4628 4.4988 9.2688e-05 -0.000381132 0.000192262 16.0562
12.4596 4.4988 0.000164395 0.000264008 -0.000350174 10.5369
13.4563 4.4988 0.000267496 0.00130994 -0.000571252 5.51932
14.4531 4.4988 0.00102285 -0.00135189 -0.000265446 8.0281
15.4499 4.4988 -0.000411091 0.000672779 0.00117657 10.0351
16.4466 4.4988 0.000295167 -0.000275483 -0.000463072 23.5825
17.4434 4.4988 -9.50962e-05 0.000407969 -0.00114935 12.5439
18.4402 4.4988 -0.000154243 0.000553653 -0.000669017 13.5474
19.4369 4.4988 -0.00010482 -3.67018e-05 0.000514109 25.0878
20.4337 4.4988 0.000771072 -0.000435582 0.000344362 9.03161
21.4305 4.4988 -0.00138542 0.00106235 -4.36575e-05 8.52986
22.4272 4.4988 0.000498671 0.00113667 -0.00140619 8.52986
23.424 4.4988 0.000784982 -0.000802008 0.000110457 7.02459
24.4208 4.4988 -0.000683886 0.000325776 0.00113621 18.0632
25.4175 4.4988 -0.00053779 0.000779034 -0.0004213 13.5474
26.4143 4.4988 1.94983e-05 -0.000117503 -0.000422753 16.0562
27.4111 4.4988 0.000752966 0.000426683 -0.000170279 17.5615
28.4078 4.4988 0.000157697 -0.000230675 -0.000715498 11.0386
29.4046 4.4988 -0.00135312 -0.000427035 0.000324768 8.52986
30.4014 4.4988 0.000470047 0.000593003 0.00212284 7.52634
31.3981 4.4988 0.000248554 0.00195535 -0.0010043 7.52634
32.3949 4.4988 -0.000432109 -0.000289495 4.47072e-05 14.0492
33.3917 4.4988 -0.000147562 0.000663423 -3.54823e-05 23.0808
34.3884 4.4988 -0.000336145 -0.000199988 -0.000958284 13.5474
35.3852 4.4988 0.000102542 -0.000750783 -0.000528572 15.0527
36.382 4.4988 -0.000927772 0.000958705 -5.07372e-05 25.0878
37.3787 4.4988 2.74473e-05 -0.000881558 2.38092e-05 6.52283
38.3755 4.4988 0.000572596 0.000237129 0.00124398 5.51932
39.3723 4.4988 0.00035794 0.000477991 -0.000870939 7.52634
40.369 4.4988 3.78836e-05 6.69275e-05 -0.00034042 13.0457
41.3658 4.4988 0.00020878 0.000222371 -0.000520101 26.0913
42.3626 4.4988 -0.000572381 -0.000469893 -0.00110459 10.5369
43.3593 4.4988 0.000105405 0.000478083 0.000418275 13.0457
44.3561 4.4988 0.000117906 -0.000108704 -6.75384e-05 25.0878
45.3529 4.4988 -0.000988271 0.000193917 0.000561813 9.03161
46.3496 4.4988 -0.00025813 0.000918168 -0.00246213 7.52634
47.3464 4.4988 0.0010973 0.000939884 5.75051e-05 8.0281
48.3432 4.4988 -0.000760677 -1.98366e-05 0.00030797 13.0457
49.3399 4.4988 -0.000639822 0.000711227 0.000193573 16.0562
50.3367 4.4988 -5.80493e-06 -0.000204217 0.00065059 13.5474
51.3335 4.4988 0.00108929 -0.00235385 -0.000722669 11.0386
52.3302 4.4988 0.000425982 5.66554e-05 0.00019689 17.5615
53.327 4.4988 -0.00122712 0.000328712 0.000268481 14.5509
54.3238 4.4988 -0.000742501 -4.28897e-05 0.000833446 8.0281
55.3205 4.4988 0.00105329 0.00293058 -0.000899134 6.02108
56.3173 4.4988 -0.00309571 0.000270033 0.000701908 7.02459
57.3141 4.4988 -0.000331284 0.000307293 -0.000592611 16.0562
58.3108 4.4988 -0.000177834 0.000308069 0.000652347 19.5685
59.3076 4.4988 0.000185926 0.000650155 0.000601128 11.5404
60.3044 4.4988 0.000336602 0.000614399 -0.00135295 22.0773
61.3011 4.4988 0.000320037 -5.21323e-05 -0.000160435 17.5615
62.2979 4.4988 0.000104212 -0.00178249 -0.0008766 8.52986
63.2947 4.4988 9.09063e-05 -0.0011539 -0.00148243 6.52283
64.2914 4.4988 0.000202587 0.00135628 -0.000176056 8.0281
65.2882 4.4988 -0.000397602 -0.00034971 0.000410962 13.5474
66.285 4.4988 0.000620202 -0.000439763 0.00025402 17.5615
67.2817 4.4988 0.000871741 -0.000853783 0.000125368 9.03161
68.2785 4.4988 -0.000720457 -0.000168046 -0.000794066 11.5404
69.2753 4.4988 0.000113989 0.00062989 -0.00114666 20.572
70.272 4.4988 -0.000669984 0.000513621 -0.00121046 10.5369
71.2688 4.4988 0.000909601 -0.00049511 0.00039332 10.0351
72.2656 4.4988 -0.00035431 0.000105563 0.00100854 7.02459
73.2623 4.4988 0.000579667 0.000271527 -0.000427096 9.53337
74.2591 4.4988 0.000502377 -0.000162404 0.00032035 19.5685
75.2559 4.4988 -0.000477972 -0.00179405 -0.000520839 14.5509
76.2526 4.4988 0.00109474 0.00077002 0.000610941 12.0422
77.2494 4.4988 -2.99432e-05 -6.14196e-05 -0.000375003 23.5825
78.2462 4.4988 0.000696671 -0.000825968 0.000354969 13.0457
79.2429 4.4988 -0.000424402 0.000513039 -0.00026257 8.0281
80.2397 4.4988 0.00164973 0.000979609 -0.000891232 8.0281
81.2365 4.4988 -0.000308992 -0.000218473 0.000383541 9.03161
82.2332 4.4988 0.000501255 0.000611692 -0.000427899 15.0527
0.498383 5.49853 -0.000203197 -0.00104564 -0.000165837 10.0351
1.49515 5.49853 0.000689446 -0.000151628 -0.000674448 8.52986
2.49192 5.49853 3.09179e-05 0.000680953 0.000237397 12.0422
3.48868 5.49853 0.000257232 -0.000566907 -0.000503479 13.0457
4.48545 5.49853 0.000281077 -0.00140724 -4.56897e-05 10.5369
5.48221 5.49853 0.000457309 0.000882668 0.000117165 9.53337
6.47898 5.49853 -0.000182979 0.000536707 -0.000538379 11.5404
7.47575 5.49853 0.000638881 -8.26179e-05 0.000346094 15.0527
8.47251 5.49853 0.000660856 -0.000196052 0.000711107 14.0492
9.46928 5.49853 8.65202e-05 3.29514e-05 3.76428e-05 10.5369
10.466 5.49853 -0.000290262 0.000791797 0.000641911 10.0351
11.4628 5.49853 -0.000140655 0.000528608 0.000539625 16.558
12.4596 5.49853 0.000885005 -0.000885201 -0.000109767 10.0351
13.4563 5.49853 0.000483455 0.000159855 0.000575969 9.53337
14.4531 5.49853 -0.000489044 -0.000672357 -0.000365678 6.52283
15.4499 5.49853 -7.28321e-05 -0.000932749 -0.00116464 9.53337
16.4466 5.49853 0.000481976 -0.000663936 -0.000663371 21.5755
17.4434 5.49853 0.000631828 0.000345849 -7.60564e-06 7.52634
18.4402 5.49853 8.7599e-05 -0.000424779 0.00028205 10.0351
19.4369 5.49853 0.000519702 -0.000219274 0.000522713 14.0492
20.4337 5.49853 -0.000474788 -0.00117068 0.000378545 10.0351
21.4305 5.49853 0.000454201 -0.000162086 -0.000686102 5.51932
22.4272 5.49853 0.00203351 0.000351516 0.000864491 7.02459
23.424 5.49853 0.00116233 0.000344199 -0.00135874 5.51932
24.4208 5.49853 0.000364321 0.000680197 0.000195126 17.0597
25.4175 5.49853 0.000643437 0.000176979 0.00050413 12.5439
26.4143 5.49853 0.000322816 -0.00124174 0.000378251 8.0281
27.4111 5.49853 -0.00113622 -0.000111287 0.000117792 14.5509
28.4078 5.49853 -0.00113747 -8.70663e-05 0.000153319 12.5439
29.4046 5.49853 -0.00161099 -0.000366947 0.00130826 7.52634
30.4014 5.49853 0.000445057 -0.00027213 -0.00144756 9.03161
31.3981 5.49853 0.00162934 -6.72559e-05 0.000659401 7.52634
32.3949 5.49853 -8.42674e-05 -0.00074354 -0.00125327 10.0351
33.3917 5.49853 0.000674243 3.40641e-05 -3.30452e-05 13.0457
34.3884 5.49853 -0.000785203 0.000235828 -0.000510686 12.0422
35.3852 5.49853 0.000335498 -0.00159445 -0.00110106 8.0281
36.382 5.49853 0.000430134 4.01354e-05 -0.000396362 15.5544
37.3787 5.49853 2.65175e-05 -0.000537457 3.45145e-05 10.0351
38.3755 5.49853 -0.000463751 -0.000625593 0.000329444 10.0351
39.3723 5.49853 -0.00182027 0.00153446 0.00101764 4.01405
40.369 5.49853 -0.0019556 0.00136635 -0.000914925 6.02108
41.3658 5.49853 -0.000615488 -0.000279633 0.000282618 12.0422
42.3626 5.49853 -1.65196e-05 -0.000549222 0.00122408 11.5404
43.3593 5.49853 -0.000194671 0.000635813 -0.00110596 11.5404
44.3561 5.49853 -0.000455899 -0.000543577 -0.00139175 14.5509
45.3529 5.49853 -8.15713e-05 4.78126e-05 0.000660076 10.5369
46.3496 5.49853 0.0010867 0.000533159 -6.91352e-05 6.52283
47.3464 5.49853 -0.000750426 -0.000794343 -0.000175215 8.0281
48.3432 5.49853 0.000182081 -0.000666415 -0.000834571 8.0281
49.3399 5.49853 -0.000168342 0.00044435 -0.000274993 14.0492
50.3367 5.49853 0.0013888 -0.000334323 -0.000149528 12.5439
51.3335 5.49853 -0.000520134 -0.000116624 0.00113831 8.0281
52.3302 5.49853 -0.000669734 -0.000243585 0.000272192 20.0703
53.327 5.49853 -0.000217601 0.000454089 0.000376915 15.0527
54.3238 5.49853 -0.00150727 -8.54653e-05 -0.000429629 7.52634
55.3205 5.49853 0.000907925 0.000171734 1.78389e-05 9.03161
56.3173 5.49853 0.000591656 -0.000284223 0.000126837 12.0422
57.3141 5.49853 -0.000157407 0.000972052 0.000794999 14.0492
58.3108 5.49853 -0.000476186 0.000968966 0.000314264 12.0422
59.3076 5.49853 -0.000360301 -0.000291597 0.00054518 11.0386
60.3044 5.49853 0.00106595 -0.000496116 -0.000238629 13.0457
61.3011 5.49853 -0.000438865 0.000147371 -0.000434804 14.0492
62.2979 5.49853 -0.00152826 9.71682e-05 -0.000797217 5.51932
63.2947 5.49853 0.000936045 0.000233134 0.000411297 8.52986
64.2914 5.49853 -0.0012379 -8.70951e-05 -8.88776e-05 7.02459
65.2882 5.49853 -0.000706735 0.000691522 0.000191274 13.5474
66.285 5.49853 -4.45576e-05 0.00126748 0.00108899 16.558
67.2817 5.49853 0.00126114 2.32806e-05 -0.000209834 10.0351
68.2785 5.49853 0.000503109 -0.00131017 0.000798848 12.5439
69.2753 5.49853 -0.000849155 0.000817799 -0.00024074 14.5509
70.272 5.49853 0.000715239 -0.000208876 -0.000746874 10.5369
71.2688 5.49853 0.000921089 0.000543603 0.00122956 7.02459
72.2656 5.49853 -0.000354373 0.0009132 -0.000837101 7.02459
73.2623 5.49853 6.70029e-05 -0.000184562 -0.00127809 8.0281
74.2591 5.49853 0.000307785 -0.000917168 0.000176349 16.558
75.2559 5.49853 -5.12957e-05 1.31063e-05 0.000244433 13.0457
76.2526 5.49853 8.48036e-05 -0.000295018 0.000674968 9.53337
77.2494 5.49853 0.000142096 -0.000490267 -0.000150312 13.5474
78.2462 5.49853 0.000502147 -0.00120326 0.00223357 6.02108
79.2429 5.49853 -0.002107 -0.000876893 0.000405156 5.01756
80.2397 5.49853 0.000139832 0.000337478 -0.00088182 12.5439
81.2365 5.49853 2.39824e-05 -0.000318485 0.000861931 10.0351
82.2332 5.49853 0.000458731 0.00126757 0.000945081 14.0492
0.498383 6.49826 -4.88119e-05 -0.000466734 0.00105818 8.0281
1.49515 6.49826 -0.000859457 -0.000687552 0.000503419 6.52283
2.49192 6.49826 0.000429527 -2.59874e-05 -0.00199389 12.5439
3.48868 6.49826 0.00136385 -2.80393e-05 -0.000521901 9.53337
4.48545 6.49826 -7.8176e-05 -0.00144673 -0.000324929 10.0351
5.48221 6.49826 -0.000902076 -0.00133129 0.000541661 7.02459
6.47898 6.49826 -0.000872889 0.00032807 -0.00149146 12.0422
7.47575 6.49826 -4.14468e-05 0.00107792 0.000506897 13.5474
8.47251 6.49826 0.000872863 -0.00153232 0.000278252 8.0281
9.46928 6.49826 -0.000379424 0.000448683 -0.000614045 8.52986
10.466 6.49826 0.000910357 -0.00062929 0.0021887 6.02108
11.4628 6.49826 -0.000991477 -0.000461957 -0.0012058 9.03161
12.4596 6.49826 3.54542e-05 0.000238391 -0.00110207 18.565
13.4563 6.49826 0.000508154 0.000583465 -4.91844e-05 11.5404
14.4531 6.49826 -0.00115406 0.000233707 -0.000120537 11.0386
15.4499 6.49826 -0.000420474 7.55133e-05 0.000721397 14.0492
16.4466 6.49826 -0.000448866 -0.00116687 0.000305798 7.52634
17.4434 6.49826 0.00198446 0.00016799 -0.000248533 7.52634
18.4402 6.49826 -0.00154483 -0.000505762 -0.000605714 9.03161
19.4369 6.49826 -0.000232833 0.000363615 -0.000197553 7.02459
20.4337 6.49826 -0.000319381 -0.000635962 -1.2691e-05 16.558
21.4305 6.49826 2.647e-05 -0.000577267 0.00084012 8.0281
22.4272 6.49826 0.000144917 -0.000688387 -0.000320826 16.0562
23.424 6.49826 9.7969e-05 -0.000254868 -0.000456766 16.558
24.4208 6.49826 0.000866384 -0.000962329 -0.000173021 11.0386
25.4175 6.49826 -8.92166e-05 6.2956e-05 0.000285122 8.0281
26.4143 6.49826 -0.000340393 0.000819102 0.00100694 5.51932
27.4111 6.49826 0.00042125 -7.75978e-05 -0.000135805 10.5369
28.4078 6.49826 0.000638025 -0.000129629 -0.000541103 12.5439
29.4046 6.49826 -0.000205465 -0.000532184 0.000223613 14.0492
30.4014 6.49826 -0.000146225 -0.000237549 -0.000282548 11.0386
31.3981 6.49826 0.000160241 0.000832236 0.000869899 19.5685
32.3949 6.49826 -0.000792032 0.000317523 0.000221826 13.0457
33.3917 6.49826 0.000419264 0.000475409 -0.000467364 7.02459
34.3884 6.49826 -0.000608861 0.00103779 0.000684754 7.02459
35.3852 6.49826 0.000413172 -0.000868679 0.00129839 7.02459
36.382 6.49826 -0.000841318 -0.000780812 0.000194651 10.5369
37.3787 6.49826 -0.00034411 -0.000200281 0.000834518 21.0738
38.3755 6.49826 -0.00010904 1.25301e-05 0.000779035 6.52283
39.3723 6.49826 -0.000480969 0.000781085 0.000277713 13.5474
40.369 6.49826 0.00057484 0.00108505 -0.000399667 17.0597
41.3658 6.49826 -0.000485878 0.000419199 0.000503806 11.5404
42.3626 6.49826 0.000365714 0.000571165 0.000908589 6.02108
43.3593 6.49826 -0.000463026 6.60294e-05 -0.000518205 6.02108
44.3561 6.49826 0.000629935 -0.000466792 -3.79307e-05 9.53337
45.3529 6.49826 0.000234565 -0.000513084 -0.000706965 18.0632
46.3496 6.49826 -0.00144861 0.000576261 0.000766029 12.0422
47.3464 6.49826 0.000415737 -0.00128164 0.000122452 13.5474
48.3432 6.49826 0.000200241 -0.000275853 0.000894757 15.0527
49.3399 6.49826 0.000285878 -0.000606719 0.000383595 16.0562
50.3367 6.49826 8.59864e-05 -0.000431283 0.000325869 6.02108
51.3335 6.49826 -0.000437088 -0.000494809 0.000534018 9.03161
52.3302 6.49826 -0.000453779 -0.00103804 -0.000813739 8.0281
53.327 6.49826 -0.000327572 0.000507211 0.000587048 12.0422
54.3238 6.49826 0.00053256 0.00106356 -0.000373133 11.0386
55.3205 6.49826 -3.67059e-05 0.000530456 -0.000515244 7.52634
56.3173 6.49826 -0.000947348 1.78924e-05 0.00010107 13.5474
57.3141 6.49826 0.000942301 -0.000268982 -0.000691131 13.0457
58.3108 6.49826 -0.000769703 0.00072707 -0.00132483 6.52283
59.3076 6.49826 -0.000447007 -0.00227428 -0.000452449 5.51932
60.3044 6.49826 0.000375753 -0.000997646 -0.000532043 7.52634
61.3011 6.49826 -0.000604564 0.00064132 0.000577342 14.5509
62.2979 6.49826 -0.000970026 5.66757e-05 -8.98933e-05 13.0457
63.2947 6.49826 0.000377791 0.000930354 -0.000880858 9.03161
64.2914 6.49826 0.00146684 2.41513e-05 -0.00108563 12.5439
65.2882 6.49826 -0.000410733 7.40331e-05 -0.000100373 14.5509
66.285 6.49826 -0.000900242 -4.56258e-05 -0.000215018 10.5369
67.2817 6.49826 0.00109334 0.000605813 8.37262e-05 8.0281
68.2785 6.49826 0.000982654 0.00012477 0.00057747 8.0281
69.2753 6.49826 2.43094e-05 -0.000428413 -0.000722934 11.0386
70.272 6.49826 -0.000767928 -0.00130111 0.000463444 14.0492
71.2688 6.49826 -3.35222e-06 -3.63217e-06 -0.000598023 9.03161
72.2656 6.49826 -0.00094749 0.000695618 0.000139486 13.5474
73.2623 6.49826 -0.000383026 5.7506e-05 -0.000382408 16.558
74.2591 6.49826 0.000265728 0.00077791 0.00136253 9.03161
75.2559 6.49826 -0.000966185 -0.000278931 -0.00076165 9.03161
76.2526 6.49826 0.00172142 0.00116517 -0.000498861 8.52986
77.2494 6.49826 0.00211472 0.000163935 -0.000959994 8.52986
78.2462 6.49826 0.000104784 0.000282337 0.000636436 22.579
79.2429 6.49826 0.00175631 0.000418699 0.00164644 8.52986
80.2397 6.49826 0.0011022 0.000254287 0.000197413 10.5369
81.2365 6.49826 0.000131751 -0.000179887 0.000552871 16.558
82.2332 6.49826 -4.41878e-05 -0.000701388 -0.000373179 10.0351
0.498383 7.49799 0.00172568 0.000104934 -0.000901368 8.0281
1.49515 7.49799 -0.000909091 0.000317618 -0.00088815 5.01756
2.49192 7.49799 -0.000919128 -1.70625e-05 -0.00130347 11.0386
3.48868 7.49799 -0.00051378 -0.00120141 -0.000796369 14.5509
4.48545 7.49799 0.000269717 0.000786502 0.000140974 22.579
5.48221 7.49799 -0.000194095 -0.000250442 0.000135827 16.0562
6.47898 7.49799 0.000529802 -0.000144276 -0.000423225 15.5544
7.47575 7.49799 -0.000409597 -0.000759182 -0.000725083 13.5474
8.47251 7.49799 -0.000625736 0.000475946 0.00102141 10.0351
9.46928 7.49799 -0.00153243 0.000779361 -0.000437299 8.0281
10.466 7.49799 0.000157122 -3.76242e-05 -0.000386073 8.0281
11.4628 7.49799 0.000288883 -0.00119977 0.00123059 12.0422
12.4596 7.49799 -0.000459502 -0.000275626 -0.000484467 20.572
13.4563 7.49799 -0.000947741 0.000745734 -0.000572084 8.52986
14.4531 7.49799 -0.00103281 -9.75296e-05 -0.00106852 17.0597
15.4499 7.49799 -0.000165938 0.00012647 -0.000122286 14.5509
16.4466 7.49799 -0.000752983 -0.000401756 -0.000431399 13.5474
17.4434 7.49799 0.00120992 -0.000343851 -0.000377782 5.01756
18.4402 7.49799 -0.000360362 0.000459362 0.00119609 9.03161
19.4369 7.49799 -0.000576007 -0.0016825 -0.000270063 9.53337
20.4337 7.49799 7.90279e-05 0.000287647 0.000755134 24.0843
21.4305 7.49799 6.37729e-05 -0.000537313 0.000769708 14.0492
22.4272 7.49799 -0.000740896 -0.000377476 0.00164343 8.52986
23.424 7.49799 -0.000569699 0.00091157 -0.000224227 22.579
24.4208 7.49799 0.000899646 0.000667882 0.000226753 10.5369
25.4175 7.49799 -0.00109633 -0.000355624 0.00014106 7.02459
26.4143 7.49799 0.000813778 0.000989463 -0.00117184 11.5404
27.4111 7.49799 0.000436702 -0.000131668 -0.000664583 10.0351
28.4078 7.49799 0.000426671 0.000544615 0.000225951 17.0597
29.4046 7.49799 -0.000570844 0.00040708 0.000645411 13.5474
30.4014 7.49799 0.00117671 -1.99817e-06 -0.000144623 15.5544
31.3981 7.49799 -0.000700467 0.000369869 -0.000620447 12.5439
32.3949 7.49799 -0.000230825 -0.00117975 -0.000100218 16.558
33.3917 7.49799 0.000961978 0.000953073 0.000740247 9.53337
34.3884 7.49799 0.000816476 0.000818198 -3.22335e-05 6.52283
35.3852 7.49799 4.0697e-05 0.000875341 0.00014603 9.03161
36.382 7.49799 -0.000761927 0.00061431 -0.00072057 12.0422
37.3787 7.49799 0.000864261 -0.000265587 -0.000257301 17.0597
38.3755 7.49799 -0.000617066 -0.000575867 0.00024725 13.5474
39.3723 7.49799 -0.000318065 -0.000417169 -0.000327699 18.0632
40.369 7.49799 -0.000179044 0.000585014 -0.000955709 17.0597
41.3658 7.49799 0.00205469 -0.000566546 0.000596523 8.0281
42.3626 7.49799 -0.000290459 0.000618511 0.000697215 7.02459
43.3593 7.49799 -0.00170215 -0.00140333 0.00113193 7.02459
44.3561 7.49799 -0.000155469 0.000189601 -0.000237031 9.53337
45.3529 7.49799 0.000155652 6.51652e-05 -0.00080462 22.0773
46.3496 7.49799 0.000431247 -0.000121434 -0.000247356 13.0457
47.3464 7.49799 -0.000371753 0.000482864 0.000214602 14.0492
48.3432 7.49799 -0.000317461 0.000246146 0.000682692 18.0632
49.3399 7.49799 0.000636298 0.000513541 -0.000654456 8.0281
50.3367 7.49799 0.000482813 -0.000786475 0.00110468 7.02459
51.3335 7.49799 -7.71472e-05 0.000856522 0.000712223 8.52986
52.3302 7.49799 -0.000133327 -0.000395729 -1.9885e-05 9.53337
53.327 7.49799 -0.000918488 0.000276633 -0.00125233 19.0667
54.3238 7.49799 -0.000511044 0.00030658 0.000183583 18.565
55.3205 7.49799 0.000158904 -0.000128563 0.000589115 14.0492
56.3173 7.49799 0.000423366 -0.000685027 -6.51252e-05 21.5755
57.3141 7.49799 -0.000711175 -0.00042234 -0.00111263 14.0492
58.3108 7.49799 -0.000268852 -0.00180479 -0.000941858 5.51932
59.3076 7.49799 -0.000286712 0.000157757 -0.00171917 10.5369
60.3044 7.49799 -0.000116983 -0.00108185 -0.00105797 8.52986
61.3011 7.49799 -0.000352171 0.000113939 0.000273307 18.0632
62.2979 7.49799 0.000431731 -0.000687837 -0.00012595 20.572
63.2947 7.49799 -0.000345052 -0.000612978 0.000591718 7.52634
64.2914 7.49799 0.00126011 0.000439713 -0.000853836 14.0492
65.2882 7.49799 -0.000446451 0.000451409 0.000520711 19.0667
66.285 7.49799 0.001178 -8.39847e-05 -0.00206009 6.52283
67.2817 7.49799 -0.000111643 0.000499693 0.00060227 10.5369
68.2785 7.49799 0.000107011 -0.000460985 -0.00229936 9.53337
69.2753 7.49799 -0.000565198 -0.000108846 -0.0006576 12.0422
70.272 7.49799 0.000727811 0.00027293 -0.000223682 18.0632
71.2688 7.49799 -0.0001451 -0.000649116 -0.000187393 11.5404
72.2656 7.49799 -0.000122142 -0.000568341 5.31464e-05 16.0562
73.2623 7.49799 -0.000318595 -0.000594538 -0.000782956 15.5544
74.2591 7.49799 -0.000917121 -0.00109797 -0.000356997 17.5615
75.2559 7.49799 0.000541177 0.000984748 -0.000909932 7.02459
76.2526 7.49799 0.000330826 -0.000797412 0.000221626 8.52986
77.2494 7.49799 0.000612184 -0.000519839 -0.000522716 9.03161
78.2462 7.49799 0.00119312 2.66259e-05 2.14411e-05 16.558
79.2429 7.49799 0.000285766 -0.000408567 0.00126735 13.0457
80.2397 7.49799 -0.0014396 1.59818e-05 0.000236857 9.03161
81.2365 7.49799 0.000252241 -0.000426499 -0.000410491 18.565
82.2332 7.49799 -0.000727976 4.83185e-05 0.00142003 15.0527
0.498383 8.49773 -0.000431874 -0.00210619 0.000467711 10.5369
1.49515 8.49773 -0.000149996 0.0009163 0.000316292 13.0457
2.49192 8.49773 -0.00109407 0.000427648 -0.00135837 12.5439
3.48868 8.49773 0.000114968 -0.00132134 0.000705074 13.0457
4.48545 8.49773 0.000101136 -3.63526e-05 -0.000655126 9.03161
5.48221 8.49773 -6.95694e-05 0.000744473 -0.000626254 7.02459
6.47898 8.49773 -6.75472e-05 -0.00132357 -0.000380595 11.0386
7.47575 8.49773 0.000221451 -5.08976e-05 -0.000132574 12.0422
8.47251 8.49773 0.000210286 0.00017742 -0.000201991 12.5439
9.46928 8.49773 0.000711307 0.000335569 -0.0014896 10.0351
10.466 8.49773 0.000600619 -3.3413e-06 -0.00121754 8.0281
11.4628 8.49773 0.000574587 9.12109e-05 -0.00122507 10.0351
12.4596 8.49773 -0.000751799 -2.9899e-05 0.000286689 10.5369
13.4563 8.49773 0.000961652 0.00104995 -0.000702711 8.0281
14.4531 8.49773 0.000599349 -7.97188e-06 -0.000196001 12.5439
15.4499 8.49773 -0.00032369 0.000171185 0.000288609 7.02459
16.4466 8.49773 5.00378e-05 0.000478013 -0.000159582 10.5369
17.4434 8.49773 0.000698553 -0.00137394 0.000631951 7.02459
18.4402 8.49773 -0.000115579 -0.000247769 0.000900881 10.0351
19.4369 8.49773 -0.000325027 -0.000148227 -0.000286714 11.5404
20.4337 8.49773 4.221e-05 -0.000707203 -7.9031e-05 12.0422
21.4305 8.49773 -0.000524381 -0.000218607 -0.000943905 5.51932
22.4272 8.49773 -0.00121533 -0.00160845 0.000193302 10.0351
23.424 8.49773 0.000942492 -0.000255164 -0.00148683 8.52986
24.4208 8.49773 0.000935478 0.000733576 0.000452331 12.0422
25.4175 8.49773 -0.000678764 -0.00104409 -0.000807826 12.0422
26.4143 8.49773 -0.000226457 0.000197124 0.00021894 8.52986
27.4111 8.49773 -0.00017561 -1.88761e-05 -0.000370276 11.0386
28.4078 8.49773 -0.00103824 0.000887012 0.00012963 10.5369
29.4046 8.49773 0.000204951 0.000470897 0.00133719 9.03161
30.4014 8.49773 0.000479387 0.000883318 0.000169464 7.52634
31.3981 8.49773 0.000759752 0.000691559 -0.000322206 9.53337
32.3949 8.49773 -0.000212409 0.000849464 -4.22063e-05 14.0492
33.3917 8.49773 -0.000699757 0.000383876 -0.000192606 9.03161
34.3884 8.49773 0.000472833 0.000292237 0.00178359 6.52283
35.3852 8.49773 -0.000330042 -0.000408045 0.00169531 8.52986
36.382 8.49773 -0.000115919 -0.000300041 0.000685011 13.5474
37.3787 8.49773 0.000189374 -0.000843161 0.000779904 8.52986
38.3755 8.49773 -3.71855e-05 0.00107353 0.000574978 8.0281
39.3723 8.49773 0.000980328 0.000436006 -0.000505739 10.0351
40.369 8.49773 -0.000131879 0.000167365 -0.000352255 9.53337
41.3658 8.49773 0.000203119 0.000666427 0.000439669 9.53337
42.3626 8.49773 -0.000184129 0.000537493 -0.000464669 11.5404
43.3593 8.49773 -0.000451569 0.000527957 0.000311603 11.5404
44.3561 8.49773 0.000917816 0.001296 -0.000102336 9.03161
45.3529 8.49773 -0.000451499 0.000315691 0.00124957 8.0281
46.3496 8.49773 -0.000891462 0.00104733 6.77172e-05 9.53337
47.3464 8.49773 -0.00095133 -0.00241807 0.000798176 7.02459
48.3432 8.49773 -0.000914911 -0.00133314 0.00012174 6.52283
49.3399 8.49773 -0.00102611 0.00097691 -0.000207318 12.0422
50.3367 8.49773 -0.000763493 -2.90973e-05 -0.000298507 15.0527
51.3335 8.49773 0.000702868 0.000715827 0.000380376 7.02459
52.3302 8.49773 0.00034366 -7.84925e-05 0.000466723 15.0527
53.327 8.49773 -6.92564e-06 -6.73357e-06 -7.34527e-06 11.0386
54.3238 8.49773 0.00107757 0.00130652 -0.000101595 9.03161
55.3205 8.49773 -6.15716e-05 0.000574364 0.000511879 9.53337
56.3173 8.49773 0.000401003 0.00221598 -0.000922366 9.53337
57.3141 8.49773 -0.000360024 -0.00036277 -0.000774695 13.0457
58.3108 8.49773 0.000892738 6.63924e-05 -0.00112352 7.02459
59.3076 8.49773 0.000895806 -0.00029405 -0.000107495 11.0386
60.3044 8.49773 0.000155983 -0.000344248 0.000476012 11.0386
61.3011 8.49773 -0.000288971 -0.00024026 -3.5677e-05 12.0422
62.2979 8.49773 -0.0015829 -0.000628211 0.000648771 8.52986
63.2947 8.49773 0.000564343 0.000685532 -0.000271004 12.5439
64.2914 8.49773 -0.00114547 -0.0010278 0.000261289 9.53337
65.2882 8.49773 0.000284952 0.00103745 0.000295532 9.53337
66.285 8.49773 -0.000840339 0.000599671 -0.00165895 8.0281
67.2817 8.49773 -0.000244655 3.28234e-05 0.000186718 8.0281
68.2785 8.49773 0.000624304 -0.000760915 0.000886621 8.52986
69.2753 8.49773 9.346e-07 -0.00101154 0.0010235 12.5439
70.272 8.49773 4.19227e-07 0.000228531 -0.000750262 11.0386
71.2688 8.49773 -0.000919643 -0.00110548 0.000199945 7.02459
72.2656 8.49773 8.94076e-05 0.00246119 -0.00107383 10.5369
73.2623 8.49773 0.00103575 -0.000521964 0.000133619 6.52283
74.2591 8.49773 0.00107037 0.000231267 0.000708296 12.0422
75.2559 8.49773 0.000784961 -0.000717896 0.00015971 6.52283
76.2526 8.49773 0.0010257 0.000988993 -0.000206623 8.52986
77.2494 8.49773 8.27918e-05 7.99789e-07 0.000205549 9.53337
78.2462 8.49773 0.000327256 -2.5789e-05 0.000245074 12.0422
79.2429 8.49773 9.55323e-05 0.000501102 -0.000251721 12.5439
80.2397 8.49773 -0.000816074 -0.000111981 0.000960775 9.03161
81.2365 8.49773 0.0003604 0.00019792 0.000262118 12.0422
82.2332 8.49773 -0.000886208 -0.000418455 -0.000158761 12.5439
0.498383 9.49746 -0.000465118 -0.000537058 0.000187794 18.0632
1.49515 9.49746 -0.0013464 0.00150701 -0.00157628 9.03161
2.49192 9.49746 0.000612681 0.000359695 0.000270422 18.565
3.48868 9.49746 -0.000359281 -0.000191804 0.00101805 14.0492
4.48545 9.49746 -0.00046594 0.00124545 -7.56605e-06 11.0386
5.48221 9.49746 -0.000399646 -0.000456551 0.000383526 7.02459
6.47898 9.49746 7.44317e-05 0.000656712 -4.1647e-05 7.52634
7.47575 9.49746 -0.000116453 0.000833446 6.56748e-05 16.558
8.47251 9.49746 8.0521e-06 -0.000398539 -0.000605923 19.5685
9.46928 9.49746 -0.000319587 0.000585459 -0.00117063 10.0351
10.466 9.49746 0.000147334 -0.00068699 0.000846186 17.5615
11.4628 9.49746 4.41458e-05 0.000764121 -0.000565867 19.0667
12.4596 9.49746 0.000667966 0.000233634 -0.00066805 11.0386
13.4563 9.49746 0.00077817 -0.000369012 0.00167244 8.52986
14.4531 9.49746 2.91445e-05 0.00222742 -0.000115799 6.02108
15.4499 9.49746 -0.000277232 0.000318883 0.00110875 14.0492
16.4466 9.49746 -0.000119233 -0.000209214 0.000404351 21.0738
17.4434 9.49746 0.000516517 -0.000127567 1.44729e-05 11.5404
18.4402 9.49746 0.000975156 0.00018161 0.000555615 15.5544
19.4369 9.49746 -0.000827554 0.0010243 -0.000389694 21.5755
20.4337 9.49746 -0.000597643 9.61395e-06 -0.000110689 9.53337
21.4305 9.49746 -0.000482885 0.000279967 0.00155983 6.52283
22.4272 9.49746 0.000276618 0.00016105 0.000748037 8.0281
23.424 9.49746 0.000264457 -0.000681268 8.41236e-05 8.0281
24.4208 9.49746 -0.000250289 0.000308967 -0.000632444 19.0667
25.4175 9.49746 -0.000929309 0.000413805 0.000596791 13.5474
26.4143 9.49746 -0.000419507 0.000162331 0.000121224 10.0351
27.4111 9.49746 -0.000485983 0.00044908 -1.77085e-05 20.572
28.4078 9.49746 -0.000972724 0.000739805 -0.000431368 12.5439
29.4046 9.49746 0.000519338 -0.000512761 0.00138136 6.02108
30.4014 9.49746 -0.000320051 0.000817312 -0.00035217 8.0281
31.3981 9.49746 0.00162555 -0.00189951 0.000102462 7.52634
32.3949 9.49746 0.00099061 -0.0013057 0.000484581 12.0422
33.3917 9.49746 -0.000424219 -0.000246896 -0.000778827 30.1054
34.3884 9.49746 -0.000189506 -0.00146093 -0.00137461 11.0386
35.3852 9.49746 0.000133019 -0.000380535 -0.00101596 23.0808
36.382 9.49746 0.000349942 -0.000189222 -0.000841486 22.0773
37.3787 9.49746 0.0010845 0.000834358 0.00181522 7.02459
38.3755 9.49746 -0.00141699 -0.000830066 -0.0003227 7.52634
39.3723 9.49746 -0.00175256 0.000295847 0.00279665 4.01405
40.369 9.49746 -8.01087e-05 0.000107345 0.000685882 12.5439
41.3658 9.49746 0.000333589 0.000249822 0.000342304 24.0843
42.3626 9.49746 -0.000542551 0.000303827 0.000244102 12.5439
43.3593 9.49746 -0.000128494 -0.000460337 0.000173839 17.0597
44.3561 9.49746 0.000200618 -3.52038e-05 -0.000244853 23.5825
45.3529 9.49746 0.000167287 0.000374703 0.000697792 8.52986
46.3496 9.49746 -0.00110512 -0.000211117 -0.000334982 9.03161
47.3464 9.49746 0.00104711 -0.000936552 -0.000448681 8.52986
48.3432 9.49746 -0.000281961 0.000219157 0.00156983 12.5439
49.3399 9.49746 0.000927724 0.000494171 0.000343242 24.0843
50.3367 9.49746 0.00014145 0.000937635 -0.000583424 10.5369
51.3335 9.49746 0.000440467 -0.000317967 3.11443e-05 11.5404
52.3302 9.49746 -0.000350501 6.07036e-05 0.000849385 23.5825
53.327 9.49746 0.000309248 0.000845592 0.000307838 12.0422
54.3238 9.49746 -0.00194647 0.00118213 -0.000323105 7.52634
55.3205 9.49746 -0.00149559 -0.000493821 0.000285259 8.52986
56.3173 9.49746 0.000365006 0.000673868 -0.000975867 6.02108
57.3141 9.49746 6.44505e-05 0.00143532 -0.00108286 17.0597
58.3108 9.49746 0.000337822 0.00041473 -0.000114493 21.0738
59.3076 9.49746 -0.000906159 0.000486255 5.91376e-05 12.5439
60.3044 9.49746 0.000592332 0.000569714 0.000177494 19.0667
61.3011 9.49746 0.000917795 -0.000727743 0.000222849 18.0632
62.2979 9.49746 0.000863275 0.00134622 0.000278311 6.02108
63.2947 9.49746 0.00029784 4.35079e-05 0.00011337 9.03161
64.2914 9.49746 0.000938592 -0.000187881 0.000838427 8.0281
65.2882 9.49746 -0.000231218 -0.000652942 0.000916741 13.0457
66.285 9.49746 5.9078e-05 -0.000114552 -0.000714178 22.579
67.2817 9.49746 6.6081e-06 0.000466194 -0.000266897 14.5509
68.2785 9.49746 0.000579949 0.000880934 -0.000525167 14.0492
69.2753 9.49746 -0.000310162 -9.0788e-05 -0.000702378 20.572
70.272 9.49746 0.000469109 -0.000561811 0.000335398 11.5404
71.2688 9.49746 0.000193849 -0.000981137 -0.000139917 8.0281
72.2656 9.49746 -0.000542847 0.000725884 -0.000131665 13.0457
73.2623 9.49746 0.00072271 -0.000428272 -0.000324283 9.53337
74.2591 9.49746 -3.80033e-05 -0.000352859 -0.000298535 22.0773
75.2559 9.49746 5.4212e-05 -0.00019581 5.20816e-05 17.5615
76.2526 9.49746 0.000167119 0.000285726 0.000257366 12.0422
77.2494 9.49746 -3.38799e-05 -0.00152784 0.00046866 19.0667
78.2462 9.49746 -0.000181608 -2.6407e-05 1.35886e-05 12.5439
79.2429 9.49746 0.000116605 -0.000872595 -0.00173666 6.02108
80.2397 9.49746 -0.000243171 0.000265944 -0.0011213 9.53337
81.2365 9.49746 0.00252227 -0.00200493 9.00709e-05 7.02459
82.2332 9.49746 -0.000102817 0.00010218 3.11293e-05 16.0562
0.498383 10.4972 0.0010321 -0.000953497 0.000117115 11.5404
1.49515 10.4972 -5.64314e-05 0.00124608 -8.16853e-06 8.52986
2.49192 10.4972 0.00172805 -0.000553045 0.000417582 12.5439
3.48868 10.4972 0.000278421 0.000255812 -9.02386e-05 10.0351
4.48545 10.4972 0.000768814 -0.00247606 9.73361e-05 11.0386
5.48221 10.4972 0.000630645 -0.00140232 0.000565652 6.02108
6.47898 10.4972 0.000181785 -0.000822188 0.000421372 6.02108
7.47575 10.4972 -9.91622e-06 -0.000551559 -0.00108931 13.5474
8.47251 10.4972 0.00036906 -0.00101349 0.000377897 12.5439
9.46928 10.4972 -0.00142436 0.000793137 0.00105333 9.03161
10.466 10.4972 -0.00059525 -4.25853e-05 0.000287531 10.5369
11.4628 10.4972 -0.000840723 -0.000353365 -0.000592699 13.5474
12.4596 10.4972 0.00142143 -0.000212056 0.000542337 6.52283
13.4563 10.4972 0.000910427 0.000122959 -0.000528633 7.52634
14.4531 10.4972 0.000921734 0.000312807 0.00130488 8.0281
15.4499 10.4972 -1.22707e-05 -0.000267419 0.000640566 14.5509
16.4466 10.4972 -0.000740452 -7.25645e-05 -0.000916865 14.5509
17.4434 10.4972 -0.000143692 0.000754628 3.509e-05 10.0351
18.4402 10.4972 0.00113232 -0.00065359 -5.34741e-05 9.53337
19.4369 10.4972 -0.000423451 -0.00095938 0.000309317 12.5439
20.4337 10.4972 -0.000784281 -0.000790349 0.000261348 9.03161
21.4305 10.4972 0.000318974 -0.00217397 -0.000574182 7.02459
22.4272 10.4972 7.58187e-05 0.000968258 0.000118073 8.52986
23.424 10.4972 1.10743e-05 -0.000932837 0.000242548 11.5404
24.4208 10.4972 0.000323739 4.61796e-05 0.000721729 14.0492
25.4175 10.4972 0.00018125 -0.000105955 0.00103235 13.0457
26.4143 10.4972 0.000703383 0.000816457 0.001099 9.53337
27.4111 10.4972 0.00133267 0.000244519 0.00201176 11.5404
28.4078 10.4972 -0.000161536 0.000999245 0.00100574 11.0386
29.4046 10.4972 -0.00127935 -0.000924571 0.000222978 10.5369
30.4014 10.4972 0.000323082 -0.000798506 5.30467e-05 6.02108
31.3981 10.4972 -0.00026923 -0.00147336 0.00183588 8.0281
32.3949 10.4972 0.000714205 9.97598e-05 6.37303e-05 13.5474
33.3917 10.4972 0.000411947 0.000104064 -0.00044114 10.0351
34.3884 10.4972 0.000566777 -0.000903579 0.000480403 8.0281
35.3852 10.4972 0.000867466 -0.000670067 -4.46253e-05 10.0351
36.382 10.4972 -0.000685427 0.000469786 0.00103158 6.52283
37.3787 10.4972 -0.00111726 8.20968e-05 0.000767187 9.03161
38.3755 10.4972 0.00103058 0.000417943 -0.000797859 8.52986
39.3723 10.4972 1.23109e-05 -0.00147803 0.00107314 7.52634
40.369 10.4972 -0.00105467 -7.49241e-05 0.00078795 11.5404
41.3658 10.4972 0.000112639 -0.000258904 0.000617669 13.5474
42.3626 10.4972 -0.000948293 -0.00141808 0.00163717 6.52283
43.3593 10.4972 0.000459405 0.000908019 0.000339243 13.0457
44.3561 10.4972 0.000666488 -0.000123323 -0.000743414 14.0492
45.3529 10.4972 0.000146703 -0.00123466 -0.000193301 8.52986
46.3496 10.4972 0.00130082 0.000723202 9.67692e-05 4.51581
47.3464 10.4972 0.00164456 -0.000199432 -0.000312061 4.01405
48.3432 10.4972 0.000803528 0.000631887 -2.40088e-05 8.52986
49.3399 10.4972 0.000349403 0.000527617 0.000131281 12.5439
50.3367 10.4972 -0.00166482 7.44238e-05 0.00111799 8.52986
51.3335 10.4972 -0.0011988 0.00071668 -0.00200563 7.02459
52.3302 10.4972 -0.00032239 0.000274892 -0.0010587 15.0527
53.327 10.4972 0.000439919 -0.000237072 -8.80522e-05 12.0422
54.3238 10.4972 0.000459076 0.000332015 0.00135599 7.52634
55.3205 10.4972 0.000336342 -0.000473647 0.000118849 5.51932
56.3173 10.4972 0.000900372 4.87588e-06 -0.000350711 8.52986
57.3141 10.4972 0.000517862 -0.000130488 -0.000160503 13.0457
58.3108 10.4972 -0.000317475 -0.000471582 -0.000410634 12.5439
59.3076 10.4972 -0.000332805 1.90458e-05 0.000818775 10.5369
60.3044 10.4972 -0.000672407 -0.000546538 0.00107078 8.0281
61.3011 10.4972 0.000169222 -0.000632488 0.000438872 12.0422
62.2979 10.4972 -0.000147168 9.10191e-05 0.000591548 8.0281
63.2947 10.4972 7.53896e-05 0.000180418 -0.00109779 8.0281
64.2914 10.4972 0.000850905 0.000270834 0.000496742 11.5404
65.2882 10.4972 -0.000562201 -0.000787581 -0.000603537 14.0492
66.285 10.4972 -0.000278678 -3.50313e-05 9.44885e-05 12.0422
67.2817 10.4972 -0.000222375 -0.000167254 -0.000357663 8.0281
68.2785 10.4972 -0.000835448 -0.000222178 -0.000133406 8.52986
69.2753 10.4972 0.00046889 0.000204823 0.000966179 17.0597
70.272 10.4972 -0.00106216 -0.000313234 0.000879613 5.01756
71.2688 10.4972 -0.000354259 -9.36295e-05 9.15804e-05 14.0492
72.2656 10.4972 0.000155403 0.0015586 0.000600679 8.0281
73.2623 10.4972 -0.00100535 0.000638107 0.00023916 9.03161
74.2591 10.4972 8.11276e-06 0.000990092 -0.000294503 8.52986
75.2559 10.4972 0.000799143 0.000252461 0.00124988 10.5369
76.2526 10.4972 1.68031e-05 -3.37867e-05 6.23045e-05 13.0457
77.2494 10.4972 -0.000171756 -0.000580517 6.92824e-05 12.0422
78.2462 10.4972 -0.000620537 0.000319775 -0.00171259 7.52634
79.2429 10.4972 0.0015168 0.000511115 -0.00103046 8.52986
80.2397 10.4972 0.00018404 -0.000654967 5.60389e-05 4.51581
81.2365 10.4972 0.000419927 -0.00090788 -0.000180863 8.52986
82.2332 10.4972 -0.00135181 0.0011024 -0.000650806 12.0422
0.498383 11.4969 0.000158361 -0.00185921 -0.00102669 7.02459
1.49515 11.4969 -0.000459667 -0.000488184 0.000869731 8.52986
2.49192 11.4969 -0.000721089 -0.00121583 -0.0016506 8.52986
3.48868 11.4969 0.000334366 -0.000860332 0.000400989 7.52634
4.48545 11.4969 7.48265e-06 0.00173177 0.000465859 19.5685
5.48221 11.4969 0.00160151 -0.000466353 0.000772195 11.5404
6.47898 11.4969 0.000185078 0.000644084 0.00120731 17.5615
7.47575 11.4969 0.000308703 0.000510928 -0.000528482 16.0562
8.47251 11.4969 -0.00206338 0.000448366 7.61812e-05 9.03161
9.46928 11.4969 0.0012184 0.0003515 -0.000752463 7.02459
10.466 11.4969 0.00010141 -0.00103216 0.00016124 8.52986
11.4628 11.4969 -0.000325662 -0.00111614 0.00108165 11.0386
12.4596 11.4969 -3.23981e-05 -0.000177342 -0.0010067 19.0667
13.4563 11.4969 -0.00159163 -0.00155003 0.000330438 9.53337
14.4531 11.4969 -0.000150547 0.000768026 -0.00163183 9.03161
15.4499 11.4969 0.000427885 0.000993395 -4.63781e-05 19.5685
16.4466 11.4969 -0.000219379 0.00161027 -0.000105395 9.03161
17.4434 11.4969 0.000845049 0.00104343 0.00157737 8.52986
18.4402 11.4969 -0.00138871 0.00044268 -0.000636801 4.51581
19.4369 11.4969 -5.75383e-05 -0.000555084 0.000969677 12.0422
20.4337 11.4969 -0.000284655 -0.000459131 -0.000138541 20.0703
21.4305 11.4969 0.000146103 -0.000678128 0.000931475 14.0492
22.4272 11.4969 0.000451208 0.00154169 -0.00022668 9.03161
23.424 11.4969 -0.000699321 0.000136954 0.000542673 18.565
24.4208 11.4969 0.000671291 0.00165787 -0.00102772 9.03161
25.4175 11.4969 0.00079975 -0.00261814 -0.000325586 10.0351
26.4143 11.4969 0.00120281 -0.000158267 0.000205981 7.02459
27.4111 11.4969 0.00022079 0.000191103 -0.000582371 11.0386
28.4078 11.4969 0.000289959 -0.000130461 0.000497194 16.0562
29.4046 11.4969 -0.000258933 -0.000595667 -0.000492649 19.0667
30.4014 11.4969 -0.000785438 0.000221176 5.79461e-05 10.5369
31.3981 11.4969 0.000143269 0.000262239 8.29781e-05 19.0667
32.3949 11.4969 0.000578413 -9.13608e-06 -0.000871264 17.0597
33.3917 11.4969 0.000802784 -0.000385079 -0.00061775 5.51932
34.3884 11.4969 0.000515631 -0.000823562 0.00101862 7.02459
35.3852 11.4969 -0.000874245 0.000142942 0.000120761 10.5369
36.382 11.4969 -0.000144441 0.000866449 -0.000266343 12.0422
37.3787 11.4969 0.000167361 0.000626151 0.00012458 22.579
38.3755 11.4969 0.000359257 0.00013073 0.00076156 8.52986
39.3723 11.4969 -0.000203384 0.000461474 -0.00063365 16.0562
40.369 11.4969 -6.09117e-05 0.000655832 0.000341786 19.5685
41.3658 11.4969 0.000904986 0.000107002 -0.000728396 12.0422
42.3626 11.4969 0.000520588 -0.000588692 0.000351567 8.0281
43.3593 11.4969 -0.000295912 -0.000249608 -0.000142366 7.02459
44.3561 11.4969 0.00207606 0.00110111 -0.000528318 5.51932
45.3529 11.4969 0.000335301 -0.000116747 -0.000295091 25.0878
46.3496 11.4969 -0.000275942 -6.2647e-05 0.0002746 13.5474
47.3464 11.4969 -4.68436e-05 -0.000207941 -1.85791e-05 13.5474
48.3432 11.4969 0.000203075 -0.000492192 -0.000524302 21.5755
49.3399 11.4969 0.000737718 0.000905265 0.000449396 8.0281
50.3367 11.4969 0.000200029 5.56742e-05 -0.00119257 8.0281
51.3335 11.4969 -0.00119615 -0.000601958 -0.000248074 8.0281
52.3302 11.4969 -0.000208019 6.79647e-05 0.00131373 5.51932
53.327 11.4969 0.000982025 0.000995513 -0.000537341 22.579
54.3238 11.4969 -0.000560358 0.000274457 -3.37035e-05 14.5509
55.3205 11.4969 -0.000491886 -0.00120983 0.00066339 6.52283
56.3173 11.4969 0.000974587 0.000192546 0.000353758 16.0562
57.3141 11.4969 0.000394231 0.00100146 0.000227575 17.0597
58.3108 11.4969 -0.000706395 0.00157002 3.9036e-05 8.52986
59.3076 11.4969 0.00183053 0.00199127 -0.00154116 6.02108
60.3044 11.4969 -0.00066227 0.00102015 -0.00254777 8.0281
61.3011 11.4969 -0.000210101 -0.000737502 0.000108213 15.5544
62.2979 11.4969 0.000638291 0.000536374 0.00030213 19.0667
63.2947 11.4969 3.15843e-05 -0.000706073 2.88868e-05 15.0527
64.2914 11.4969 0.000156867 -8.22587e-05 7.57732e-05 13.0457
65.2882 11.4969 -0.00108131 -0.00033875 0.000382005 15.0527
66.285 11.4969 0.000655479 -0.000163038 -0.000712375 8.0281
67.2817 11.4969 -0.00078543 0.000527152 -0.000398743 8.52986
68.2785 11.4969 0.00035624 -0.000974839 -0.000942223 7.52634
69.2753 11.4969 0.00022598 0.00156974 -0.00153132 11.0386
70.272 11.4969 0.000837443 0.000381463 -0.000531015 13.5474
71.2688 11.4969 0.000538785 0.000278984 -0.000166166 10.5369
72.2656 11.4969 -0.000192564 -0.000292588 -0.00141685 12.0422
73.2623 11.4969 -0.000129206 0.000286539 -0.000790055 19.5685
74.2591 11.4969 -0.000401945 -0.000907494 -0.000554701 9.03161
75.2559 11.4969 0.000294754 0.000149454 0.000304172 8.52986
76.2526 11.4969 -0.00158144 0.00105668 -0.000858216 10.0351
77.2494 11.4969 0.000623154 3.75745e-05 0.000681664 9.53337
78.2462 11.4969 -0.000651818 -0.000382874 0.000156399 18.0632
79.2429 11.4969 0.00134532 -0.000546156 -0.000161871 16.0562
80.2397 11.4969 0.000291353 0.000334085 0.000287218 9.03161
81.2365 11.4969 0.000552502 0.000162395 -0.00086823 22.0773
82.2332 11.4969 -0.00015618 0.000156423 0.000535238 12.0422
0.498383 12.4967 0.000599927 0.000370919 0.000420163 9.03161
1.49515 12.4967 -0.000347339 0.000135561 0.00144358 6.52283
2.49192 12.4967 0.00103429 -0.000535122 -0.000224387 5.51932
3.48868 12.4967 -0.000214654 0.000233918 -0.000604103 13.0457
4.48545 12.4967 -0.00022899 -0.000538166 -6.66212e-05 21.0738
5.48221 12.4967 -0.000779918 -0.000685029 -0.00100924 7.52634
6.47898 12.4967 0.000138793 -0.00057328 0.000470412 18.565
7.47575 12.4967 -0.00111935 -0.000289263 -0.000423971 13.0457
8.47251 12.4967 0.000189221 -0.000494757 -0.000431064 6.52283
9.46928 12.4967 -0.000690119 0.000539504 -0.000678305 6.52283
10.466 12.4967 0.000925149 9.61593e-05 -0.000353454 6.02108
11.4628 12.4967 -0.000112453 0.000347402 0.000491172 9.53337
12.4596 12.4967 0.000797756 -0.000572921 0.000965777 23.5825
13.4563 12.4967 0.00019828 -0.00137096 0.000170873 8.0281
14.4531 12.4967 0.0007269 -0.000379075 -0.000949078 14.5509
15.4499 12.4967 -1.57246e-05 -4.0239e-05 -0.000189736 21.5755
16.4466 12.4967 -0.000595564 -0.000407839 -0.00015446 10.5369
17.4434 12.4967 -0.00143615 0.00131364 -0.000378863 6.52283
18.4402 12.4967 -0.000633723 0.00101779 -0.000359892 6.52283
19.4369 12.4967 0.000130534 -0.000154316 -9.14776e-05 12.5439
20.4337 12.4967 0.000726148 0.000211796 -0.000109353 17.0597
21.4305 12.4967 -0.000464648 0.000416902 -0.000403393 13.5474
22.4272 12.4967 0.000316209 -0.0007025 0.000205847 11.5404
23.424 12.4967 -0.0010061 0.00125656 -0.000417997 19.5685
24.4208 12.4967 -0.000184445 0.000177311 -0.000530704 16.0562
25.4175 12.4967 -0.00163192 -0.000614207 -0.00163548 6.02108
26.4143 12.4967 0.000705992 0.000450274 -4.3784e-05 9.53337
27.4111 12.4967 -8.02852e-05 0.00171088 0.000941092 7.02459
28.4078 12.4967 0.000794509 0.000268899 0.00020749 14.5509
29.4046 12.4967 -0.000574296 0.000582917 -0.000623464 13.0457
30.4014 12.4967 -0.000427139 0.000974513 0.000358396 14.0492
31.3981 12.4967 0.000816911 -3.93165e-05 0.000265228 18.0632
32.3949 12.4967 0.000550628 -0.000379313 -0.000423653 8.52986
33.3917 12.4967 0.000589622 -0.00119445 -0.0011661 12.5439
34.3884 12.4967 0.000661137 0.00150657 9.96961e-05 8.52986
35.3852 12.4967 -0.00121031 -0.000377061 0.000182382 8.52986
36.382 12.4967 -0.0003766 0.000467463 0.00104261 17.5615
37.3787 12.4967 -0.000503192 -8.77866e-05 -0.000920871 20.572
38.3755 12.4967 0.000780427 -0.000954571 -0.000908536 10.0351
39.3723 12.4967 -0.00108105 -6.47046e-05 0.000227838 13.0457
40.369 12.4967 -2.07923e-05 0.000290262 0.00101668 13.0457
41.3658 12.4967 0.00012511 0.000400802 0.000313379 9.03161
42.3626 12.4967 0.0018771 -0.00027014 0.000585919 4.01405
43.3593 12.4967 -0.000883584 -0.000179687 0.00092986 8.52986
44.3561 12.4967 -0.000972492 0.00124595 0.000479746 11.5404
45.3529 12.4967 0.0006272 0.000147434 -0.00114016 18.565
46.3496 12.4967 -0.00110632 0.000579342 -0.000469331 11.5404
47.3464 12.4967 0.000535344 -0.000243975 -0.000101074 10.0351
48.3432 12.4967 0.000170529 -0.00013903 0.00023945 18.565
49.3399 12.4967 0.0010251 0.000687334 0.000760946 11.0386
50.3367 12.4967 0.000981579 0.000384657 0.00158088 4.01405
51.3335 12.4967 -0.000411382 -0.0010114 0.000324767 9.03161
52.3302 12.4967 -0.00156222 -0.00136567 -0.00174668 4.51581
53.327 12.4967 0.000387388 0.00010734 -0.000149846 15.5544
54.3238 12.4967 0.000790252 0.000562938 -0.000242853 16.558
55.3205 12.4967 -0.000542291 -0.000108699 -0.000378828 10.0351
56.3173 12.4967 -0.000678191 0.000690605 0.000288738 21.5755
57.3141 12.4967 -0.000469362 -0.00084342 -0.000524355 9.03161
58.3108 12.4967 0.000776926 0.00135093 0.000499193 7.52634
59.3076 12.4967 -0.000451141 0.000719871 -0.00103819 7.52634
60.3044 12.4967 -0.000395425 0.000283742 -0.00118971 9.53337
61.3011 12.4967 -0.000583935 -0.000565481 0.00092582 13.5474
62.2979 12.4967 1.46753e-05 0.000291283 -0.00019595 15.5544
63.2947 12.4967 0.000548031 -0.000712285 -0.000385257 10.0351
64.2914 12.4967 -0.000149914 8.36551e-05 -0.000468035 16.0562
65.2882 12.4967 2.98441e-05 -0.000968618 0.000530158 17.5615
66.285 12.4967 -0.000238752 0.000998611 -0.000603613 11.0386
67.2817 12.4967 0.000572104 -0.000925128 0.000985079 5.51932
68.2785 12.4967 -6.50511e-05 -0.00172195 -0.000964504 8.52986
69.2753 12.4967 2.35946e-05 -0.000681115 -0.00109533 13.5474
70.272 12.4967 -0.000144364 -0.000227753 0.00045012 19.0667
71.2688 12.4967 7.09142e-05 0.000335341 0.000424085 16.0562
72.2656 12.4967 -0.000621673 -4.68073e-05 -1.33273e-06 13.0457
73.2623 12.4967 0.000892004 0.000113007 0.000445497 10.5369
74.2591 12.4967 -0.000138325 0.000187258 0.00124835 8.52986
75.2559 12.4967 0.000185345 0.000258549 -8.80056e-05 9.53337
76.2526 12.4967 -0.000936357 -0.000893476 8.66694e-06 8.0281
77.2494 12.4967 -0.000946417 0.00060914 -0.00126897 9.03161
78.2462 12.4967 0.00137453 0.000579472 -0.00018454 14.5509
79.2429 12.4967 -0.000352206 0.000108406 -0.000295852 12.5439
80.2397 12.4967 -0.000695614 -0.000180055 0.000110172 12.0422
81.2365 12.4967 6.34151e-05 0.000541615 0.000546484 14.0492
82.2332 12.4967 -0.00115488 -0.00121875 -0.00124142 11.0386
0.498383 13.4964 -0.00130007 -0.000522719 -0.0012848 11.5404
1.49515 13.4964 -4.77229e-05 0.000215764 0.00116421 12.5439
2.49192 13.4964 -0.000390921 -0.000327763 -0.000732368 13.0457
3.48868 13.4964 0.000222019 0.00130964 -0.000192569 11.0386
4.48545 13.4964 -0.000980181 -0.000355657 -0.000614337 11.5404
5.48221 13.4964 0.00126792 -0.00194207 0.00096967 4.01405
6.47898 13.4964 -4.21807e-05 -0.000371531 3.74725e-05 10.5369
7.47575 13.4964 -0.000542108 -0.000118659 -0.00137931 10.0351
8.47251 13.4964 -0.000825286 0.00065852 -0.000644449 12.5439
9.46928 13.4964 -0.00032579 -2.699e-05 0.000455838 8.0281
10.466 13.4964 0.000349266 0.00103369 0.00076852 14.5509
11.4628 13.4964 -0.000511019 0.00105359 -0.000241906 10.5369
12.4596 13.4964 0.000811859 0.00076858 0.000166723 8.0281
13.4563 13.4964 -0.000303167 -0.000557623 -0.0006573 9.53337
14.4531 13.4964 -4.03391e-05 5.48763e-06 -0.000415115 11.0386
15.4499 13.4964 0.000402459 -0.00136929 0.000610827 10.0351
16.4466 13.4964 0.000368064 0.00011049 0.000291976 14.0492
17.4434 13.4964 8.71713e-05 -0.00133198 0.000263603 9.03161
18.4402 13.4964 0.000894309 -8.45931e-05 -0.000252666 7.52634
19.4369 13.4964 -0.000296783 3.87205e-05 -0.000759192 14.5509
20.4337 13.4964 0.000787583 7.42416e-05 6.0548e-05 8.52986
21.4305 13.4964 0.000735736 -0.00143558 0.00125319 7.52634
22.4272 13.4964 0.000680285 0.000121423 -0.000996725 5.01756
23.424 13.4964 0.000347727 -0.000147208 -7.21194e-05 12.5439
24.4208 13.4964 -0.000265474 0.000469943 0.000705492 12.5439
25.4175 13.4964 0.00151839 -0.000672605 -0.000183772 8.0281
26.4143 13.4964 -0.000131541 0.00118126 0.00056332 9.03161
27.4111 13.4964 0.000558168 0.000943403 -0.00169607 12.5439
28.4078 13.4964 -0.000394146 0.000276159 -7.93343e-05 10.0351
29.4046 13.4964 0.000646443 0.000421677 0.00044452 10.0351
30.4014 13.4964 -0.000381632 -0.000375507 0.00205346 6.52283
31.3981 13.4964 0.00158261 0.00139369 0.000938776 7.52634
32.3949 13.4964 0.000358958 -2.9396e-06 0.000599893 10.5369
33.3917 13.4964 0.0013836 -0.00213168 0.00135148 11.0386
34.3884 13.4964 0.000236756 -0.00106529 0.000467391 8.0281
35.3852 13.4964 2.54402e-05 -0.000290872 -8.21705e-05 8.52986
36.382 13.4964 0.000709416 -0.0011479 -0.000883823 10.5369
37.3787 13.4964 -0.00103739 0.000786256 0.000618976 10.0351
38.3755 13.4964 0.00113169 -0.00236754 0.000591421 4.51581
39.3723 13.4964 -0.000175738 -0.000305244 -0.000809634 8.52986
40.369 13.4964 0.000576016 0.000706337 0.000134001 12.0422
41.3658 13.4964 0.000290942 -0.000130834 0.00059436 12.0422
42.3626 13.4964 0.000452998 -0.000158143 0.00104293 8.52986
43.3593 13.4964 -0.000494066 -0.000291572 -0.000296941 11.0386
44.3561 13.4964 8.51461e-05 0.000146471 0.000684231 17.0597
45.3529 13.4964 -0.00153588 -0.000860056 -0.00103454 7.52634
46.3496 13.4964 -1.70481e-05 -0.000874201 0.000274266 8.52986
47.3464 13.4964 0.00085334 0.00074577 0.000406381 12.0422
48.3432 13.4964 -0.000101066 -0.00026008 -0.00115768 10.0351
49.3399 13.4964 -0.000902475 -8.38252e-05 -0.000224616 14.5509
50.3367 13.4964 6.83273e-05 -0.000197764 0.000440984 10.5369
51.3335 13.4964 -0.000493729 0.000294764 -0.0002889 8.0281
52.3302 13.4964 -0.000621465 -0.000407413 0.000434105 15.0527
53.327 13.4964 0.000177915 0.00092815 0.000920769 11.0386
54.3238 13.4964 -0.000124736 1.5375e-05 0.000873785 8.52986
55.3205 13.4964 -0.000257786 0.000962087 0.000431504 10.0351
56.3173 13.4964 -0.000765555 -0.000549274 0.000199359 10.0351
57.3141 13.4964 -0.000634136 -0.000148578 -0.00126762 13.0457
58.3108 13.4964 0.000453447 -0.000166128 -5.93509e-05 13.5474
59.3076 13.4964 -0.00150441 7.62179e-05 0.000393256 8.0281
60.3044 13.4964 0.000458866 0.000484729 -0.000645877 9.53337
61.3011 13.4964 -0.000904406 0.000438756 2.94518e-05 16.0562
62.2979 13.4964 0.00181683 0.000198351 -0.00110488 7.02459
63.2947 13.4964 -0.000592859 -0.000853941 -0.00117883 5.01756
64.2914 13.4964 -0.000385072 4.3771e-05 0.000155139 7.02459
65.2882 13.4964 0.000900106 0.00015064 -1.17985e-05 14.0492
66.285 13.4964 -0.000917087 -0.000166383 0.000506979 14.5509
67.2817 13.4964 0.000103922 -9.59398e-05 -6.2007e-05 11.0386
68.2785 13.4964 -0.0010525 0.00103145 -0.000385459 10.5369
69.2753 13.4964 0.000456856 3.85463e-05 -0.000637195 12.5439
70.272 13.4964 -0.000300516 -0.000663943 -0.00183692 5.51932
71.2688 13.4964 0.000855715 -0.000321954 -0.000169975 10.5369
72.2656 13.4964 -0.000248414 -0.0011794 -7.34691e-05 12.0422
73.2623 13.4964 0.000767399 0.00115502 -8.34265e-05 9.53337
74.2591 13.4964 -0.000639156 -0.000458114 0.000716496 18.565
75.2559 13.4964 -0.000671025 -0.00100346 -0.000200938 8.52986
76.2526 13.4964 -0.000539575 -0.000863296 0.000412877 9.53337
77.2494 13.4964 -0.00069516 -0.000808306 0.000932288 12.5439
78.2462 13.4964 -0.000296465 0.00109189 0.00100538 10.5369
79.2429 13.4964 -0.000354658 -0.000214137 0.000271857 11.0386
80.2397 13.4964 -0.000201191 0.000169036 -1.25496e-05 8.0281
81.2365 13.4964 -0.00120393 -0.000636117 0.00119208 8.0281
82.2332 13.4964 -0.000190577 -0.000881616 -0.000884031 11.0386
0.498383 14.4961 0.000264833 -0.000226339 0.000660789 20.572
1.49515 14.4961 -0.00166901 -0.000495034 0.000860141 6.52283
2.49192 14.4961 0.000483626 0.000124999 9.47269e-05 19.5685
3.48868 14.4961 -0.000585654 -0.000151585 0.000292449 19.0667
4.48545 14.4961 -0.00134035 -0.00163815 0.0017109 4.51581
5.48221 14.4961 -7.13036e-05 0.00054717 0.000308342 11.0386
6.47898 14.4961 0.000139106 -0.000572981 -0.000196234 5.01756
7.47575 14.4961 -0.00063201 0.000311025 -0.000749479 15.5544
8.47251 14.4961 -0.000120385 4.47564e-05 -1.28288e-05 28.6001
9.46928 14.4961 0.000210759 -0.00053614 0.00100985 10.5369
10.466 14.4961 -0.000213424 -0.000341953 0.00150966 17.5615
11.4628 14.4961 -0.000144796 0.00010151 -0.000620063 18.565
12.4596 14.4961 -0.000996591 0.000487214 0.00131223 7.02459
13.4563 14.4961 0.000198884 -0.000400239 -0.000225281 9.03161
14.4531 14.4961 -0.000474929 0.000605439 0.000405327 7.52634
15.4499 14.4961 -0.000603554 -0.00157669 0.00131245 9.03161
16.4466 14.4961 5.38268e-05 0.000431319 0.000550267 23.5825
17.4434 14.4961 0.00140327 -3.2844e-05 -0.000236102 11.0386
18.4402 14.4961 -0.000976802 -0.000572253 0.000471053 14.0492
19.4369 14.4961 -8.54902e-05 -4.87652e-05 0.00016097 27.0948
20.4337 14.4961 0.00140082 0.000553405 0.000690232 5.01756
21.4305 14.4961 0.000913896 -0.000422738 -0.000693435 8.0281
22.4272 14.4961 -0.000604614 -0.00101792 -0.000625012 8.52986
23.424 14.4961 -0.00058314 0.00220976 -0.000897104 4.51581
24.4208 14.4961 0.00117563 -0.000979918 -0.000195347 18.565
25.4175 14.4961 -0.0004545 -0.000527811 0.000249089 17.5615
26.4143 14.4961 0.000373155 0.000244048 -0.000619927 11.5404
27.4111 14.4961 -0.000232351 -0.000357313 -0.000587737 23.0808
28.4078 14.4961 -3.73057e-05 -0.000625538 0.000134646 14.5509
29.4046 14.4961 0.000580434 -0.000417868 0.000106744 8.0281
30.4014 14.4961 -0.000678009 -0.000351776 -0.000623045 7.52634
31.3981 14.4961 -0.000533626 0.000874898 0.000649124 11.5404
32.3949 14.4961 -0.000311421 -0.000818579 0.000353609 20.0703
33.3917 14.4961 -0.000664311 -0.000131428 0.000649141 18.0632
34.3884 14.4961 -0.000269337 -0.00130046 0.0010241 17.0597
35.3852 14.4961 0.00029563 0.000644698 0.000801663 18.0632
36.382 14.4961 8.99893e-05 0.000935402 0.000334265 19.0667
37.3787 14.4961 0.000735318 -0.000762609 -0.000395966 7.02459
38.3755 14.4961 -0.00133203 0.000847825 0.000846572 8.0281
39.3723 14.4961 0.000575968 -0.0014625 -0.000989406 6.52283
40.369 14.4961 3.68547e-05 -0.000584982 -0.00132266 11.0386
41.3658 14.4961 0.000516038 -2.08633e-05 -0.000310841 25.5896
42.3626 14.4961 -0.00035026 -0.000886627 0.000105693 10.0351
43.3593 14.4961 -0.000839126 0.000528401 -0.000761918 13.0457
44.3561 14.4961 -0.00026268 -0.000993596 0.0003079 20.0703
45.3529 14.4961 0.000445458 0.000195217 -0.000703203 9.53337
46.3496 14.4961 0.000257722 -0.000869443 0.000353645 6.02108
47.3464 14.4961 0.000531569 0.000357746 0.0023265 2.50878
48.3432 14.4961 0.000343213 -3.47645e-06 -0.00087535 11.0386
49.3399 14.4961 -0.000295271 0.000959388 -0.000181715 17.5615
50.3367 14.4961 0.000618495 -0.000698226 -0.000291497 17.0597
51.3335 14.4961 -0.000166144 -0.000443009 0.00106956 14.0492
52.3302 14.4961 -0.000995352 0.000117493 -0.000220838 17.0597
53.327 14.4961 0.00137045 0.0012314 -3.32788e-05 17.0597
54.3238 14.4961 0.00153712 0.000176819 0.000394571 6.52283
55.3205 14.4961 8.9686e-05 0.000505259 0.000931175 7.02459
56.3173 14.4961 0.00144367 -0.000241429 -0.000357924 5.51932
57.3141 14.4961 0.000477496 -0.000491312 -0.000511677 15.0527
58.3108 14.4961 0.000132627 0.000117499 0.000123169 22.0773
59.3076 14.4961 -0.000182275 0.000800272 1.60778e-05 15.0527
60.3044 14.4961 0.000250227 -0.000927934 -0.000500193 22.0773
61.3011 14.4961 -0.000111652 -0.00136655 -0.000732816 16.0562
62.2979 14.4961 3.86073e-05 -0.000476938 -0.000131773 8.0281
63.2947 14.4961 0.000431197 0.000600872 0.000929493 8.52986
64.2914 14.4961 0.000341884 0.000343011 0.00107886 10.0351
65.2882 14.4961 0.000682201 -4.56483e-05 0.000850495 13.5474
66.285 14.4961 0.000387871 0.000430499 0.000244264 19.0667
67.2817 14.4961 -0.000960836 -9.52436e-05 -7.99492e-05 13.0457
68.2785 14.4961 -0.000335415 -0.000262592 0.000176991 15.5544
69.2753 14.4961 0.000415347 -0.000384526 8.05399e-05 17.0597
70.272 14.4961 0.000150599 3.80081e-05 0.00065137 13.0457
71.2688 14.4961 -0.000113757 -0.000161989 -0.000450759 6.52283
72.2656 14.4961 0.000317723 0.000329387 -0.00049934 6.52283
73.2623 14.4961 -0.00159029 -0.00121216 0.000536758 10.0351
74.2591 14.4961 -0.000373279 -0.000566562 -0.000477946 22.579
75.2559 14.4961 4.00097e-05 0.000568145 0.000395506 15.5544
76.2526 14.4961 0.000650121 0.000515689 -0.000349815 12.5439
77.2494 14.4961 -1.25322e-05 0.000373983 8.6924e-05 20.572
78.2462 14.4961 -0.000763265 0.0010668 -0.000691871 12.5439
79.2429 14.4961 0.000321635 -0.000376694 -0.00024311 11.0386
80.2397 14.4961 -0.000547034 0.00185947 -0.000818373 7.52634
81.2365 14.4961 0.00111213 0.000672518 0.000294076 6.52283
82.2332 14.4961 0.000212251 -0.00033391 -0.000890152 16.558
0.498383 15.4959 0.00110256 0.00040661 -0.000954366 14.0492
1.49515 15.4959 -0.000127895 -0.000641009 0.00118892 6.52283
2.49192 15.4959 -0.00190438 0.00153295 0.00135581 10.0351
3.48868 15.4959 -0.000945518 -0.000174091 -8.25705e-05 8.52986
4.48545 15.4959 -7.02532e-05 -0.000209621 0.000813634 9.03161
5.48221 15.4959 -0.000148902 0.000407104 0.000597127 11.0386
6.47898 15.4959 -0.000271102 -0.000760307 0.000866378 8.52986
7.47575 15.4959 0.000870049 0.000878151 0.00150093 4.51581
8.47251 15.4959 2.55877e-05 -0.000323923 0.000395874 8.52986
9.46928 15.4959 0.00120456 -9.04625e-05 -0.000745077 6.52283
10.466 15.4959 0.000245523 0.00149209 0.000202151 6.02108
11.4628 15.4959 -0.000619789 0.000610493 0.000379561 13.5474
12.4596 15.4959 0.000366803 -4.77204e-06 0.000580705 13.0457
13.4563 15.4959 0.000161113 0.000120683 0.000360199 5.51932
14.4531 15.4959 0.000389945 -0.000632781 -7.75918e-05 9.53337
15.4499 15.4959 -0.000723312 -0.000453281 0.00109455 11.5404
16.4466 15.4959 -0.000828731 0.000379662 0.00119956 12.0422
17.4434 15.4959 3.29617e-05 0.000257554 -0.00197899 6.02108
18.4402 15.4959 -0.000138277 0.000563872 -0.000256809 12.0422
19.4369 15.4959 0.000810254 -0.000392462 -0.00139372 10.0351
20.4337 15.4959 0.00132722 -0.00119111 0.00146678 10.0351
21.4305 15.4959 0.000386635 -0.00029596 -0.000880635 10.0351
22.4272 15.4959 0.00101662 -3.28005e-05 -0.000500474 9.53337
23.424 15.4959 -6.28471e-05 6.06492e-05 -0.0010005 12.0422
24.4208 15.4959 0.000126883 -0.000778972 0.0018627 9.53337
25.4175 15.4959 -0.000354411 -0.00091181 -0.000442449 12.0422
26.4143 15.4959 4.8579e-05 -0.000180685 -0.000182375 10.0351
27.4111 15.4959 0.000433098 -0.000159969 -0.000791361 9.53337
28.4078 15.4959 4.96451e-05 -0.000609614 0.000646254 11.0386
29.4046 15.4959 0.00137902 0.000984681 0.00179655 7.52634
30.4014 15.4959 -0.000872759 -0.000413868 0.000331111 10.5369
31.3981 15.4959 6.9581e-05 0.000126198 0.000289701 12.0422
32.3949 15.4959 0.00052282 0.00169258 0.000778811 7.52634
33.3917 15.4959 -0.000582318 -0.00165431 -0.000392353 8.52986
34.3884 15.4959 -9.83962e-05 -0.00148974 -0.00099096 6.52283
35.3852 15.4959 0.000702376 -0.000143777 -9.76761e-05 7.52634
36.382 15.4959 0.000352684 -0.000389228 -0.00113286 5.51932
37.3787 15.4959 1.62147e-05 -0.000440822 -0.000180077 14.5509
38.3755 15.4959 0.000866143 5.23018e-05 -0.00053289 9.53337
39.3723 15.4959 0.00049762 -0.0003001 0.000423633 10.0351
40.369 15.4959 0.000125698 -0.00013323 0.000457108 12.5439
41.3658 15.4959 -0.00015095 0.00131955 0.000660267 15.5544
42.3626 15.4959 0.000632686 -0.000777838 -0.000208083 8.52986
43.3593 15.4959 -0.000827854 -0.000656159 0.000403242 12.0422
44.3561 15.4959 0.000107942 0.000303932 -0.000323801 10.5369
45.3529 15.4959 8.19629e-05 -0.000650498 0.000144742 11.5404
46.3496 15.4959 -0.00108245 0.000726671 -0.00014784 9.53337
47.3464 15.4959 -0.00100781 -0.000759859 -2.21532e-05 8.0281
48.3432 15.4959 0.00130211 -0.000848103 7.29951e-05 11.0386
49.3399 15.4959 0.000780309 -0.000579226 0.00115988 8.0281
50.3367 15.4959 -0.00109649 -0.000318892 -0.000305194 9.53337
51.3335 15.4959 9.65298e-05 0.000222934 -0.000949353 10.5369
52.3302 15.4959 -0.00131104 -0.000261334 -0.00124549 11.5404
53.327 15.4959 0.000624957 0.000180222 0.0014539 9.03161
54.3238 15.4959 -0.000120939 0.000865953 1.62603e-05 7.02459
55.3205 15.4959 -0.000550559 -0.0018405 0.000311487 9.03161
56.3173 15.4959 -0.000587356 0.00135136 0.000313948 11.5404
57.3141 15.4959 -0.00147591 -0.000504451 -0.000818067 8.0281
58.3108 15.4959 -0.000317339 -0.000682166 0.00037026 6.52283
59.3076 15.4959 -0.000719275 0.00116116 0.00116957 5.01756
60.3044 15.4959 -0.000442648 -0.000602161 -0.000427506 9.03161
61.3011 15.4959 0.00018225 -4.04067e-05 0.0012993 10.5369
62.2979 15.4959 0.000175095 0.000367904 -0.000528701 8.52986
63.2947 15.4959 -0.00087811 0.00170804 -0.000251549 8.52986
64.2914 15.4959 -0.000916377 0.000678479 0.00029943 12.0422
65.2882 15.4959 -0.000903704 0.00107132 0.000140574 9.53337
66.285 15.4959 0.000590702 -0.000320228 0.000453726 11.5404
67.2817 15.4959 -0.000347106 9.08827e-05 -0.000702449 4.51581
68.2785 15.4959 0.000652982 0.00119345 -0.00165162 8.0281
69.2753 15.4959 -0.000710917 -0.000565043 -0.000477715 12.0422
70.272 15.4959 0.000295755 -3.03198e-05 -0.000274972 16.558
71.2688 15.4959 -0.000982656 -0.00104839 -0.00120132 7.52634
72.2656 15.4959 0.000213692 -0.000874091 -3.97e-06 8.52986
73.2623 15.4959 0.00115589 0.000510921 0.000231672 10.5369
74.2591 15.4959 0.000106167 -3.79694e-06 -0.000765317 8.52986
75.2559 15.4959 0.000715789 0.00063584 -0.000171349 8.52986
76.2526 15.4959 -0.000999674 -0.000246285 0.00113024 8.52986
77.2494 15.4959 -0.000704087 -0.000809254 0.000111806 11.5404
78.2462 15.4959 0.000843674 0.000996501 0.000271528 11.0386
79.2429 15.4959 0.0018076 -2.51575e-05 0.0018482 9.03161
80.2397 15.4959 -0.00134072 0.0010028 0.000289391 7.02459
81.2365 15.4959 0.000141676 -0.000128329 0.0010742 13.0457
82.2332 15.4959 0.000872501 -0.000631035 -0.000439356 10.5369
0.498383 16.4956 -0.00083897 0.00104291 -0.000713423 9.53337
1.49515 16.4956 -0.000330111 -0.000697542 -0.000614413 10.5369
2.49192 16.4956 0.000932013 -0.000371505 0.000238665 10.0351
3.48868 16.4956 -0.000841247 -0.000511198 0.000214322 17.0597
4.48545 16.4956 0.000123807 0.000426115 0.000366344 20.0703
5.48221 16.4956 0.00121262 0.000631144 4.85648e-05 10.5369
6.47898 16.4956 -0.000651285 -0.00033492 -0.000395683 17.5615
7.47575 16.4956 0.000787656 0.000115729 0.000350252 22.0773
8.47251 16.4956 -0.000534369 -0.000489512 -0.000522013 9.53337
9.46928 16.4956 0.000712983 -8.93424e-05 -0.000698982 10.5369
10.466 16.4956 -0.000363218 0.000568475 -0.00117587 7.02459
11.4628 16.4956 -1.59876e-05 0.000174509 0.000712924 15.5544
12.4596 16.4956 -0.00055056 0.000115525 0.000899232 26.0913
13.4563 16.4956 0.000496681 0.000325879 -0.00036173 9.53337
14.4531 16.4956 -4.20553e-05 0.000366709 0.000389946 19.5685
15.4499 16.4956 -0.000204896 0.000859839 0.000555506 20.0703
16.4466 16.4956 0.000399795 0.00144067 -0.00133314 8.52986
17.4434 16.4956 0.000253038 -0.00032711 -0.00142504 7.52634
18.4402 16.4956 -0.000328791 -0.0017556 0.0010572 5.01756
19.4369 16.4956 -0.000580832 0.000588461 -0.000456217 11.0386
20.4337 16.4956 -8.1072e-05 -0.000131548 -0.000951094 25.5896
21.4305 16.4956 -0.000151066 0.000155666 -1.82506e-05 13.0457
22.4272 16.4956 0.000365397 0.000404706 0.000187625 14.0492
23.424 16.4956 0.00103561 0.000199052 0.000110475 23.5825
24.4208 16.4956 0.000304641 0.00018223 -0.00137963 9.53337
25.4175 16.4956 -0.000454527 -0.000180541 -0.0007048 6.02108
26.4143 16.4956 0.000940695 -0.000660826 -0.000562411 11.5404
27.4111 16.4956 -0.000447722 0.000483526 -0.000468125 9.53337
28.4078 16.4956 0.000183111 0.000354109 -3.74946e-06 18.0632
29.4046 16.4956 0.000427127 -0.000689969 0.000972306 17.5615
30.4014 16.4956 0.000341647 1.12199e-05 0.00129008 10.0351
31.3981 16.4956 0.000728275 4.29435e-06 0.000239932 20.0703
32.3949 16.4956 9.33388e-06 5.31968e-05 -0.000337618 16.0562
33.3917 16.4956 -0.000239254 0.000183525 0.000618117 8.0281
34.3884 16.4956 -0.00115292 6.87199e-05 -0.000766667 8.52986
35.3852 16.4956 0.000676174 0.000199325 0.0012374 9.03161
36.382 16.4956 0.000106945 -0.00147067 -0.000577354 15.0527
37.3787 16.4956 9.41569e-05 -0.00118339 -0.000156142 20.0703
38.3755 16.4956 2.06087e-05 -0.000775858 0.000473949 13.5474
39.3723 16.4956 0.000624774 -0.000625375 -0.00100293 12.5439
40.369 16.4956 0.000147287 -0.00068978 0.00045808 19.0667
41.3658 16.4956 0.000409561 0.000567132 0.000832262 10.5369
42.3626 16.4956 -0.00133312 -0.00134309 4.45866e-05 6.52283
43.3593 16.4956 -0.00161332 -0.000150553 -0.000576992 6.52283
44.3561 16.4956 -0.000295761 7.6909e-05 -0.000768505 10.0351
45.3529 16.4956 0.000711648 -5.79824e-05 8.22235e-05 24.0843
46.3496 16.4956 0.000110765 -0.000648797 -0.000149514 13.5474
47.3464 16.4956 0.000319477 0.000496341 -0.000149465 15.0527
48.3432 16.4956 0.000181236 0.000831846 0.000495964 20.0703
49.3399 16.4956 -0.000399067 8.27698e-05 0.000298779 11.0386
50.3367 16.4956 0.000978064 -0.000388923 1.3155e-05 6.02108
51.3335 16.4956 -0.000118181 -0.00096263 0.00273654 3.51229
52.3302 16.4956 -0.000159843 -0.000353048 -0.000205984 7.02459
53.327 16.4956 3.65946e-05 0.0001197 0.000506055 27.5966
54.3238 16.4956 -0.00110244 -0.000764954 -0.000246624 16.558
55.3205 16.4956 -0.000659844 -0.000155214 0.000390284 7.02459
56.3173 16.4956 0.000250485 4.37149e-05 -0.000380524 29.6036
57.3141 16.4956 0.000199589 0.000708128 -0.00106842 14.0492
58.3108 16.4956 0.00219813 0.0013864 -0.000427801 7.52634
59.3076 16.4956 0.000130098 -0.00104792 0.00141951 7.02459
60.3044 16.4956 0.000142109 -5.00238e-05 -0.000898179 8.0281
61.3011 16.4956 0.000203999 3.3505e-05 -0.000422883 16.0562
62.2979 16.4956 -0.000956039 0.000667599 0.000271837 22.0773
63.2947 16.4956 -1.76554e-05 -0.000153812 0.00157624 11.5404
64.2914 16.4956 0.000485173 0.000153492 0.000486804 18.0632
65.2882 16.4956 0.000168849 -0.000678185 0.00101659 12.5439
66.285 16.4956 -0.00111986 0.00031787 0.00131219 9.03161
67.2817 16.4956 0.0013229 -0.00040591 0.000399666 11.5404
68.2785 16.4956 -0.00147063 -0.00136744 -0.000322293 9.03161
69.2753 16.4956 0.000201581 0.00017208 0.000701871 11.0386
70.272 16.4956 0.000302971 -0.000439424 -0.000395522 17.5615
71.2688 16.4956 -0.000180402 0.00127085 -0.000472535 13.0457
72.2656 16.4956 0.000647407 -0.000227717 2.74786e-05 20.572
73.2623 16.4956 8.00743e-05 0.000850977 0.000122351 19.5685
74.2591 16.4956 -0.00139542 -0.000457566 -0.00143138 9.53337
75.2559 16.4956 -0.000202046 0.000534697 0.000277909 6.02108
76.2526 16.4956 0.00108816 0.000480211 -0.0002539 9.53337
77.2494 16.4956 0.000137983 0.000496594 -0.000377361 11.0386
78.2462 16.4956 0.000622409 -0.000237402 0.00106864 20.572
79.2429 16.4956 0.000453444 0.000323859 0.000437522 15.5544
80.2397 16.4956 0.0013542 0.000675921 -0.000437929 10.0351
81.2365 16.4956 0.000740911 -0.000327868 3.53555e-05 20.572
82.2332 16.4956 -0.000494017 -0.000989416 0.0002504 9.03161
0.498383 17.4953 0.00106086 0.000559699 -0.00165595 4.01405
1.49515 17.4953 0.000316907 0.000483739 0.000821963 7.02459
2.49192 17.4953 0.000122765 -0.000490548 0.000946347 6.52283
3.48868 17.4953 0.00044199 0.000125179 -0.00118915 12.5439
4.48545 17.4953 -9.56332e-05 3.01917e-05 -0.000294503 14.5509
5.48221 17.4953 0.000905598 -0.00126912 0.00125467 10.5369
6.47898 17.4953 -0.000916009 -0.000539336 0.00083462 10.0351
7.47575 17.4953 -0.000315005 0.000166783 0.000121676 15.0527
8.47251 17.4953 0.000100366 0.00167547 0.00104175 8.52986
9.46928 17.4953 0.000157108 -0.000751747 0.0015572 5.51932
10.466 17.4953 0.000694877 -0.000115873 0.00246705 5.01756
11.4628 17.4953 0.000376869 -0.000449485 0.00134248 7.52634
12.4596 17.4953 0.000590344 -0.000142462 -0.000699853 13.5474
13.4563 17.4953 0.000855924 -0.000180775 -0.000423585 9.53337
14.4531 17.4953 0.00128681 -0.000214464 0.000131325 8.52986
15.4499 17.4953 -0.00035955 -0.00160163 2.10333e-05 17.5615
16.4466 17.4953 -0.000237076 -0.000256904 0.000302792 12.0422
17.4434 17.4953 -0.000511327 -0.000597647 -0.000338134 8.0281
18.4402 17.4953 0.000802256 -0.000172284 -0.000821438 14.0492
19.4369 17.4953 0.000156729 0.000820317 0.000100341 6.02108
20.4337 17.4953 3.36458e-05 -0.000525619 0.000828545 12.5439
21.4305 17.4953 0.000203754 0.000271809 0.00105219 8.0281
22.4272 17.4953 -1.32129e-05 -0.000282502 0.00114779 11.0386
23.424 17.4953 -0.000653857 -0.000866947 0.00034307 18.565
24.4208 17.4953 0.000818542 -0.00144401 -0.000356233 10.0351
25.4175 17.4953 -0.000924876 -0.00077315 -0.0011182 6.02108
26.4143 17.4953 -0.000298913 -0.000457258 -0.00129154 6.52283
27.4111 17.4953 0.00111591 0.00144926 0.00100266 10.0351
28.4078 17.4953 0.000814637 0.000421862 -0.00148827 12.0422
29.4046 17.4953 -0.00076925 -9.55278e-05 -0.00103779 11.5404
30.4014 17.4953 -0.000643923 -0.000579159 0.00192298 8.52986
31.3981 17.4953 0.00199923 0.000833702 -0.00145465 13.5474
32.3949 17.4953 -0.00123052 4.11783e-05 -0.00076366 10.0351
33.3917 17.4953 0.000425512 -0.00136574 7.26051e-05 7.02459
34.3884 17.4953 -0.00116139 -0.000440057 0.00158753 8.0281
35.3852 17.4953 0.000978652 -2.90538e-06 9.20554e-05 6.52283
36.382 17.4953 -0.000120909 0.000482005 -0.000435415 11.0386
37.3787 17.4953 0.000168196 0.000167626 -9.08096e-05 17.0597
38.3755 17.4953 -0.00162759 -0.000310511 0.000952066 8.0281
39.3723 17.4953 -0.000940935 -0.000366554 -0.000839702 12.5439
40.369 17.4953 4.2795e-06 -0.000283022 0.000108953 14.0492
41.3658 17.4953 -0.000321095 -0.000370588 0.000314754 12.5439
42.3626 17.4953 0.000787826 0.00130933 0.000205569 8.52986
43.3593 17.4953 -0.000735398 -2.5172e-05 -0.000291373 6.02108
44.3561 17.4953 4.70269e-05 -0.000363857 -0.000527946 7.52634
45.3529 17.4953 -0.000706782 -1.56389e-05 0.000114637 15.5544
46.3496 17.4953 -0.000610001 -0.00103795 -0.00071421 11.5404
47.3464 17.4953 0.000355815 0.000915078 0.000365016 9.03161
48.3432 17.4953 -0.000464522 -0.000941783 -0.000765848 15.5544
49.3399 17.4953 -0.000116926 -0.000725207 -0.000903875 13.5474
50.3367 17.4953 0.00129802 -0.000397349 0.00107844 9.03161
51.3335 17.4953 -0.00121598 0.00202639 0.000281213 8.0281
52.3302 17.4953 0.000196344 0.00143834 -5.55072e-05 7.02459
53.327 17.4953 0.000296173 0.00035947 0.000401915 14.5509
54.3238 17.4953 -0.000748098 -0.000398641 9.81382e-05 13.0457
55.3205 17.4953 -0.000675445 -0.000343448 0.000113895 9.53337
56.3173 17.4953 0.000104965 -0.00134241 -0.000275637 11.0386
57.3141 17.4953 5.51293e-05 0.000280462 0.000581449 10.5369
58.3108 17.4953 0.000271495 -0.00108745 0.000605172 8.52986
59.3076 17.4953 0.00105363 0.00108671 -2.43279e-05 7.02459
60.3044 17.4953 0.000819776 -0.000121909 -0.000757101 10.0351
61.3011 17.4953 -0.000134238 -0.00114605 -0.000662125 9.53337
62.2979 17.4953 0.000723807 0.000838379 -0.000527731 9.53337
63.2947 17.4953 0.000421332 8.96974e-05 0.000309383 12.5439
64.2914 17.4953 7.81618e-05 -0.000166479 -0.00121261 13.5474
65.2882 17.4953 -0.000244829 -7.46495e-05 0.000492085 13.5474
66.285 17.4953 0.000443975 -0.000406569 0.00112867 6.52283
67.2817 17.4953 -0.000672163 -0.00118893 -0.00059497 8.52986
68.2785 17.4953 -0.000454431 0.00090464 0.000513972 10.5369
69.2753 17.4953 0.000740242 0.000386342 -0.000148946 10.5369
70.272 17.4953 -0.00056459 0.00050494 0.000361162 16.0562
71.2688 17.4953 -0.00119819 -0.000704576 -0.000953126 10.5369
72.2656 17.4953 0.00110505 0.000494945 0.000363077 10.0351
73.2623 17.4953 0.000123756 -0.00106349 -0.000854975 11.0386
74.2591 17.4953 0.000911412 -0.000231326 0.00137504 10.5369
75.2559 17.4953 -0.000320906 -0.00194919 3.34574e-05 7.02459
76.2526 17.4953 0.00020395 -0.00104788 -0.000166941 4.51581
77.2494 17.4953 0.000214668 6.62789e-05 -0.000729006 10.0351
78.2462 17.4953 -0.000231137 -0.000351166 -0.000832987 10.0351
79.2429 17.4953 0.000983478 0.000504793 7.94594e-05 14.5509
80.2397 17.4953 0.000629849 -0.000673852 0.000992547 9.03161
81.2365 17.4953 -0.00107724 -0.000195573 -0.00114424 16.0562
82.2332 17.4953 -0.000351153 -0.000534881 -0.000328327 15.0527
0.498383 18.4951 -0.000888831 -0.000625638 -0.000146028 15.0527
1.49515 18.4951 0.00154345 0.000879545 -3.97229e-05 8.0281
2.49192 18.4951 0.000554905 -0.00130904 0.00124958 18.0632
3.48868 18.4951 -0.000211447 0.000308451 -0.000233182 10.0351
4.48545 18.4951 0.000198603 0.000539205 0.000183357 8.0281
5.48221 18.4951 0.000856943 0.000187917 0.00075522 10.5369
6.47898 18.4951 -0.000444782 0.00105548 -0.00112942 9.03161
7.47575 18.4951 -0.00147418 -0.000859996 -0.00120446 8.0281
8.47251 18.4951 0.000107431 -0.000179018 0.000128402 19.0667
9.46928 18.4951 0.00109424 0.00203488 -0.000822021 9.53337
10.466 18.4951 -0.000284968 0.00104577 0.000113528 13.0457
11.4628 18.4951 -0.000225431 0.000729828 0.00019407 14.5509
12.4596 18.4951 -0.00153632 0.000659411 -0.000127543 8.0281
13.4563 18.4951 0.000394441 -0.000726861 0.00184853 10.0351
14.4531 18.4951 0.0014605 -0.000192134 -0.000262999 4.51581
15.4499 18.4951 0.000851776 0.00149128 0.000542113 11.0386
16.4466 18.4951 -0.000716392 0.000619896 0.000446069 18.0632
17.4434 18.4951 0.00155263 -0.000942881 0.00102587 7.02459
18.4402 18.4951 -0.000360493 -0.000922463 0.00134383 10.5369
19.4369 18.4951 0.000242442 -0.00149041 -0.000798 19.0667
20.4337 18.4951 0.00079271 -0.000792299 -0.000210323 9.53337
21.4305 18.4951 -0.000336523 -0.000723308 0.00109381 8.52986
22.4272 18.4951 2.54233e-06 -0.000114357 0.00176696 4.51581
23.424 18.4951 -0.000469767 0.000435848 -0.0011267 6.52283
24.4208 18.4951 4.49619e-05 -0.000259837 0.000704752 18.0632
25.4175 18.4951 -8.45344e-05 0.000264518 0.00116094 13.5474
26.4143 18.4951 -0.00078185 0.000604854 0.000328633 9.53337
27.4111 18.4951 0.000100602 0.000759433 4.8562e-06 18.0632
28.4078 18.4951 0.000435731 0.00105662 -0.000917605 12.5439
29.4046 18.4951 -0.000875316 0.000929076 -0.000934364 7.52634
30.4014 18.4951 0.00088876 -6.46115e-05 0.000122249 9.03161
31.3981 18.4951 -0.000233624 0.00111481 0.000899015 9.53337
32.3949 18.4951 -7.58658e-05 0.000170887 -0.00104141 17.0597
33.3917 18.4951 -3.10322e-05 -0.00121425 -0.000737849 15.5544
34.3884 18.4951 4.73283e-05 -0.000923959 -0.000774319 11.0386
35.3852 18.4951 -0.000808751 0.000353899 -0.00049015 13.5474
36.382 18.4951 7.13897e-05 -0.000952216 0.000191771 11.5404
37.3787 18.4951 0.000539246 -0.00064859 0.00030519 12.5439
38.3755 18.4951 0.000621805 -0.000181077 -0.000357445 6.02108
39.3723 18.4951 0.000901452 -0.000124175 0.000921127 9.53337
40.369 18.4951 -0.00113805 0.000257107 0.000283333 9.53337
41.3658 18.4951 0.000512711 -0.000426443 4.77494e-05 16.0562
42.3626 18.4951 0.000848123 -0.000484616 -0.00191956 10.0351
43.3593 18.4951 6.282e-06 0.000201328 0.00186016 11.5404
44.3561 18.4951 -0.000918981 -0.000836758 0.000290604 16.0562
45.3529 18.4951 0.000421549 0.0009461 0.000508093 10.0351
46.3496 18.4951 -6.735e-05 0.000383658 0.000987766 4.01405
47.3464 18.4951 -0.000749288 -0.000325434 -0.000258667 11.0386
48.3432 18.4951 0.00112515 0.000414399 -0.000896054 5.51932
49.3399 18.4951 5.89979e-05 -0.00085517 0.00131065 21.0738
50.3367 18.4951 0.00105932 0.00175333 0.000190624 12.5439
51.3335 18.4951 -0.000690073 0.000527117 -0.000744166 7.52634
52.3302 18.4951 0.000888137 0.000836221 -0.000395949 21.5755
53.327 18.4951 -0.000340282 -0.000544473 0.000103817 11.5404
54.3238 18.4951 -0.00018603 -0.00076821 0.000519681 7.02459
55.3205 18.4951 3.57372e-05 0.000644907 -0.00175584 7.52634
56.3173 18.4951 0.000983284 0.000327203 -0.000126373 10.5369
57.3141 18.4951 0.000475662 -0.000760036 6.52062e-05 12.5439
58.3108 18.4951 -0.000388725 -0.000604781 5.50936e-05 18.0632
59.3076 18.4951 -0.00117829 0.000724991 0.000559933 8.0281
60.3044 18.4951 -1.39801e-05 -7.41983e-06 0.000632074 15.0527
61.3011 18.4951 -9.78568e-05 -0.000193901 0.000541146 15.5544
62.2979 18.4951 -0.000660533 0.00024002 0.000859778 11.0386
63.2947 18.4951 -0.000448727 -0.000708324 0.000734179 9.53337
64.2914 18.4951 0.000197812 0.00105639 -0.000812616 10.0351
65.2882 18.4951 0.000747963 0.000812967 0.0013898 13.5474
66.285 18.4951 0.000574188 -0.000705095 0.00104595 14.5509
67.2817 18.4951 0.00121047 7.53511e-05 -0.000239122 10.5369
68.2785 18.4951 0.000828263 -5.88349e-05 -6.33905e-06 11.0386
69.2753 18.4951 -0.000739211 0.000964685 0.000691294 17.5615
70.272 18.4951 -0.000593533 0.00139317 0.00021537 9.03161
71.2688 18.4951 0.000627059 -5.32653e-05 -0.000567 8.52986
72.2656 18.4951 -0.000548412 0.00289901 0.00134606 4.51581
73.2623 18.4951 0.000393761 0.000516408 -0.000311492 12.5439
74.2591 18.4951 -0.000379423 -0.00110363 -1.41413e-05 16.0562
75.2559 18.4951 -4.04613e-05 -0.000206787 0.00171643 15.0527
76.2526 18.4951 -0.000772374 -0.00104187 -1.14089e-05 13.0457
77.2494 18.4951 -0.000516033 -0.000279048 0.000668514 16.0562
78.2462 18.4951 1.37827e-05 -0.000778237 -0.000292979 12.5439
79.2429 18.4951 -0.000118464 -0.000654946 4.51505e-05 8.0281
80.2397 18.4951 0.000909161 -0.000142706 0.000708407 5.51932
81.2365 18.4951 -0.0011047 -2.30229e-05 0.000823079 10.0351
82.2332 18.4951 -0.000750074 0.000664739 0.000516153 17.0597
0.498383 19.4948 -9.18948e-05 -0.000638045 -0.000990045 17.0597
1.49515 19.4948 4.39982e-05 0.000277918 0.000776414 8.52986
2.49192 19.4948 6.5653e-05 -0.000695982 0.000387855 24.0843
3.48868 19.4948 -0.000294202 0.000416572 -0.000675231 18.0632
4.48545 19.4948 -0.00204154 -0.000625616 -0.0012976 6.52283
5.48221 19.4948 0.00022302 0.0010559 0.00237716 4.01405
6.47898 19.4948 -0.001425 0.00127748 0.000316465 8.52986
7.47575 19.4948 0.000367687 0.000317126 -0.000604317 15.0527
8.47251 19.4948 -0.001104 0.000141716 -0.000945281 18.0632
9.46928 19.4948 -0.00084038 -0.000335094 -0.000336919 10.0351
10.466 19.4948 1.28859e-05 9.90352e-05 0.000254709 22.0773
11.4628 19.4948 0.000130606 0.00102701 0.000148332 22.579
12.4596 19.4948 0.00134119 0.000292929 0.000786963 8.52986
13.4563 19.4948 -0.000389798 8.2505e-06 0.00121998 5.01756
14.4531 19.4948 0.00103982 0.000490989 -0.000675908 5.51932
15.4499 19.4948 0.000233258 0.00018767 0.000565751 11.5404
16.4466 19.4948 -0.000348812 0.000685731 6.16085e-05 24.0843
17.4434 19.4948 -2.21078e-06 0.0013974 -0.000950021 7.52634
18.4402 19.4948 -0.000167423 -0.000507721 0.00107218 10.5369
19.4369 19.4948 -0.000502703 0.000847772 0.000137613 25.5896
20.4337 19.4948 0.000112098 -0.000330055 -0.00130992 9.53337
21.4305 19.4948 0.000797913 0.000435067 0.000997575 5.51932
22.4272 19.4948 0.000883522 -0.00113554 0.0017931 5.51932
23.424 19.4948 0.000392167 0.00108432 5.8563e-05 10.5369
24.4208 19.4948 0.000378857 -0.000564751 0.000493435 20.0703
25.4175 19.4948 0.000151526 0.00106646 2.59181e-05 15.0527
26.4143 19.4948 -0.000484807 -0.000257825 -0.000320218 10.5369
27.4111 19.4948 -0.000240245 -0.000526022 0.000221173 20.0703
28.4078 19.4948 -0.00065104 0.000622433 -0.000543421 13.5474
29.4046 19.4948 -0.000272169 0.00117925 0.000425257 7.02459
30.4014 19.4948 -0.000369261 -0.000604049 7.3888e-05 8.0281
31.3981 19.4948 -0.000849481 0.000132752 7.5459e-06 5.01756
32.3949 19.4948 -2.68121e-05 -0.000519569 -0.000501284 16.0562
33.3917 19.4948 -0.000474257 0.00105099 0.000163648 16.558
34.3884 19.4948 -0.000102312 -0.000155745 -0.0005164 13.5474
35.3852 19.4948 -0.00055398 0.000277496 0.00121416 17.5615
36.382 19.4948 -0.000104043 -0.000232053 -0.000238752 13.5474
37.3787 19.4948 -0.000517221 -0.00016412 0.000603773 10.5369
38.3755 19.4948 0.00105069 -0.000266434 -0.00128144 8.0281
39.3723 19.4948 0.000112476 -0.000818046 0.000340145 6.52283
40.369 19.4948 0.000421812 0.000728167 -0.000831444 7.02459
41.3658 19.4948 -0.000442397 0.000165933 0.00011795 21.5755
42.3626 19.4948 -0.0027989 0.000477284 0.000191257 11.0386
43.3593 19.4948 -0.00053095 -0.000283425 -0.000178796 10.5369
44.3561 19.4948 -0.0004061 0.000537346 0.000218692 25.5896
45.3529 19.4948 0.000300853 0.000267908 -0.000679621 10.0351
46.3496 19.4948 -0.00128606 0.00103645 -0.000462466 10.0351
47.3464 19.4948 -0.000572783 -0.000641739 -0.00191522 4.01405
48.3432 19.4948 0.00107283 2.73397e-05 -0.000532028 7.52634
49.3399 19.4948 -5.28261e-05 -0.000347798 -0.000620965 19.0667
50.3367 19.4948 0.000154785 0.000182444 0.000674819 14.0492
51.3335 19.4948 0.000685877 7.10643e-05 8.74423e-05 8.52986
52.3302 19.4948 2.47639e-05 2.06828e-05 0.000440207 26.5931
53.327 19.4948 0.00115184 0.0006703 0.000179799 11.0386
54.3238 19.4948 0.00072268 -0.00113693 0.000801076 6.52283
55.3205 19.4948 0.00148982 -0.000240346 -0.000299198 5.01756
56.3173 19.4948 0.00231028 0.000577428 -0.00028932 5.51932
57.3141 19.4948 -0.00075605 -0.000375353 -0.000460615 15.0527
58.3108 19.4948 -9.1127e-05 -1.16371e-05 0.000582647 18.0632
59.3076 19.4948 -0.000124659 0.000448758 0.00084329 13.0457
60.3044 19.4948 -0.000157202 -0.000338764 -0.000523852 16.558
61.3011 19.4948 0.000329135 -0.000474675 0.000768042 16.558
62.2979 19.4948 -0.00154577 4.22381e-05 -0.000704819 6.02108
63.2947 19.4948 -0.000102639 -0.000191691 0.00102278 6.52283
64.2914 19.4948 -0.000244967 -0.000707438 0.000618449 8.52986
65.2882 19.4948 4.00034e-05 -0.000631932 0.000798131 13.5474
66.285 19.4948 -0.000140733 -2.4546e-05 -0.000134875 17.5615
67.2817 19.4948 0.000172483 -0.000566472 -0.000569021 11.5404
68.2785 19.4948 0.00067891 0.000157079 0.00042559 13.5474
69.2753 19.4948 -0.000454981 -0.00102018 0.000238205 17.5615
70.272 19.4948 -0.000547716 0.000827497 -0.00140063 7.52634
71.2688 19.4948 -0.00115934 -0.00191076 -0.00200428 7.52634
72.2656 19.4948 -1.71833e-05 4.20688e-06 -0.000431449 8.52986
73.2623 19.4948 -0.000294232 0.00010199 -0.000345376 10.0351
74.2591 19.4948 -0.000423849 0.000326329 -0.000122349 17.5615
75.2559 19.4948 0.00023755 0.000144098 0.000539155 14.0492
76.2526 19.4948 -0.00011261 -0.000184133 0.000302715 9.03161
77.2494 19.4948 -1.42389e-05 0.000517686 -4.91837e-05 20.0703
78.2462 19.4948 0.000633339 0.000950396 -0.000619179 13.0457
79.2429 19.4948 0.000495837 0.000593949 0.000747933 6.02108
80.2397 19.4948 -0.00242697 -0.000711421 -0.000401856 7.02459
81.2365 19.4948 0.000259071 0.000780305 -0.000695654 7.52634
82.2332 19.4948 -0.000314253 9.61139e-05 -0.000875714 15.0527
0.498383 20.4945 -0.00103849 -0.00106657 0.000764686 6.52283
1.49515 20.4945 -0.000998479 -0.000337853 0.00157045 7.02459
2.49192 20.4945 0.00057382 0.000418485 0.000458901 10.0351
3.48868 20.4945 -0.000248086 -0.00028682 -0.000191026 11.0386
4.48545 20.4945 0.000528082 5.64198e-05 -0.000251492 11.0386
5.48221 20.4945 -0.000124662 -6.89493e-05 -0.000367636 6.02108
6.47898 20.4945 -0.000157074 -0.00141264 0.000271416 10.0351
7.47575 20.4945 3.46971e-07 -9.16097e-05 0.00127183 12.0422
8.47251 20.4945 9.89653e-05 -0.0015483 -6.87478e-05 9.53337
9.46928 20.4945 -0.000188289 0.000944536 -0.000392833 5.01756
10.466 20.4945 0.00105122 -0.000885499 0.00163762 5.51932
11.4628 20.4945 -0.000935001 8.78823e-05 -0.00062724 9.03161
12.4596 20.4945 -0.000701651 -0.000138714 0.000286344 11.0386
13.4563 20.4945 -0.000277353 -0.000503228 9.18507e-05 9.03161
14.4531 20.4945 0.000255034 0.00123441 -0.000741392 14.0492
15.4499 20.4945 0.00143621 -0.000822684 -0.000311145 13.5474
16.4466 20.4945 0.000221743 0.000428224 -1.18806e-05 11.5404
17.4434 20.4945 0.000263967 0.000580825 0.000368593 9.03161
18.4402 20.4945 -0.000406315 0.000446207 -0.00067292 5.51932
19.4369 20.4945 0.000759938 0.00193398 3.29809e-05 7.02459
20.4337 20.4945 0.000580674 -0.00109226 -0.000689036 10.0351
21.4305 20.4945 0.00029191 -7.98064e-05 0.00146255 8.52986
22.4272 20.4945 -0.000317524 0.000516942 -0.000471983 9.03161
23.424 20.4945 0.00112921 0.000891463 3.79567e-05 10.5369
24.4208 20.4945 -0.000785902 0.000815658 0.000699955 11.0386
25.4175 20.4945 -0.0015129 -0.00135788 0.00225621 8.52986
26.4143 20.4945 7.84276e-05 -0.00198988 0.000565673 6.02108
27.4111 20.4945 -0.00158067 -0.000100962 -0.000716194 9.03161
28.4078 20.4945 -0.00187953 -0.000494365 0.000117657 9.53337
29.4046 20.4945 0.000151013 -0.000941891 0.000632608 11.0386
30.4014 20.4945 0.000143714 -0.000703822 0.000271767 12.0422
31.3981 20.4945 0.000563682 -0.00164224 2.56874e-05 10.0351
32.3949 20.4945 -0.00163464 -0.00097415 -0.00014179 9.53337
33.3917 20.4945 -0.00115187 -0.000762218 0.00180739 5.51932
34.3884 20.4945 -9.69331e-05 0.00123957 -0.000894911 10.0351
35.3852 20.4945 -0.000424791 -0.000943926 -0.0013471 7.52634
36.382 20.4945 0.000401502 -0.000272355 -0.000121293 11.5404
37.3787 20.4945 -0.000171848 0.000424066 0.000166711 14.0492
38.3755 20.4945 -0.000635354 -0.000594418 0.000932873 7.02459
39.3723 20.4945 0.000493811 0.000707109 0.000836546 8.0281
40.369 20.4945 -0.0015196 -0.000838599 -0.000942211 9.53337
41.3658 20.4945 -0.000432059 0.000465619 0.000719568 13.0457
42.3626 20.4945 1.60687e-05 -0.000826162 -0.00202159 9.53337
43.3593 20.4945 0.00029304 -0.00103523 0.000363446 12.0422
44.3561 20.4945 0.00104846 6.81156e-05 -0.000260071 9.03161
45.3529 20.4945 4.39163e-05 0.00102111 0.000168003 14.0492
46.3496 20.4945 -0.000405732 0.00113294 0.000901723 10.5369
47.3464 20.4945 -0.000330992 -0.000230959 -0.00129988 6.52283
48.3432 20.4945 -2.96211e-05 -0.000812306 0.000208558 15.5544
49.3399 20.4945 -0.000352359 -3.58958e-05 -0.000188871 12.0422
50.3367 20.4945 -0.000341709 -5.58035e-05 0.00118263 8.0281
51.3335 20.4945 0.000130552 -0.000159692 0.00113785 8.52986
52.3302 20.4945 -0.000238395 -0.00065403 0.000662384 6.52283
53.327 20.4945 4.81702e-05 -9.50415e-05 -0.000988563 11.5404
54.3238 20.4945 -0.000148701 -0.000254355 0.000776888 11.5404
55.3205 20.4945 0.000349284 0.000852649 -0.00054227 11.5404
56.3173 20.4945 0.000145115 8.63613e-05 -0.00113558 12.0422
57.3141 20.4945 -5.36639e-05 0.000571439 0.000410737 15.0527
58.3108 20.4945 0.000188826 -0.00116868 0.000201667 11.0386
59.3076 20.4945 8.83e-06 -5.33641e-05 -0.000355639 7.02459
60.3044 20.4945 -0.000803892 -0.00075132 -0.000758284 8.52986
61.3011 20.4945 -0.000470267 -0.000197201 0.000822197 12.0422
62.2979 20.4945 6.65237e-05 1.32401e-05 -0.00124242 11.5404
63.2947 20.4945 -0.000759988 -0.000929729 0.000524523 7.52634
64.2914 20.4945 0.00031774 0.000468445 -0.00120615 11.5404
65.2882 20.4945 -0.000150085 0.000846457 0.000196198 14.0492
66.285 20.4945 9.76629e-05 -0.000345193 0.000295195 10.0351
67.2817 20.4945 -0.000537993 0.000475972 5.05895e-05 8.52986
68.2785 20.4945 0.000605966 -0.000391135 0.000356297 9.53337
69.2753 20.4945 -0.000865786 0.000124935 -0.00090647 10.5369
70.272 20.4945 -0.000529705 0.000275421 0.000796846 14.5509
71.2688 20.4945 -0.000921157 0.000748444 -0.000304254 7.52634
72.2656 20.4945 0.000781224 -0.00066159 0.00128179 9.03161
73.2623 20.4945 0.000765911 9.6218e-05 -0.000435574 12.5439
74.2591 20.4945 -0.000996163 -0.000649243 0.000661259 10.5369
75.2559 20.4945 -0.000421951 -0.00039765 0.00120748 5.51932
76.2526 20.4945 -0.000619201 0.000550208 0.000646154 7.52634
77.2494 20.4945 0.000115379 -0.000576525 0.00052201 11.5404
78.2462 20.4945 -0.000515269 -0.000559965 0.00132953 11.5404
79.2429 20.4945 0.000412299 0.000686396 -0.000417772 8.52986
80.2397 20.4945 0.000224992 0.000727692 0.000622415 8.52986
81.2365 20.4945 -0.000364068 0.000534673 -0.000318144 12.0422
82.2332 20.4945 -0.000700389 -0.000385143 -0.000252786 12.0422
0.498383 21.4943 -0.000274004 0.000578975 0.000256386 11.0386
1.49515 21.4943 -0.000911636 -0.000640519 0.000616377 9.53337
2.49192 21.4943 -0.000201628 -0.000111089 -0.000868369 6.52283
3.48868 21.4943 -0.000540793 0.0013665 0.000255828 18.0632
4.48545 21.4943 9.24835e-05 0.00116406 1.14726e-05 20.0703
5.48221 21.4943 -0.00238199 0.000336689 -0.000345744 8.0281
6.47898 21.4943 -9.47783e-06 -0.000561334 -0.000425729 20.572
7.47575 21.4943 0.000502196 -0.000633373 -0.00029338 19.5685
8.47251 21.4943 -0.000336459 0.000941317 0.000256802 9.53337
9.46928 21.4943 4.52197e-05 -0.000148365 0.00133406 8.52986
10.466 21.4943 -0.000246959 -0.00051304 -0.00106643 7.52634
11.4628 21.4943 -0.000706854 -0.000988115 -0.000465237 9.03161
12.4596 21.4943 -0.000344522 0.000730113 -0.000765814 28.6001
13.4563 21.4943 -0.00148142 0.000474568 -0.000384669 11.0386
14.4531 21.4943 -0.000981773 7.52567e-06 0.000321164 17.5615
15.4499 21.4943 0.000322771 -0.000217914 0.000218567 21.5755
16.4466 21.4943 0.00164928 0.000770345 0.000681234 7.02459
17.4434 21.4943 -0.00106006 0.000292759 0.00160815 5.51932
18.4402 21.4943 0.000460178 0.00159808 0.0013858 8.0281
19.4369 21.4943 0.0014126 0.00198296 0.00138577 12.5439
20.4337 21.4943 0.000149297 0.000310596 0.000728588 30.1054
21.4305 21.4943 -0.000647877 0.000814032 -0.00077361 13.0457
22.4272 21.4943 0.000994896 -0.000342691 -0.000484368 12.0422
23.424 21.4943 0.000942374 0.000681819 0.000674817 27.0948
24.4208 21.4943 4.30609e-06 0.0012239 0.000120861 13.5474
25.4175 21.4943 -0.00139415 -0.000163219 0.000470012 5.01756
26.4143 21.4943 -0.0010238 0.000227654 0.000905777 6.02108
27.4111 21.4943 -0.000194163 -0.000525695 0.000432999 12.5439
28.4078 21.4943 -0.000318756 0.000153552 0.000473581 19.0667
29.4046 21.4943 -9.29128e-05 -0.000135018 0.000856833 17.0597
30.4014 21.4943 -0.000940758 -2.88593e-05 -0.000759432 12.5439
31.3981 21.4943 -0.000273792 0.00050445 -0.000294112 19.5685
32.3949 21.4943 0.000732687 -3.49452e-05 0.00019269 11.5404
33.3917 21.4943 -0.000381487 -0.00095642 -0.00129237 5.01756
34.3884 21.4943 4.83921e-05 0.000117328 1.55066e-05 10.0351
35.3852 21.4943 0.000358715 0.0007798 0.000552774 8.0281
36.382 21.4943 -0.000739154 -0.000273691 0.000558589 17.0597
37.3787 21.4943 -0.000276435 0.000217191 -0.000292369 21.5755
38.3755 21.4943 0.000722623 -0.000185691 -0.000289006 13.0457
39.3723 21.4943 -0.000384544 0.000662939 0.00109107 14.0492
40.369 21.4943 -0.000176246 -0.000402727 0.000580524 21.0738
41.3658 21.4943 7.52012e-05 0.00117966 0.00100206 8.52986
42.3626 21.4943 -0.000442938 1.72784e-05 0.000377917 6.02108
43.3593 21.4943 0.000856687 0.000953336 -0.000379879 5.51932
44.3561 21.4943 0.000915116 0.000831221 2.52562e-05 6.02108
45.3529 21.4943 0.000612982 2.75486e-05 2.41926e-05 21.0738
46.3496 21.4943 0.00122663 -0.000934409 -0.000314955 15.5544
47.3464 21.4943 -0.000525224 -0.000266877 -4.99821e-05 7.02459
48.3432 21.4943 0.000687152 6.92309e-05 0.00114973 30.6071
49.3399 21.4943 -0.00107065 0.000132171 0.000401328 10.0351
50.3367 21.4943 -0.000348165 -0.00112321 0.00132424 7.02459
51.3335 21.4943 0.00105369 0.00207024 0.00124004 6.52283
52.3302 21.4943 -0.00122875 0.000423404 -0.000259278 6.02108
53.327 21.4943 0.000297016 -0.00046656 -0.000462418 24.0843
54.3238 21.4943 8.08807e-05 -0.000567173 -0.00112002 20.0703
55.3205 21.4943 0.000230174 0.00117445 -0.000200084 8.52986
56.3173 21.4943 0.00024625 0.000481497 -0.00021731 25.5896
57.3141 21.4943 0.000228228 -0.000250265 0.000997232 12.5439
58.3108 21.4943 0.00043072 0.000241915 0.000901329 6.02108
59.3076 21.4943 0.000116666 -0.000671779 -0.00138675 7.02459
60.3044 21.4943 0.00282523 -0.00254979 -0.0012336 8.52986
61.3011 21.4943 6.27666e-05 3.36513e-05 -0.000113528 13.5474
62.2979 21.4943 -0.000376976 0.000929397 0.000444717 24.5861
63.2947 21.4943 -6.93308e-05 0.000105057 -0.000555371 10.0351
64.2914 21.4943 0.000252925 -0.000446046 0.000511719 13.5474
65.2882 21.4943 -0.000570628 0.000457245 -0.000264882 18.0632
66.285 21.4943 -0.000169952 0.000189236 -0.000300196 13.5474
67.2817 21.4943 -0.000929418 -0.000410606 -0.000629866 5.51932
68.2785 21.4943 -0.000942044 0.00145536 0.00129999 7.02459
69.2753 21.4943 -0.000285736 0.000461352 -0.000744787 10.0351
70.272 21.4943 6.3502e-05 0.000160665 -0.00133981 24.0843
71.2688 21.4943 -0.000230085 -0.000105135 -0.000315033 15.0527
72.2656 21.4943 3.6109e-05 0.000335612 -0.000654568 12.0422
73.2623 21.4943 0.0004544 3.11398e-05 -0.000267859 24.0843
74.2591 21.4943 0.00169089 -6.65178e-05 0.000200827 12.5439
75.2559 21.4943 0.000585956 -0.000514576 -0.00076823 7.02459
76.2526 21.4943 0.000277707 0.00025223 -0.00100183 9.53337
77.2494 21.4943 -0.000400512 -0.00134071 -0.000517759 8.52986
78.2462 21.4943 0.000445926 -0.000104888 -0.000104762 19.5685
79.2429 21.4943 -0.000450024 0.000408688 0.000469097 17.0597
80.2397 21.4943 0.00103452 0.000467302 -0.000503279 12.0422
81.2365 21.4943 -0.000487083 -0.00100542 0.000260516 24.5861
82.2332 21.4943 -0.000383113 0.00127624 0.000523434 9.53337
0.498383 22.494 0.000402916 0.000627344 0.000777525 9.53337
1.49515 22.494 0.000127694 -0.00158772 -0.00119073 6.02108
2.49192 22.494 -0.000173921 0.00102157 0.000713698 6.02108
3.48868 22.494 0.000329103 -0.000496065 -0.00120677 12.0422
4.48545 22.494 -0.000470815 7.67724e-05 -0.000579046 17.0597
5.48221 22.494 -0.000386848 0.000547015 0.00060803 11.0386
6.47898 22.494 0.00101259 -0.000231193 0.00143728 12.5439
7.47575 22.494 -0.000149437 0.000610358 -0.000192942 10.5369
8.47251 22.494 -0.000959198 -0.000629675 0.000986915 6.52283
9.46928 22.494 0.000368803 -8.6244e-06 0.00038756 7.52634
10.466 22.494 0.000510516 0.000797827 -0.000113738 8.0281
11.4628 22.494 0.00204856 0.00020769 -0.000113337 4.01405
12.4596 22.494 -0.000933542 -7.54033e-05 -0.000165581 13.0457
13.4563 22.494 0.000112693 -0.000155802 -0.000142148 10.5369
14.4531 22.494 0.000195622 -0.000367154 0.00117104 9.53337
15.4499 22.494 -0.00065219 -0.000255458 0.000201045 11.5404
16.4466 22.494 -0.000681198 -0.000539543 0.000238482 9.53337
17.4434 22.494 0.000187059 0.00214817 -0.000292187 5.51932
18.4402 22.494 0.0015204 0.000178218 -0.000331196 8.52986
19.4369 22.494 -0.000569248 -0.0011596 0.000196738 10.5369
20.4337 22.494 0.00080573 0.000488324 -0.00013719 11.0386
21.4305 22.494 0.000105426 0.000847408 -0.000739923 5.01756
22.4272 22.494 0.000165098 -0.00020925 -0.00100715 11.0386
23.424 22.494 0.000622205 0.000843776 0.000548111 13.0457
24.4208 22.494 0.000356363 0.00143002 0.000563075 9.53337
25.4175 22.494 -0.000127457 4.50276e-05 0.000691775 8.52986
26.4143 22.494 -4.3599e-06 -6.39415e-05 -0.000709043 10.5369
27.4111 22.494 -0.000627697 0.00126676 0.000401392 9.03161
28.4078 22.494 0.00102687 0.000619567 0.000574123 14.5509
29.4046 22.494 -1.00282e-05 -0.0011907 -0.000598417 11.0386
30.4014 22.494 0.00108704 -9.08063e-05 -0.000190391 10.0351
31.3981 22.494 0.000902127 0.000839141 -0.000700937 12.5439
32.3949 22.494 0.00080758 0.000249098 -0.00137914 13.5474
33.3917 22.494 1.67208e-06 0.00115033 -0.00140772 14.0492
34.3884 22.494 -0.000488649 0.000999578 0.000846128 9.03161
35.3852 22.494 -2.42384e-05 0.000415456 -0.000399337 9.53337
36.382 22.494 -8.30171e-05 -0.000941481 0.000304506 8.52986
37.3787 22.494 -0.000138774 -2.81519e-05 -0.000736487 11.5404
38.3755 22.494 -0.000948311 -0.000135363 0.000154522 5.51932
39.3723 22.494 0.000128564 -0.00093855 0.00159978 13.0457
40.369 22.494 -0.000262161 -0.000128321 -1.28183e-05 13.5474
41.3658 22.494 -0.00101824 -0.000506739 0.000398489 9.53337
42.3626 22.494 -0.000281772 0.000858434 0.00108616 8.0281
43.3593 22.494 0.0010082 -0.000794996 -0.00142388 8.0281
44.3561 22.494 0.000143199 -0.00104891 0.000432457 11.5404
45.3529 22.494 0.00104748 0.00023642 -0.000502921 14.0492
46.3496 22.494 7.18739e-05 6.40127e-05 0.000869379 11.5404
47.3464 22.494 -0.000380563 -0.000706382 0.000727218 7.52634
48.3432 22.494 0.00104871 0.00101394 -6.94408e-05 10.0351
49.3399 22.494 -0.000970448 -0.000362953 0.000264199 7.52634
50.3367 22.494 -0.000126614 -0.00120935 -0.000930546 5.51932
51.3335 22.494 0.000214058 0.00203378 -0.00158234 3.01054
52.3302 22.494 0.000716844 -0.00057215 -0.000889137 11.0386
53.327 22.494 -0.000651776 0.00217228 3.82253e-05 12.0422
54.3238 22.494 0.000725529 -0.00115131 -0.000437406 8.52986
55.3205 22.494 0.00073636 -0.000177703 0.000590699 8.52986
56.3173 22.494 -0.000711242 0.000434109 0.00142863 13.5474
57.3141 22.494 0.00034221 0.0002581 0.00108258 8.52986
58.3108 22.494 0.00035289 -0.000394711 -0.000293351 9.03161
59.3076 22.494 -0.000736474 -0.0010049 -0.0010485 7.52634
60.3044 22.494 -0.00135676 0.000932488 -0.000243396 7.02459
61.3011 22.494 0.000938558 0.000331427 0.000253316 13.0457
62.2979 22.494 0.0014324 -3.4574e-05 -0.000428723 11.0386
63.2947 22.494 -0.000373746 0.00068518 -1.45183e-05 10.5369
64.2914 22.494 0.000422478 0.000325527 -0.000469885 11.0386
65.2882 22.494 -0.00093135 -0.000610174 -0.000664871 11.5404
66.285 22.494 -0.00153905 0.000406214 0.000268407 8.52986
67.2817 22.494 -0.000103322 -0.000358203 -0.00100565 9.03161
68.2785 22.494 0.000604236 0.000744548 -0.000731485 9.03161
69.2753 22.494 -0.00043931 0.000849327 0.000593587 10.0351
70.272 22.494 -0.000203951 0.000440372 -0.000512699 15.0527
71.2688 22.494 0.000668857 -0.000254594 -5.99872e-05 10.0351
72.2656 22.494 0.000192009 -0.0017014 0.00187437 6.52283
73.2623 22.494 0.00126307 0.000565123 -0.00031736 14.0492
74.2591 22.494 -0.000748222 0.000772773 -0.00032082 10.5369
75.2559 22.494 0.00073564 -0.000880146 -2.47249e-05 9.53337
76.2526 22.494 -0.000238203 0.000250321 -2.87699e-06 7.52634
77.2494 22.494 0.000192753 -0.000801276 -0.000143487 9.53337
78.2462 22.494 -0.000162594 0.000732153 0.000724395 14.5509
79.2429 22.494 0.000867722 -0.000136658 -0.000755258 9.03161
80.2397 22.494 0.00116117 -0.000505721 0.000269709 9.53337
81.2365 22.494 0.000350206 0.000164661 0.000602464 14.0492
82.2332 22.494 2.80896e-05 0.000981338 0.000604977 8.0281
0.498383 23.4937 -0.000229195 -0.00065328 -0.000303937 22.0773
1.49515 23.4937 -0.000273388 -0.000161161 -0.00109993 8.52986
2.49192 23.4937 0.000852324 -0.000198147 -0.000488221 16.0562
3.48868 23.4937 2.90116e-05 0.000363275 -0.000341562 13.0457
4.48545 23.4937 -0.00137365 -0.000601759 0.000858568 6.52283
5.48221 23.4937 -0.000238519 -0.000160306 0.00146059 6.52283
6.47898 23.4937 -0.00242849 -0.000925966 -0.000978161 5.51932
7.47575 23.4937 -0.00063279 0.000177781 2.58051e-05 12.0422
8.47251 23.4937 0.000225131 0.000480038 -0.000279822 24.0843
9.46928 23.4937 -0.000180245 -0.000167376 -0.000250525 9.53337
10.466 23.4937 -0.000787945 0.000157157 -0.00113224 17.5615
11.4628 23.4937 0.00103903 0.000418738 0.000212817 19.0667
12.4596 23.4937 -0.000109091 -0.000729099 -3.39526e-06 9.53337
13.4563 23.4937 -0.000150157 -1.61513e-05 0.000720251 5.51932
14.4531 23.4937 1.40984e-05 -0.000613005 0.00147105 5.01756
15.4499 23.4937 -0.00124414 0.000653794 0.000930532 7.52634
16.4466 23.4937 0.000185043 8.74132e-05 -0.00017839 24.0843
17.4434 23.4937 0.000372632 0.000917546 0.000722264 9.53337
18.4402 23.4937 0.000797063 0.000467932 0.000487865 10.5369
19.4369 23.4937 0.000532251 9.22504e-05 -0.000192315 26.5931
20.4337 23.4937 7.16004e-05 -0.000187811 0.000590597 9.03161
21.4305 23.4937 -0.000323363 -0.000391437 0.00100044 7.02459
22.4272 23.4937 0.000183489 1.44769e-05 -0.000762609 7.52634
23.424 23.4937 -0.000646536 -4.70995e-05 0.000598173 5.51932
24.4208 23.4937 -0.000437056 0.000144016 8.11965e-06 20.0703
25.4175 23.4937 0.000122359 -0.000100078 0.000213326 16.0562
26.4143 23.4937 -4.54633e-05 0.000890825 0.000755465 16.0562
27.4111 23.4937 1.47223e-05 3.79013e-05 -0.000968034 17.0597
28.4078 23.4937 -0.00103059 0.00017261 -0.000571127 10.5369
29.4046 23.4937 0.000403151 3.05088e-05 -6.7396e-05 7.02459
30.4014 23.4937 -0.000317042 -0.00127363 -0.000573385 8.0281
31.3981 23.4937 0.000189989 -0.000192967 -0.000980355 9.03161
32.3949 23.4937 -0.000345356 -0.000248222 -0.000799017 19.5685
33.3917 23.4937 0.000288235 -0.000183727 -0.00051223 12.0422
34.3884 23.4937 -0.000514397 -0.000849791 4.40879e-05 14.0492
35.3852 23.4937 0.000163172 0.000715228 -0.000715764 13.0457
36.382 23.4937 0.0006989 -0.000254006 0.000430267 16.0562
37.3787 23.4937 -0.000803515 5.67361e-06 0.000241443 9.03161
38.3755 23.4937 -0.0001155 -0.000975673 -0.000127654 12.0422
39.3723 23.4937 -0.000462747 -0.000222616 -0.00184092 6.52283
40.369 23.4937 -0.000680055 0.000229169 -0.000446667 12.5439
41.3658 23.4937 0.000633227 -0.000783003 -0.000977428 18.0632
42.3626 23.4937 -0.00121055 0.000231537 0.000349962 12.5439
43.3593 23.4937 -8.16374e-05 -0.000182507 3.25287e-05 13.5474
44.3561 23.4937 0.000240334 -0.00167365 0.00042165 18.565
45.3529 23.4937 0.00088 -0.000502976 -0.000400725 12.0422
46.3496 23.4937 0.000507642 0.000130766 -0.000476985 7.52634
47.3464 23.4937 -0.00141777 0.000494481 0.000195186 5.01756
48.3432 23.4937 0.00106901 0.000619103 0.000460542 10.5369
49.3399 23.4937 -0.000241898 0.000363784 0.000256276 23.0808
50.3367 23.4937 0.00115697 -0.00012594 -0.000798757 18.0632
51.3335 23.4937 -0.000287058 -0.000798399 0.000729945 11.0386
52.3302 23.4937 -0.000887709 0.00102924 -0.000294646 23.0808
53.327 23.4937 -0.00119439 0.000160795 0.000536816 10.5369
54.3238 23.4937 -3.48572e-05 0.00142915 -0.000188108 6.52283
55.3205 23.4937 0.00149816 0.000906555 -0.000175554 5.01756
56.3173 23.4937 0.00187524 -0.000176384 -0.00105673 9.03161
57.3141 23.4937 0.000235697 0.00067133 -0.000134298 17.5615
58.3108 23.4937 0.000870136 -0.000899241 0.000434656 16.558
59.3076 23.4937 -0.000495107 -0.000277589 -0.000376687 10.0351
60.3044 23.4937 0.000119975 -0.00132373 3.21859e-05 16.558
61.3011 23.4937 -0.000203277 -4.30557e-05 0.000896075 11.0386
62.2979 23.4937 -0.000197931 -3.72575e-05 0.000992339 10.5369
63.2947 23.4937 -0.00017871 -0.000364043 -0.00195446 8.52986
64.2914 23.4937 -0.00162863 0.000756241 0.000531176 8.52986
65.2882 23.4937 -0.000413683 0.00132491 -0.000336363 13.0457
66.285 23.4937 0.000457513 -0.000171115 -0.000125306 21.5755
67.2817 23.4937 -0.000777148 0.000415145 -0.00168558 13.0457
68.2785 23.4937 -0.000180791 0.000653009 -0.000913464 11.5404
69.2753 23.4937 -0.000204118 0.000464301 0.000431201 21.5755
70.272 23.4937 0.000120059 -0.000808611 0.000255178 9.03161
71.2688 23.4937 0.000218749 -0.000119241 -0.000286626 5.51932
72.2656 23.4937 0.00121645 -4.97904e-05 -0.0010696 5.51932
73.2623 23.4937 -0.00124834 -0.00201923 0.00143092 5.01756
74.2591 23.4937 0.000181811 0.000671079 -0.000451891 20.572
75.2559 23.4937 -0.000577376 -0.00135005 -0.0012252 14.0492
76.2526 23.4937 -0.000560798 0.00175089 0.00206339 6.52283
77.2494 23.4937 -0.000881539 0.000928879 -1.82772e-05 20.572
78.2462 23.4937 0.00138784 0.000882922 -0.000302292 12.0422
79.2429 23.4937 -0.000155145 0.000869367 -0.000666341 9.03161
80.2397 23.4937 -8.81793e-06 -0.000644923 -0.000675829 7.52634
81.2365 23.4937 0.000601516 -4.30336e-05 0.000297904 8.52986
82.2332 23.4937 -0.000201906 -0.000404588 0.00010006 17.0597
0.498383 24.4934 -0.000144818 0.000987751 -0.000268532 13.5474
1.49515 24.4934 0.00082353 0.000417946 0.00144424 12.0422
2.49192 24.4934 -0.00042121 -0.00015677 -0.000539708 20.572
3.48868 24.4934 -0.000132042 -0.00030502 -0.0013726 15.5544
4.48545 24.4934 0.000241858 0.000931485 0.00205807 6.52283
5.48221 24.4934 0.000437551 -0.000860942 0.000547682 7.02459
6.47898 24.4934 -0.00157851 -0.00124578 0.000366159 5.51932
7.47575 24.4934 0.0011183 -4.8121e-05 -0.000203861 11.0386
8.47251 24.4934 -0.000178978 -0.000529119 0.000247484 18.0632
9.46928 24.4934 8.20544e-05 0.00128185 -0.000917891 11.5404
10.466 24.4934 -9.03366e-05 0.000449486 -0.000480536 17.5615
11.4628 24.4934 0.000109277 -0.000397828 -0.00038735 15.5544
12.4596 24.4934 0.000822448 -0.000491825 -0.000138941 8.52986
13.4563 24.4934 -0.000298831 0.000699106 -0.00110255 4.51581
14.4531 24.4934 0.000312993 -0.00138781 0.00015833 6.52283
15.4499 24.4934 -0.000155011 0.000120608 0.00131549 13.0457
16.4466 24.4934 0.000358349 0.000576154 -0.000340315 23.0808
17.4434 24.4934 -0.000722945 -0.00127684 0.000947663 7.52634
18.4402 24.4934 0.000386512 0.000508868 -0.000592431 16.558
19.4369 24.4934 0.000884706 -0.00076419 -0.000182408 12.5439
20.4337 24.4934 -0.000492416 -0.000589168 -0.000511433 9.03161
21.4305 24.4934 -0.000275878 0.000466795 -8.39296e-05 9.53337
22.4272 24.4934 -0.000547302 -0.000735416 0.00235931 5.51932
23.424 24.4934 0.000340136 0.000456557 0.0004999 11.5404
24.4208 24.4934 -0.000791426 6.21228e-06 -0.000461902 14.0492
25.4175 24.4934 -0.000916052 -5.47083e-05 -0.00015081 12.0422
26.4143 24.4934 -0.000841114 0.000425764 0.000130161 12.0422
27.4111 24.4934 0.000875071 -0.000599295 -0.000368101 16.0562
28.4078 24.4934 -0.000778357 0.00081456 -1.2148e-05 13.5474
29.4046 24.4934 6.56435e-05 0.000620851 -0.00202203 5.01756
30.4014 24.4934 -0.000404158 -0.000545098 -0.0010029 10.5369
31.3981 24.4934 -0.0015084 0.000856513 -0.000423836 5.01756
32.3949 24.4934 -0.000516879 -0.00027754 0.000555279 10.5369
33.3917 24.4934 -0.00126553 -0.000837209 0.000238497 13.0457
34.3884 24.4934 -0.000648757 -0.000516044 9.62255e-05 12.0422
35.3852 24.4934 0.0003702 -0.00054523 0.000228937 14.5509
36.382 24.4934 0.000342066 0.00063405 0.000555321 13.0457
37.3787 24.4934 -0.000736903 -0.000336819 0.00018456 12.0422
38.3755 24.4934 -9.59173e-05 0.00248503 0.000118313 6.52283
39.3723 24.4934 -0.000116149 -0.000954179 -0.000444392 8.0281
40.369 24.4934 -0.00153303 -0.000430164 -0.000372451 13.0457
41.3658 24.4934 -0.000507308 2.09374e-05 -0.000860157 13.5474
42.3626 24.4934 0.000305816 -4.6e-06 -0.000703836 16.558
43.3593 24.4934 0.00079663 -0.000994076 0.00150323 10.5369
44.3561 24.4934 -0.000920966 -0.000305586 -0.000801907 19.0667
45.3529 24.4934 0.00128989 -0.00202909 4.26282e-05 8.52986
46.3496 24.4934 -0.000227366 -0.00105356 0.000473028 9.03161
47.3464 24.4934 0.000484908 -0.000522031 0.00015261 7.02459
48.3432 24.4934 0.000386308 0.00096598 0.000488873 7.52634
49.3399 24.4934 -0.000495542 -0.000895091 -0.000984939 18.0632
50.3367 24.4934 -0.000223125 -7.28071e-05 -0.000709613 12.5439
51.3335 24.4934 0.000906355 -0.00074712 -0.000686057 8.52986
52.3302 24.4934 -0.000700945 2.44847e-05 1.93417e-05 22.579
53.327 24.4934 0.000488352 0.000419952 -2.02032e-05 12.5439
54.3238 24.4934 0.00196916 0.00175275 -0.000630052 6.02108
55.3205 24.4934 -0.000530742 -0.000791645 -0.000489815 7.02459
56.3173 24.4934 -0.000519849 0.000867844 0.000255196 8.0281
57.3141 24.4934 -0.000482181 -0.00068893 -0.000873695 12.5439
58.3108 24.4934 -0.000574969 0.000662902 -0.00107094 18.0632
59.3076 24.4934 -0.000530701 -0.000423704 0.000578507 12.0422
60.3044 24.4934 2.13509e-05 2.36876e-06 0.000196749 19.0667
61.3011 24.4934 -0.000659226 -0.000359572 -0.00126105 11.0386
62.2979 24.4934 0.00108334 -0.000725378 0.000589862 9.53337
63.2947 24.4934 -0.000912288 -0.000672209 0.000807814 6.52283
64.2914 24.4934 -0.0013627 0.00169439 0.000330904 6.52283
65.2882 24.4934 -0.000868451 -0.000105793 0.000470652 11.5404
66.285 24.4934 -8.32152e-05 -0.000168595 -0.00045132 14.0492
67.2817 24.4934 -0.000283225 -0.00088761 -0.000186717 11.0386
68.2785 24.4934 0.000327282 0.000220016 -0.000112889 10.0351
69.2753 24.4934 -0.000105841 -0.00155528 -0.000262131 19.0667
70.272 24.4934 0.00012333 0.000389689 0.000817365 10.0351
71.2688 24.4934 0.000843592 -0.000417839 -0.000524885 7.52634
72.2656 24.4934 -0.000550457 0.000107817 -0.000268029 7.02459
73.2623 24.4934 0.000151977 6.35586e-05 0.000361117 14.0492
74.2591 24.4934 0.000142293 0.00132222 -0.000160762 18.0632
75.2559 24.4934 -0.000327899 0.000256438 0.000183685 14.5509
76.2526 24.4934 0.000244536 0.00186314 -0.000697042 9.03161
77.2494 24.4934 -0.000350688 -0.000482284 -0.000788576 19.0667
78.2462 24.4934 0.000484501 -0.000733926 -0.00118809 9.53337
79.2429 24.4934 -0.000770252 -0.000259762 9.67917e-05 7.02459
80.2397 24.4934 -0.000410154 0.000629671 -0.000606883 7.02459
81.2365 24.4934 -0.000772731 -0.000290241 -0.000557897 6.02108
82.2332 24.4934 -0.000309161 0.000346535 -0.000618929 14.0492
0.498383 25.4932 -0.000873104 -0.000863626 -0.000336094 7.02459
1.49515 25.4932 0.000843547 0.000833529 0.00107949 7.52634
2.49192 25.4932 0.000144425 -0.000500843 5.95455e-07 5.51932
3.48868 25.4932 0.00117832 1.43786e-05 -0.000698648 13.5474
4.48545 25.4932 6.21215e-05 0.000229807 0.00141035 11.5404
5.48221 25.4932 0.00130438 -0.000209663 -0.000306249 8.52986
6.47898 25.4932 -0.00148963 -0.000394932 0.000912728 16.0562
7.47575 25.4932 0.0013965 5.74862e-05 -0.000770403 11.5404
8.47251 25.4932 -0.000324706 0.000647969 0.000390486 10.0351
9.46928 25.4932 -0.000301079 -0.000717329 -0.000134075 6.02108
10.466 25.4932 0.00208809 -0.00108175 0.00177553 4.01405
11.4628 25.4932 0.00113464 0.000528164 -0.000119207 6.02108
12.4596 25.4932 0.000265435 -8.84191e-06 0.000264808 16.0562
13.4563 25.4932 0.000187864 0.000943491 -0.000302571 7.52634
14.4531 25.4932 -0.0017883 0.00205626 0.000107274 8.52986
15.4499 25.4932 -0.000486916 -0.000314087 0.000308084 13.0457
16.4466 25.4932 -0.00110896 -0.0010994 -0.00119553 4.51581
17.4434 25.4932 -0.0020008 3.05188e-05 0.0012076 6.52283
18.4402 25.4932 0.000453474 0.000525837 -0.000385733 7.52634
19.4369 25.4932 0.000230427 0.000831236 3.5034e-06 7.52634
20.4337 25.4932 -0.000165183 0.00163661 -0.000390235 13.5474
21.4305 25.4932 -0.00016729 -0.000219529 -0.00163845 13.5474
22.4272 25.4932 0.0001446 -0.00123116 0.000804118 10.0351
23.424 25.4932 -0.000176243 0.000754148 -0.000720792 18.565
24.4208 25.4932 4.71906e-05 -0.000125629 0.00100275 8.52986
25.4175 25.4932 1.07771e-05 0.0001031 0.000396143 8.0281
26.4143 25.4932 0.00107392 -0.00148626 0.000187859 7.02459
27.4111 25.4932 -0.00017385 0.00114842 0.000248829 7.02459
28.4078 25.4932 -3.40768e-07 -0.000723273 0.000193762 15.5544
29.4046 25.4932 0.000302103 -0.00127218 -0.000272514 16.558
30.4014 25.4932 -0.00158992 0.00109016 0.000754127 8.52986
31.3981 25.4932 -0.000633809 0.00030939 -0.000419567 18.0632
32.3949 25.4932 -4.32403e-05 0.0004379 0.000694921 12.0422
33.3917 25.4932 0.000181017 -0.0016902 -0.000397279 9.03161
34.3884 25.4932 0.000868931 -0.000871323 2.18519e-05 10.0351
35.3852 25.4932 0.000989021 -0.00116467 -0.00101873 6.02108
36.382 25.4932 0.000769166 0.00073725 -0.000492602 12.0422
37.3787 25.4932 4.09012e-05 0.000102303 1.56013e-05 12.0422
38.3755 25.4932 -0.000260421 -4.61381e-06 -0.000146177 10.5369
39.3723 25.4932 0.000269423 -0.000188265 -0.00110476 10.0351
40.369 25.4932 0.000191851 -0.00062068 -0.00123738 10.0351
41.3658 25.4932 0.00110345 0.000298267 -0.0017611 11.5404
42.3626 25.4932 -0.000724926 0.000564905 -0.000186914 3.51229
43.3593 25.4932 0.0021541 0.00119109 0.000720625 7.52634
44.3561 25.4932 0.000529858 0.000147354 -0.00084278 9.53337
45.3529 25.4932 -0.000351723 -0.000774696 0.00124152 11.5404
46.3496 25.4932 0.000163018 0.000219232 -2.713e-05 9.53337
47.3464 25.4932 -0.000411872 -0.00187875 -0.000289808 9.03161
48.3432 25.4932 0.000227464 0.00091159 0.00103659 12.5439
49.3399 25.4932 0.00191265 -0.00103647 -0.000884908 8.0281
50.3367 25.4932 0.000150912 0.000539482 -0.000113048 8.0281
51.3335 25.4932 -0.00244242 0.00195372 -0.00121116 5.51932
52.3302 25.4932 -0.000377685 0.000263931 -0.000338112 9.53337
53.327 25.4932 0.000272452 0.000513073 -0.000781207 10.0351
54.3238 25.4932 -0.000626846 0.000811274 0.00108673 13.0457
55.3205 25.4932 0.000234414 -0.000309328 -0.000760472 12.5439
56.3173 25.4932 0.000612901 9.67741e-07 -4.33341e-05 13.5474
57.3141 25.4932 0.000676966 -0.00175171 -0.00192966 12.5439
58.3108 25.4932 0.000918493 0.000101282 0.000143331 4.01405
59.3076 25.4932 -0.000106322 -0.000327909 -0.00143494 9.03161
60.3044 25.4932 -0.00101901 -0.000211251 0.000494442 8.0281
61.3011 25.4932 -0.0001162 -0.00040093 0.000234666 11.5404
62.2979 25.4932 0.000473482 -8.33388e-05 -0.000428239 18.0632
63.2947 25.4932 0.000605743 -0.000768608 0.000489431 8.0281
64.2914 25.4932 -0.000918068 0.000360837 4.15357e-05 12.0422
65.2882 25.4932 0.000593905 0.000618825 0.00150197 12.0422
66.285 25.4932 0.000146253 0.000988558 -0.00015562 11.5404
67.2817 25.4932 0.00153108 -0.00101845 -0.000117117 9.53337
68.2785 25.4932 0.00218833 -0.00101511 -3.49996e-05 10.0351
69.2753 25.4932 -0.000129444 -5.75004e-05 -0.000699162 11.0386
70.272 25.4932 2.45642e-05 -0.000168093 -0.000385791 14.0492
71.2688 25.4932 -0.00100321 -4.71822e-05 0.0012 12.5439
72.2656 25.4932 -0.00104718 0.000591269 -0.000187581 8.52986
73.2623 25.4932 0.000947274 -0.000717239 0.00162117 13.5474
74.2591 25.4932 0.000492469 -0.000990384 -0.000199385 8.52986
75.2559 25.4932 -0.000509585 0.000638747 0.000733539 10.5369
76.2526 25.4932 -0.000888304 -0.000858482 0.000679053 4.01405
77.2494 25.4932 -0.000996177 9.25766e-05 -0.000721821 10.5369
78.2462 25.4932 4.36789e-05 0.000180628 0.000741639 11.0386
79.2429 25.4932 0.000594475 -0.000138448 0.000264653 16.0562
80.2397 25.4932 0.00127074 0.00139849 -0.000356452 11.0386
81.2365 25.4932 -0.000576067 5.6531e-05 0.000918627 12.5439
82.2332 25.4932 0.000158376 0.000435968 -0.000104764 12.0422
0.498383 26.4929 -0.0003145 -0.0020236 0.000245007 9.03161
1.49515 26.4929 -0.000381157 -0.000718477 -0.00186367 7.52634
2.49192 26.4929 4.92354e-05 0.000424694 0.00109897 5.51932
3.48868 26.4929 0.000207257 0.000511104 0.000211711 21.0738
4.48545 26.4929 -9.17924e-05 -0.000700095 -3.80099e-05 25.0878
5.48221 26.4929 0.000220943 -0.000866973 0.000578762 10.5369
6.47898 26.4929 -2.1422e-05 0.000166188 -0.000666952 22.0773
7.47575 26.4929 0.000350218 0.000817026 -0.000431719 20.572
8.47251 26.4929 -0.00112133 0.000818414 0.000400318 4.01405
9.46928 26.4929 -0.00128839 0.000156277 0.00108636 9.53337
10.466 26.4929 0.00104459 0.000293328 0.00232982 6.02108
11.4628 26.4929 0.00102414 0.000169863 -0.00127686 12.5439
12.4596 26.4929 0.000325791 0.000928965 -6.76784e-05 32.6142
13.4563 26.4929 0.00127555 -0.000216569 2.96351e-05 13.0457
14.4531 26.4929 0.00152932 0.000144589 -0.00092884 17.0597
15.4499 26.4929 0.000306959 0.000582106 0.000191561 22.579
16.4466 26.4929 -8.78438e-05 -0.000755242 0.000723563 6.52283
17.4434 26.4929 0.000417732 -7.88435e-06 0.000689471 6.02108
18.4402 26.4929 -0.00026169 0.00039785 0.000257446 7.02459
19.4369 26.4929 -0.000261813 -0.000308664 0.000113434 12.0422
20.4337 26.4929 0.000188406 0.000581801 -0.000927853 27.5966
21.4305 26.4929 -0.000479191 -0.000250049 0.000293725 14.0492
22.4272 26.4929 0.000223178 0.000461705 0.000642121 13.5474
23.424 26.4929 0.000192312 0.000115064 -0.00052368 22.579
24.4208 26.4929 0.000557883 -0.00142548 -4.92322e-05 12.0422
25.4175 26.4929 -0.000833128 4.40578e-05 0.00041296 6.02108
26.4143 26.4929 0.00077782 0.00181505 0.000472074 6.52283
27.4111 26.4929 0.000354117 -0.000281636 9.0505e-05 10.0351
28.4078 26.4929 -0.000150277 7.82412e-05 -0.000931321 23.0808
29.4046 26.4929 0.000492623 -0.000926386 -0.000768328 13.5474
30.4014 26.4929 6.09795e-05 -0.000677748 -0.000344444 9.03161
31.3981 26.4929 -0.00074232 -0.00112823 -0.000189604 21.5755
32.3949 26.4929 0.000210886 0.000270807 0.000485691 16.0562
33.3917 26.4929 -0.000723039 -0.000643092 0.00128415 10.0351
34.3884 26.4929 0.000521273 0.000340015 0.00129275 8.0281
35.3852 26.4929 -0.001415 0.00132366 -0.000783693 9.03161
36.382 26.4929 -0.000670916 1.32205e-05 -0.000210146 14.0492
37.3787 26.4929 0.000240898 -0.000101508 -0.000527964 26.5931
38.3755 26.4929 0.00137066 -5.77769e-05 0.000239617 9.53337
39.3723 26.4929 -0.000526519 0.000522304 -0.000581334 14.0492
40.369 26.4929 0.000220576 -7.48809e-05 -0.000483763 25.5896
41.3658 26.4929 -0.000453169 -0.000306815 0.000240658 10.5369
42.3626 26.4929 -4.06866e-05 -9.30284e-05 1.56097e-05 8.0281
43.3593 26.4929 -0.000276481 -9.77445e-05 0.0011609 8.52986
44.3561 26.4929 -0.000317268 -0.00041407 -5.62449e-05 10.5369
45.3529 26.4929 0.000218988 0.00140208 0.000586524 18.565
46.3496 26.4929 0.000513497 0.000687633 -7.01325e-05 23.0808
47.3464 26.4929 -0.000279818 0.000595962 -0.0006937 10.5369
48.3432 26.4929 0.000241609 -0.000767692 0.000163726 23.0808
49.3399 26.4929 -0.00118333 -0.00129119 -0.000210507 11.0386
50.3367 26.4929 -0.000188348 0.000422147 0.000993529 6.52283
51.3335 26.4929 0.00111122 -0.00077091 0.00124127 6.02108
52.3302 26.4929 0.000539435 -8.48266e-05 0.000488966 10.0351
53.327 26.4929 -0.000266184 -0.000650853 0.000461258 19.5685
54.3238 26.4929 0.000135027 0.000478466 0.00118432 25.0878
55.3205 26.4929 0.00135025 0.000164499 0.000347488 8.0281
56.3173 26.4929 0.000846519 -0.000726753 0.000223892 26.5931
57.3141 26.4929 -0.000390161 0.000619539 -0.00134579 15.0527
58.3108 26.4929 -0.000864906 0.00102281 -0.00156966 5.01756
59.3076 26.4929 -0.000610445 0.000644495 -0.000227663 8.52986
60.3044 26.4929 9.53236e-06 0.000154508 -0.00135838 5.51932
61.3011 26.4929 -0.000226114 0.000173295 0.00177822 12.0422
62.2979 26.4929 -0.000852174 0.000249307 0.000142588 22.579
63.2947 26.4929 0.000664426 0.000724184 0.000352732 9.53337
64.2914 26.4929 3.25485e-05 -0.000395528 -4.70707e-05 19.5685
65.2882 26.4929 0.000467004 0.000297783 0.000166066 15.5544
66.285 26.4929 -0.00152561 -6.75149e-05 0.000260244 9.53337
67.2817 26.4929 0.000103966 1.88816e-05 0.000345801 4.01405
68.2785 26.4929 0.000581387 0.000300702 -6.72106e-05 8.0281
69.2753 26.4929 0.000175415 -0.000501133 -0.000581754 12.0422
70.272 26.4929 0.000156279 0.000610194 0.000350408 19.0667
71.2688 26.4929 0.000321524 -0.000110873 -0.000664117 10.5369
72.2656 26.4929 -0.000857016 -0.00117615 -0.000135145 18.0632
73.2623 26.4929 -0.000439798 -9.28395e-07 -0.000120899 27.5966
74.2591 26.4929 -0.000944464 0.000248726 -0.000269328 8.0281
75.2559 26.4929 -0.000257786 -0.000133979 0.00145078 7.52634
76.2526 26.4929 0.000592295 0.00184388 -0.000193243 8.52986
77.2494 26.4929 0.000516092 0.000236961 0.00016977 7.52634
78.2462 26.4929 3.17373e-05 0.000167555 -0.000386404 22.0773
79.2429 26.4929 0.000250591 -0.000948801 0.000885044 15.5544
80.2397 26.4929 -0.000877992 0.000401029 0.000463475 12.0422
81.2365 26.4929 0.000260315 0.000243138 0.000312454 20.572
82.2332 26.4929 0.00189133 0.000460161 -0.000347556 13.5474
0.498383 27.4926 -0.000233222 -0.000425044 0.000871424 11.5404
1.49515 27.4926 -0.000537018 0.000414171 -0.000287391 6.52283
2.49192 27.4926 0.000406707 -0.000523598 -0.00040276 8.52986
3.48868 27.4926 -0.000862681 -0.000826384 0.000578884 12.5439
4.48545 27.4926 0.000224077 0.000491911 0.00053175 8.52986
5.48221 27.4926 -0.000471416 0.00157745 0.000654566 6.02108
6.47898 27.4926 -0.000909215 0.000673933 -0.000841274 7.52634
7.47575 27.4926 0.000826412 0.000542085 -0.000882289 8.0281
8.47251 27.4926 -0.000216574 0.000165665 0.000125873 8.52986
9.46928 27.4926 0.000103753 -0.000111508 -0.000625573 4.51581
10.466 27.4926 -0.00204557 0.000392429 -0.00035419 7.52634
11.4628 27.4926 0.00126041 0.000759293 -0.000836853 12.5439
12.4596 27.4926 0.00022282 0.00079715 -0.00175206 9.53337
13.4563 27.4926 0.000707606 0.00170832 2.39484e-05 5.01756
14.4531 27.4926 0.00149373 -0.000117783 -0.000271415 8.52986
15.4499 27.4926 0.000618471 -8.69128e-06 0.000250659 15.0527
16.4466 27.4926 0.00119999 -0.000376006 -0.00119158 11.5404
17.4434 27.4926 -0.000697304 -0.000575899 0.00164154 6.02108
18.4402 27.4926 -0.00120743 -1.19845e-06 -0.000222415 5.51932
19.4369 27.4926 0.000713039 0.000810099 7.72474e-06 9.53337
20.4337 27.4926 0.00313045 0.00143101 -0.000222935 6.02108
21.4305 27.4926 -8.65112e-05 0.000782946 -0.00158915 6.52283
22.4272 27.4926 -0.000915785 0.00221168 0.00163437 6.02108
23.424 27.4926 -0.000414369 -0.000249206 0.000286671 7.52634
24.4208 27.4926 0.000491453 9.10506e-05 -0.000552067 13.0457
25.4175 27.4926 0.000336748 0.00082339 0.00135716 6.52283
26.4143 27.4926 0.000929155 0.00125126 -0.000748332 10.5369
27.4111 27.4926 -0.00133581 0.000389496 0.00106981 9.03161
28.4078 27.4926 -0.000591668 -0.000181162 -0.000842622 8.0281
29.4046 27.4926 -0.000473739 -0.000118518 -0.00027375 10.0351
30.4014 27.4926 -0.000422776 -0.000629563 0.00046639 8.52986
31.3981 27.4926 0.000437197 -0.00104107 0.000850672 8.52986
32.3949 27.4926 0.000622059 0.000892911 -0.000228033 9.03161
33.3917 27.4926 0.000181277 -0.000540536 -0.000207408 17.0597
34.3884 27.4926 -2.70137e-05 -2.1587e-05 -1.98212e-06 8.0281
35.3852 27.4926 0.000660833 -2.34294e-05 -0.000205596 10.0351
36.382 27.4926 -0.000418592 -0.000979115 0.00106666 8.0281
37.3787 27.4926 0.000813864 -0.000529603 -0.000270419 10.5369
38.3755 27.4926 0.00118434 -0.00154221 -0.000846848 5.01756
39.3723 27.4926 -0.00108943 0.00134744 -0.000861008 12.5439
40.369 27.4926 -0.000432543 0.000482832 0.000653526 12.5439
41.3658 27.4926 -0.00138697 0.00168863 -0.000578589 9.53337
42.3626 27.4926 -4.69724e-05 -4.21764e-05 -0.00140378 9.53337
43.3593 27.4926 -0.00138208 0.00018726 0.000885503 7.52634
44.3561 27.4926 -8.15494e-05 0.000456184 -0.000488606 13.0457
45.3529 27.4926 0.000528546 0.000249649 0.000302922 10.5369
46.3496 27.4926 0.000697363 8.18914e-05 -0.000335323 10.0351
47.3464 27.4926 -0.000318314 -0.00146311 0.00119277 6.02108
48.3432 27.4926 0.000650457 -0.00088348 -0.000479884 10.5369
49.3399 27.4926 -0.00069712 0.000680716 0.000202515 10.0351
50.3367 27.4926 -0.0010975 0.000811664 0.000302747 9.53337
51.3335 27.4926 0.000151531 -0.00096781 0.000562281 9.03161
52.3302 27.4926 0.000203239 0.000609218 -0.00116676 10.5369
53.327 27.4926 -0.0018322 0.0008088 3.8423e-05 6.02108
54.3238 27.4926 0.000353107 0.000261584 -0.000191304 7.02459
55.3205 27.4926 0.000267536 0.000407184 -0.000990503 7.02459
56.3173 27.4926 -0.00012335 0.00010428 -0.00124594 9.03161
57.3141 27.4926 0.000464005 -0.000102886 -0.000252431 9.53337
58.3108 27.4926 -0.00098055 -0.000788158 0.000235863 7.02459
59.3076 27.4926 0.000490645 0.000678905 -0.00110354 8.0281
60.3044 27.4926 0.00151947 0.000189191 -0.000612488 11.0386
61.3011 27.4926 -0.00186139 -0.000713623 0.000547628 11.0386
62.2979 27.4926 6.42597e-05 3.32032e-05 4.8288e-05 10.0351
63.2947 27.4926 0.000705234 0.000839028 -0.000362019 8.52986
64.2914 27.4926 0.00117511 0.000320672 -0.00103706 14.0492
65.2882 27.4926 -0.000126039 -3.73477e-05 0.000176829 13.0457
66.285 27.4926 0.00236292 -0.00149361 0.000969117 10.0351
67.2817 27.4926 -0.000972869 0.000737219 -0.000414316 4.51581
68.2785 27.4926 0.00170421 -0.000432205 0.00215307 7.02459
69.2753 27.4926 -0.00118694 3.64962e-05 0.001191 12.5439
70.272 27.4926 0.00187047 0.000376175 0.000667658 11.5404
71.2688 27.4926 -0.000573841 -9.69299e-05 5.73632e-05 10.0351
72.2656 27.4926 -0.000326912 -0.000655229 -0.00213843 7.52634
73.2623 27.4926 -0.000350236 -0.000264343 -0.000610286 9.53337
74.2591 27.4926 -0.000339324 -0.00058446 0.000722322 7.02459
75.2559 27.4926 0.000666831 0.00176953 -0.000555792 9.03161
76.2526 27.4926 0.000736348 4.86945e-05 -0.00014812 5.51932
77.2494 27.4926 0.000834967 0.000194709 -0.0011258 10.5369
78.2462 27.4926 -0.0013934 -0.000846112 5.16265e-05 8.0281
79.2429 27.4926 -0.000236519 -0.000856654 0.000212938 8.52986
80.2397 27.4926 0.00106367 0.000607527 0.00106493 8.0281
81.2365 27.4926 -0.00116658 -0.000760321 0.00102402 11.5404
82.2332 27.4926 3.22257e-05 0.000158321 -0.000909195 7.52634
0.498383 28.4924 5.91458e-05 -0.000509447 -0.000868216 21.5755
1.49515 28.4924 0.000852891 -0.000300452 -0.000536776 16.0562
2.49192 28.4924 0.000334934 0.000667233 0.000855153 22.0773
3.48868 28.4924 0.00112649 -0.000586423 1.64658e-05 15.0527
4.48545 28.4924 -0.000125945 0.000419503 0.00012049 9.03161
5.48221 28.4924 -0.000517384 0.000321192 -0.000120868 5.51932
6.47898 28.4924 -0.000966457 0.000918802 -0.000250866 8.0281
7.47575 28.4924 -0.00161552 0.000778411 0.000460393 13.5474
8.47251 28.4924 2.50731e-05 -2.90019e-05 -0.000314033 32.1124
9.46928 28.4924 -0.000676263 0.000156072 -0.000467807 10.5369
10.466 28.4924 0.000655957 0.000607823 0.000176427 22.579
11.4628 28.4924 0.000559632 -0.000356607 -0.000669603 26.0913
12.4596 28.4924 -0.00015645 0.00128092 0.000249913 6.52283
13.4563 28.4924 -0.00148608 0.000421109 0.00155328 4.01405
14.4531 28.4924 0.000388127 0.000663441 4.61801e-05 8.0281
15.4499 28.4924 0.000223353 0.000139808 -0.000176755 12.0422
16.4466 28.4924 0.000806347 0.000454126 0.00103098 28.6001
17.4434 28.4924 -0.00139929 -0.00125272 0.000150753 10.0351
18.4402 28.4924 -0.000222693 -0.000258623 -0.000791514 18.0632
19.4369 28.4924 -0.00017048 0.000693049 -0.000275617 26.5931
20.4337 28.4924 9.97803e-05 -0.000924312 -0.000266233 11.5404
21.4305 28.4924 0.000462475 -0.000283995 0.000210334 7.02459
22.4272 28.4924 0.000407662 -5.94841e-05 0.000577521 8.0281
23.424 28.4924 -0.000903564 -0.000748131 0.000375908 9.03161
24.4208 28.4924 -0.000244396 0.000267106 6.90752e-05 22.0773
25.4175 28.4924 -0.00164378 0.000440567 0.000348308 17.0597
26.4143 28.4924 0.000382897 -0.000175767 0.000194 11.0386
27.4111 28.4924 -0.000132627 0.00018185 0.000155557 24.0843
28.4078 28.4924 0.000611545 -0.000131235 -0.000464588 14.5509
29.4046 28.4924 0.000100402 -0.00111402 0.000172547 5.51932
30.4014 28.4924 -6.28344e-05 0.000379152 -0.000920393 12.5439
31.3981 28.4924 -0.000720267 -0.00062119 -0.000454201 10.0351
32.3949 28.4924 0.00018836 0.000322841 0.000808061 13.5474
33.3917 28.4924 0.00019246 -0.000540852 0.00037187 20.572
34.3884 28.4924 -0.000332758 -0.000217042 4.27349e-05 9.53337
35.3852 28.4924 0.000300801 -0.000897823 -9.54456e-05 19.0667
36.382 28.4924 -0.000205709 -0.000271768 -0.000351805 21.5755
37.3787 28.4924 0.000610158 0.00150497 1.37112e-05 8.0281
38.3755 28.4924 -0.00146541 -0.000343402 -0.000702667 7.52634
39.3723 28.4924 0.00169154 -0.000357495 -0.000272814 8.0281
40.369 28.4924 -0.000118335 0.000797397 -0.00116492 11.0386
41.3658 28.4924 -0.000231299 -0.00114613 -0.000697601 24.5861
42.3626 28.4924 -0.000135848 0.00106093 -0.00133026 12.0422
43.3593 28.4924 0.00028638 6.5745e-05 -0.000171048 11.5404
44.3561 28.4924 -0.000318192 -0.000154083 0.000886727 24.5861
45.3529 28.4924 -0.00111333 -0.000413398 6.26413e-05 11.5404
46.3496 28.4924 0.000643971 0.000456924 0.00107904 8.0281
47.3464 28.4924 0.000345088 0.000575292 -0.00122086 6.02108
48.3432 28.4924 0.000378687 -0.000226869 0.000561337 13.5474
49.3399 28.4924 -8.54042e-06 -0.00029181 -0.00083603 22.0773
50.3367 28.4924 0.000361521 -0.000265663 0.000727063 19.5685
51.3335 28.4924 0.00128165 -0.000772499 0.000739792 7.52634
52.3302 28.4924 -0.00100391 0.000157264 -0.000233407 29.1019
53.327 28.4924 0.000914535 0.000371073 -0.00121467 15.0527
54.3238 28.4924 0.000890974 -0.00135743 -0.000816351 10.0351
55.3205 28.4924 0.00105643 -0.000593267 0.00123314 6.52283
56.3173 28.4924 -0.000759215 -0.000410331 0.000723398 10.0351
57.3141 28.4924 -0.000247876 1.16e-05 -0.00034564 17.0597
58.3108 28.4924 0.000739881 0.000367945 0.000549008 25.0878
59.3076 28.4924 -0.000233736 -0.000544047 0.00099809 13.0457
60.3044 28.4924 3.47099e-05 0.00014374 -5.83725e-05 23.0808
61.3011 28.4924 0.000190404 -0.000289091 -0.000158701 19.0667
62.2979 28.4924 -0.000390331 -0.000327204 -0.000872272 4.01405
63.2947 28.4924 -0.00132812 -0.00039992 -0.000204219 5.51932
64.2914 28.4924 0.000385342 0.000782791 0.0010256 8.52986
65.2882 28.4924 0.000654458 -0.00115526 0.000274211 9.53337
66.285 28.4924 8.16142e-05 0.000441976 0.000366381 26.0913
67.2817 28.4924 -0.000666229 -0.000751671 -0.000605512 11.0386
68.2785 28.4924 0.000817808 8.34385e-05 -4.695e-05 13.5474
69.2753 28.4924 0.000286278 -0.000181495 -0.000426298 21.0738
70.272 28.4924 -0.00085263 0.00195976 -0.000898938 4.01405
71.2688 28.4924 -0.000569108 0.000665881 0.000808382 10.0351
72.2656 28.4924 -0.000719187 -0.000165202 -0.000418589 5.51932
73.2623 28.4924 0.00168836 0.000732861 0.000642282 9.03161
74.2591 28.4924 -0.000895518 0.00097386 -0.000145638 22.579
75.2559 28.4924 -0.000759199 -0.000367338 0.000279575 15.5544
76.2526 28.4924 -1.69815e-05 0.000552526 5.22711e-05 18.0632
77.2494 28.4924 -0.000136068 6.39806e-06 -2.87933e-05 24.5861
78.2462 28.4924 4.29154e-05 0.00150018 -0.000216466 13.0457
79.2429 28.4924 -0.0017214 -0.000858523 0.000431874 8.52986
80.2397 28.4924 0.000377863 -0.000927981 -0.000556379 7.02459
81.2365 28.4924 0.000413727 -0.000547554 5.3191e-05 6.02108
82.2332 28.4924 0.000279429 0.00121184 -0.000553569 19.0667
0.498383 29.4921 0.00130216 0.000521715 0.000201749 10.0351
1.49515 29.4921 0.000433736 0.000494895 0.000596787 11.0386
2.49192 29.4921 -0.000361081 0.000485906 0.000343088 12.5439
3.48868 29.4921 -0.000646397 0.00152349 -0.000586441 8.52986
4.48545 29.4921 0.000774091 0.000603366 -0.000571941 10.5369
5.48221 29.4921 -0.000316307 0.000204687 0.000167827 8.0281
6.47898 29.4921 -0.00202742 0.000225084 -9.30008e-05 10.0351
7.47575 29.4921 0.00019471 0.000428111 0.000204124 8.52986
8.47251 29.4921 -0.000255101 -0.000330654 0.00139488 14.0492
9.46928 29.4921 -2.76507e-05 -0.0011238 -0.00205015 8.0281
10.466 29.4921 -0.000587779 0.00027485 0.000195589 13.0457
11.4628 29.4921 0.000454077 2.02295e-05 -0.000406705 7.02459
12.4596 29.4921 -0.000342073 0.000193772 0.00145072 7.02459
13.4563 29.4921 0.00113069 0.00089041 0.00287635 4.51581
14.4531 29.4921 0.000989427 -0.00139266 0.000298439 5.51932
15.4499 29.4921 0.00127012 -0.00108413 -0.000320102 9.03161
16.4466 29.4921 0.000302564 3.01279e-05 0.0011758 12.0422
17.4434 29.4921 0.00163259 -0.000160188 0.000320709 10.5369
18.4402 29.4921 8.30405e-05 -2.78548e-05 -0.000233379 11.5404
19.4369 29.4921 0.000881967 0.000268802 0.00128814 11.0386
20.4337 29.4921 -0.000909735 0.000952909 0.000336994 10.0351
21.4305 29.4921 -0.000106825 -0.000486313 0.000198137 8.0281
22.4272 29.4921 0.000792982 0.000136114 -0.00127584 6.02108
23.424 29.4921 5.72711e-05 0.00107394 0.00129424 9.53337
24.4208 29.4921 -0.000639453 -0.00113293 0.000187634 15.5544
25.4175 29.4921 -0.000781669 -0.000104128 7.5261e-06 10.0351
26.4143 29.4921 0.000920651 -0.000716514 -0.000462025 12.5439
27.4111 29.4921 0.000434095 -0.00145174 0.000227938 15.5544
28.4078 29.4921 0.00100475 2.10274e-06 -0.00228802 9.53337
29.4046 29.4921 -0.00113242 3.02629e-06 0.000352702 7.02459
30.4014 29.4921 -0.000921858 -0.000585076 -0.00012881 4.51581
31.3981 29.4921 0.000853642 -0.00155254 0.0010217 8.52986
32.3949 29.4921 0.00028796 -0.00101115 -7.8476e-05 9.03161
33.3917 29.4921 0.000393186 0.000257147 0.00111324 12.0422
34.3884 29.4921 -0.00205008 -0.000324961 -0.000163716 8.0281
35.3852 29.4921 0.00026836 0.000212845 0.00106102 16.0562
36.382 29.4921 -0.000330153 0.000267009 -0.00020714 11.5404
37.3787 29.4921 -0.000381665 -0.00044783 5.39902e-05 9.53337
38.3755 29.4921 0.00144118 -0.00129304 -0.000753285 8.52986
39.3723 29.4921 0.000405517 -0.000645034 0.000343154 7.52634
40.369 29.4921 0.00127424 0.000497312 -0.000588446 6.02108
41.3658 29.4921 -0.000278044 -0.000909408 0.000795798 19.5685
42.3626 29.4921 -0.00117505 0.00118573 0.000568111 10.0351
43.3593 29.4921 -0.000269423 0.000187601 0.000980935 10.0351
44.3561 29.4921 -0.000656427 -5.95582e-05 -0.000394048 12.5439
45.3529 29.4921 -0.000738641 0.000864145 -0.000103521 7.52634
46.3496 29.4921 0.000322747 0.000170944 2.21088e-05 7.52634
47.3464 29.4921 -0.000169579 -0.000753744 -0.000707775 5.51932
48.3432 29.4921 -0.000746965 0.000736566 0.000130173 5.51932
49.3399 29.4921 1.81712e-05 -0.000831498 0.000215591 14.0492
50.3367 29.4921 -0.00100482 -0.000352792 0.000310134 11.0386
51.3335 29.4921 0.000510751 -0.000665713 -0.000666017 5.01756
52.3302 29.4921 -0.000261745 -0.000530929 -0.000979949 17.0597
53.327 29.4921 -7.71942e-05 -0.000648862 0.000274169 10.5369
54.3238 29.4921 0.000682385 -0.00048548 -0.000916974 4.01405
55.3205 29.4921 -0.00105946 0.00109945 0.00231093 4.51581
56.3173 29.4921 -0.000176316 0.000208051 0.000325983 11.0386
57.3141 29.4921 -0.00185619 -0.000165794 7.91571e-05 12.0422
58.3108 29.4921 0.000617437 -0.00106295 0.000239716 12.0422
59.3076 29.4921 0.00168007 -0.00159791 -0.000395448 6.52283
60.3044 29.4921 -0.000682705 0.000351408 -0.000319781 11.0386
61.3011 29.4921 0.000183387 0.0011646 -0.00107167 14.0492
62.2979 29.4921 1.23335e-05 0.00030871 -0.00104207 11.0386
63.2947 29.4921 0.000471805 -0.000404758 -6.08992e-05 8.52986
64.2914 29.4921 0.000347314 0.00037185 0.000133462 11.0386
65.2882 29.4921 -0.00155412 -0.000791617 -0.000420239 10.0351
66.285 29.4921 -0.000296116 2.13952e-05 -0.00052805 14.5509
67.2817 29.4921 -0.00124277 9.87086e-05 0.000156383 11.5404
68.2785 29.4921 -0.000312797 -0.000798411 0.00100119 14.0492
69.2753 29.4921 0.000437488 -0.000220494 -0.000185137 17.0597
70.272 29.4921 -0.000343439 0.00128043 0.000547741 10.0351
71.2688 29.4921 0.000701152 0.000489466 -0.00183345 8.0281
72.2656 29.4921 -0.00115724 -0.000673693 -0.00101988 8.52986
73.2623 29.4921 0.000555719 0.00017626 -0.000321164 7.02459
74.2591 29.4921 0.000240772 0.000449531 -0.000591233 16.0562
75.2559 29.4921 0.00151667 -3.00734e-05 -0.000199919 9.03161
76.2526 29.4921 0.000447016 -0.00025649 -0.000625512 10.0351
77.2494 29.4921 0.000747288 -0.000265342 -0.0012574 12.0422
78.2462 29.4921 0.000332165 0.000400427 -0.000550795 11.5404
79.2429 29.4921 -0.000902592 0.000151938 -0.000557472 6.02108
80.2397 29.4921 0.000884076 -0.000540013 0.000101488 10.5369
81.2365 29.4921 0.000828962 0.000114035 0.000711164 11.0386
82.2332 29.4921 -7.92606e-05 -0.00113309 -0.000120516 13.5474
0.498383 30.4918 -0.00274298 -1.04596e-05 -0.0012814 7.02459
1.49515 30.4918 0.00120196 0.00147201 -0.000550264 7.02459
2.49192 30.4918 -0.00173811 -0.000805777 -0.000761557 7.52634
3.48868 30.4918 4.30511e-05 -0.000949278 0.000269902 15.0527
4.48545 30.4918 0.00048819 0.000267034 0.000111682 15.5544
5.48221 30.4918 -7.92478e-05 0.000997027 -0.00109867 8.52986
6.47898 30.4918 0.00107908 -0.000458949 -0.000298504 18.565
7.47575 30.4918 -0.000485775 -7.98606e-05 -0.000530423 20.0703
8.47251 30.4918 -0.000528401 0.000538014 0.000336684 3.51229
9.46928 30.4918 0.000449074 0.000955558 3.21272e-05 7.02459
10.466 30.4918 -0.000126777 0.000240536 0.000247148 9.53337
11.4628 30.4918 0.000953907 -0.000336972 -0.00095491 11.0386
12.4596 30.4918 -0.000998769 -0.000556712 -0.00028601 25.0878
13.4563 30.4918 -0.000287452 0.000520279 -0.000271419 7.02459
14.4531 30.4918 0.000457031 0.00119005 0.000380047 17.0597
15.4499 30.4918 -0.000331974 0.000881321 3.84438e-05 20.572
16.4466 30.4918 -6.72252e-05 0.000836078 -0.00105188 4.51581
17.4434 30.4918 -0.000172263 0.00125849 0.00109098 8.52986
18.4402 30.4918 0.000627951 -0.00106467 -0.00167025 4.01405
19.4369 30.4918 -0.000830655 -0.000161232 -0.000257268 14.5509
20.4337 30.4918 -0.000242781 -0.000226017 -0.00174527 20.0703
21.4305 30.4918 0.000916704 -0.000406788 -0.000105746 8.52986
22.4272 30.4918 0.000370296 -0.000632544 0.000999719 10.5369
23.424 30.4918 0.000930846 0.000227061 0.000615991 17.5615
24.4208 30.4918 0.000194169 0.00105139 -0.000138702 8.0281
25.4175 30.4918 -0.000622539 0.000317368 9.08924e-05 6.52283
26.4143 30.4918 0.00113756 -0.000279916 0.002595 4.51581
27.4111 30.4918 0.000584036 -2.93822e-05 0.000757033 5.51932
28.4078 30.4918 8.22623e-05 4.49088e-05 0.000115404 14.5509
29.4046 30.4918 -0.00107509 0.000270114 0.000494521 14.5509
30.4014 30.4918 0.000394745 -0.000360562 0.000521477 10.0351
31.3981 30.4918 0.000152438 -0.000594988 -6.99271e-05 13.5474
32.3949 30.4918 -0.00127405 -0.000386699 -0.000213571 15.5544
33.3917 30.4918 -0.000541323 0.00104622 -0.000776241 8.0281
34.3884 30.4918 -0.00110953 -0.00116004 0.000408534 8.52986
35.3852 30.4918 0.000754209 0.000178767 0.000190012 7.02459
36.382 30.4918 0.00118734 0.00119338 -0.0009759 7.52634
37.3787 30.4918 0.000886205 -0.00105144 -0.000441113 20.0703
38.3755 30.4918 0.000848802 0.00018095 0.000612328 10.0351
39.3723 30.4918 0.000268994 -0.00112933 0.000298368 13.0457
40.369 30.4918 0.000113597 0.000133726 3.13467e-05 17.5615
41.3658 30.4918 -0.000890482 -0.00124489 0.0014062 9.03161
42.3626 30.4918 -0.00052915 0.000881061 1.24645e-05 7.52634
43.3593 30.4918 0.00153331 -0.000993189 0.000142226 6.02108
44.3561 30.4918 -0.000723069 0.000957276 0.00104075 8.0281
45.3529 30.4918 0.0011938 -1.39013e-05 0.000312905 20.0703
46.3496 30.4918 0.00107973 -0.000595052 0.000682794 16.558
47.3464 30.4918 0.000385654 -0.000597047 -0.000258273 8.0281
48.3432 30.4918 0.00071442 -0.000369697 0.00032159 21.0738
49.3399 30.4918 -0.000221951 0.00161465 -0.000168666 10.5369
50.3367 30.4918 0.000577592 0.000469173 -0.000123192 7.02459
51.3335 30.4918 -0.00134958 -0.000175478 -0.000863867 4.51581
52.3302 30.4918 -0.00039239 -5.91288e-05 -0.000133689 8.0281
53.327 30.4918 0.000306468 0.000277889 8.71469e-05 17.5615
54.3238 30.4918 0.000361872 0.00127972 0.0001886 16.0562
55.3205 30.4918 -0.000233629 -5.3466e-05 0.000464555 8.52986
56.3173 30.4918 -0.000292636 -0.000419772 -0.000534108 19.0667
57.3141 30.4918 0.000636023 0.000983886 0.00021376 15.0527
58.3108 30.4918 -0.000238356 -0.000817373 -2.51413e-05 6.52283
59.3076 30.4918 0.0011003 0.00209689 0.000884587 3.51229
60.3044 30.4918 -0.000276395 0.000836441 -0.000285416 8.0281
61.3011 30.4918 -0.000767434 -1.23765e-05 0.00132718 12.5439
62.2979 30.4918 -0.000174148 -0.000109852 -0.00102485 18.565
63.2947 30.4918 -2.93172e-05 -0.00113401 0.000199799 7.02459
64.2914 30.4918 0.000158511 -8.44058e-05 0.000691998 16.0562
65.2882 30.4918 -0.000212595 -9.06242e-05 0.000179085 18.0632
66.285 30.4918 6.75553e-05 0.00100186 -0.00122791 6.02108
67.2817 30.4918 0.00245533 -0.000742504 -0.00071421 6.02108
68.2785 30.4918 -0.000787851 -0.000242465 0.000459425 8.52986
69.2753 30.4918 -0.000793507 -0.000557742 -0.000723809 8.0281
70.272 30.4918 -0.00098668 0.000321816 -0.000137162 15.5544
71.2688 30.4918 0.000482048 -0.000402586 0.000495385 10.0351
72.2656 30.4918 -0.00012061 0.000352218 0.000220903 12.0422
73.2623 30.4918 0.000937808 -0.000267265 -0.000285626 18.0632
74.2591 30.4918 -0.000301576 -0.00113198 -0.00050793 9.03161
75.2559 30.4918 -0.00124026 -0.000554884 -8.33936e-05 6.02108
76.2526 30.4918 0.000116025 -0.000741447 -0.000686597 6.02108
77.2494 30.4918 0.000819324 0.000304948 -0.00113445 9.03161
78.2462 30.4918 -1.84504e-05 -0.000124465 -5.19838e-05 16.558
79.2429 30.4918 -0.00100785 0.000562881 4.90193e-05 12.0422
80.2397 30.4918 0.000564833 -0.000191565 0.00119412 9.53337
81.2365 30.4918 -0.000132441 -0.0003794 0.000394183 20.0703
82.2332 30.4918 0.000449745 0.00173735 0.000426257 9.53337
0.498383 31.4916 0.000824479 -0.00105581 0.000382184 7.02459
1.49515 31.4916 -0.000938134 -0.000951349 -5.00681e-05 7.02459
2.49192 31.4916 0.000852223 0.000428342 0.00129414 10.5369
3.48868 31.4916 0.000358292 0.000174429 -0.000117475 13.5474
4.48545 31.4916 -0.000646894 -0.000200149 -0.000834872 16.0562
5.48221 31.4916 0.000335418 0.000184591 0.000765939 10.5369
6.47898 31.4916 -0.000364112 8.48815e-05 0.00170124 13.5474
7.47575 31.4916 -0.000148685 0.000180504 0.000610895 17.0597
8.47251 31.4916 -0.00137743 -0.000417993 0.000149758 8.0281
9.46928 31.4916 0.000452779 -0.00203582 -0.000397111 5.01756
10.466 31.4916 -0.00184787 0.000503931 -0.00128222 6.52283
11.4628 31.4916 2.90289e-05 -0.00142162 -0.00170693 10.0351
12.4596 31.4916 -0.000234549 -0.000602098 0.000166684 22.0773
13.4563 31.4916 0.00135911 0.00121446 -3.01497e-05 9.03161
14.4531 31.4916 0.000499254 -0.000359745 -0.00101598 13.0457
15.4499 31.4916 -8.91007e-05 0.000413673 0.000157156 24.5861
16.4466 31.4916 -0.000675806 0.00107202 0.00044148 8.0281
17.4434 31.4916 -0.00104829 0.000823316 -0.000568361 4.01405
18.4402 31.4916 0.00286122 -0.00106781 0.000203594 3.51229
19.4369 31.4916 -0.000535162 -0.000854182 0.00116667 9.03161
20.4337 31.4916 2.79011e-05 -2.3429e-05 -0.000335323 19.5685
21.4305 31.4916 -0.000655502 0.000455921 0.000460899 14.0492
22.4272 31.4916 -0.000182498 -0.000668143 -0.00100745 19.0667
23.424 31.4916 -0.000467793 -1.03764e-05 0.000548195 25.0878
24.4208 31.4916 -9.1253e-05 0.000604672 -4.88111e-05 10.5369
25.4175 31.4916 -0.00127117 0.000713391 0.00206037 8.0281
26.4143 31.4916 0.00029008 0.00153714 -0.00156032 9.03161
27.4111 31.4916 -0.000352961 1.6959e-05 -0.000649878 12.0422
28.4078 31.4916 0.000468347 0.000882739 0.000454231 19.5685
29.4046 31.4916 -0.000941929 0.000284684 0.000822599 14.5509
30.4014 31.4916 0.000454831 1.54911e-05 0.000817534 11.0386
31.3981 31.4916 0.000618785 -0.000265748 0.000282554 22.0773
32.3949 31.4916 -0.00082892 0.000355798 3.60595e-05 15.5544
33.3917 31.4916 0.000773973 0.000934064 -0.0015167 5.01756
34.3884 31.4916 0.00173079 -0.000596966 0.00137729 7.02459
35.3852 31.4916 0.000536825 0.000192553 0.000571976 9.03161
36.382 31.4916 -0.000721045 0.000120477 -0.000133043 11.0386
37.3787 31.4916 -0.000426147 -6.30307e-05 0.000297559 21.0738
38.3755 31.4916 -0.000113853 -0.000516853 -0.00119633 8.0281
39.3723 31.4916 -0.00133979 0.000456924 -0.000565658 13.5474
40.369 31.4916 -0.0004427 -0.000284577 -4.50977e-06 19.5685
41.3658 31.4916 0.000375955 0.00132499 -0.000517097 12.5439
42.3626 31.4916 0.00136122 -0.000655871 0.000909175 7.02459
43.3593 31.4916 0.00175081 -1.03697e-05 -5.32805e-05 5.51932
44.3561 31.4916 -0.000797049 -0.000385834 0.000568434 8.0281
45.3529 31.4916 -0.000280692 -0.000572863 0.000198056 21.0738
46.3496 31.4916 0.00076641 -0.000583833 8.12265e-07 13.0457
47.3464 31.4916 0.000976894 -4.3466e-06 -0.000209773 12.5439
48.3432 31.4916 0.000316929 -0.000634392 -0.000581949 20.572
49.3399 31.4916 0.000392768 0.000739344 0.000241245 8.52986
50.3367 31.4916 0.000612627 -0.000563607 0.00105279 10.0351
51.3335 31.4916 -0.000457955 -0.00082678 8.94318e-05 4.51581
52.3302 31.4916 -0.000600247 0.00193513 0.00129619 5.01756
53.327 31.4916 0.000102511 -0.000166484 -0.000199812 17.5615
54.3238 31.4916 -0.000678049 1.45588e-06 -0.000503541 17.0597
55.3205 31.4916 -0.000296994 0.000387723 0.000196806 10.0351
56.3173 31.4916 -0.00017395 -0.000256997 0.000814297 21.0738
57.3141 31.4916 0.000482715 0.00164986 -0.001126 9.53337
58.3108 31.4916 0.00175648 0.000809268 0.00142997 9.03161
59.3076 31.4916 -0.000965609 -0.000635758 0.000158676 8.0281
60.3044 31.4916 0.00179418 -0.000380129 0.000292536 10.0351
61.3011 31.4916 0.00044661 0.00190656 -2.58808e-05 14.0492
62.2979 31.4916 -0.000233016 -8.74243e-05 0.000138336 21.5755
63.2947 31.4916 0.000985903 0.00116638 -0.00019066 11.5404
64.2914 31.4916 0.00058492 7.1463e-05 -0.000256268 14.5509
65.2882 31.4916 0.000675406 -0.000909472 -0.000258035 18.565
66.285 31.4916 -0.000603924 0.000586928 -0.00154407 9.03161
67.2817 31.4916 0.000733173 -0.000848444 0.000530721 6.02108
68.2785 31.4916 0.001497 0.000557094 -0.000238863 4.51581
69.2753 31.4916 4.13105e-05 0.000526406 -0.000210942 13.0457
70.272 31.4916 0.000151162 7.03849e-05 0.000747062 24.0843
71.2688 31.4916 0.00103405 -0.000759086 0.000332147 12.5439
72.2656 31.4916 -0.000291483 -0.00133378 -0.000597643 12.0422
73.2623 31.4916 0.000530498 -0.000335364 0.000328864 22.579
74.2591 31.4916 0.000257531 -0.00081236 0.000289657 11.0386
75.2559 31.4916 8.4417e-05 -0.000995464 0.00158603 6.02108
76.2526 31.4916 -0.000258526 0.000360882 0.0015878 7.02459
77.2494 31.4916 0.000166044 -0.00097282 -5.49768e-05 11.0386
78.2462 31.4916 -0.000120884 -0.000321453 -0.000205212 19.5685
79.2429 31.4916 -0.00119154 -0.000645064 0.00018072 14.0492
80.2397 31.4916 0.000911709 -0.00121842 -0.000400406 10.0351
81.2365 31.4916 0.000334743 -2.76652e-05 0.000427577 21.0738
82.2332 31.4916 -0.000217716 0.00021315 0.000704012 12.0422
0.498383 32.4913 -5.55354e-05 -0.000504849 -0.000288736 13.0457
1.49515 32.4913 0.000299679 -0.000768847 0.00036497 7.02459
2.49192 32.4913 -0.000194742 0.000167641 -0.000930497 15.0527
3.48868 32.4913 -0.000834095 -0.000386356 -0.0019268 11.0386
4.48545 32.4913 -0.000807563 0.000176335 -0.000274544 8.52986
5.48221 32.4913 -0.000264304 -0.00091668 -6.6073e-05 10.5369
6.47898 32.4913 -0.000468516 -0.000628487 -8.4407e-05 9.03161
7.47575 32.4913 -2.46863e-05 0.000701855 -0.000462671 11.5404
8.47251 32.4913 -0.000322942 0.0012219 0.000276794 14.0492
9.46928 32.4913 8.36414e-05 0.000268747 0.000432238 8.0281
10.466 32.4913 -0.00154666 -6.60245e-05 -0.00120233 10.5369
11.4628 32.4913 0.0013703 -0.000510652 0.000744406 10.0351
12.4596 32.4913 0.00142023 0.000124198 -0.000164872 5.51932
13.4563 32.4913 0.000492003 -0.000293948 -0.000726054 9.53337
14.4531 32.4913 -0.000523257 -0.000478788 -0.00101801 8.0281
15.4499 32.4913 0.000210477 -1.51052e-05 0.00117459 6.02108
16.4466 32.4913 0.000369608 5.69607e-05 -0.000535277 14.0492
17.4434 32.4913 8.63089e-05 0.000556753 -0.000860352 8.0281
18.4402 32.4913 -9.20935e-05 -0.000728501 0.00057894 11.0386
19.4369 32.4913 6.93479e-05 -0.000346217 0.00079725 14.0492
20.4337 32.4913 0.0011163 0.000116779 -0.0005719 7.52634
21.4305 32.4913 -0.000579189 0.00190759 -9.57418e-05 6.52283
22.4272 32.4913 0.000395772 0.00177123 -0.00119356 5.01756
23.424 32.4913 4.88345e-05 0.00132796 0.000177294 5.01756
24.4208 32.4913 0.000407897 0.000175797 -0.000167165 11.0386
25.4175 32.4913 -0.00015589 0.000939046 1.51853e-05 9.03161
26.4143 32.4913 -0.000510759 0.000690016 0.000788749 11.5404
27.4111 32.4913 0.000479323 0.00108979 8.66348e-05 14.5509
28.4078 32.4913 -0.000355461 0.000749394 -0.000524906 12.0422
29.4046 32.4913 0.00126656 -0.000655042 0.00124739 8.0281
30.4014 32.4913 0.00129438 0.0013663 0.000602863 8.52986
31.3981 32.4913 -0.000466025 0.00015921 0.000127711 9.03161
32.3949 32.4913 0.000624526 -0.000490221 0.000558308 14.5509
33.3917 32.4913 -0.000840724 0.00106016 -0.000927721 7.02459
34.3884 32.4913 0.000617777 0.00140656 0.00107708 8.0281
35.3852 32.4913 0.000714663 0.000603405 -0.000788343 11.5404
36.382 32.4913 -0.000721053 -0.00125116 -0.00124546 12.5439
37.3787 32.4913 0.00111194 2.25661e-05 -3.2558e-05 9.53337
38.3755 32.4913 -0.00151131 0.0006842 0.000884645 8.52986
39.3723 32.4913 0.000432916 0.000110239 -0.000466483 9.03161
40.369 32.4913 0.00117499 -0.000252592 -0.00154161 8.52986
41.3658 32.4913 1.84338e-05 0.00130641 0.00106236 7.52634
42.3626 32.4913 0.000188421 -0.000213798 -0.000683865 9.03161
43.3593 32.4913 -4.94154e-05 -0.000346715 -0.00041936 11.5404
44.3561 32.4913 0.000201919 0.000762813 0.000122194 16.558
45.3529 32.4913 0.00102277 -5.97761e-05 2.44194e-05 8.0281
46.3496 32.4913 -0.00051625 -0.000392073 -0.000822786 9.53337
47.3464 32.4913 0.000569679 -0.000831597 -0.000743674 7.52634
48.3432 32.4913 0.000984839 0.000987026 -0.00106362 7.52634
49.3399 32.4913 -0.000463541 -0.000400187 0.000640559 11.5404
50.3367 32.4913 0.000493512 -4.22801e-05 -7.27132e-05 9.53337
51.3335 32.4913 0.000878315 0.00135232 0.000123072 6.02108
52.3302 32.4913 -0.00106559 0.000257713 -6.23385e-05 16.0562
53.327 32.4913 -0.000349075 -0.000369557 0.000101019 12.5439
54.3238 32.4913 0.000207269 0.00100472 -0.00186133 7.52634
55.3205 32.4913 0.000223281 -0.000723709 0.0014311 7.52634
56.3173 32.4913 0.000191238 0.000807975 0.000557685 9.03161
57.3141 32.4913 0.000361467 -0.0002823 -0.00100292 10.5369
58.3108 32.4913 0.000542544 0.000693392 -0.00114243 12.0422
59.3076 32.4913 0.00144986 -0.000495023 0.000284453 6.52283
60.3044 32.4913 0.000614012 -0.000235934 0.0013192 17.0597
61.3011 32.4913 -0.000695704 0.000398677 -0.00065689 11.0386
62.2979 32.4913 -0.000663621 0.000703028 -0.00170168 5.51932
63.2947 32.4913 -0.00126832 0.000376199 -0.000215028 5.51932
64.2914 32.4913 -0.0008662 0.000619042 -0.000142435 9.53337
65.2882 32.4913 -0.000259533 -0.00112228 0.000645071 13.5474
66.285 32.4913 -0.000412731 -0.000481142 0.000194759 11.5404
67.2817 32.4913 -0.00114714 -0.000401825 -0.000514099 8.0281
68.2785 32.4913 0.00045371 0.000490778 -0.000296546 11.0386
69.2753 32.4913 -0.00011776 -0.00124414 -4.95071e-05 7.52634
70.272 32.4913 0.00232492 0.00111954 -0.000590854 5.51932
71.2688 32.4913 -0.00155581 0.000366041 -0.000128413 10.0351
72.2656 32.4913 -0.000372342 -0.000599499 0.000417367 8.52986
73.2623 32.4913 -0.000407756 0.00020813 0.00042675 8.52986
74.2591 32.4913 0.000269149 0.000142772 -0.00115944 12.0422
75.2559 32.4913 -0.000656771 -0.000792574 0.000362003 11.0386
76.2526 32.4913 0.000168625 0.000560761 -0.000145857 8.52986
77.2494 32.4913 0.000624848 -0.000244656 -0.000254793 12.0422
78.2462 32.4913 -0.000762605 3.74495e-06 0.000243824 8.52986
79.2429 32.4913 -0.000336456 -0.00138301 0.00116953 9.03161
80.2397 32.4913 0.000908897 0.000744046 0.00132708 7.02459
81.2365 32.4913 0.000306151 0.00107554 -0.000372833 10.0351
82.2332 32.4913 0.000221647 0.000552215 -0.00089204 14.0492
0.498383 33.491 -0.000612019 0.000218106 0.000471475 19.0667
1.49515 33.491 -0.000359057 0.00036063 -0.00056833 10.0351
2.49192 33.491 -0.000794612 -0.000626822 -0.000708181 21.5755
3.48868 33.491 -0.000166478 0.000484647 0.000760141 15.0527
4.48545 33.491 0.000726101 0.000428469 -0.00118667 8.52986
5.48221 33.491 -0.000203042 0.000928057 0.000654938 5.51932
6.47898 33.491 0.000113793 -0.0008285 -0.00139249 3.51229
7.47575 33.491 0.000192697 1.47149e-05 0.000776697 13.0457
8.47251 33.491 -0.000399102 0.000320243 6.13959e-05 21.0738
9.46928 33.491 -2.01126e-05 1.20131e-05 -0.000548273 18.565
10.466 33.491 -0.000951752 5.30117e-05 -0.000400614 21.0738
11.4628 33.491 0.000344265 0.000580456 -0.00092162 21.0738
12.4596 33.491 -0.000821828 -0.000704372 0.000882367 8.0281
13.4563 33.491 -0.000785756 0.000815575 0.00114151 8.0281
14.4531 33.491 -0.00112245 0.0016081 -0.00041602 3.01054
15.4499 33.491 -0.000163043 0.000762771 -0.000356165 10.5369
16.4466 33.491 0.00023988 -0.000146608 -2.60746e-05 29.6036
17.4434 33.491 0.000305801 -0.000548646 0.000748439 16.0562
18.4402 33.491 -0.000294251 -0.000750296 -4.66291e-05 14.5509
19.4369 33.491 6.57253e-05 0.000155689 -0.000310466 28.0984
20.4337 33.491 0.000678631 0.000309382 -8.15163e-05 11.5404
21.4305 33.491 -0.00147655 -0.00255167 -0.000104528 4.51581
22.4272 33.491 -0.00113417 -0.00116522 -4.58346e-05 9.53337
23.424 33.491 0.00156513 -0.000119961 -0.000391942 7.52634
24.4208 33.491 0.000853671 -0.000484125 -0.000931111 20.572
25.4175 33.491 -0.000760013 0.000156498 -0.000114098 16.558
26.4143 33.491 0.000178252 -0.000640776 0.00137721 10.5369
27.4111 33.491 -0.000311827 0.000336549 0.000997606 24.0843
28.4078 33.491 0.000409073 -0.000809822 0.00110664 8.0281
29.4046 33.491 -0.0001834 -0.000720256 -7.17482e-05 8.0281
30.4014 33.491 -0.00162612 0.00126753 0.00187786 7.02459
31.3981 33.491 0.000356389 0.000554825 0.000159965 5.51932
32.3949 33.491 0.000545249 -0.000615367 0.000500357 13.0457
33.3917 33.491 -0.000910767 0.000574204 0.000864602 25.0878
34.3884 33.491 -0.000380678 -0.000487155 0.000726606 14.0492
35.3852 33.491 -4.82008e-05 0.000289272 -0.000540857 21.5755
36.382 33.491 0.000308639 -0.000388523 0.000112439 19.0667
37.3787 33.491 -0.000126255 0.00223392 -2.08524e-05 7.02459
38.3755 33.491 0.000317196 0.00132629 -0.0010787 7.02459
39.3723 33.491 0.000882952 0.00065593 0.000692693 10.0351
40.369 33.491 0.000149919 -0.000641946 -0.000527875 10.0351
41.3658 33.491 0.000578338 0.000348292 -0.000193574 21.5755
42.3626 33.491 -0.000187698 9.01832e-05 0.00082075 18.0632
43.3593 33.491 -0.000124676 0.00110398 -0.000658808 14.0492
44.3561 33.491 0.000482779 8.10963e-05 -0.000766871 15.5544
45.3529 33.491 -0.000352283 -0.000881492 -0.000776601 12.5439
46.3496 33.491 -6.898e-06 0.0012279 -0.0013643 9.03161
47.3464 33.491 -0.00262072 0.000843003 0.000587329 3.51229
48.3432 33.491 -0.000676131 0.000461658 -0.000156972 9.53337
49.3399 33.491 -8.77023e-05 0.000505177 -0.000816819 27.5966
50.3367 33.491 0.00170612 0.000421214 -0.000111469 14.5509
51.3335 33.491 -0.000448979 -0.000348995 -1.07786e-05 11.0386
52.3302 33.491 0.000378256 -0.000342878 -0.000353653 24.5861
53.327 33.491 -0.000666929 -0.000143959 -4.51842e-05 13.0457
54.3238 33.491 0.000807455 0.000942002 -0.000706126 5.01756
55.3205 33.491 -6.41179e-05 0.00048415 -0.000670488 8.0281
56.3173 33.491 -0.000290804 0.00073564 3.29921e-05 6.52283
57.3141 33.491 0.00101218 0.00101631 0.000358071 17.0597
58.3108 33.491 0.000357593 -0.000168426 0.000251676 26.5931
59.3076 33.491 -0.000169016 -0.000498466 0.00100647 13.5474
60.3044 33.491 0.00130279 0.000676176 -0.000476295 15.5544
61.3011 33.491 0.000129885 -0.000573932 -0.000446959 17.5615
62.2979 33.491 0.000265567 0.000415507 0.000156082 10.5369
63.2947 33.491 -0.000928904 0.000722189 -0.000569977 7.02459
64.2914 33.491 -0.0016913 0.00070657 -0.00159982 4.51581
65.2882 33.491 0.00124232 0.000799225 -0.000317192 15.0527
66.285 33.491 -3.72918e-05 -5.45009e-06 -0.00039575 22.0773
67.2817 33.491 -0.000362423 -0.00101661 0.000394077 16.0562
68.2785 33.491 -0.000456018 -0.000236783 -0.000334474 17.0597
69.2753 33.491 0.00025983 0.000464646 0.000468302 22.579
70.272 33.491 -7.26068e-05 9.93488e-05 0.000606087 16.0562
71.2688 33.491 0.000807604 -0.000649666 -0.000543258 6.02108
72.2656 33.491 -0.00111973 0.000824964 -0.00102544 7.02459
73.2623 33.491 -0.00134093 -0.00107824 -0.00143639 6.52283
74.2591 33.491 0.000487514 -5.85278e-05 0.000325455 23.0808
75.2559 33.491 0.000182402 0.000222917 0.000622974 17.0597
76.2526 33.491 -0.000312417 -0.00080431 -0.000174967 12.0422
77.2494 33.491 -0.00011963 -0.000131791 -0.000213606 29.1019
78.2462 33.491 -0.000271217 -0.00105599 0.00136756 10.5369
79.2429 33.491 -0.000340689 -0.000581282 0.000446296 5.51932
80.2397 33.491 0.000434268 0.000518616 0.000863275 8.52986
81.2365 33.491 -0.000341439 -0.00126278 -0.00106852 10.0351
82.2332 33.491 0.00068942 0.000266558 0.00011517 18.0632
0.498383 34.4908 0.000988446 -0.000305804 0.000387376 8.52986
1.49515 34.4908 -0.000884889 0.000407741 0.000707481 10.5369
2.49192 34.4908 -0.000187226 -0.000104265 -0.00118309 7.02459
3.48868 34.4908 -0.00129793 0.000373715 -0.000648377 10.5369
4.48545 34.4908 0.00139415 -3.96681e-05 0.000211821 7.52634
5.48221 34.4908 0.000620848 8.84528e-05 -0.000901256 10.5369
6.47898 34.4908 0.00131354 4.32118e-05 0.000457907 8.52986
7.47575 34.4908 -0.00109227 -0.000102713 0.000109417 11.5404
8.47251 34.4908 -0.000914889 2.40125e-05 -0.000226684 7.52634
9.46928 34.4908 -0.000637202 0.000629392 1.84343e-05 6.52283
10.466 34.4908 -0.00010712 0.000648237 0.000279783 11.0386
11.4628 34.4908 -0.000356224 -0.000452576 0.000127929 11.0386
12.4596 34.4908 -0.000725231 0.000383618 0.000435551 9.53337
13.4563 34.4908 -0.00149867 -0.000168255 1.71923e-05 8.52986
14.4531 34.4908 -0.00134577 -0.000169272 0.000496956 9.03161
15.4499 34.4908 0.000194714 0.000161005 0.000199627 13.0457
16.4466 34.4908 -0.000233179 0.000289706 1.71555e-06 9.53337
17.4434 34.4908 -0.000119779 0.00168772 0.000665363 9.03161
18.4402 34.4908 0.00130804 0.000357355 -4.98851e-05 9.03161
19.4369 34.4908 -0.00240496 0.00107834 -0.00057362 6.02108
20.4337 34.4908 -0.000609887 0.00103564 -0.000230055 8.0281
21.4305 34.4908 0.000219137 0.00149228 0.000506033 8.52986
22.4272 34.4908 0.000706946 -0.000185102 -0.00022323 9.03161
23.424 34.4908 -0.00107478 0.000349073 -0.000686679 11.5404
24.4208 34.4908 -0.00017661 -0.000572006 -6.06379e-05 11.5404
25.4175 34.4908 8.36627e-05 -0.000156855 0.000191067 14.0492
26.4143 34.4908 0.000249476 0.000332639 -0.000685334 10.5369
27.4111 34.4908 0.000670212 -0.0002832 9.50542e-05 11.0386
28.4078 34.4908 -4.67706e-05 0.000835929 0.000446817 13.0457
29.4046 34.4908 -0.00122349 -0.00133213 0.000125737 8.52986
30.4014 34.4908 0.000466687 0.00111147 -0.000245044 7.52634
31.3981 34.4908 -0.000325301 0.0013607 -0.000948298 10.0351
32.3949 34.4908 -0.000743353 0.0010465 -0.000931222 9.03161
33.3917 34.4908 -0.000823036 -0.000989831 0.000234959 8.0281
34.3884 34.4908 0.00165132 -0.000229814 -0.000521274 8.52986
35.3852 34.4908 -0.000188296 0.000587434 -0.000480873 9.03161
36.382 34.4908 2.08833e-05 -0.000286595 0.00114958 9.53337
37.3787 34.4908 -0.000353789 -0.000185526 -0.00117196 9.03161
38.3755 34.4908 0.000467429 -0.000640184 -0.000920366 5.01756
39.3723 34.4908 -0.000602439 -0.000438688 -0.00101892 9.53337
40.369 34.4908 0.000368105 0.000316676 0.000955112 10.0351
41.3658 34.4908 -0.00103545 0.00100204 0.0012845 12.5439
42.3626 34.4908 0.000550968 0.000355656 -0.000222017 9.53337
43.3593 34.4908 -5.74326e-05 0.000186619 0.000258219 9.03161
44.3561 34.4908 -0.000120998 0.00166785 -0.00100582 13.5474
45.3529 34.4908 -0.000208072 0.00046373 -0.000292087 5.51932
46.3496 34.4908 -2.59588e-05 0.000123343 0.000355538 8.0281
47.3464 34.4908 0.00169556 0.00128346 -0.000431117 5.01756
48.3432 34.4908 -9.26306e-05 -6.9331e-05 -0.000221188 6.02108
49.3399 34.4908 -0.000384309 -0.000379097 4.34313e-05 10.0351
50.3367 34.4908 -0.000366196 0.000527978 0.00171443 12.0422
51.3335 34.4908 0.0012827 -0.000441756 0.000285341 11.0386
52.3302 34.4908 0.00132317 0.000221983 -0.000235082 12.5439
53.327 34.4908 -0.000107464 0.000357978 0.000290659 10.0351
54.3238 34.4908 -7.20811e-05 -0.000385669 -0.000153011 9.53337
55.3205 34.4908 0.000119149 -0.00071088 0.00081164 7.02459
56.3173 34.4908 -0.000101768 -0.000882353 -0.000743312 11.0386
57.3141 34.4908 -9.39229e-06 -0.000440854 -0.000389063 10.0351
58.3108 34.4908 -0.000204272 -0.000320061 -0.000641657 6.52283
59.3076 34.4908 -0.00139548 0.000304223 -0.000198148 7.52634
60.3044 34.4908 -0.00022377 0.000183342 -0.00126055 11.0386
61.3011 34.4908 -0.00108973 0.0013684 0.000482435 10.0351
62.2979 34.4908 0.000920135 -0.000548334 0.00042074 11.0386
63.2947 34.4908 -1.69531e-05 0.00173796 -0.000377077 7.52634
64.2914 34.4908 -0.00118073 -0.000461496 7.72291e-05 8.0281
65.2882 34.4908 0.000409306 -0.000819858 1.32888e-05 7.52634
66.285 34.4908 0.00049209 -0.000217274 0.000327188 14.0492
67.2817 34.4908 -0.000405601 0.000736839 -0.00139551 8.0281
68.2785 34.4908 -0.000505098 -0.000706209 0.000798467 8.52986
69.2753 34.4908 -0.00113677 -7.8436e-05 -0.000377997 7.52634
70.272 34.4908 0.000150201 -0.000234042 -0.00017087 8.52986
71.2688 34.4908 0.00231637 2.27855e-05 -4.70395e-05 6.52283
72.2656 34.4908 -0.000443638 0.000604557 0.000168886 7.02459
73.2623 34.4908 -0.00042908 0.000377769 0.000358532 11.5404
74.2591 34.4908 -0.000578794 0.00112969 0.000139901 12.5439
75.2559 34.4908 -0.000313229 2.78064e-05 0.000231913 8.52986
76.2526 34.4908 -0.0011179 -0.000277096 0.000253785 8.52986
77.2494 34.4908 0.000967626 -0.000256704 -0.000713423 10.5369
78.2462 34.4908 0.00205536 0.00170322 0.000625167 8.0281
79.2429 34.4908 -0.00208983 -0.000550171 -0.000512455 6.02108
80.2397 34.4908 0.00120572 0.000714708 0.000895412 6.52283
81.2365 34.4908 2.77148e-05 -0.000370936 3.95201e-05 14.5509
82.2332 34.4908 -0.000233433 -0.000223106 0.000589231 10.5369
0.498383 35.4905 0.000452423 -4.03456e-05 -0.000784535 6.52283
1.49515 35.4905 0.00176915 0.000427056 6.67611e-05 12.0422
2.49192 35.4905 0.000340781 0.000325565 0.00011567 5.51932
3.48868 35.4905 -5.73315e-05 0.000695357 -0.000165872 17.0597
4.48545 35.4905 -0.000529287 -3.04641e-05 -5.56856e-05 21.0738
5.48221 35.4905 8.40696e-05 -0.000461777 0.000952067 11.0386
6.47898 35.4905 0.000362055 1.44553e-05 -0.000592348 17.5615
7.47575 35.4905 0.000357149 9.93304e-05 -0.000550286 19.0667
8.47251 35.4905 0.000676514 0.000219135 0.000408634 12.0422
9.46928 35.4905 -0.000223822 -0.000140911 0.000841588 7.52634
10.466 35.4905 -0.000178672 0.000103874 -0.000898184 5.51932
11.4628 35.4905 0.000547246 -0.000300403 -1.60596e-05 16.0562
12.4596 35.4905 0.000276223 -0.000144037 -0.000228751 26.5931
13.4563 35.4905 -0.000627787 -0.00201936 0.00216495 8.0281
14.4531 35.4905 -0.000969838 0.000168851 0.000974525 14.0492
15.4499 35.4905 0.000391346 0.000896188 0.000809615 23.5825
16.4466 35.4905 -0.00126539 -0.000709456 -0.000827462 11.5404
17.4434 35.4905 -0.000485625 -0.000396767 0.00146368 4.01405
18.4402 35.4905 0.000245455 -0.000496211 -0.0019954 3.01054
19.4369 35.4905 -0.00151426 -0.000324795 -0.000408946 9.03161
20.4337 35.4905 -3.0439e-05 -0.000535269 -0.000700823 23.0808
21.4305 35.4905 -0.000199195 -0.00130437 -0.000178201 17.0597
22.4272 35.4905 -0.000137616 0.000190612 0.00059508 16.0562
23.424 35.4905 -0.000323525 0.000798766 0.000339384 21.5755
24.4208 35.4905 -0.000275252 -7.13621e-06 -0.000554422 9.53337
25.4175 35.4905 0.000782343 0.000902742 -0.00018873 2.50878
26.4143 35.4905 0.000764477 -0.0012589 7.5805e-05 8.52986
27.4111 35.4905 -0.000381448 0.000248549 -0.000161807 9.03161
28.4078 35.4905 1.7486e-05 0.000425393 -6.45034e-05 16.0562
29.4046 35.4905 0.000380416 -0.000686151 0.000821086 21.5755
30.4014 35.4905 0.000847141 0.000549955 0.000291244 8.52986
31.3981 35.4905 -0.000161457 0.000277977 -0.000140199 21.5755
32.3949 35.4905 0.000555005 -6.49748e-06 0.00044891 20.0703
33.3917 35.4905 -5.28912e-05 0.0011116 0.00104393 7.02459
34.3884 35.4905 0.00049777 0.000412414 0.00115507 7.52634
35.3852 35.4905 -0.00048608 0.000822376 0.000452861 6.52283
36.382 35.4905 0.000399393 0.000785165 -0.000593132 16.0562
37.3787 35.4905 -0.00051086 0.000248065 0.000521201 23.0808
38.3755 35.4905 3.431e-05 0.000111259 -0.00114265 13.0457
39.3723 35.4905 -6.91329e-05 0.000187295 -0.000164808 19.5685
40.369 35.4905 0.000103077 -7.9881e-05 -0.000679329 23.0808
41.3658 35.4905 0.00113107 0.000475583 0.000655773 11.0386
42.3626 35.4905 -0.000293062 0.00025915 -0.000922285 4.51581
43.3593 35.4905 0.000588162 -0.000397763 0.0011107 7.02459
44.3561 35.4905 0.000621141 0.000301006 0.000241961 9.03161
45.3529 35.4905 -0.00015559 -0.000470125 -7.41234e-05 25.5896
46.3496 35.4905 -0.0004744 8.20668e-05 0.000185533 15.5544
47.3464 35.4905 0.000160341 -0.000224934 -8.09211e-05 17.5615
48.3432 35.4905 9.40777e-05 -0.000605647 0.00024152 25.0878
49.3399 35.4905 0.000183722 0.000185313 -0.000746111 14.0492
50.3367 35.4905 -0.000404673 -0.000265344 0.000193198 4.01405
51.3335 35.4905 -0.00176435 -0.00138242 -0.00125152 4.01405
52.3302 35.4905 -0.000334949 0.00221947 -0.000536817 10.5369
53.327 35.4905 1.63588e-05 -0.000173846 -0.000261006 18.0632
54.3238 35.4905 0.000379129 0.000214047 0.00041487 17.0597
55.3205 35.4905 0.000268853 -0.000648134 0.000411501 12.5439
56.3173 35.4905 -0.000259279 -0.00116935 0.000126732 15.5544
57.3141 35.4905 -0.000275147 0.000510954 -0.00061787 17.5615
58.3108 35.4905 -0.000449025 0.000593622 -0.00138148 11.5404
59.3076 35.4905 -0.000453531 0.000626019 -0.00164772 7.02459
60.3044 35.4905 0.000506124 -0.000693589 0.00228779 6.52283
61.3011 35.4905 0.000440169 0.00045838 0.000114671 13.5474
62.2979 35.4905 0.000813695 0.000401175 -0.000490784 23.0808
63.2947 35.4905 0.00115838 7.52289e-05 0.00117358 10.0351
64.2914 35.4905 -0.000506278 -0.000111887 -0.000363358 19.0667
65.2882 35.4905 -0.00116478 0.00076769 0.000105231 16.558
66.285 35.4905 -3.66777e-05 0.00028577 0.0010187 7.02459
67.2817 35.4905 -0.000268123 -0.000338975 0.0013538 9.03161
68.2785 35.4905 -0.000473206 -1.26219e-05 9.21228e-05 9.53337
69.2753 35.4905 -0.000710951 -0.000122887 0.000176238 14.0492
70.272 35.4905 -0.000320937 0.000918473 -0.00125619 20.0703
71.2688 35.4905 0.000165028 0.00037719 -0.00169409 12.5439
72.2656 35.4905 -0.000313788 0.000182097 0.00049917 12.0422
73.2623 35.4905 -0.000506511 -0.00058285 -0.000182589 23.0808
74.2591 35.4905 -0.000141895 -0.000197806 5.98015e-05 14.0492
75.2559 35.4905 -0.000254134 0.000422883 0.000416036 5.01756
76.2526 35.4905 0.000953497 0.000826065 0.000435495 4.01405
77.2494 35.4905 -0.000213135 0.00106518 -0.000483853 11.5404
78.2462 35.4905 -5.76515e-05 -0.0008665 0.000327312 24.5861
79.2429 35.4905 0.00038409 0.000362047 0.000337805 15.0527
80.2397 35.4905 0.000989965 -0.000394529 0.000182301 11.0386
81.2365 35.4905 0.000343222 0.000594285 0.000576535 22.0773
82.2332 35.4905 -0.000343124 0.00115727 0.000328127 11.0386
0.498383 36.4902 -0.000170474 0.00018176 0.00116844 9.53337
1.49515 36.4902 -0.00118537 -0.000765816 -0.00125256 6.52283
2.49192 36.4902 0.000683458 -8.98134e-05 -0.000603986 6.02108
3.48868 36.4902 -0.00054156 0.00144415 -0.000436983 10.0351
4.48545 36.4902 0.000257703 1.9552e-05 -0.000254639 11.5404
5.48221 36.4902 -0.000266981 0.000198131 0.000470136 16.0562
6.47898 36.4902 0.000641505 0.000307991 -0.000303278 14.5509
7.47575 36.4902 0.000456377 -0.000398338 0.000598983 12.5439
8.47251 36.4902 0.00043558 -0.000389562 -0.00049839 8.0281
9.46928 36.4902 0.000304376 -0.00106179 1.41407e-05 7.52634
10.466 36.4902 3.38441e-05 -0.00114278 0.00119827 6.02108
11.4628 36.4902 -0.000855103 -0.00279913 0.000191259 11.5404
12.4596 36.4902 -5.38034e-05 -0.000748609 -0.00064437 14.0492
13.4563 36.4902 -0.00078665 -0.000241232 -9.90497e-05 7.02459
14.4531 36.4902 -6.7173e-05 -0.000811126 8.00374e-05 13.5474
15.4499 36.4902 -0.00136547 -0.000944995 0.000948154 13.5474
16.4466 36.4902 -0.000148431 0.000921654 0.000419956 9.03161
17.4434 36.4902 -0.000499542 -0.000397033 0.000821488 8.52986
18.4402 36.4902 -5.74185e-05 -0.000954821 -0.00058567 7.52634
19.4369 36.4902 -1.53383e-05 0.000622489 -0.00147068 9.03161
20.4337 36.4902 -4.20792e-05 -0.000279571 -0.000182676 15.5544
21.4305 36.4902 3.65253e-05 -0.000161054 0.000833157 10.0351
22.4272 36.4902 0.000951937 -0.000504194 -0.000823454 12.5439
23.424 36.4902 0.000246788 0.00044072 0.00129986 14.0492
24.4208 36.4902 0.000895267 -0.00191252 -0.000128748 13.0457
25.4175 36.4902 -0.00180287 -7.53153e-05 0.00105595 8.0281
26.4143 36.4902 -0.000475504 0.000580848 0.000399617 7.52634
27.4111 36.4902 -0.00139572 -0.00042364 0.00116789 6.52283
28.4078 36.4902 0.000445859 -0.00058217 0.000361423 14.5509
29.4046 36.4902 -0.000255984 0.000275254 -0.00172357 16.558
30.4014 36.4902 0.000568137 -0.00185117 -0.00025234 6.02108
31.3981 36.4902 -0.000394392 -0.000366243 0.000431671 17.0597
32.3949 36.4902 -0.000305956 7.93935e-05 -0.001004 13.5474
33.3917 36.4902 -0.000157849 0.000429805 0.000584344 8.52986
34.3884 36.4902 -0.000769768 0.000256247 0.000366213 9.53337
35.3852 36.4902 -0.00169258 -0.00158889 -0.00107092 6.52283
36.382 36.4902 2.63466e-05 -0.000695804 0.000163154 11.5404
37.3787 36.4902 0.000960895 -0.000155475 -0.000206496 12.5439
38.3755 36.4902 0.000545153 0.000151964 -0.000765987 12.0422
39.3723 36.4902 -0.000747398 -6.417e-06 -6.95176e-05 13.5474
40.369 36.4902 -0.000296318 -0.000412301 -0.000764747 11.0386
41.3658 36.4902 -0.00114629 0.00100629 -0.0014384 10.5369
42.3626 36.4902 -0.000946023 0.000557212 0.000587977 6.02108
43.3593 36.4902 -0.00168725 1.92525e-06 0.000430939 7.52634
44.3561 36.4902 0.000295239 -0.000269567 -0.000295164 10.5369
45.3529 36.4902 0.000328605 0.000918301 -0.000955285 14.5509
46.3496 36.4902 -0.00128773 0.000912049 0.00111656 9.53337
47.3464 36.4902 -0.000797357 0.000491918 -0.000504891 9.03161
48.3432 36.4902 0.000463145 -0.000532147 -0.000829802 15.5544
49.3399 36.4902 0.000202033 0.000772494 -0.000271165 12.5439
50.3367 36.4902 0.000877647 -0.000279871 0.000566692 6.52283
51.3335 36.4902 6.4445e-05 0.000234929 0.00195921 4.01405
52.3302 36.4902 0.0001425 0.00076497 -0.000385136 8.52986
53.327 36.4902 -0.000183721 -3.11015e-05 0.000533853 13.0457
54.3238 36.4902 0.000667986 0.000286122 -0.000682783 16.558
55.3205 36.4902 -0.0011205 0.000239573 -7.85585e-05 9.53337
56.3173 36.4902 1.97238e-05 0.000280823 -0.00048976 16.558
57.3141 36.4902 -0.000444756 4.14434e-05 -0.000945343 10.0351
58.3108 36.4902 0.000635795 0.000562965 -0.000623407 12.0422
59.3076 36.4902 0.000997281 0.000106424 -0.00014227 8.52986
60.3044 36.4902 -0.00211467 -0.000239273 -0.000918907 5.01756
61.3011 36.4902 5.33601e-05 0.000242879 0.00205985 13.5474
62.2979 36.4902 0.000122908 -0.000217029 0.000229363 16.558
63.2947 36.4902 0.000899777 0.00018269 -0.00045675 8.52986
64.2914 36.4902 9.01392e-05 0.000657785 -0.00116707 16.558
65.2882 36.4902 0.000803962 -9.26724e-05 -8.83266e-06 16.0562
66.285 36.4902 0.000387282 0.000209261 0.000281776 5.01756
67.2817 36.4902 -2.22145e-05 0.00132205 -0.000421692 8.0281
68.2785 36.4902 0.000845343 0.000522952 0.000311843 6.02108
69.2753 36.4902 0.000869451 -0.000375737 -0.000174902 10.5369
70.272 36.4902 -8.57402e-05 -0.00106507 -0.00052332 15.5544
71.2688 36.4902 0.000165085 -4.25222e-05 0.000188912 12.0422
72.2656 36.4902 -0.000490206 0.000542886 -0.00074805 12.0422
73.2623 36.4902 -0.000238583 0.00037511 -0.000698576 17.5615
74.2591 36.4902 0.00028957 0.000880463 -5.4882e-05 8.52986
75.2559 36.4902 -0.000367053 -0.000908701 0.00132665 4.01405
76.2526 36.4902 -0.000881136 -0.00130934 0.00248861 7.52634
77.2494 36.4902 -0.000179204 6.08892e-05 0.000217158 9.03161
78.2462 36.4902 -0.000413469 -0.000178141 3.58433e-05 14.0492
79.2429 36.4902 -5.9469e-05 0.000689115 0.00011577 15.0527
80.2397 36.4902 0.00071356 -0.00122912 -0.000264479 10.5369
81.2365 36.4902 0.000603651 -0.00077258 -0.000413246 14.5509
82.2332 36.4902 0.00141579 -7.93407e-05 -0.0009222 11.5404
0.498383 37.49 0.000662007 0.000184115 -0.00174829 12.0422
1.49515 37.49 7.98527e-05 -0.000512497 0.000358711 11.5404
2.49192 37.49 -3.88989e-05 -0.000343073 0.000202396 18.0632
3.48868 37.49 0.00036804 -0.000270542 -0.000468032 14.5509
4.48545 37.49 -0.000990637 -0.000404545 -0.00156162 5.51932
5.48221 37.49 -6.49333e-08 -8.99421e-05 -3.90744e-05 7.52634
6.47898 37.49 -0.000129176 -0.000256418 -0.000212433 11.0386
7.47575 37.49 0.000515451 -0.000691756 0.000602949 13.0457
8.47251 37.49 0.000138986 0.000208316 9.16278e-05 16.0562
9.46928 37.49 -0.00083646 4.44115e-05 0.000263462 8.52986
10.466 37.49 -0.000326913 -3.48568e-05 0.000574198 15.0527
11.4628 37.49 -0.000299233 4.91634e-05 0.00123434 13.5474
12.4596 37.49 -0.000896405 -8.46844e-05 -0.000313673 10.0351
13.4563 37.49 -0.000482619 0.00182417 0.000166103 6.52283
14.4531 37.49 0.00164183 -0.00139699 -0.00190151 8.0281
15.4499 37.49 -0.000404486 0.000640026 0.000395855 9.53337
16.4466 37.49 0.000108975 -0.000434893 -0.000370301 15.0527
17.4434 37.49 -0.00136128 -0.000109075 -0.000145171 12.0422
18.4402 37.49 -0.000882408 0.000198817 9.0695e-05 13.5474
19.4369 37.49 -1.03981e-05 -0.000711201 -0.000674835 18.0632
20.4337 37.49 0.000890454 -0.000306078 -1.51974e-05 11.0386
21.4305 37.49 -0.000525336 0.00066047 0.000933793 5.01756
22.4272 37.49 -0.000980983 -0.00022112 -0.000787412 3.51229
23.424 37.49 0.000653216 0.00170278 0.00186397 6.02108
24.4208 37.49 0.000628196 -0.000852398 -0.000810465 18.0632
25.4175 37.49 -7.05648e-05 -0.000373012 0.000793383 11.5404
26.4143 37.49 0.00096952 -0.000495766 0.00113508 9.03161
27.4111 37.49 -0.00064443 0.000840007 0.000729055 10.0351
28.4078 37.49 -0.00104791 0.000125045 4.30584e-05 9.03161
29.4046 37.49 0.000472848 -0.000369134 -0.000248265 7.02459
30.4014 37.49 0.00058356 -0.000698294 -0.000720198 4.51581
31.3981 37.49 0.000340796 0.00042696 -0.00145911 7.02459
32.3949 37.49 0.00138107 0.00106938 -0.00099443 13.5474
33.3917 37.49 -0.00016586 -0.000186643 0.000632286 15.0527
34.3884 37.49 0.000235155 0.000619733 0.000103581 11.0386
35.3852 37.49 0.00107087 0.000286748 3.65191e-05 15.5544
36.382 37.49 -0.000861725 -0.000449337 -0.000197189 13.5474
37.3787 37.49 0.000774047 0.000442287 0.00174661 7.52634
38.3755 37.49 -0.000659343 -5.75857e-05 0.000779031 4.51581
39.3723 37.49 0.00015747 0.000475562 -0.00133784 7.52634
40.369 37.49 0.000388991 -0.00102075 0.000192917 11.0386
41.3658 37.49 -7.0662e-05 -0.00103685 0.000839359 12.0422
42.3626 37.49 0.000261874 0.00024459 0.000533784 10.5369
43.3593 37.49 0.0010236 0.000833601 -0.00086154 15.5544
44.3561 37.49 -0.00136935 0.000159598 -0.000704733 13.5474
45.3529 37.49 -0.000491209 0.000825907 -0.00170646 6.52283
46.3496 37.49 -0.000244424 0.000368339 0.000102341 9.53337
47.3464 37.49 0.000301224 -0.00114983 -0.0003165 6.02108
48.3432 37.49 -0.00138486 -0.000520515 0.00206043 5.51932
49.3399 37.49 -5.62925e-05 0.00042954 -0.000126323 15.5544
50.3367 37.49 -0.000394916 0.00119711 -0.000410951 13.0457
51.3335 37.49 0.00112592 -0.00108355 0.000879049 9.03161
52.3302 37.49 8.76119e-05 0.000701929 0.000152897 14.5509
53.327 37.49 -0.000678681 0.000245542 -0.000637861 11.5404
54.3238 37.49 0.000109919 -0.00120079 -0.000311651 4.01405
55.3205 37.49 0.000358805 -0.000466955 0.000577259 9.03161
56.3173 37.49 2.44183e-05 0.000223514 -0.000814296 8.52986
57.3141 37.49 -0.000205744 -0.000359778 0.000520412 13.5474
58.3108 37.49 0.000581672 0.0012197 -0.0010789 12.0422
59.3076 37.49 -0.000417664 0.000835604 0.00161736 8.0281
60.3044 37.49 -0.000297354 -0.00103929 -0.000180763 14.5509
61.3011 37.49 -0.000109721 -0.000641502 -0.000494006 11.5404
62.2979 37.49 -0.000280343 0.00064307 0.000486098 8.0281
63.2947 37.49 -0.00165603 -0.000198958 0.000345504 6.52283
64.2914 37.49 -0.00170075 0.00136803 5.71021e-05 4.01405
65.2882 37.49 -0.000263621 8.17284e-05 -0.00140607 12.0422
66.285 37.49 -0.000600186 -0.000750133 0.000630676 17.5615
67.2817 37.49 -0.00046147 -0.000222139 0.00062633 4.01405
68.2785 37.49 -0.000614033 0.00103464 7.62976e-05 12.5439
69.2753 37.49 0.000413745 -0.000142936 0.000488074 14.5509
70.272 37.49 -0.00109193 -8.58553e-05 0.00170748 9.53337
71.2688 37.49 0.000216065 1.35405e-05 0.000260637 9.53337
72.2656 37.49 -0.000298384 0.000772915 0.000474736 7.52634
73.2623 37.49 -2.9025e-07 0.00045625 0.00082642 9.03161
74.2591 37.49 -0.000430249 0.000557491 0.000465609 13.5474
75.2559 37.49 -0.000109931 -0.00043775 -0.00117768 10.0351
76.2526 37.49 3.00476e-05 -0.00164797 0.00142726 8.0281
77.2494 37.49 -0.00118204 -0.000231164 0.000791859 17.0597
78.2462 37.49 -0.000298306 -0.00130881 0.000453727 12.5439
79.2429 37.49 9.89226e-05 -0.00027586 -0.000437099 7.02459
80.2397 37.49 -0.000208602 8.93531e-05 -1.36343e-05 8.52986
81.2365 37.49 -0.00105335 0.000133986 0.000494198 7.02459
82.2332 37.49 0.00069924 -0.00116227 0.000514365 14.5509
0.498383 38.4897 -0.00175802 0.000862959 -0.000424215 15.0527
1.49515 38.4897 0.000492758 -0.000286359 -0.000918406 12.5439
2.49192 38.4897 -0.000323082 0.000825114 -0.000125342 17.5615
3.48868 38.4897 -0.000950883 -0.000701917 -0.000979695 15.0527
4.48545 38.4897 -0.00085768 -0.000393611 0.000284851 9.03161
5.48221 38.4897 -0.000773911 -0.000284966 0.00017369 6.02108
6.47898 38.4897 -0.00026196 0.00120692 0.000676254 7.02459
7.47575 38.4897 -0.00153264 -0.00174966 0.000696153 10.0351
8.47251 38.4897 -0.000437034 0.000251037 -0.000248062 25.0878
9.46928 38.4897 0.000665801 -8.73685e-05 -0.000916153 13.0457
10.466 38.4897 -0.000177721 -0.000856464 -0.00070818 15.5544
11.4628 38.4897 0.000560973 0.000740799 0.00061994 21.5755
12.4596 38.4897 0.000902975 0.00137001 0.00133742 5.01756
13.4563 38.4897 -0.000397202 -0.00198532 -0.000739196 9.53337
14.4531 38.4897 -0.000564912 0.00134463 0.000445649 6.52283
15.4499 38.4897 -5.70521e-05 -0.000385307 -0.000678558 8.0281
16.4466 38.4897 -0.000528243 0.000330218 0.000544202 27.0948
17.4434 38.4897 0.000251621 -0.000563639 0.00118459 9.53337
18.4402 38.4897 -0.000313534 0.000584633 0.000856718 14.5509
19.4369 38.4897 0.00102487 0.000661789 -3.73755e-05 16.0562
20.4337 38.4897 -0.000180317 -0.000300856 0.000286346 9.53337
21.4305 38.4897 -0.00107289 -0.000870024 -2.1449e-05 11.0386
22.4272 38.4897 -0.000819995 -0.00179443 0.00113536 10.0351
23.424 38.4897 -0.00120816 0.000411772 0.000937732 4.51581
24.4208 38.4897 0.00063515 0.000279279 -0.000621864 24.5861
25.4175 38.4897 -3.97397e-06 -0.000991124 -0.000297975 16.558
26.4143 38.4897 -2.28137e-05 -0.000305873 -0.000951349 10.5369
27.4111 38.4897 0.000684243 -0.000142125 0.00117968 26.0913
28.4078 38.4897 -0.000369033 0.000191796 -0.000313279 17.0597
29.4046 38.4897 0.000180857 -8.47291e-05 -0.000739533 9.03161
30.4014 38.4897 0.000351739 -0.000255512 0.00103012 9.53337
31.3981 38.4897 0.000172714 -0.000564308 0.000855314 4.51581
32.3949 38.4897 0.000186971 0.000206156 -0.00158714 13.5474
33.3917 38.4897 0.000917032 -0.000639785 -0.000346578 19.5685
34.3884 38.4897 -0.000292596 8.52963e-05 9.2135e-05 10.0351
35.3852 38.4897 -0.00028772 -0.000620904 -0.0002818 17.0597
36.382 38.4897 0.00010969 0.000114728 0.000576823 16.0562
37.3787 38.4897 -0.000346057 -0.000796037 0.000223871 9.03161
38.3755 38.4897 -0.00109476 -0.000942883 -0.000182362 10.5369
39.3723 38.4897 0.00180412 -9.87484e-05 -0.00196083 9.53337
40.369 38.4897 -0.000491417 -0.000338325 0.000435055 15.5544
41.3658 38.4897 0.00061172 -0.000348213 0.000105986 19.5685
42.3626 38.4897 -0.000901569 -0.000321139 0.00102982 16.0562
43.3593 38.4897 8.33145e-05 0.000183173 0.000123952 17.5615
44.3561 38.4897 0.000175693 -8.86619e-05 0.000407955 17.5615
45.3529 38.4897 -0.000539474 -0.00112073 0.000778686 12.0422
46.3496 38.4897 -0.00119678 -0.00241715 -0.00141281 3.51229
47.3464 38.4897 -0.000639684 -0.000527005 9.43227e-05 8.0281
48.3432 38.4897 0.00115553 -0.000607777 0.000522598 6.02108
49.3399 38.4897 -0.000365314 -0.000241766 0.000975484 22.0773
50.3367 38.4897 1.89457e-05 0.00037276 -0.000555114 16.558
51.3335 38.4897 -0.000362206 0.000899776 -0.000229707 8.0281
52.3302 38.4897 -0.000285567 0.000283139 0.000471869 25.0878
53.327 38.4897 -0.00170802 0.000148129 -0.000328659 11.5404
54.3238 38.4897 -0.000361131 0.0007339 0.000600657 10.5369
55.3205 38.4897 -0.00104281 -0.00154465 0.000130231 8.52986
56.3173 38.4897 -0.0011065 7.26179e-06 -0.000886191 7.02459
57.3141 38.4897 0.000727212 7.1418e-05 0.00049425 16.558
58.3108 38.4897 0.000213644 -0.00039938 -0.000268885 22.0773
59.3076 38.4897 -0.000558479 -0.000372719 -0.000275782 7.52634
60.3044 38.4897 -2.59355e-05 9.8037e-05 -0.000576991 26.5931
61.3011 38.4897 -0.000761484 -0.00031212 -0.000384404 15.0527
62.2979 38.4897 -0.000826134 -0.00124676 -0.00168694 9.53337
63.2947 38.4897 0.00017214 -0.000702511 -0.00190378 5.51932
64.2914 38.4897 0.000105832 -0.000888004 0.000182554 10.0351
65.2882 38.4897 0.00120076 -0.000200948 -0.000179016 18.0632
66.285 38.4897 -0.000960512 -0.000800332 0.000273104 25.0878
67.2817 38.4897 0.00133157 -0.00109642 -0.000194763 7.02459
68.2785 38.4897 0.000561302 0.000322298 -0.000601004 20.572
69.2753 38.4897 0.000452316 0.000380567 4.84289e-05 23.5825
70.272 38.4897 0.00136871 0.000173491 -0.000416557 6.52283
71.2688 38.4897 -0.00019808 0.000210259 -0.000334261 9.53337
72.2656 38.4897 -0.000547793 0.000203238 -0.0024386 5.01756
73.2623 38.4897 -0.000990761 -0.000312641 -9.44598e-05 8.52986
74.2591 38.4897 -0.0003796 0.000261394 -0.000571941 28.6001
75.2559 38.4897 -0.000214267 -0.000147308 -0.00106281 16.558
76.2526 38.4897 0.000222412 0.000324052 -0.000612814 12.0422
77.2494 38.4897 -0.00017172 0.000187666 -0.000203656 23.5825
78.2462 38.4897 0.000781523 0.000571718 -0.000662776 10.5369
79.2429 38.4897 -0.00101801 0.000400912 -0.00127025 10.5369
80.2397 38.4897 -0.00191642 -3.12515e-05 -0.000728392 7.02459
81.2365 38.4897 0.000818447 0.00141844 0.000906409 7.02459
82.2332 38.4897 0.000218897 -0.00123911 0.000633855 21.0738
0.498383 39.4894 0.000576888 0.000221485 -0.000957267 10.0351
1.49515 39.4894 -0.000168816 -5.20575e-05 -0.000432519 5.01756
2.49192 39.4894 0.000972097 -0.00010408 -0.000574206 12.0422
3.48868 39.4894 -0.000232107 -0.000442324 0.00068404 13.0457
4.48545 39.4894 0.000158965 -0.000333453 -0.000825667 8.52986
5.48221 39.4894 -0.000132697 -0.000564818 -0.00060397 15.5544
6.47898 39.4894 -0.000373221 9.24971e-05 0.000183204 10.5369
7.47575 39.4894 -0.000898521 -0.00084414 0.000460426 10.5369
8.47251 39.4894 0.000757318 0.000283152 0.000305269 6.52283
9.46928 39.4894 2.85029e-05 -0.000248859 -0.00124032 7.02459
10.466 39.4894 -0.000134104 0.000355316 -0.00204113 7.02459
11.4628 39.4894 -0.000891255 -0.000476745 0.0010244 10.5369
12.4596 39.4894 -0.000347841 -0.00094164 -0.000225554 7.52634
13.4563 39.4894 0.000753241 0.000554431 -0.000636573 7.02459
14.4531 39.4894 -0.000868834 0.00015121 -0.000602332 9.53337
15.4499 39.4894 0.000905555 -5.7065e-05 -0.00138635 14.0492
16.4466 39.4894 -0.000367924 0.000284147 0.000112675 9.53337
17.4434 39.4894 -0.000157269 -0.000186164 0.000339653 6.52283
18.4402 39.4894 0.000672692 0.000640645 0.0015025 7.02459
19.4369 39.4894 0.000331451 0.00100477 -0.000768995 10.0351
20.4337 39.4894 -0.00104268 -3.97149e-05 -0.000351874 9.03161
21.4305 39.4894 -3.89844e-05 0.00104677 0.00119301 10.5369
22.4272 39.4894 -0.00132251 0.000797486 0.00177308 7.52634
23.424 39.4894 -0.000595131 3.0791e-05 0.00102388 12.5439
24.4208 39.4894 0.00182026 0.00135675 -0.000280999 6.52283
25.4175 39.4894 -0.000482729 0.000920365 -0.0001097 11.0386
26.4143 39.4894 0.0015689 -0.00146378 0.000164636 8.0281
27.4111 39.4894 0.000347278 -0.000366278 0.00211115 11.0386
28.4078 39.4894 0.000736241 -0.000350907 0.000146365 9.53337
29.4046 39.4894 -0.000360614 0.00140864 -0.000770608 7.02459
30.4014 39.4894 0.000349999 -7.773e-06 0.000744463 6.52283
31.3981 39.4894 -0.00050044 -0.000141417 -7.4211e-05 12.5439
32.3949 39.4894 0.00166069 0.00116771 -0.000151573 11.0386
33.3917 39.4894 -0.000962191 0.000377356 0.000796106 10.0351
34.3884 39.4894 0.000130952 -0.00158682 -0.000473892 6.52283
35.3852 39.4894 -0.00124414 -0.000177705 -4.50673e-05 12.0422
36.382 39.4894 0.00012876 -0.000329774 -0.000116988 13.0457
37.3787 39.4894 0.000238896 0.000240315 -0.000271494 9.53337
38.3755 39.4894 -0.000415951 -0.000745304 0.000375347 6.52283
39.3723 39.4894 0.00051824 9.55505e-05 0.000554903 8.52986
40.369 39.4894 -0.000459471 -0.000314289 -0.000629513 12.0422
41.3658 39.4894 -0.000264067 -0.000254831 -0.000622858 9.03161
42.3626 39.4894 -0.00155576 0.000652645 0.000111716 6.02108
43.3593 39.4894 0.000674966 -0.00193818 -0.000393854 6.02108
44.3561 39.4894 -0.000931024 0.000861847 0.00083709 9.03161
45.3529 39.4894 -9.96405e-05 0.000487216 0.000105005 14.0492
46.3496 39.4894 -0.00141858 -0.00178194 -0.000358421 6.52283
47.3464 39.4894 -0.00086472 -5.80842e-06 0.00209694 12.0422
48.3432 39.4894 0.000999751 0.000538583 0.00133302 13.0457
49.3399 39.4894 0.00062132 -0.00122774 -0.000308007 13.5474
50.3367 39.4894 -0.000335485 -0.00105546 0.000582106 11.0386
51.3335 39.4894 0.000643786 0.000266891 -0.000768793 10.0351
52.3302 39.4894 -0.000247071 0.00120148 0.001062 9.03161
53.327 39.4894 -0.000353113 -0.000457187 0.000843208 10.5369
54.3238 39.4894 0.000660531 0.000393392 -0.000247853 9.03161
55.3205 39.4894 0.00187806 -0.00043451 -4.62007e-05 7.02459
56.3173 39.4894 -0.0011321 0.000469646 -0.000192139 11.5404
57.3141 39.4894 0.00030691 0.000194108 0.000480407 10.5369
58.3108 39.4894 0.0010189 8.38355e-05 -1.44653e-05 10.0351
59.3076 39.4894 0.000753225 -0.000247136 7.48755e-05 7.02459
60.3044 39.4894 0.000194837 1.48756e-05 -0.000145774 7.02459
61.3011 39.4894 0.00123635 2.20983e-05 -0.00259958 9.03161
62.2979 39.4894 -0.000665902 0.000426734 0.000366172 11.5404
63.2947 39.4894 -0.000382514 0.000906415 -0.000784898 7.52634
64.2914 39.4894 -0.000306807 0.000231858 0.000356582 9.03161
65.2882 39.4894 0.000977485 0.000574136 0.000966105 8.52986
66.285 39.4894 0.000352945 -0.000433704 0.000710652 7.52634
67.2817 39.4894 -1.50423e-05 -0.00040496 -0.0011081 6.02108
68.2785 39.4894 0.000931035 0.00125529 0.00115238 7.02459
69.2753 39.4894 -0.000973411 0.000114442 -7.34913e-05 8.0281
70.272 39.4894 0.000303258 -0.000292258 -0.000752784 13.5474
71.2688 39.4894 -0.000615005 -0.00043849 0.000904098 7.02459
72.2656 39.4894 -0.00138092 -0.000248908 0.000245703 4.51581
73.2623 39.4894 -0.000375586 -0.000351917 -6.35505e-05 8.52986
74.2591 39.4894 0.00142017 0.000480898 9.42135e-05 7.52634
75.2559 39.4894 -0.00049995 0.00153071 -0.00117951 5.51932
76.2526 39.4894 0.000289769 0.000780392 3.00907e-05 6.02108
77.2494 39.4894 -0.000311579 0.000983078 0.000936142 10.5369
78.2462 39.4894 6.72996e-05 0.000984528 -0.000825828 12.0422
79.2429 39.4894 -0.00205825 -0.000163536 0.000115868 9.53337
80.2397 39.4894 0.000794787 0.000140128 -0.00100023 6.02108
81.2365 39.4894 -0.000388125 0.000861772 0.00128581 12.5439
82.2332 39.4894 0.000672327 0.000448719 0.000335115 8.52986
0.498383 40.4892 0.000400432 0.00020559 0.000106728 10.0351
1.49515 40.4892 0.000232117 -0.000287548 0.00141439 6.02108
2.49192 40.4892 0.000374676 -9.42538e-05 -0.00164068 7.02459
3.48868 40.4892 0.000431262 -0.00107944 0.000202219 16.0562
4.48545 40.4892 -0.00102881 0.000236534 0.00092523 22.0773
5.48221 40.4892 0.000469384 -0.0006331 -0.000563998 9.53337
6.47898 40.4892 -3.75821e-06 -0.000766494 -0.000576824 14.0492
7.47575 40.4892 0.000348305 -0.000569145 -0.00052158 23.0808
8.47251 40.4892 0.000435135 -0.000331332 0.000544898 10.0351
9.46928 40.4892 -0.00111724 -0.000104034 -0.00058941 7.52634
10.466 40.4892 -0.00142327 -0.000118688 -0.00132517 4.51581
11.4628 40.4892 0.000600804 -0.000414497 -0.00156405 11.5404
12.4596 40.4892 0.000162058 -0.000705286 -0.000267239 31.1089
13.4563 40.4892 -0.00172699 0.000970093 -0.000632277 6.52283
14.4531 40.4892 -0.000110222 -0.0004887 0.00102353 15.0527
15.4499 40.4892 -0.000320289 -1.69384e-05 0.000198448 29.1019
16.4466 40.4892 6.29859e-05 0.00103087 0.000905349 5.51932
17.4434 40.4892 0.000242549 0.00164798 -0.000317165 11.0386
18.4402 40.4892 -3.94429e-05 -0.000792716 0.00119904 8.0281
19.4369 40.4892 0.000513949 -0.00157387 0.000786228 14.0492
20.4337 40.4892 -0.000464219 -0.000844268 0.000324673 24.0843
21.4305 40.4892 -0.000357768 0.000826902 -4.47283e-05 10.5369
22.4272 40.4892 0.000943572 0.000169986 0.000738874 10.5369
23.424 40.4892 0.000121037 0.000435105 -0.000672954 23.5825
24.4208 40.4892 0.000256212 0.000498672 -0.000210346 10.5369
25.4175 40.4892 -0.00141923 -0.000243033 0.00109501 4.51581
26.4143 40.4892 0.00074002 -0.000143335 -5.14575e-05 9.03161
27.4111 40.4892 0.00020457 0.000930689 0.000789168 9.53337
28.4078 40.4892 0.00066853 -0.000321314 -0.000893518 18.0632
29.4046 40.4892 -8.11974e-05 5.54325e-05 -0.000257735 17.5615
30.4014 40.4892 -0.000313771 0.000839386 0.000382126 11.0386
31.3981 40.4892 2.32184e-06 -0.000204369 -0.000356186 22.579
32.3949 40.4892 0.000590009 -0.000227768 -0.000409485 15.0527
33.3917 40.4892 0.00125017 0.000303128 0.000743892 6.52283
34.3884 40.4892 0.000876185 -6.90599e-05 0.000899038 7.52634
35.3852 40.4892 -8.02392e-05 0.000595607 -0.000971343 8.0281
36.382 40.4892 -0.000538234 -0.000385243 -0.000611996 12.0422
37.3787 40.4892 -0.000346694 0.000355478 -0.000249977 26.0913
38.3755 40.4892 0.000172735 -0.00121548 -0.00160755 9.53337
39.3723 40.4892 -0.000104658 0.00055024 -8.20853e-05 13.5474
40.369 40.4892 -0.000290571 -0.000636508 -0.000222852 22.579
41.3658 40.4892 0.000451032 -6.72191e-05 0.000529564 9.03161
42.3626 40.4892 -0.000489197 -0.000197961 -0.00044325 7.02459
43.3593 40.4892 -0.00030837 -0.00131847 -0.0015609 7.02459
44.3561 40.4892 0.000739153 0.00110116 -0.000110433 11.5404
45.3529 40.4892 0.000574361 0.000330039 0.000467834 22.579
46.3496 40.4892 -0.000442505 1.24774e-05 -0.000518823 18.0632
47.3464 40.4892 0.00041426 0.000521523 -0.000530573 15.0527
48.3432 40.4892 -0.00020719 -6.68639e-05 0.000123249 21.0738
49.3399 40.4892 -0.000543501 0.00154063 0.000480266 11.5404
50.3367 40.4892 6.0217e-05 0.00163207 -0.00106132 6.02108
51.3335 40.4892 -0.00043764 -0.000333757 -0.00127631 4.01405
52.3302 40.4892 -1.08287e-05 0.000757944 0.00011224 7.52634
53.327 40.4892 -0.000206535 0.000332705 -0.00028892 17.5615
54.3238 40.4892 0.000709221 0.000264944 -5.58811e-05 17.5615
55.3205 40.4892 -0.000570973 0.000339438 -0.000816334 10.5369
56.3173 40.4892 -0.000140216 0.000435935 -0.000119973 27.0948
57.3141 40.4892 -0.000449307 0.00012068 0.00116443 10.5369
58.3108 40.4892 -0.000450323 8.84413e-05 0.000743354 8.52986
59.3076 40.4892 0.0014751 -0.00102441 0.000214877 6.52283
60.3044 40.4892 -0.000911601 -0.000329413 -0.000141188 10.0351
61.3011 40.4892 2.31245e-05 -0.000608092 0.000341907 15.5544
62.2979 40.4892 -0.00069459 -0.000705325 -0.000300731 25.5896
63.2947 40.4892 -0.00128194 -0.000260506 7.4752e-05 10.0351
64.2914 40.4892 -0.00163438 0.000165971 6.58622e-06 23.0808
65.2882 40.4892 1.94375e-05 2.7962e-05 0.0013558 19.5685
66.285 40.4892 -0.000876361 -6.08903e-05 -7.61667e-05 8.0281
67.2817 40.4892 0.000762616 -0.00114754 -0.00026877 9.53337
68.2785 40.4892 0.000190198 0.000177147 0.000159617 11.0386
69.2753 40.4892 0.000612403 0.000387248 -0.000466411 12.0422
70.272 40.4892 0.000199001 -0.000438917 0.000216892 31.1089
71.2688 40.4892 -0.000355251 -0.000997994 -0.000728501 9.03161
72.2656 40.4892 0.000553179 4.42556e-05 0.00072086 15.0527
73.2623 40.4892 0.000466991 0.000138691 -0.000473228 28.6001
74.2591 40.4892 -0.000231008 -0.00076837 0.000790508 11.5404
75.2559 40.4892 -0.000219659 1.37592e-05 -0.000974391 9.03161
76.2526 40.4892 0.00130938 0.000306765 0.00046148 5.01756
77.2494 40.4892 -0.00065462 -0.000449674 -0.000817117 9.03161
78.2462 40.4892 6.53261e-05 0.000774534 -0.00126351 26.0913
79.2429 40.4892 -0.000755582 -0.00025592 0.000488918 13.0457
80.2397 40.4892 8.37123e-05 0.000274063 0.000282016 8.52986
81.2365 40.4892 1.56329e-05 -0.000475273 0.000278399 28.0984
82.2332 40.4892 6.61233e-05 6.0866e-05 0.00030969 13.0457
0.498383 41.4889 0.000636843 -0.00138924 0.00122346 9.03161
1.49515 41.4889 0.000238176 0.000222008 0.00131831 10.0351
2.49192 41.4889 0.00133465 0.00159021 0.0011347 6.02108
3.48868 41.4889 -0.00017574 0.000624466 -0.000929934 10.5369
4.48545 41.4889 0.000195558 -0.000657259 0.000360956 16.0562
5.48221 41.4889 0.000908726 -0.000392641 0.00237987 6.02108
6.47898 41.4889 -0.000317023 -0.000465504 -0.000219642 15.5544
7.47575 41.4889 0.000899501 -0.00109941 0.000665076 10.5369
8.47251 41.4889 0.000691082 0.00119381 0.000332545 12.0422
9.46928 41.4889 0.00116784 -0.000746589 -0.000602218 4.51581
10.466 41.4889 0.000124586 -0.00101966 0.00123278 11.0386
11.4628 41.4889 -0.000658084 -0.000567639 1.35956e-05 10.5369
12.4596 41.4889 0.000621059 -0.000732715 -0.00124538 13.0457
13.4563 41.4889 0.000614804 -0.000416329 4.9419e-05 12.0422
14.4531 41.4889 0.000626418 -0.000100559 0.000585894 7.02459
15.4499 41.4889 -0.000513128 -0.000226869 -0.000679302 15.0527
16.4466 41.4889 0.000256128 0.000963116 0.000586446 6.52283
17.4434 41.4889 -0.00121099 -0.000413089 -0.00124354 6.02108
18.4402 41.4889 1.10138e-05 -0.00122675 7.85344e-05 7.52634
19.4369 41.4889 2.6765e-06 -4.33052e-05 0.000396665 12.0422
20.4337 41.4889 1.51255e-05 -4.56405e-05 -0.000198965 10.5369
21.4305 41.4889 -0.000295682 0.000287592 6.09037e-05 12.0422
22.4272 41.4889 0.000763631 -0.000392 0.000123554 10.5369
23.424 41.4889 -0.000821337 -0.000174135 0.000445397 15.0527
24.4208 41.4889 0.00033154 0.000464166 -0.000496177 14.0492
25.4175 41.4889 -0.00157133 -0.00146978 -0.00101599 5.01756
26.4143 41.4889 -6.46401e-05 -0.000436828 0.000780795 8.0281
27.4111 41.4889 0.00106029 0.00121476 0.000566909 10.5369
28.4078 41.4889 2.69665e-05 -0.000169266 -0.000277157 10.5369
29.4046 41.4889 0.000182703 -7.69695e-05 -0.000632954 13.0457
30.4014 41.4889 -0.000235578 -0.000488156 -0.000176411 10.0351
31.3981 41.4889 -0.000390569 -0.000178434 -0.000199235 13.0457
32.3949 41.4889 0.000506957 0.00100263 0.000209491 13.5474
33.3917 41.4889 -0.000353221 5.9575e-06 0.000900035 10.0351
34.3884 41.4889 -0.000396607 0.00206731 0.000217692 7.02459
35.3852 41.4889 0.0002378 0.000506031 0.00123662 9.03161
36.382 41.4889 0.000100865 0.000352588 -0.00114625 14.0492
37.3787 41.4889 -0.000364648 -0.000259261 0.000760501 15.0527
38.3755 41.4889 8.61956e-05 0.00148178 0.000575976 12.5439
39.3723 41.4889 0.000178866 0.000814663 -0.000357009 11.5404
40.369 41.4889 0.000219379 -4.59817e-05 -0.00067684 12.5439
41.3658 41.4889 0.000230993 0.00186962 -0.00059647 7.02459
42.3626 41.4889 0.00123477 -0.000901702 0.000464605 11.0386
43.3593 41.4889 0.00199042 -0.000215553 -0.000491335 6.52283
44.3561 41.4889 -0.000497458 -1.20069e-05 -0.000359363 9.53337
45.3529 41.4889 1.68137e-05 0.000196055 0.00226875 9.53337
46.3496 41.4889 0.00057766 0.000351255 -0.00105421 8.52986
47.3464 41.4889 -0.000577828 -0.00122029 -5.38507e-05 5.51932
48.3432 41.4889 -0.000731585 -0.0023574 -9.00777e-05 11.5404
49.3399 41.4889 -0.000268612 -0.000973559 0.000350739 8.52986
50.3367 41.4889 0.000383845 0.000108291 -0.00168998 6.02108
51.3335 41.4889 0.000368432 0.000575709 0.000204946 7.02459
52.3302 41.4889 0.000930702 0.0012365 -0.000755091 10.5369
53.327 41.4889 0.000510654 -0.000614025 -0.000402642 12.0422
54.3238 41.4889 -0.00121541 0.00117909 0.000337064 10.5369
55.3205 41.4889 0.000942498 4.87372e-06 -0.000447739 14.5509
56.3173 41.4889 0.000119962 -0.000362979 0.000145633 13.0457
57.3141 41.4889 -0.000136468 0.000311212 3.54014e-05 16.0562
58.3108 41.4889 -0.000709689 8.96945e-06 0.000613825 9.53337
59.3076 41.4889 0.000727777 0.000875647 0.000104205 5.01756
60.3044 41.4889 -0.00102941 0.000583034 -0.000628956 6.52283
61.3011 41.4889 0.00049566 -0.00179558 -0.000848269 7.52634
62.2979 41.4889 0.00013074 -0.000243074 0.000598107 11.5404
63.2947 41.4889 -0.000509705 -0.000278686 -0.00107095 9.53337
64.2914 41.4889 -0.000360069 -0.000267654 0.000245075 12.5439
65.2882 41.4889 -0.00104815 -5.69418e-06 0.000493646 12.0422
66.285 41.4889 0.000483719 -0.000776753 0.000826191 7.52634
67.2817 41.4889 -0.000669229 0.000170623 0.00126792 6.52283
68.2785 41.4889 0.000860118 -0.000159649 -0.000945857 7.52634
69.2753 41.4889 0.000665652 -0.000245307 -0.000735275 8.0281
70.272 41.4889 -0.00206248 0.0010807 0.00100544 7.52634
71.2688 41.4889 -0.000728141 -0.000247887 7.4831e-05 13.5474
72.2656 41.4889 -0.000502237 -0.000779769 -7.00535e-05 9.53337
73.2623 41.4889 -0.000145631 -0.00027581 -3.5447e-06 10.0351
74.2591 41.4889 0.000399959 -0.000434791 -0.000257408 10.5369
75.2559 41.4889 0.000190613 -0.00141976 -0.000668458 7.02459
76.2526 41.4889 0.00183268 -0.000841243 0.000923936 5.51932
77.2494 41.4889 -1.61421e-08 0.00115669 0.00022345 9.53337
78.2462 41.4889 0.000308402 -0.0014628 0.00169316 11.0386
79.2429 41.4889 -6.50565e-05 0.000225516 0.000701319 10.5369
80.2397 41.4889 -0.000111628 -0.000560061 0.000311571 10.5369
81.2365 41.4889 -0.000395108 -0.000842756 0.000310939 15.0527
82.2332 41.4889 0.000170554 -0.000518607 0.000201646 9.03161
0.498383 42.4886 -0.000248102 0.0015164 -0.000270848 16.0562
1.49515 42.4886 0.000347374 0.00188553 0.00196065 12.5439
2.49192 42.4886 9.11405e-05 -0.000429574 9.51988e-06 16.0562
3.48868 42.4886 8.30638e-05 0.000409001 -1.88457e-05 13.5474
4.48545 42.4886 0.000136433 -0.000290891 0.000357832 8.52986
5.48221 42.4886 0.000516408 0.000797998 0.0011067 9.53337
6.47898 42.4886 0.00134806 -0.000437672 -0.000500189 6.52283
7.47575 42.4886 0.000869241 8.87357e-05 -0.000729934 10.0351
8.47251 42.4886 0.000752632 -0.000414753 5.31838e-05 18.0632
9.46928 42.4886 2.43927e-05 0.000119866 0.000875789 6.52283
10.466 42.4886 0.000234968 0.00054645 4.4579e-05 13.5474
11.4628 42.4886 0.000780792 1.80907e-05 -0.000517716 18.565
12.4596 42.4886 -0.000159003 0.000908646 -0.00147277 5.01756
13.4563 42.4886 0.00114618 -0.000207074 8.70399e-05 9.03161
14.4531 42.4886 -0.000788534 -0.00200096 0.00120014 6.02108
15.4499 42.4886 -0.00113415 -0.000755862 0.000199735 10.5369
16.4466 42.4886 -0.000164499 0.000314083 -7.66376e-05 26.0913
17.4434 42.4886 -0.000453968 0.00122181 0.000429852 9.53337
18.4402 42.4886 -0.000479452 -0.000149897 0.000211225 9.03161
19.4369 42.4886 0.00142629 0.00102006 -0.00038543 21.0738
20.4337 42.4886 0.000954794 0.000354366 0.00181607 8.0281
21.4305 42.4886 0.000772094 -0.00128032 0.00156381 7.52634
22.4272 42.4886 0.00168988 -0.000831639 0.000386481 5.01756
23.424 42.4886 -0.000274331 0.00037731 -0.000461983 8.52986
24.4208 42.4886 -0.000113428 0.000125835 3.42362e-05 19.5685
25.4175 42.4886 -0.00123793 -0.000615653 -7.88853e-05 14.0492
26.4143 42.4886 0.000113968 0.000355 -9.70057e-05 7.52634
27.4111 42.4886 0.000586005 4.11727e-05 -0.000121617 17.0597
28.4078 42.4886 -0.000640318 0.000666536 -0.000453592 15.5544
29.4046 42.4886 9.3934e-05 -0.000754573 0.000431719 10.5369
30.4014 42.4886 -0.00151097 -0.000445217 0.000138643 9.53337
31.3981 42.4886 -0.00106184 -0.000744804 0.00181408 4.01405
32.3949 42.4886 5.73658e-05 0.000568696 -0.000682958 15.0527
33.3917 42.4886 -0.000813719 0.000204335 -6.93534e-05 16.0562
34.3884 42.4886 -0.000931161 0.000660007 -0.000144496 10.0351
35.3852 42.4886 -0.000144896 -0.000161534 0.00125368 15.5544
36.382 42.4886 -0.000466893 -0.00097925 0.000485511 15.5544
37.3787 42.4886 -0.000103228 -0.000640025 0.00085568 8.52986
38.3755 42.4886 -0.00151139 0.000426992 0.001023 4.51581
39.3723 42.4886 -7.13223e-05 -0.000298048 -0.000191665 9.53337
40.369 42.4886 -0.000549433 0.000881989 6.35558e-05 7.52634
41.3658 42.4886 7.86698e-05 -7.99416e-05 0.000285073 19.0667
42.3626 42.4886 0.000918885 -0.000156019 -6.80809e-05 10.5369
43.3593 42.4886 0.000877934 -0.000315996 -0.000359492 13.5474
44.3561 42.4886 1.77056e-05 0.000424693 0.00085419 21.0738
45.3529 42.4886 -0.000268168 -0.000763361 0.000773038 8.0281
46.3496 42.4886 -0.000358825 -0.00131752 -0.00147509 7.02459
47.3464 42.4886 -0.000836577 5.03306e-05 -0.00039079 8.52986
48.3432 42.4886 -0.00137954 -0.00016274 0.00102951 9.53337
49.3399 42.4886 -0.000539823 4.18354e-06 -0.000845669 18.0632
50.3367 42.4886 0.000228867 0.00029067 0.000472155 20.0703
51.3335 42.4886 -0.000437867 0.00126586 0.00107198 13.5474
52.3302 42.4886 0.00031961 -4.33515e-05 -8.05003e-05 16.558
53.327 42.4886 0.000887537 -7.55741e-05 -0.000221819 11.5404
54.3238 42.4886 0.00216164 -0.00135169 -0.000323509 6.52283
55.3205 42.4886 0.000444662 0.00179801 0.000711034 6.52283
56.3173 42.4886 -0.000368371 -0.00100497 -0.00056434 5.01756
57.3141 42.4886 3.74155e-05 -0.000435326 0.000541312 14.0492
58.3108 42.4886 -0.000634404 -0.000118605 0.000674184 14.0492
59.3076 42.4886 0.000831109 -0.000343303 -0.00219072 8.52986
60.3044 42.4886 8.15154e-05 0.000490108 0.000855175 16.558
61.3011 42.4886 -0.000312236 -0.000363003 8.24871e-05 18.565
62.2979 42.4886 -0.00039143 0.000266742 0.00102858 8.52986
63.2947 42.4886 4.91842e-05 0.000296666 0.00055874 7.02459
64.2914 42.4886 -0.00151137 0.00126587 0.000842773 6.02108
65.2882 42.4886 -0.00131231 -0.00126911 0.000140388 13.5474
66.285 42.4886 -0.000324488 0.000376205 0.000212228 24.0843
67.2817 42.4886 0.001161 -0.000170705 -0.00063113 11.0386
68.2785 42.4886 0.00143984 -0.00077024 -0.000135373 12.0422
69.2753 42.4886 0.000867665 0.000328078 0.000301671 19.5685
70.272 42.4886 -0.0010994 -0.00140538 0.00138234 9.53337
71.2688 42.4886 -0.000740522 0.000163492 -0.000839326 5.01756
72.2656 42.4886 4.30431e-05 0.00156035 -0.000141485 6.52283
73.2623 42.4886 0.00148821 -0.000769093 0.000739219 10.5369
74.2591 42.4886 -0.000756393 -0.000516806 0.000221376 23.0808
75.2559 42.4886 -0.000596616 0.000417556 -1.52901e-05 12.5439
76.2526 42.4886 3.63764e-06 2.9652e-05 -0.000137128 12.5439
77.2494 42.4886 -0.000310521 -0.000931894 -0.000321902 23.0808
78.2462 42.4886 -0.00137463 -0.0002952 -0.00026066 7.02459
79.2429 42.4886 -0.000139528 0.000807993 0.000504513 5.51932
80.2397 42.4886 0.00148475 0.00183471 -0.00111639 7.02459
81.2365 42.4886 0.00166714 -0.00150254 0.00176484 5.51932
82.2332 42.4886 0.000293531 0.000300359 -0.000178528 17.0597
0.498383 43.4884 -0.000459524 -0.000296012 0.000365237 18.0632
1.49515 43.4884 -0.00121861 -0.000787755 0.00139782 8.52986
2.49192 43.4884 -0.000377733 -0.000644193 0.000529124 16.0562
3.48868 43.4884 -0.000348118 -0.000123562 0.000608237 14.5509
4.48545 43.4884 0.000153886 -6.48603e-05 -0.00149669 7.52634
5.48221 43.4884 -0.00145679 0.000827647 -0.000175492 9.53337
6.47898 43.4884 -0.000334144 0.00140233 -0.00183733 5.01756
7.47575 43.4884 -0.000355329 -0.000459456 -0.000118311 11.0386
8.47251 43.4884 3.84898e-05 0.00016584 -0.000549523 25.5896
9.46928 43.4884 0.00136049 0.000146744 9.81154e-05 9.53337
10.466 43.4884 -0.000916925 -0.000487378 0.000407619 16.0562
11.4628 43.4884 0.000357045 -0.000342363 -0.0001831 15.0527
12.4596 43.4884 0.000140765 -0.00106325 -1.53179e-05 8.52986
13.4563 43.4884 0.000183578 0.000336514 0.000153512 4.01405
14.4531 43.4884 0.000312404 -0.00056129 -0.000507419 9.53337
15.4499 43.4884 0.000281091 -0.00129399 0.000184403 7.52634
16.4466 43.4884 -0.000535433 0.000469134 -6.04059e-05 19.0667
17.4434 43.4884 0.000375884 -0.000382643 -0.000550456 9.53337
18.4402 43.4884 -0.000384517 0.00115799 0.000150977 10.0351
19.4369 43.4884 -0.000330391 -0.000335846 0.000438596 21.0738
20.4337 43.4884 -0.000291267 -0.000451025 -0.000980608 10.0351
21.4305 43.4884 0.000223235 9.40528e-05 0.00095915 13.0457
22.4272 43.4884 -0.00093806 -0.000560556 -0.000168012 5.51932
23.424 43.4884 0.000902974 0.000746593 7.14689e-05 8.0281
24.4208 43.4884 0.00015999 -0.000539805 0.000745829 15.5544
25.4175 43.4884 0.000612951 -0.000697331 -0.000630036 16.0562
26.4143 43.4884 0.00140342 0.00157011 0.000120764 11.5404
27.4111 43.4884 -0.000219017 -4.75e-07 0.00023845 19.0667
28.4078 43.4884 -0.00044229 8.20133e-05 -0.00030753 10.5369
29.4046 43.4884 -0.000440228 0.000839027 9.65786e-06 7.02459
30.4014 43.4884 -0.00110781 -0.000970994 -0.00134301 11.0386
31.3981 43.4884 -0.000640742 5.60237e-05 -0.000505746 10.5369
32.3949 43.4884 0.000342967 -6.28173e-05 -0.000998449 12.5439
33.3917 43.4884 0.000792818 0.000292244 -0.000686141 15.0527
34.3884 43.4884 -8.9076e-05 -0.000822967 0.00108836 9.53337
35.3852 43.4884 -7.3019e-05 0.000236742 5.86869e-05 19.0667
36.382 43.4884 0.000838167 5.27103e-05 -0.000404029 15.0527
37.3787 43.4884 0.000771695 1.46965e-05 0.000133232 8.0281
38.3755 43.4884 -0.0016461 -0.000409058 -0.000545201 7.02459
39.3723 43.4884 0.00148606 0.000818774 -0.00247456 4.51581
40.369 43.4884 -0.000189705 -0.000356173 -0.000708754 12.5439
41.3658 43.4884 -0.00111924 -0.000292131 0.000112288 22.579
42.3626 43.4884 -0.000960055 -0.000311945 0.000506008 8.0281
43.3593 43.4884 -0.000495241 0.00068751 -0.000298562 10.5369
44.3561 43.4884 -0.000186277 -0.000540145 -0.000656278 21.0738
45.3529 43.4884 -0.00011059 -0.00038747 0.000534884 9.53337
46.3496 43.4884 0.000676171 0.000713206 -0.00244659 6.02108
47.3464 43.4884 0.000439288 -0.000560157 -0.00188185 8.0281
48.3432 43.4884 -0.00126531 -0.000506256 0.000327873 6.52283
49.3399 43.4884 -0.000758503 0.000711378 -0.000815944 13.0457
50.3367 43.4884 0.000502294 -0.00120585 -6.08111e-05 14.0492
51.3335 43.4884 0.000662773 -0.00121558 -0.000377341 13.5474
52.3302 43.4884 0.000642045 -0.000858789 0.000673775 15.5544
53.327 43.4884 -0.000556873 0.00115959 -0.00034638 14.5509
54.3238 43.4884 -0.000532644 -0.00109335 -5.19377e-05 7.02459
55.3205 43.4884 -0.000611837 -0.00193487 -0.000670986 8.0281
56.3173 43.4884 -0.000499774 -0.000474886 -3.30513e-05 8.0281
57.3141 43.4884 0.000525274 0.000399924 -7.81958e-05 14.0492
58.3108 43.4884 2.46275e-05 0.000143665 0.000218315 18.0632
59.3076 43.4884 -0.000488593 0.000425288 3.26073e-05 8.52986
60.3044 43.4884 0.000105796 -0.000311912 -0.000403791 22.0773
61.3011 43.4884 0.000865996 -0.000867851 0.000367929 11.0386
62.2979 43.4884 0.00164717 -0.000706577 0.000188482 9.53337
63.2947 43.4884 -0.00086782 0.000141975 -0.000831082 7.02459
64.2914 43.4884 0.000134014 -0.000109476 -0.00100872 6.52283
65.2882 43.4884 -0.00014399 -0.000557835 -0.000237475 13.0457
66.285 43.4884 -0.000208872 0.00076357 -4.82551e-05 16.0562
67.2817 43.4884 0.000917761 0.00100121 -0.000240368 8.52986
68.2785 43.4884 0.000133343 0.000729072 0.00036708 13.0457
69.2753 43.4884 -0.000169723 -0.000579355 0.000296695 24.5861
70.272 43.4884 -1.36369e-05 -0.000277804 0.00137467 7.52634
71.2688 43.4884 -0.00065958 -0.000580945 0.000817274 9.53337
72.2656 43.4884 -0.000880155 -0.000227491 0.000120027 5.51932
73.2623 43.4884 8.42166e-05 -0.00117931 -0.000593997 8.52986
74.2591 43.4884 -0.000452977 0.000293741 1.55089e-05 18.0632
75.2559 43.4884 0.000297639 0.000169061 -0.000493873 14.5509
76.2526 43.4884 0.000255722 0.000660412 0.000111671 11.0386
77.2494 43.4884 -6.74926e-05 0.000356312 0.000317541 20.0703
78.2462 43.4884 0.0010766 -0.000963835 -0.00214773 10.0351
79.2429 43.4884 -0.00036242 -0.000388625 -0.000558461 8.0281
80.2397 43.4884 -0.000536483 -0.00128797 0.000950912 9.53337
81.2365 43.4884 -0.00313921 -0.000122079 -0.000236409 6.52283
82.2332 43.4884 3.68521e-05 0.000149454 -0.000220637 14.0492
0.498383 44.4881 -0.000122799 -5.88993e-05 0.00106909 10.5369
1.49515 44.4881 0.00103577 0.00122864 -0.000912355 8.0281
2.49192 44.4881 -0.0007414 4.84716e-05 0.00053802 9.53337
3.48868 44.4881 -0.000441149 0.000179639 -0.000547251 6.52283
4.48545 44.4881 0.000521174 8.94264e-05 -0.000275878 10.5369
5.48221 44.4881 0.000355227 0.00137563 -0.000879499 11.5404
6.47898 44.4881 0.000496188 -0.000647001 0.000357275 12.0422
7.47575 44.4881 0.000944492 -0.000246297 -0.00104879 12.5439
8.47251 44.4881 0.00102353 -0.00141672 0.00106144 5.01756
9.46928 44.4881 0.000598899 -0.000138127 0.000454586 10.0351
10.466 44.4881 0.000589982 -0.000440981 -0.000115185 13.0457
11.4628 44.4881 -5.56449e-05 -0.000398002 0.000302763 9.03161
12.4596 44.4881 -0.00127737 -0.000974205 0.000272352 12.0422
13.4563 44.4881 0.000755879 -0.000409677 0.000699599 13.5474
14.4531 44.4881 0.00131 0.000201226 0.000152095 10.0351
15.4499 44.4881 -0.000417202 0.000580954 0.000331469 8.52986
16.4466 44.4881 -0.000708211 0.00038092 -0.000852024 5.51932
17.4434 44.4881 -9.71742e-05 0.00138471 0.000840864 8.0281
18.4402 44.4881 0.00138564 -0.000972122 0.000772817 7.52634
19.4369 44.4881 -0.000527937 0.000222441 0.000966987 10.5369
20.4337 44.4881 0.000680892 0.000384308 0.000101676 12.5439
21.4305 44.4881 -0.000989106 -0.00032527 0.000196039 14.5509
22.4272 44.4881 -0.00118276 -0.000464606 -0.000126574 6.52283
23.424 44.4881 0.000623278 8.0843e-05 0.000236633 13.5474
24.4208 44.4881 0.000328797 -0.000447485 -0.00065495 10.5369
25.4175 44.4881 -0.000348716 -0.0018645 0.00139302 8.52986
26.4143 44.4881 -0.00143501 0.00067141 0.00111443 8.52986
27.4111 44.4881 0.000936028 -0.000824931 0.000478468 7.52634
28.4078 44.4881 0.000218965 -0.000194266 -0.00084966 12.5439
29.4046 44.4881 -0.000191555 -0.000369127 -0.000290475 15.5544
30.4014 44.4881 -0.000384472 0.00166294 5.7496e-06 6.02108
31.3981 44.4881 0.000215353 -0.000226197 0.000572595 12.5439
32.3949 44.4881 -0.000330997 -0.0013272 -8.3643e-05 11.0386
33.3917 44.4881 -0.000466893 0.00129661 2.45867e-05 5.51932
34.3884 44.4881 0.000621325 -0.000127087 -0.00021998 12.0422
35.3852 44.4881 0.00101087 0.000703292 0.000132847 8.52986
36.382 44.4881 0.000279195 0.000398915 0.00115016 8.52986
37.3787 44.4881 0.001214 0.00134938 0.0001337 14.5509
38.3755 44.4881 5.79249e-06 0.00075367 -0.000981265 10.5369
39.3723 44.4881 0.00053247 0.000566359 0.000502176 9.03161
40.369 44.4881 -3.43185e-05 0.000658078 0.000539271 13.5474
41.3658 44.4881 -0.000738725 0.000273681 -0.000434089 12.5439
42.3626 44.4881 0.000271525 -0.000487279 0.000404218 8.52986
43.3593 44.4881 -0.000277738 0.00102443 0.00100916 7.52634
44.3561 44.4881 5.52586e-05 0.000759583 9.64093e-05 9.03161
45.3529 44.4881 0.000145533 -0.00179139 0.000429604 10.5369
46.3496 44.4881 0.000262411 -0.000536031 -4.49942e-05 11.5404
47.3464 44.4881 -0.000179458 0.000245048 0.0007895 14.5509
48.3432 44.4881 9.00268e-05 0.000308745 0.000513528 18.0632
49.3399 44.4881 0.000322003 -0.000574754 0.000509586 7.52634
50.3367 44.4881 -0.00169738 0.000519841 -0.000921239 8.52986
51.3335 44.4881 0.000914895 -0.000266705 0.00198689 5.51932
52.3302 44.4881 -0.000920355 -0.000535414 -0.000470164 10.0351
53.327 44.4881 -0.00115727 -0.000528496 0.000133245 12.5439
54.3238 44.4881 -0.000390374 0.001177 -0.000754598 12.0422
55.3205 44.4881 -2.83239e-05 -0.00104436 -0.00117409 11.5404
56.3173 44.4881 0.00112643 0.000662423 0.000132964 14.0492
57.3141 44.4881 -0.000459875 -0.000808916 -0.00089958 6.02108
58.3108 44.4881 0.000973623 0.00124974 0.00109429 10.5369
59.3076 44.4881 0.000313605 0.00143481 0.000375102 11.5404
60.3044 44.4881 0.000170658 -0.000379919 8.70423e-05 8.52986
61.3011 44.4881 -9.83908e-05 -0.000236464 0.000711998 8.52986
62.2979 44.4881 0.000215238 0.00167262 -0.000592664 8.0281
63.2947 44.4881 -0.000993347 -0.000477259 0.000603462 12.0422
64.2914 44.4881 0.00030921 -0.000773065 -0.000648124 10.5369
65.2882 44.4881 -0.000469481 -0.000735218 -0.000575928 13.5474
66.285 44.4881 0.000553763 0.000637288 0.00143149 10.0351
67.2817 44.4881 -0.00105126 0.00075595 -0.00132341 3.51229
68.2785 44.4881 0.000805995 0.00074901 -0.000457874 7.52634
69.2753 44.4881 -6.6731e-05 0.000910669 0.000941184 7.52634
70.272 44.4881 0.00136569 0.00157116 0.0010513 13.0457
71.2688 44.4881 -0.000183139 -0.000981839 0.000872684 13.0457
72.2656 44.4881 -0.000129272 0.000714794 -0.000519229 11.0386
73.2623 44.4881 0.000981665 0.000242807 -0.000444618 15.0527
74.2591 44.4881 -0.000695941 0.000861264 -0.000299533 7.52634
75.2559 44.4881 0.000992266 0.00052164 -0.000109319 8.0281
76.2526 44.4881 -0.000811935 0.00126086 -0.00129935 7.52634
77.2494 44.4881 0.00028423 0.00088711 -0.000809087 9.03161
78.2462 44.4881 0.000165237 -0.000241082 0.000219287 11.5404
79.2429 44.4881 -0.00117851 -0.000258027 0.000666094 10.5369
80.2397 44.4881 -0.000957021 0.0010622 -0.000791089 10.5369
81.2365 44.4881 0.000405182 -0.00062437 0.000556998 13.0457
82.2332 44.4881 0.000683667 0.000337237 0.00069425 11.0386
0.498383 45.4878 -0.000844748 0.00120433 0.000718261 6.02108
1.49515 45.4878 0.00192881 0.000556375 -0.000637591 8.52986
2.49192 45.4878 0.00105855 -0.00163081 0.00112281 6.02108
3.48868 45.4878 0.0009206 2.55929e-05 0.00011265 18.0632
4.48545 45.4878 0.000628072 -0.000271818 -0.000227645 20.572
5.48221 45.4878 -0.000161528 0.000408697 -6.93961e-05 15.5544
6.47898 45.4878 0.000169918 -0.000110204 0.000918027 17.5615
7.47575 45.4878 0.000340387 7.28363e-05 0.000167082 17.5615
8.47251 45.4878 0.000444659 -0.000958293 0.000301394 8.0281
9.46928 45.4878 -0.00197151 0.00173046 -0.000294393 7.52634
10.466 45.4878 -8.20989e-06 -0.0012571 -0.000380589 8.0281
11.4628 45.4878 -0.000638154 -0.000484987 -0.000548766 12.5439
12.4596 45.4878 -0.000570878 0.000298698 -0.000474308 21.0738
13.4563 45.4878 0.000206915 -0.00130348 0.000531495 11.0386
14.4531 45.4878 0.000188948 -0.000155658 -5.81661e-05 18.565
15.4499 45.4878 -0.000314791 6.76136e-06 0.000269979 22.579
16.4466 45.4878 -0.000468196 9.28029e-05 -0.000186434 8.52986
17.4434 45.4878 0.000637482 -0.000796947 0.00104121 10.5369
18.4402 45.4878 0.000837581 1.98979e-05 0.000260036 8.0281
19.4369 45.4878 0.000185373 0.000452876 0.000498134 6.52283
20.4337 45.4878 0.00013872 -0.0007096 -8.61297e-05 23.5825
21.4305 45.4878 -0.000746784 -0.00106326 -0.000686945 12.0422
22.4272 45.4878 -9.94478e-05 0.00028821 0.000240591 12.5439
23.424 45.4878 0.000686634 -0.000157394 -0.00041245 26.5931
24.4208 45.4878 -0.000358613 5.78761e-05 -0.000199817 13.0457
25.4175 45.4878 0.00154085 0.000167898 0.000958001 6.52283
26.4143 45.4878 -0.000277219 -0.000515556 0.00151456 7.52634
27.4111 45.4878 0.000345056 0.000588923 -0.000909729 9.03161
28.4078 45.4878 0.00016637 0.000310834 0.000641067 16.0562
29.4046 45.4878 0.000657765 0.000239798 0.000507958 22.579
30.4014 45.4878 -0.000755987 0.000866884 0.000542021 6.02108
31.3981 45.4878 0.0011446 -0.000417782 0.000429055 23.0808
32.3949 45.4878 -0.000264116 -2.4505e-05 -0.000716018 15.0527
33.3917 45.4878 -0.0016193 -0.00119559 0.000718894 10.5369
34.3884 45.4878 0.000416919 0.00032359 -0.000627812 8.0281
35.3852 45.4878 0.000139136 0.000487555 -0.000516089 6.52283
36.382 45.4878 -0.000384906 -0.000275584 0.000918661 16.558
37.3787 45.4878 -0.000550357 0.000241048 0.000468506 27.0948
38.3755 45.4878 0.000206354 0.00126916 -0.000625901 9.53337
39.3723 45.4878 -0.000719407 -0.000425077 0.000143488 18.565
40.369 45.4878 0.00100203 -0.000170222 0.000650366 20.572
41.3658 45.4878 -0.000918531 -0.00068615 0.000746005 10.0351
42.3626 45.4878 -2.47058e-05 -0.00133919 0.000460392 11.5404
43.3593 45.4878 -0.00124826 6.05769e-05 -0.000274908 8.0281
44.3561 45.4878 0.000406485 0.000848406 -3.46742e-05 12.0422
45.3529 45.4878 0.0009123 -0.000575697 0.000250717 22.0773
46.3496 45.4878 -0.000203019 -0.000475636 0.0012789 16.558
47.3464 45.4878 0.000740158 -0.000128089 -0.000179199 12.0422
48.3432 45.4878 0.000270351 -0.000531705 0.000417515 19.0667
49.3399 45.4878 1.95508e-06 0.000634099 0.000297541 12.5439
50.3367 45.4878 0.00023322 0.000751113 0.00133928 6.52283
51.3335 45.4878 0.000503012 -0.00169325 -0.000370828 10.0351
52.3302 45.4878 -0.000713727 -0.000386142 -0.000193127 13.5474
53.327 45.4878 0.00023578 -0.000124066 4.75842e-06 13.0457
54.3238 45.4878 0.00041052 -0.000447795 0.000158404 21.0738
55.3205 45.4878 -0.000443019 0.00101477 -0.000352476 12.5439
56.3173 45.4878 0.000188532 0.000233145 -0.000656048 22.579
57.3141 45.4878 0.000859823 -0.000392843 0.000994508 13.0457
58.3108 45.4878 0.000575782 -0.000317557 -0.00121699 8.0281
59.3076 45.4878 0.00225891 0.00237735 -0.0012617 4.51581
60.3044 45.4878 -0.000106039 0.000508532 -7.62445e-05 11.0386
61.3011 45.4878 0.00115217 -0.000585256 -0.000243499 17.5615
62.2979 45.4878 0.000247299 6.82117e-05 -0.000305396 23.5825
63.2947 45.4878 -0.00173762 -0.000850751 -0.000495504 10.0351
64.2914 45.4878 5.28516e-05 0.000386723 -0.000106361 21.5755
65.2882 45.4878 0.000527082 -0.000475426 3.57738e-05 20.0703
66.285 45.4878 0.000117806 -0.00097586 -0.000917103 8.0281
67.2817 45.4878 -0.000301224 -0.000861148 -0.000460844 6.52283
68.2785 45.4878 -0.000626959 -4.65258e-05 -0.000457003 7.52634
69.2753 45.4878 -0.000579734 0.00149007 -0.000931328 8.0281
70.272 45.4878 0.000326106 0.000166588 -0.000471639 29.1019
71.2688 45.4878 0.000221671 0.000242919 0.00136267 14.0492
72.2656 45.4878 0.000197443 -8.54165e-06 -0.000256891 10.0351
73.2623 45.4878 5.09686e-05 0.000609193 -4.22897e-05 24.0843
74.2591 45.4878 -0.000542003 0.00064113 -8.83947e-05 11.5404
75.2559 45.4878 -0.00158959 0.000404167 -0.000535971 6.02108
76.2526 45.4878 0.00061572 -0.00146277 5.303e-05 11.0386
77.2494 45.4878 -0.000344868 -0.00108822 0.000981591 6.52283
78.2462 45.4878 -0.00086403 0.000121831 0.000223158 20.572
79.2429 45.4878 0.00035215 -0.000317352 -0.000342914 14.0492
80.2397 45.4878 0.000347984 0.000523932 0.000509175 11.5404
81.2365 45.4878 -0.000117432 -0.000173236 0.000360993 23.5825
82.2332 45.4878 -0.000576392 -3.49515e-05 0.000913748 12.5439
0.498383 46.4876 0.000417105 0.000124037 0.000342343 13.0457
1.49515 46.4876 -5.1205e-05 -9.76943e-05 -0.00142357 7.52634
2.49192 46.4876 -4.83721e-05 -0.0007633 0.000659781 7.02459
3.48868 46.4876 0.000612566 -9.86573e-05 0.000438518 14.0492
4.48545 46.4876 -0.00108126 0.000115513 -0.000400651 10.0351
5.48221 46.4876 -0.000124162 -0.000214577 0.000844093 10.5369
6.47898 46.4876 -0.000285129 -0.000475531 8.3748e-05 10.5369
7.47575 46.4876 -0.00146067 0.000557182 0.000168452 13.0457
8.47251 46.4876 -0.000501148 0.000942207 0.000471477 8.52986
9.46928 46.4876 7.17013e-05 0.000385403 -0.000610511 5.51932
10.466 46.4876 0.000119956 0.000314993 0.00134975 6.52283
11.4628 46.4876 0.00023099 -0.00050991 0.00289179 11.0386
12.4596 46.4876 0.00132061 -0.00155464 0.000276909 10.0351
13.4563 46.4876 -0.000951864 -0.00185675 -0.00206928 4.01405
14.4531 46.4876 -2.84136e-05 -2.06363e-05 0.000535313 9.53337
15.4499 46.4876 -0.000352132 0.000561464 -0.00108911 15.0527
16.4466 46.4876 0.00190871 -0.00061312 -0.00079129 11.0386
17.4434 46.4876 -0.00134483 0.000257156 0.00164276 8.0281
18.4402 46.4876 -5.08819e-05 -0.000418131 0.000432917 7.52634
19.4369 46.4876 -0.00161351 -6.71978e-05 0.000991101 8.0281
20.4337 46.4876 -0.000374946 0.000189377 0.000103164 11.0386
21.4305 46.4876 -0.000862824 -0.000157258 0.000133049 10.5369
22.4272 46.4876 0.000443362 -0.000176132 -0.000346813 7.52634
23.424 46.4876 -0.000282469 -0.000402259 -0.000133574 12.0422
24.4208 46.4876 -0.000707867 0.00167637 0.000569038 6.52283
25.4175 46.4876 -0.000383036 0.000296799 0.000770594 9.53337
26.4143 46.4876 -0.000137753 -0.000475504 -0.000973352 11.0386
27.4111 46.4876 0.000142468 -0.000600854 0.000474139 11.5404
28.4078 46.4876 -0.000227252 -4.09134e-05 -0.000219486 14.5509
29.4046 46.4876 0.000937981 -0.000963137 0.000352644 10.5369
30.4014 46.4876 -0.000188534 -0.00139468 0.000771185 11.5404
31.3981 46.4876 0.00138097 0.00225912 0.000495679 9.53337
32.3949 46.4876 -0.00119688 0.000270624 -0.000473869 13.0457
33.3917 46.4876 -0.00126332 -0.000782852 0.000856137 8.52986
34.3884 46.4876 -0.001281 -2.1785e-05 0.00280345 4.51581
35.3852 46.4876 -9.91023e-06 4.18156e-05 -0.000962232 6.52283
36.382 46.4876 -0.000525696 -0.000299636 -0.00095437 10.5369
37.3787 46.4876 6.99482e-06 0.00119489 0.000264974 8.0281
38.3755 46.4876 -0.000109912 -0.000185117 0.000168424 7.52634
39.3723 46.4876 0.00136678 0.00106014 0.00167501 12.5439
40.369 46.4876 0.000152686 -0.000163413 0.00132489 12.0422
41.3658 46.4876 -0.00173673 -0.00118272 -0.000511368 6.52283
42.3626 46.4876 -0.000639361 -0.000628874 0.000440462 5.01756
43.3593 46.4876 3.96437e-06 -0.00185649 0.00013435 8.0281
44.3561 46.4876 -0.000776005 0.000649524 0.000886421 11.0386
45.3529 46.4876 0.00138683 -0.000702455 0.000977085 9.53337
46.3496 46.4876 0.00220937 -0.000111266 0.000249728 7.52634
47.3464 46.4876 -0.000344663 -0.000246808 -1.14695e-05 6.52283
48.3432 46.4876 -0.000454676 -0.000424997 2.476e-05 12.5439
49.3399 46.4876 -0.000688901 0.000783213 -8.79883e-05 10.5369
50.3367 46.4876 -0.00104506 -0.0012877 -0.000413408 5.51932
51.3335 46.4876 -0.000605385 0.000253995 0.00139981 7.02459
52.3302 46.4876 -0.000395113 -0.000980256 -0.000441521 13.0457
53.327 46.4876 -0.000783795 0.00154425 6.21859e-05 8.0281
54.3238 46.4876 0.000500596 6.31572e-05 -0.00116175 7.02459
55.3205 46.4876 0.000667821 -0.000316169 0.000151146 9.53337
56.3173 46.4876 -0.000327358 0.00160913 5.89148e-05 10.0351
57.3141 46.4876 0.000302396 -0.000684186 0.000372806 11.0386
58.3108 46.4876 -0.00029656 -0.000282528 -0.000848658 6.52283
59.3076 46.4876 -0.000621463 -0.000267199 1.42346e-05 6.02108
60.3044 46.4876 0.000466943 0.00153042 -0.00040535 10.5369
61.3011 46.4876 0.00079969 0.000575575 -0.00140283 6.02108
62.2979 46.4876 -0.00104938 -0.00100364 3.19864e-05 9.03161
63.2947 46.4876 0.000851329 -0.000645469 0.00122725 11.5404
64.2914 46.4876 0.000368665 0.000667042 0.0016718 8.52986
65.2882 46.4876 -0.000395214 -0.000661616 -0.000255352 8.0281
66.285 46.4876 -0.0011183 -0.000419157 0.000261813 7.02459
67.2817 46.4876 -0.000390648 0.00238893 -0.000522891 8.0281
68.2785 46.4876 -0.000937116 -0.000586036 -0.000688537 10.0351
69.2753 46.4876 -0.000183498 0.000211187 0.00102006 9.03161
70.272 46.4876 -7.28596e-05 0.000202749 -0.00164294 7.52634
71.2688 46.4876 0.000300339 -0.000501528 -0.000462309 7.52634
72.2656 46.4876 0.000600964 -0.000260815 8.29639e-05 9.53337
73.2623 46.4876 -0.000685916 -4.40107e-05 0.000164761 9.03161
74.2591 46.4876 -0.000709631 0.000158105 -0.000540252 17.0597
75.2559 46.4876 -0.00166698 -2.28041e-05 0.00104072 7.02459
76.2526 46.4876 4.38963e-05 -0.00157804 -0.000358562 9.03161
77.2494 46.4876 -0.000250881 0.000615994 0.000244634 9.53337
78.2462 46.4876 0.000334249 5.00479e-05 0.000575147 11.0386
79.2429 46.4876 -0.0004678 -9.00874e-05 -0.00114954 10.0351
80.2397 46.4876 -0.000339974 -0.00128757 -0.000192323 6.02108
81.2365 46.4876 0.000182086 -0.00104536 -7.5314e-05 11.0386
82.2332 46.4876 0.000254127 0.000252043 -0.000327342 11.5404
0.498383 47.4873 3.67402e-05 -0.000614119 0.000384292 20.0703
1.49515 47.4873 0.000726899 -0.000915378 -0.00101531 6.02108
2.49192 47.4873 -0.000137433 -0.000214423 0.00105357 20.572
3.48868 47.4873 0.000822088 -0.000129642 0.000485283 19.5685
4.48545 47.4873 -0.000292868 9.43215e-05 -0.000496899 8.52986
5.48221 47.4873 -0.00187504 0.0015422 -0.00152596 3.51229
6.47898 47.4873 -0.00134378 0.000635938 0.000395965 5.01756
7.47575 47.4873 0.000197826 -0.000208796 -1.71261e-05 15.0527
8.47251 47.4873 -0.00084392 0.000289405 0.000347966 26.5931
9.46928 47.4873 0.00146736 0.00144274 -0.000756263 9.03161
10.466 47.4873 0.000639335 -0.000544546 0.000682331 14.5509
11.4628 47.4873 -0.000450571 -0.0005448 -0.00022472 20.572
12.4596 47.4873 -0.000310993 -0.000726985 0.000584558 12.5439
13.4563 47.4873 -1.21366e-05 -0.000798635 -0.00145565 10.5369
14.4531 47.4873 0.00106294 -0.00150711 -0.00128071 5.51932
15.4499 47.4873 -0.000359802 -0.00185647 -0.000582028 9.53337
16.4466 47.4873 -0.000976453 -0.000568209 -7.81896e-06 22.0773
17.4434 47.4873 0.000134436 -0.000578428 0.00130089 11.5404
18.4402 47.4873 0.000584831 0.000119338 -0.000734344 9.53337
19.4369 47.4873 -0.000315807 -0.000848803 -0.000643559 24.5861
20.4337 47.4873 -0.000109216 -0.000719919 -0.00148921 11.5404
21.4305 47.4873 -0.000335295 -0.000515611 0.000934225 6.02108
22.4272 47.4873 -0.000262952 3.01428e-05 -0.000632421 6.52283
23.424 47.4873 -0.000120775 0.000560703 0.000713686 8.0281
24.4208 47.4873 0.000132186 0.000890886 -0.000701922 16.558
25.4175 47.4873 -4.35881e-05 0.000480163 0.000444696 18.565
26.4143 47.4873 0.000242001 0.000894706 -0.000896192 10.0351
27.4111 47.4873 0.000629641 0.0017992 -0.000591346 15.5544
28.4078 47.4873 -0.000626069 -0.000372961 0.000516596 9.53337
29.4046 47.4873 -0.00017013 -0.000273112 -0.000143148 8.0281
30.4014 47.4873 -0.000372726 -0.000670139 0.000827313 9.53337
31.3981 47.4873 -0.000464114 -0.000983366 -0.000122532 7.02459
32.3949 47.4873 5.23073e-05 0.000234661 -0.000234944 16.0562
33.3917 47.4873 -0.000474081 0.000324994 6.49355e-05 21.5755
34.3884 47.4873 -5.82382e-05 0.00163049 -6.24548e-05 10.0351
35.3852 47.4873 -0.000592191 -0.000831182 -0.000481215 19.5685
36.382 47.4873 0.000487023 -0.000179223 0.000801889 21.0738
37.3787 47.4873 -0.000354917 0.000597257 0.000882291 7.02459
38.3755 47.4873 0.000635619 -1.50132e-05 -0.000437883 8.0281
39.3723 47.4873 0.000866028 -9.68123e-05 -0.00241687 7.02459
40.369 47.4873 0.000105886 0.000465503 0.0014598 10.5369
41.3658 47.4873 0.000163764 -0.000715043 0.000158399 30.1054
42.3626 47.4873 -0.00108202 -0.000498981 -0.00106456 11.5404
43.3593 47.4873 -5.31186e-05 -7.32828e-05 -0.000979755 14.5509
44.3561 47.4873 8.32097e-06 8.87441e-05 0.000166885 19.5685
45.3529 47.4873 -0.00096471 -0.000468306 0.00107618 10.0351
46.3496 47.4873 0.000711072 -0.000516325 0.000667535 6.52283
47.3464 47.4873 0.000126555 0.000251147 0.00172235 6.52283
48.3432 47.4873 0.000356734 0.000649437 -0.000140632 12.0422
49.3399 47.4873 -7.51834e-05 0.000586644 9.76793e-05 24.0843
50.3367 47.4873 -0.000974103 0.000278053 0.000382151 14.5509
51.3335 47.4873 -0.000431772 -0.000682798 -0.000304983 11.0386
52.3302 47.4873 -0.000455777 -4.49386e-05 0.000332044 20.572
53.327 47.4873 -7.1834e-05 -8.54727e-05 -0.000477171 14.0492
54.3238 47.4873 -0.000711658 0.000348324 -0.00035877 11.0386
55.3205 47.4873 0.000810336 -0.000236337 -6.81902e-05 7.02459
56.3173 47.4873 -1.44539e-05 -0.000924072 0.00166329 6.52283
57.3141 47.4873 4.27429e-05 0.000640962 -0.000992263 17.0597
58.3108 47.4873 -0.000130834 0.000190396 -0.000367193 26.0913
59.3076 47.4873 -0.000257428 0.00062311 0.000382758 12.0422
60.3044 47.4873 -0.000101241 -0.000846612 0.000323333 19.5685
61.3011 47.4873 -0.000413866 0.000429707 -0.000758322 21.0738
62.2979 47.4873 0.00147906 0.000491138 -0.000762601 7.02459
63.2947 47.4873 0.0011099 0.000347639 -0.000624895 9.53337
64.2914 47.4873 -0.000108703 -0.000215818 -0.000693746 5.51932
65.2882 47.4873 -0.000687681 0.000588886 -0.00025581 11.0386
66.285 47.4873 -8.8901e-05 0.000770883 0.000408072 28.0984
67.2817 47.4873 0.000859779 0.000416757 0.000307828 11.5404
68.2785 47.4873 -3.63331e-05 -3.05777e-06 -0.000595207 14.0492
69.2753 47.4873 -0.000594468 0.00121893 0.000682185 28.6001
70.272 47.4873 0.00132046 -0.000446284 0.00166792 9.53337
71.2688 47.4873 0.000103473 0.000616339 -0.000542276 5.01756
72.2656 47.4873 0.000598864 0.000967894 0.000247478 6.02108
73.2623 47.4873 -0.00150121 0.000730789 -0.000946159 10.0351
74.2591 47.4873 -0.000422985 -0.000569209 -0.00131066 24.0843
75.2559 47.4873 0.00047892 9.65306e-05 0.00018509 10.5369
76.2526 47.4873 0.000734633 -0.000176692 0.000938055 14.5509
77.2494 47.4873 -0.000972628 -0.00119276 -0.000894403 19.5685
78.2462 47.4873 -0.000588648 -0.000347766 0.00183705 12.0422
79.2429 47.4873 0.000160979 -0.00031748 0.000162619 9.03161
80.2397 47.4873 0.000580704 -0.00104376 0.000911757 8.52986
81.2365 47.4873 -0.00109857 -0.000167634 -0.000740239 9.53337
82.2332 47.4873 0.000665767 0.000250344 -0.000497394 15.0527
0.498383 48.487 0.000341548 -0.000342394 -0.0012629 13.5474
1.49515 48.487 0.000277983 0.00041931 -0.000723289 7.02459
2.49192 48.487 -0.000354603 -0.00085124 -0.000170929 14.0492
3.48868 48.487 0.0004841 0.000308456 0.000211686 13.0457
4.48545 48.487 0.000619835 0.000634914 0.000822204 8.52986
5.48221 48.487 -0.00226405 0.000226711 -0.00280637 4.01405
6.47898 48.487 -0.000666209 0.000217757 0.00141134 7.52634
7.47575 48.487 0.000656211 0.000137953 -0.00187906 11.0386
8.47251 48.487 -0.0011846 -0.000245366 0.000774475 14.0492
9.46928 48.487 -0.000886865 -0.000328025 -0.000535551 9.53337
10.466 48.487 0.000382555 0.00112506 0.00127353 12.0422
11.4628 48.487 0.000445489 0.000633354 -0.000788901 14.5509
12.4596 48.487 0.00047747 0.000118789 0.000465561 7.52634
13.4563 48.487 -0.000208155 -0.00043816 -0.000571799 6.52283
14.4531 48.487 0.000303591 0.000409442 -0.00147804 7.52634
15.4499 48.487 0.000900474 0.00100593 0.00082311 10.5369
16.4466 48.487 0.000201924 9.21665e-05 -0.000558011 16.0562
17.4434 48.487 0.000129053 -0.000500889 -5.63048e-05 13.5474
18.4402 48.487 5.78686e-05 7.19553e-05 -0.000426705 7.02459
19.4369 48.487 0.000503163 0.000582372 0.00103855 17.0597
20.4337 48.487 -0.000271511 -0.000568501 -0.000344082 10.5369
21.4305 48.487 0.000700995 0.00105496 0.000219142 9.03161
22.4272 48.487 0.00099854 0.000476954 0.00019618 8.0281
23.424 48.487 -0.000503189 -0.000310116 -0.00208721 6.02108
24.4208 48.487 0.000186658 0.000298512 0.000763276 13.0457
25.4175 48.487 0.00019568 -0.000390523 -0.000901431 15.0527
26.4143 48.487 -0.000668213 -0.00100982 -8.72352e-05 11.0386
27.4111 48.487 -0.000325192 0.000115671 0.000939649 17.5615
28.4078 48.487 -0.000339648 5.8402e-05 0.00118645 12.0422
29.4046 48.487 -0.000565409 -0.000669338 0.000924606 10.0351
30.4014 48.487 6.30681e-05 0.00117564 0.000201099 6.02108
31.3981 48.487 -0.000445273 -0.00130424 0.000776777 5.01756
32.3949 48.487 0.00150233 -7.25168e-05 -0.00123694 12.0422
33.3917 48.487 0.000555822 0.000463742 0.000335263 14.5509
34.3884 48.487 -0.000810275 0.00083516 -0.000327421 10.0351
35.3852 48.487 -0.000556705 -0.000839151 -0.000581156 14.5509
36.382 48.487 -0.000510539 0.00111825 -0.00126758 9.53337
37.3787 48.487 0.00054142 0.00114928 -1.45774e-05 7.02459
38.3755 48.487 -0.000473338 0.00107958 0.000592867 6.02108
39.3723 48.487 0.00142158 0.000275495 0.00108535 5.51932
40.369 48.487 -0.00100924 0.00113681 0.00175547 8.0281
41.3658 48.487 0.000115689 -0.000837436 0.000382605 12.5439
42.3626 48.487 0.000593523 0.000390888 -0.000652016 13.5474
43.3593 48.487 -0.000934977 -0.000472929 -0.000123403 15.5544
44.3561 48.487 -7.09588e-05 -0.000267137 -0.00129222 8.52986
45.3529 48.487 0.000138411 -0.000550613 0.000548342 13.5474
46.3496 48.487 0.000699624 0.000547673 1.13228e-05 11.5404
47.3464 48.487 -0.00135496 -0.000226549 0.000478594 7.02459
48.3432 48.487 -0.000740342 -0.000539125 -0.00117949 7.02459
49.3399 48.487 0.00019831 0.000495123 -0.000495894 12.0422
50.3367 48.487 -9.41407e-05 -0.00102902 0.000256333 7.02459
51.3335 48.487 0.000343834 0.000931324 0.000176819 11.0386
52.3302 48.487 9.24477e-05 -4.30108e-05 1.70013e-05 16.558
53.327 48.487 3.8124e-05 0.000284979 0.00188377 13.5474
54.3238 48.487 0.00237585 0.000176193 0.00125859 6.02108
55.3205 48.487 -0.00090999 0.00213643 -0.00141832 7.02459
56.3173 48.487 0.0001696 -0.000712895 0.000578037 8.52986
57.3141 48.487 -0.000147385 0.000329113 0.000496953 12.5439
58.3108 48.487 -0.000298199 -8.86138e-05 -0.000289156 12.0422
59.3076 48.487 -0.000448865 -0.00110007 -0.000861663 11.0386
60.3044 48.487 -0.000153263 -0.000316497 0.00180918 11.5404
61.3011 48.487 0.00024746 0.00106849 -0.000504427 14.0492
62.2979 48.487 -0.000284131 -0.00026702 0.000672873 6.52283
63.2947 48.487 -0.000725569 -0.000427978 0.000165909 6.02108
64.2914 48.487 0.00022889 -0.000754521 0.00140106 7.02459
65.2882 48.487 2.14482e-05 -0.000495443 0.000235313 7.52634
66.285 48.487 -2.33702e-05 0.000170634 6.45152e-05 21.0738
67.2817 48.487 -0.000842675 0.00234213 0.000350713 6.52283
68.2785 48.487 -0.000104744 -0.00129101 -0.000421939 12.5439
69.2753 48.487 0.000305306 -0.000630026 -0.00101258 9.03161
70.272 48.487 0.000659124 0.000312718 0.000360182 10.5369
71.2688 48.487 0.000354392 -0.00042928 0.000976688 8.52986
72.2656 48.487 -0.00108499 0.00155074 2.23539e-05 9.03161
73.2623 48.487 -7.81468e-05 -0.00087892 0.00171859 9.03161
74.2591 48.487 0.000869508 -6.83428e-05 -0.000165729 12.5439
75.2559 48.487 -0.000416228 0.000107163 0.000176839 16.558
76.2526 48.487 0.000676531 -0.000818334 -0.000785559 8.52986
77.2494 48.487 -0.000600726 -0.0006722 0.000760171 15.5544
78.2462 48.487 -4.14185e-06 0.000990376 -0.000556498 13.5474
79.2429 48.487 0.000921509 0.000344754 -0.000114505 8.52986
80.2397 48.487 -0.000650226 -0.0015397 0.000772726 6.52283
81.2365 48.487 0.0013898 0.000202973 0.000526913 7.02459
82.2332 48.487 -0.000642886 0.000690735 -0.000231175 12.5439
0.498383 49.4868 -0.000115833 -0.00127625 -0.00115827 10.0351
1.49515 49.4868 0.00108206 0.0001795 0.000294429 6.52283
2.49192 49.4868 0.000425954 0.00259096 0.000959474 8.0281
3.48868 49.4868 -0.000235601 -0.000253193 0.00105894 12.5439
4.48545 49.4868 0.000907695 -0.00106708 -0.000457732 12.0422
5.48221 49.4868 6.8846e-06 0.000536194 0.000398918 7.52634
6.47898 49.4868 0.000318594 -0.000113164 0.000414736 15.5544
7.47575 49.4868 0.000377732 4.18292e-05 -0.00110126 16.0562
8.47251 49.4868 0.000510291 -0.000137435 -1.28952e-05 7.02459
9.46928 49.4868 0.000264903 -0.000262979 -0.000426408 6.52283
10.466 49.4868 0.000371245 -0.00136561 0.000705716 8.52986
11.4628 49.4868 0.000280936 -0.000850169 -0.000563713 13.0457
12.4596 49.4868 0.000335763 9.72795e-06 0.000252682 17.5615
13.4563 49.4868 -0.000102579 0.000450547 0.00114435 10.5369
14.4531 49.4868 -1.12177e-05 -2.22496e-05 0.000872232 13.5474
15.4499 49.4868 0.000240354 -0.000210021 -0.000357685 18.565
16.4466 49.4868 -0.00127234 -0.00105772 -0.00107661 10.0351
17.4434 49.4868 -0.000220849 -0.00155001 6.72116e-05 7.02459
18.4402 49.4868 7.00727e-05 -0.00139713 0.000237221 10.0351
19.4369 49.4868 0.000276706 0.00164755 0.00138441 6.52283
20.4337 49.4868 0.000783611 -0.000347738 -5.70674e-05 11.5404
21.4305 49.4868 -0.000825446 0.000523341 -0.000556214 8.0281
22.4272 49.4868 0.000285623 0.000124546 -0.000567012 8.52986
23.424 49.4868 0.00025243 -0.000169125 -0.00118965 16.0562
24.4208 49.4868 -0.000457185 -0.000427948 0.000779015 12.5439
25.4175 49.4868 0.000315946 0.000152566 -4.25197e-05 11.5404
26.4143 49.4868 -0.000277919 0.000830568 0.00150056 6.02108
27.4111 49.4868 0.00106403 -0.000636443 -0.00215725 5.51932
28.4078 49.4868 3.81903e-05 -0.000459173 0.000178274 14.0492
29.4046 49.4868 -0.000420093 0.0019865 0.00116307 12.5439
30.4014 49.4868 0.000243328 0.000913528 0.00021622 10.0351
31.3981 49.4868 0.000317851 -0.000111146 0.00053184 15.0527
32.3949 49.4868 4.70398e-05 0.000200831 0.000732403 15.5544
33.3917 49.4868 -0.000459791 -0.000154367 0.000387174 8.0281
34.3884 49.4868 0.000112171 9.77944e-05 0.000863303 8.0281
35.3852 49.4868 0.000418964 1.41838e-05 -0.000973016 6.02108
36.382 49.4868 -0.000180567 -0.000910279 -0.000791032 14.0492
37.3787 49.4868 -2.76277e-05 0.00034012 -0.000392732 16.558
38.3755 49.4868 0.000229379 -0.000708629 -0.000421037 9.03161
39.3723 49.4868 -0.000102432 0.000362062 0.00128263 13.5474
40.369 49.4868 0.000116642 0.000113917 2.29121e-05 15.0527
41.3658 49.4868 -0.00145632 -0.000286676 0.00104424 5.01756
42.3626 49.4868 -0.00051929 -0.000789212 0.00104752 8.52986
43.3593 49.4868 -0.000992323 -0.000461581 -0.00107021 7.52634
44.3561 49.4868 0.000607487 -0.000411416 0.000764643 7.52634
45.3529 49.4868 0.00116488 0.000251276 -6.76506e-05 15.0527
46.3496 49.4868 0.000631477 -0.000783298 -0.000255639 12.5439
47.3464 49.4868 -0.000204541 -0.000487694 4.10659e-05 15.5544
48.3432 49.4868 -0.000685743 -0.000545976 -0.000251105 18.565
49.3399 49.4868 -3.11496e-06 -0.000445896 0.000857334 11.5404
50.3367 49.4868 0.000372143 0.000924982 -0.00017322 8.52986
51.3335 49.4868 -0.000124779 0.000184908 -0.00161125 10.0351
52.3302 49.4868 -0.000156051 0.000224875 0.000297065 10.5369
53.327 49.4868 -0.00117735 0.000622436 -0.000404574 14.0492
54.3238 49.4868 -6.26087e-05 -0.000751833 -0.000399908 13.0457
55.3205 49.4868 0.000825466 7.36797e-05 -0.00102706 9.53337
56.3173 49.4868 5.29937e-07 4.46119e-05 -0.000147427 21.5755
57.3141 49.4868 0.00046945 -0.000673657 0.000442287 12.0422
58.3108 49.4868 -0.00185465 0.000491032 -0.000696604 5.51932
59.3076 49.4868 -0.000188425 -0.0010183 0.000405117 6.52283
60.3044 49.4868 0.000903993 4.94847e-05 -0.000694522 5.51932
61.3011 49.4868 0.00115752 -0.000507307 5.88049e-05 15.5544
62.2979 49.4868 0.000722948 -2.76736e-05 0.000116185 15.5544
63.2947 49.4868 0.000250018 0.00183368 7.03037e-05 10.0351
64.2914 49.4868 -0.00019168 0.000326747 0.000299752 17.0597
65.2882 49.4868 -0.000224485 0.000139413 -6.79462e-05 16.558
66.285 49.4868 0.00165579 -0.00066951 0.00028404 6.52283
67.2817 49.4868 -0.000372922 0.000228657 0.00143763 5.51932
68.2785 49.4868 0.00128155 0.00045686 -0.000744204 8.52986
69.2753 49.4868 0.000159829 0.00049951 -0.00188493 11.0386
70.272 49.4868 0.000129944 -1.34514e-05 -0.000425576 17.0597
71.2688 49.4868 0.00015986 0.000139674 0.000696889 16.0562
72.2656 49.4868 -0.001383 -8.88149e-05 -0.00138179 10.0351
73.2623 49.4868 0.000558992 0.000667308 -0.000827595 17.0597
74.2591 49.4868 -0.000449331 0.00152034 -0.00124636 9.53337
75.2559 49.4868 0.000474539 2.36149e-05 -0.00176513 7.52634
76.2526 49.4868 -0.000416908 -0.000683539 0.000157469 8.52986
77.2494 49.4868 -0.00105636 0.000274979 0.000264259 12.5439
78.2462 49.4868 -0.000284698 -0.000331099 -0.000804326 11.5404
79.2429 49.4868 0.000432075 0.00136449 -0.000896149 15.5544
80.2397 49.4868 0.000628705 0.000504122 -0.00125844 8.52986
81.2365 49.4868 -0.000403266 -0.000635473 0.000208039 15.5544
82.2332 49.4868 0.0006496 -9.25424e-05 -0.000745818 13.0457
0.498383 50.4865 -1.41996e-05 0.000967273 -0.000471653 11.5404
1.49515 50.4865 0.000211277 0.000698901 -0.0027239 5.01756
2.49192 50.4865 0.0019747 2.42375e-05 0.000364689 4.01405
3.48868 50.4865 0.000193618 8.26132e-05 -0.000237331 18.565
4.48545 50.4865 0.000835581 -0.000353179 0.000260628 20.572
5.48221 50.4865 0.00065765 0.000219614 -0.000520203 10.0351
6.47898 50.4865 0.00105873 -5.59821e-05 -0.000462402 18.565
7.47575 50.4865 0.000183677 -0.000285549 0.000449546 17.0597
8.47251 50.4865 -0.000118982 -0.00118721 0.000133519 9.53337
9.46928 50.4865 0.000194558 0.000777058 2.25644e-05 5.01756
10.466 50.4865 -0.00174421 -0.00029988 -0.000248631 6.02108
11.4628 50.4865 -0.00119386 -0.000511921 -4.79406e-05 9.03161
12.4596 50.4865 0.000445537 -0.000548112 1.41831e-05 20.572
13.4563 50.4865 0.000121647 0.000520088 0.000518103 10.5369
14.4531 50.4865 0.000158047 0.000626687 -0.000249932 12.5439
15.4499 50.4865 -5.17526e-05 2.17007e-05 -0.00035591 17.0597
16.4466 50.4865 -0.000248815 -0.000713425 -0.000184592 11.0386
17.4434 50.4865 2.49354e-05 -0.00103737 0.000421742 8.52986
18.4402 50.4865 0.000792939 -0.000769013 -0.000728115 10.5369
19.4369 50.4865 -0.000665984 0.000317616 0.000435478 12.0422
20.4337 50.4865 -0.000424094 0.000429245 -0.000319604 19.0667
21.4305 50.4865 9.88096e-05 2.58804e-05 -0.000101308 21.5755
22.4272 50.4865 -0.00172521 -0.000176327 -0.00109169 10.5369
23.424 50.4865 0.0001655 -0.000461583 0.000311057 25.5896
24.4208 50.4865 0.000159503 0.000128036 -2.47886e-05 10.0351
25.4175 50.4865 0.00116613 -0.000631776 0.00258524 3.01054
26.4143 50.4865 0.00027388 -0.000536679 0.000272472 8.52986
27.4111 50.4865 -0.000727782 0.000372354 0.000120567 9.53337
28.4078 50.4865 -0.000474734 0.00026581 0.00051419 16.558
29.4046 50.4865 -0.000540421 0.000266 -9.4718e-05 22.0773
30.4014 50.4865 -0.000422633 -0.000876105 -0.000902969 10.5369
31.3981 50.4865 0.00100842 0.000409202 -0.000545279 20.572
32.3949 50.4865 0.000893562 -0.000324327 -0.000128997 15.5544
33.3917 50.4865 -0.000357584 0.00049002 -0.00116284 5.01756
34.3884 50.4865 0.000456408 -0.00105808 0.00110837 7.52634
35.3852 50.4865 -3.88586e-05 0.00113433 0.000631193 8.52986
36.382 50.4865 -0.00156894 -0.000600812 -1.01472e-05 10.5369
37.3787 50.4865 -0.000137294 0.000168295 -0.000732605 19.0667
38.3755 50.4865 -0.000216917 -0.000500824 -0.000319783 12.5439
39.3723 50.4865 -0.000398556 -0.00100207 0.000689353 18.565
40.369 50.4865 0.000752658 -0.000194003 -0.000374092 21.0738
41.3658 50.4865 0.000309992 0.00163327 -0.000845317 9.03161
42.3626 50.4865 0.000588685 -0.00115982 0.000202573 8.52986
43.3593 50.4865 -0.00135298 -0.000391554 0.00184068 8.0281
44.3561 50.4865 0.000365693 -0.000126309 9.88213e-05 11.0386
45.3529 50.4865 0.000360419 0.000353721 0.00132551 15.0527
46.3496 50.4865 0.000438558 -0.00100935 -0.000705207 13.0457
47.3464 50.4865 -0.000800307 0.000673606 0.00139255 13.5474
48.3432 50.4865 -0.000315922 -0.000181466 0.000448864 15.5544
49.3399 50.4865 -0.000860615 0.000205608 -0.000397771 10.5369
50.3367 50.4865 -0.000146214 -0.000979514 -0.000123032 8.52986
51.3335 50.4865 -0.0015756 0.00034635 -0.000453943 7.52634
52.3302 50.4865 -0.000757658 0.000931302 0.00109342 8.52986
53.327 50.4865 0.000537309 0.000405135 -0.000398562 15.5544
54.3238 50.4865 0.000204352 -0.000497017 0.00020868 15.5544
55.3205 50.4865 0.000517367 0.00028137 -0.00020856 17.0597
56.3173 50.4865 0.00112799 -4.52968e-06 -0.000442934 15.5544
57.3141 50.4865 0.000658939 -0.000796755 0.000351885 12.0422
58.3108 50.4865 0.000433273 0.00151958 0.000257987 8.52986
59.3076 50.4865 0.000943532 -0.000157149 -0.000696705 7.02459
60.3044 50.4865 -0.000171732 -0.000802461 6.79932e-05 9.03161
61.3011 50.4865 -4.32113e-05 -1.99853e-05 -0.000949616 13.5474
62.2979 50.4865 -9.6386e-05 0.000345781 -0.000857726 24.0843
63.2947 50.4865 0.00134914 0.00021166 -0.000332838 10.5369
64.2914 50.4865 -0.00036156 -5.13481e-05 -0.00107748 14.5509
65.2882 50.4865 0.000864062 0.000811091 -0.000671136 17.5615
66.285 50.4865 -0.000439439 -0.000315302 -0.000850218 7.02459
67.2817 50.4865 0.000779588 0.000806994 0.000523391 6.52283
68.2785 50.4865 -0.000537158 -0.000984761 0.00132114 7.52634
69.2753 50.4865 -0.000874132 -7.58986e-05 0.000583713 12.0422
70.272 50.4865 -0.000261249 5.03358e-05 0.000786177 24.5861
71.2688 50.4865 9.3212e-05 -1.84977e-05 -0.000965635 9.03161
72.2656 50.4865 0.000287988 -0.00153359 -0.000503514 12.0422
73.2623 50.4865 -0.000458447 0.000114697 0.000226411 21.0738
74.2591 50.4865 0.000584766 0.000108105 0.000894412 9.03161
75.2559 50.4865 -0.000248835 0.000105618 0.00124785 8.0281
76.2526 50.4865 9.02205e-05 0.000253933 -0.00173801 7.02459
77.2494 50.4865 0.00148049 -0.00014042 0.0012787 9.53337
78.2462 50.4865 0.000205405 -0.000221706 -0.000706657 15.0527
79.2429 50.4865 -0.000316517 0.000300958 -4.44071e-05 18.0632
80.2397 50.4865 5.02966e-05 -0.00059354 -0.00132112 11.5404
81.2365 50.4865 0.000840678 0.00134363 -0.000114308 18.565
82.2332 50.4865 0.00038796 -0.00069193 -0.000325738 15.0527
0.498383 51.4862 0.000297407 6.35865e-05 0.00103304 10.5369
1.49515 51.4862 7.80596e-05 -0.000580248 -0.000592366 11.5404
2.49192 51.4862 -0.000408426 -0.000753161 0.000906441 11.0386
3.48868 51.4862 -2.2915e-06 0.000183592 0.000793925 12.5439
4.48545 51.4862 0.00135506 -0.000878274 0.00086299 8.52986
5.48221 51.4862 0.00157764 -0.000397423 -0.000538582 9.53337
6.47898 51.4862 -9.30928e-05 -0.00013146 0.000128811 7.02459
7.47575 51.4862 0.00105904 -0.0007163 -0.000749063 10.5369
8.47251 51.4862 -0.000502862 -0.00184128 0.00071366 10.5369
9.46928 51.4862 0.000428393 -0.00135033 -0.00044054 5.01756
10.466 51.4862 -8.56648e-05 -0.00058167 -9.67374e-05 13.5474
11.4628 51.4862 7.96781e-05 0.000681494 0.00111846 11.5404
12.4596 51.4862 -0.000118873 -0.000437642 0.000130029 9.53337
13.4563 51.4862 -4.28883e-05 8.7402e-05 -0.000596519 6.02108
14.4531 51.4862 -0.000739999 5.01917e-05 -0.000521888 11.5404
15.4499 51.4862 -6.65063e-05 -0.00061054 0.000439037 12.0422
16.4466 51.4862 -0.00116719 -0.00132383 -0.000443159 10.5369
17.4434 51.4862 -0.000161487 6.47482e-06 -0.000977402 11.0386
18.4402 51.4862 -0.00251701 3.70979e-05 -0.000828343 8.52986
19.4369 51.4862 0.000369999 4.31917e-05 0.000120753 13.5474
20.4337 51.4862 -0.000108362 -0.000433492 0.000798145 11.0386
21.4305 51.4862 -0.00128842 0.00130894 -0.00166138 9.03161
22.4272 51.4862 -7.77019e-05 0.000460496 -0.00018504 8.52986
23.424 51.4862 0.000242852 0.00074021 -0.000147012 9.53337
24.4208 51.4862 -0.00132745 0.000699521 -0.0005309 9.03161
25.4175 51.4862 0.000446203 -7.34471e-07 0.000630923 8.52986
26.4143 51.4862 -0.000484753 -0.000481697 4.40241e-05 10.5369
27.4111 51.4862 -0.00108519 0.000777198 0.000167664 6.02108
28.4078 51.4862 0.000616695 0.000604116 0.000106483 12.0422
29.4046 51.4862 0.000850833 0.000420836 0.000966079 5.01756
30.4014 51.4862 -0.000341762 -0.000356854 -0.000500492 8.0281
31.3981 51.4862 -3.66632e-05 0.000344731 -0.00080425 10.0351
32.3949 51.4862 -2.38785e-05 -7.76692e-05 0.000623271 11.0386
33.3917 51.4862 0.00144578 -0.0010325 -0.00101333 11.0386
34.3884 51.4862 0.00165138 9.0301e-05 0.000127938 10.0351
35.3852 51.4862 -7.36878e-05 0.0014398 -0.000436027 10.0351
36.382 51.4862 -0.000546907 -0.000449725 -0.00126617 12.5439
37.3787 51.4862 0.000444545 -0.000747792 -0.00100779 8.0281
38.3755 51.4862 0.000535978 -0.000126122 -0.000147013 9.53337
39.3723 51.4862 -0.000315055 0.00101465 -9.08895e-06 10.0351
40.369 51.4862 0.000991211 0.000790686 0.000613426 10.0351
41.3658 51.4862 0.000159539 0.000993053 -0.000507705 12.5439
42.3626 51.4862 0.00110436 -0.00178462 -0.000714358 8.0281
43.3593 51.4862 -0.000336301 0.000994694 0.000767409 8.52986
44.3561 51.4862 0.000148761 0.000215675 -0.000188661 12.0422
45.3529 51.4862 0.0020586 -0.00126857 0.000353888 7.52634
46.3496 51.4862 0.000979705 -0.000450543 -3.55375e-05 12.5439
47.3464 51.4862 -5.73589e-05 0.000503791 0.0010404 3.51229
48.3432 51.4862 0.000547395 0.000781232 0.000205475 9.03161
49.3399 51.4862 -0.000498518 -0.000632098 -0.000486723 12.5439
50.3367 51.4862 -0.000516268 -0.000576441 -0.00013008 9.53337
51.3335 51.4862 0.00012445 0.00118978 -0.000887861 7.02459
52.3302 51.4862 -6.36792e-05 -0.000503702 -0.000858915 12.5439
53.327 51.4862 -0.000647985 2.36721e-05 0.000121006 13.0457
54.3238 51.4862 0.00175535 0.000578908 0.000570256 8.52986
55.3205 51.4862 0.0010632 0.000547848 -0.000215969 7.02459
56.3173 51.4862 6.032e-05 -0.000718186 0.000309454 5.51932
57.3141 51.4862 -0.000899463 -0.000981929 -0.000455217 14.0492
58.3108 51.4862 -0.00131485 -0.00226722 -0.00105063 6.02108
59.3076 51.4862 0.000619274 -0.000323192 -0.000338899 8.52986
60.3044 51.4862 0.000365337 -0.000239779 0.000507755 9.03161
61.3011 51.4862 0.000236392 -0.000480358 0.000618674 10.0351
62.2979 51.4862 0.000741921 -0.000114033 0.00107565 11.5404
63.2947 51.4862 1.24533e-05 0.00069139 0.00127645 6.02108
64.2914 51.4862 -0.000397101 0.000415457 0.000528067 6.52283
65.2882 51.4862 -0.000305433 -0.000255484 0.000807324 12.5439
66.285 51.4862 0.000935732 -0.000527619 -0.000416161 10.5369
67.2817 51.4862 -4.64823e-05 -0.000102249 0.000106004 13.0457
68.2785 51.4862 0.000397436 -0.000454542 0.00089644 8.52986
69.2753 51.4862 -0.000268057 -0.000670231 0.000429128 10.5369
70.272 51.4862 -0.000116083 0.000579172 0.000326288 10.0351
71.2688 51.4862 -0.00179876 0.00108779 -0.000551888 8.0281
72.2656 51.4862 1.57543e-05 -0.000547313 0.000610379 6.02108
73.2623 51.4862 0.00016091 0.000653471 -0.000789695 9.03161
74.2591 51.4862 0.000717261 -7.4021e-05 0.000238171 15.0527
75.2559 51.4862 0.000260871 -0.000442921 -0.0012684 9.53337
76.2526 51.4862 0.000983488 -0.00106043 -0.00143344 7.52634
77.2494 51.4862 -5.49953e-05 0.000870882 -0.000394158 10.0351
78.2462 51.4862 0.00061442 0.00133296 -0.000882331 12.5439
79.2429 51.4862 0.000531045 0.000393175 0.00094804 7.52634
80.2397 51.4862 -0.000963179 -0.000710693 -0.000862244 7.02459
81.2365 51.4862 0.00145116 0.000445596 -0.00177279 7.02459
82.2332 51.4862 0.000334804 0.00102058 0.000328338 13.0457
0.498383 52.486 -0.000136992 -0.00115616 -0.000774016 14.5509
1.49515 52.486 -0.00061864 0.000559752 -0.000464783 12.0422
2.49192 52.486 0.000425115 0.000353541 -0.000564268 21.5755
3.48868 52.486 -0.000477044 -3.60741e-05 0.00010913 17.0597
4.48545 52.486 -0.000403606 -0.00110684 0.000265468 6.52283
5.48221 52.486 0.000297905 0.000185245 -0.000162615 6.02108
6.47898 52.486 -0.00018793 0.000385135 -0.000839383 9.53337
7.47575 52.486 0.000567581 0.000757372 0.00115582 18.0632
8.47251 52.486 -0.00021517 0.000507284 -0.00041726 25.5896
9.46928 52.486 5.76473e-05 0.000786373 7.88517e-05 10.0351
10.466 52.486 -0.000412253 7.53544e-05 -0.000194856 22.579
11.4628 52.486 0.000415259 0.000218605 0.000228435 20.572
12.4596 52.486 -0.001616 -0.000725402 -0.000474108 9.03161
13.4563 52.486 -0.000615123 -0.00124951 0.000312874 7.52634
14.4531 52.486 -0.000182153 0.000709362 -0.0001056 9.03161
15.4499 52.486 0.000635189 -7.8446e-05 -0.000563746 12.0422
16.4466 52.486 0.000100201 5.9949e-05 -0.000199809 22.579
17.4434 52.486 -0.000153582 0.000563518 0.000253307 9.53337
18.4402 52.486 0.000281566 -0.0006344 7.60717e-05 13.5474
19.4369 52.486 0.000553323 -0.000118057 0.000332014 23.0808
20.4337 52.486 0.000509308 0.000342157 1.03326e-05 8.0281
21.4305 52.486 -0.00108888 0.000904948 -0.000389279 8.0281
22.4272 52.486 -0.00203441 -0.00106148 -0.000281548 4.51581
23.424 52.486 0.0011153 -0.00120825 0.00152842 10.5369
24.4208 52.486 0.000623135 -0.000423531 -0.000755887 21.0738
25.4175 52.486 0.000114358 -0.000127522 0.000443807 20.0703
26.4143 52.486 -0.000614104 8.04799e-05 -0.000537453 6.02108
27.4111 52.486 -0.000216787 -0.00028322 0.000487827 22.0773
28.4078 52.486 0.00126597 0.000460844 -4.85706e-05 18.0632
29.4046 52.486 -0.000896714 0.000516849 0.000955438 7.02459
30.4014 52.486 0.000922748 0.000932691 -0.000110707 9.03161
31.3981 52.486 0.000598093 0.000329913 -0.000274016 8.52986
32.3949 52.486 -0.00062512 -0.000757283 -0.000287464 13.5474
33.3917 52.486 0.000561136 0.000212929 0.000417182 19.5685
34.3884 52.486 -0.00076676 0.000549137 -8.79743e-05 13.0457
35.3852 52.486 -0.000668671 0.00028802 -0.00059269 22.579
36.382 52.486 0.000571497 0.00127068 -0.000401622 19.0667
37.3787 52.486 -0.00160219 0.000565262 -0.00121298 8.52986
38.3755 52.486 -0.000938566 0.000176297 -0.000420615 7.52634
39.3723 52.486 0.00125274 0.000387807 -0.000204359 5.01756
40.369 52.486 -0.00135192 -0.000623383 4.00342e-06 15.0527
41.3658 52.486 -0.000261438 0.00023944 -0.000441466 20.572
42.3626 52.486 0.00053934 -0.000369181 0.000749604 13.0457
43.3593 52.486 0.00160329 0.000522177 -0.000561064 21.5755
44.3561 52.486 0.000106838 -8.21702e-05 0.000293611 25.0878
45.3529 52.486 0.000577025 -0.000625768 -0.000674184 12.0422
46.3496 52.486 -0.00112523 -0.00081388 0.000164434 6.52283
47.3464 52.486 -0.000957208 8.82657e-06 -0.000499156 11.5404
48.3432 52.486 0.00157865 0.000505892 -0.000184411 8.52986
49.3399 52.486 -0.00090571 -0.000477147 -0.000861946 16.558
50.3367 52.486 0.000638981 0.000502196 3.58274e-05 19.0667
51.3335 52.486 0.000367591 -0.000458646 -0.000288336 8.0281
52.3302 52.486 -0.000113836 -5.32282e-05 0.000136674 23.0808
53.327 52.486 0.000534497 0.000669258 8.96799e-05 13.0457
54.3238 52.486 6.73016e-06 0.000197444 -0.000403436 9.53337
55.3205 52.486 3.404e-05 0.000489542 -0.0020856 6.02108
56.3173 52.486 -0.000376414 0.00151571 0.000348613 7.02459
57.3141 52.486 -0.000220364 -0.00067741 0.000134395 18.565
58.3108 52.486 0.000135987 8.38277e-05 -0.000288242 23.5825
59.3076 52.486 0.00168011 0.000969438 0.000721127 11.0386
60.3044 52.486 -0.000353093 9.11317e-05 0.000783977 19.5685
61.3011 52.486 0.000775756 -5.35651e-05 0.000776937 20.0703
62.2979 52.486 6.03803e-05 0.00132098 0.000155378 7.52634
63.2947 52.486 -0.00029564 0.000694929 0.000594329 7.52634
64.2914 52.486 0.00171281 0.00145543 -0.00041294 3.51229
65.2882 52.486 -0.000221523 0.000112795 0.000108989 11.0386
66.285 52.486 0.000159036 3.23885e-06 0.000236141 27.5966
67.2817 52.486 0.000641749 0.0016715 0.000712155 13.0457
68.2785 52.486 0.000601507 -3.75621e-05 -0.000443351 17.5615
69.2753 52.486 0.000333883 0.000478639 -3.15065e-05 20.0703
70.272 52.486 -0.000670206 0.00226315 -0.000789766 7.52634
71.2688 52.486 -0.00125473 0.000656095 -0.000212752 11.0386
72.2656 52.486 0.000266854 0.00203881 -0.000546205 5.01756
73.2623 52.486 -0.000418701 0.000159059 0.00105238 13.0457
74.2591 52.486 0.000831342 0.000283191 1.54389e-05 22.579
75.2559 52.486 -0.000889574 -5.64783e-05 0.000512645 12.0422
76.2526 52.486 8.89212e-05 -0.000171626 0.000817936 14.0492
77.2494 52.486 0.000256706 0.00039643 -0.000563222 23.0808
78.2462 52.486 0.000145204 -0.000320162 -0.000457697 10.5369
79.2429 52.486 8.984e-05 6.47235e-06 -0.000603049 8.52986
80.2397 52.486 0.000692427 -0.000728694 -0.000238428 11.5404
81.2365 52.486 -0.000909787 -0.000180444 -0.000298941 7.52634
82.2332 52.486 0.000991449 0.000455965 0.000244605 18.0632
0.498383 53.4857 -5.42136e-05 0.000219054 -0.000622863 11.5404
1.49515 53.4857 0.000734726 0.00102084 0.000283268 9.53337
2.49192 53.4857 5.35987e-05 1.95444e-06 -0.000859538 9.03161
3.48868 53.4857 0.000298056 -7.42701e-05 -0.000925042 11.5404
4.48545 53.4857 0.000277455 0.00010936 0.00104255 8.52986
5.48221 53.4857 0.0010291 -0.00114791 -0.000704702 6.02108
6.47898 53.4857 0.000189872 0.000652466 -0.00139973 13.0457
7.47575 53.4857 0.00084272 0.000995853 -0.000113315 11.0386
8.47251 53.4857 0.000589519 -0.00125425 -0.000879238 13.0457
9.46928 53.4857 7.27009e-05 -0.000289214 -0.00108769 7.02459
10.466 53.4857 -0.000753879 0.000563044 -0.000365708 11.0386
11.4628 53.4857 0.00148945 0.00051435 0.00126819 8.52986
12.4596 53.4857 -0.000662682 0.000809457 0.000241555 10.0351
13.4563 53.4857 0.00159683 0.00115855 5.68391e-05 7.02459
14.4531 53.4857 -0.000383989 0.0011776 0.000357297 8.52986
15.4499 53.4857 -0.000527435 0.00100744 0.000445659 9.53337
16.4466 53.4857 -0.000838607 -0.000332764 0.00112893 8.0281
17.4434 53.4857 -0.000485017 -0.000346738 8.76529e-05 10.0351
18.4402 53.4857 -0.000334909 -0.000197053 -0.000567498 10.0351
19.4369 53.4857 0.00159135 -0.000363241 0.000241084 9.03161
20.4337 53.4857 0.000811565 0.000929823 0.000536241 8.52986
21.4305 53.4857 -0.000203673 -0.000573028 -0.000375774 12.0422
22.4272 53.4857 0.00226862 0.00140883 -0.00163006 8.0281
23.424 53.4857 0.000626113 -0.000174905 -0.000144088 10.0351
24.4208 53.4857 -0.00079866 0.000130799 -0.000541806 16.0562
25.4175 53.4857 -0.000636741 -0.00100843 -0.000237333 10.0351
26.4143 53.4857 0.000585874 0.000507586 -0.000713055 12.5439
27.4111 53.4857 0.000504877 0.00129684 -0.000268702 14.5509
28.4078 53.4857 0.000477124 -6.43983e-05 0.000448072 11.5404
29.4046 53.4857 0.000418764 -0.00115249 0.000192205 11.0386
30.4014 53.4857 0.0011861 5.33775e-05 -3.17764e-05 8.52986
31.3981 53.4857 -0.000705701 0.000360642 -0.000313593 6.52283
32.3949 53.4857 2.93774e-05 -0.000385861 0.000391764 13.5474
33.3917 53.4857 1.6995e-05 0.00193685 -0.000146204 10.5369
34.3884 53.4857 0.00102355 -0.000573739 -0.000476391 11.0386
35.3852 53.4857 -0.000337454 0.00143632 -0.000956511 11.5404
36.382 53.4857 -0.000353697 5.55581e-05 0.000721976 8.0281
37.3787 53.4857 0.00188373 -0.000390891 -0.00107452 7.02459
38.3755 53.4857 0.00078793 -0.000286666 -0.00112362 9.53337
39.3723 53.4857 3.20637e-05 0.000234033 -0.00127927 7.52634
40.369 53.4857 -0.000724165 0.000140608 0.000144222 15.0527
41.3658 53.4857 0.000689607 -0.000460072 -0.000378643 12.5439
42.3626 53.4857 0.000578041 -0.000898687 -0.000606905 6.52283
43.3593 53.4857 0.00182717 -0.000513665 -0.000131162 8.52986
44.3561 53.4857 -0.000391003 0.00101579 -0.000710754 7.02459
45.3529 53.4857 0.000840394 0.00070119 -0.00107239 8.52986
46.3496 53.4857 -0.000219824 0.000821183 0.000902083 8.52986
47.3464 53.4857 0.00180347 0.000588453 -4.53572e-05 6.52283
48.3432 53.4857 0.0014944 -0.000175931 -0.000679807 11.0386
49.3399 53.4857 0.000269091 0.000662617 0.000317511 12.5439
50.3367 53.4857 0.000353261 0.000251049 -0.000523468 15.5544
51.3335 53.4857 0.000194819 -0.000140277 0.000602395 12.5439
52.3302 53.4857 -5.56533e-05 0.000285182 6.51e-06 11.5404
53.327 53.4857 0.00087687 -0.000943085 0.000261509 14.5509
54.3238 53.4857 0.000761395 -0.000847357 -9.99292e-06 13.0457
55.3205 53.4857 0.00125974 -0.00119081 -0.000964192 4.01405
56.3173 53.4857 0.000549448 -0.000990057 -6.62692e-05 12.0422
57.3141 53.4857 -0.000231968 -0.00104922 0.000335517 10.0351
58.3108 53.4857 -0.000129949 -0.000596748 -0.000320312 14.5509
59.3076 53.4857 0.000342799 -0.000109393 -0.000313114 11.5404
60.3044 53.4857 4.36722e-05 0.00140234 0.000391424 10.0351
61.3011 53.4857 0.000599158 0.00138041 -0.001401 9.53337
62.2979 53.4857 -0.000394582 -0.000224384 0.000247004 10.5369
63.2947 53.4857 -0.00258887 0.000218309 -0.00134791 10.5369
64.2914 53.4857 0.00120824 -0.000250335 -0.000489991 13.0457
65.2882 53.4857 0.00101584 0.000163229 0.000879075 10.5369
66.285 53.4857 -0.000542843 0.000474495 0.000447773 13.0457
67.2817 53.4857 -0.00133156 0.00052378 -0.000673876 4.51581
68.2785 53.4857 0.000681667 0.000552417 -0.00159002 6.52283
69.2753 53.4857 -0.000818399 -0.000498617 0.00137909 16.0562
70.272 53.4857 -0.000819448 0.000290009 -0.000184533 13.0457
71.2688 53.4857 -0.00120628 -0.00080351 -0.00135279 8.52986
72.2656 53.4857 0.000494906 3.23098e-05 0.0016292 6.02108
73.2623 53.4857 -0.000192014 -0.000634511 0.000473284 12.0422
74.2591 53.4857 -0.000671912 0.000489149 0.000537828 12.0422
75.2559 53.4857 -0.00026895 0.00157302 0.000707209 8.52986
76.2526 53.4857 -0.000187699 0.00138493 -0.000554163 10.0351
77.2494 53.4857 -0.000782084 -0.000830068 0.00164385 13.0457
78.2462 53.4857 0.000143403 -0.000617046 -0.000326965 9.53337
79.2429 53.4857 -1.02142e-06 0.000628959 -0.00175257 10.0351
80.2397 53.4857 -0.000214692 -0.00175442 0.000358935 8.52986
81.2365 53.4857 -0.000981882 -0.000982679 -0.00127552 4.51581
82.2332 53.4857 -0.000750885 -4.31484e-05 -0.00165398 13.5474
0.498383 54.4854 0.000606552 -0.00140617 0.000595685 9.03161
1.49515 54.4854 -0.000369094 0.000910156 0.000689869 5.51932
2.49192 54.4854 0.000443114 -2.70829e-05 -0.00130661 11.0386
3.48868 54.4854 0.000602317 -0.000378721 -0.000315988 15.0527
4.48545 54.4854 0.000307425 0.00045797 -0.00029418 16.558
5.48221 54.4854 0.000254113 0.00028287 -0.00122931 10.5369
6.47898 54.4854 -0.000227368 -0.000381331 -0.000250302 19.5685
7.47575 54.4854 8.74409e-05 0.00101108 -0.000282368 15.0527
8.47251 54.4854 -0.000439256 7.14488e-05 -0.00150534 4.01405
9.46928 54.4854 0.002818 -0.00188896 0.000402057 5.01756
10.466 54.4854 -0.000410485 -0.00100031 -0.000260039 9.03161
11.4628 54.4854 0.00117013 0.000108634 0.00010822 14.5509
12.4596 54.4854 -0.000416581 -0.000392101 -0.000402224 17.5615
13.4563 54.4854 0.000568592 0.000392323 7.4684e-05 11.0386
14.4531 54.4854 0.000125442 -0.000340387 -0.00017707 15.5544
15.4499 54.4854 0.0010343 0.000277719 -4.80976e-05 21.0738
16.4466 54.4854 -0.000809057 -0.000645163 -0.000126501 8.52986
17.4434 54.4854 0.000533315 -0.00103972 0.000217345 6.52283
18.4402 54.4854 0.00066454 -1.17674e-05 -0.000403311 11.0386
19.4369 54.4854 -0.000354016 -0.000722009 0.000587758 6.52283
20.4337 54.4854 0.000706992 -0.00018437 -0.00068185 18.565
21.4305 54.4854 -0.000475527 0.000567078 0.000834341 11.0386
22.4272 54.4854 0.000346193 0.00065794 0.000696464 8.52986
23.424 54.4854 -3.2453e-05 -0.000779326 0.000113244 20.0703
24.4208 54.4854 0.000776025 0.000144318 -0.000127208 8.52986
25.4175 54.4854 0.00131301 -0.00105436 -9.59289e-05 8.0281
26.4143 54.4854 0.000790037 0.00128372 -0.00101978 6.52283
27.4111 54.4854 0.00148783 0.00130593 -0.00170022 6.02108
28.4078 54.4854 -3.31372e-05 0.000971081 0.000334882 14.0492
29.4046 54.4854 -0.000833815 -0.000182308 -0.00013446 15.0527
30.4014 54.4854 -0.000292282 -2.8e-05 0.000493142 9.03161
31.3981 54.4854 0.000697785 0.000504067 0.000218832 20.572
32.3949 54.4854 -0.000307919 -0.000916837 0.000270243 14.0492
33.3917 54.4854 -0.000646573 -1.21489e-05 0.000541792 9.53337
34.3884 54.4854 -0.0014649 0.00139842 -0.00114212 5.01756
35.3852 54.4854 -0.00014913 -0.000164986 -0.000503433 9.53337
36.382 54.4854 -0.000335516 0.00042896 0.000184997 15.0527
37.3787 54.4854 -9.72969e-05 -0.000762359 0.000518776 21.5755
38.3755 54.4854 0.00116147 -0.000445333 -0.000183153 11.0386
39.3723 54.4854 0.00102962 -0.00128731 0.000114918 13.0457
40.369 54.4854 -0.000171332 -0.000275826 0.000272622 22.0773
41.3658 54.4854 -0.00128754 -0.00198512 -0.000606482 6.52283
42.3626 54.4854 0.000196899 -0.00119659 -0.00159337 8.0281
43.3593 54.4854 0.000613486 -0.000350135 0.000280484 11.0386
44.3561 54.4854 -0.000773183 -0.000317917 -0.000143673 7.02459
45.3529 54.4854 -7.21134e-05 -6.06246e-05 -0.000279339 25.0878
46.3496 54.4854 -0.000362255 -0.000286836 0.00134168 14.5509
47.3464 54.4854 0.00020928 0.000258995 -0.000415514 9.53337
48.3432 54.4854 0.00133348 -0.000295705 0.000392381 21.5755
49.3399 54.4854 -0.000878685 0.00192751 0.000914589 6.02108
50.3367 54.4854 0.00111674 0.000924855 0.000360151 6.02108
51.3335 54.4854 0.000391795 -0.00206398 0.00163004 5.01756
52.3302 54.4854 0.00101699 -0.000818705 -6.22871e-05 7.02459
53.327 54.4854 0.000705354 0.000409553 -0.000435521 17.0597
54.3238 54.4854 0.000464622 0.000639855 0.00111823 12.5439
55.3205 54.4854 -0.000298462 -0.000937043 0.000745032 10.5369
56.3173 54.4854 -0.000360381 0.000476563 0.000785974 19.5685
57.3141 54.4854 0.000343394 0.000890716 -0.000735128 11.5404
58.3108 54.4854 -0.000155088 -0.00157557 -0.000940695 7.52634
59.3076 54.4854 0.000327855 0.000970653 -0.000681173 5.51932
60.3044 54.4854 0.000971922 0.000416507 0.000311561 10.5369
61.3011 54.4854 -0.00053228 7.13398e-05 0.000838428 10.5369
62.2979 54.4854 0.000483903 -0.000932479 -0.000779795 17.5615
63.2947 54.4854 0.000238974 0.00187089 0.000239357 9.53337
64.2914 54.4854 0.000220579 0.000780289 -2.20172e-05 13.5474
65.2882 54.4854 0.000967389 0.00022383 -0.000728696 15.0527
66.285 54.4854 0.000136301 0.000804163 0.000568623 9.53337
67.2817 54.4854 0.00046785 -0.000271754 0.00091057 6.52283
68.2785 54.4854 0.000395376 -0.000495479 -0.00011669 8.0281
69.2753 54.4854 -0.000368238 0.000156894 7.0695e-06 9.03161
70.272 54.4854 -0.000123661 9.89043e-05 0.000334451 22.0773
71.2688 54.4854 0.000308077 0.000815829 0.000619957 10.5369
72.2656 54.4854 0.000147337 0.000756921 -0.00119066 13.0457
73.2623 54.4854 -0.000239216 -0.000188028 -0.000345641 18.0632
74.2591 54.4854 -0.00116215 0.00142059 0.000207342 8.0281
75.2559 54.4854 9.00183e-05 0.000143247 0.000396526 9.53337
76.2526 54.4854 0.000345259 -0.00174031 0.00188128 4.51581
77.2494 54.4854 -0.000153796 -0.000500043 0.000495568 10.0351
78.2462 54.4854 -0.000524488 -8.51975e-05 -7.52285e-05 16.0562
79.2429 54.4854 0.000106684 0.00026989 -6.91508e-05 12.5439
80.2397 54.4854 -0.000329972 -0.00160435 0.0016096 6.52283
81.2365 54.4854 0.000456202 0.000651974 0.000393916 16.558
82.2332 54.4854 0.000699301 0.000191567 -0.000207071 15.5544
0.498383 55.4852 0.000359862 -0.000626887 -0.00025935 11.0386
1.49515 55.4852 -0.000446549 0.000206298 0.00163339 10.5369
2.49192 55.4852 -0.000755881 -0.00298323 -0.00068643 5.01756
3.48868 55.4852 0.000369807 0.000249388 0.000377138 13.5474
4.48545 55.4852 0.000180502 0.000416098 -0.000770037 17.0597
5.48221 55.4852 -0.00128087 7.23201e-05 0.000188271 10.0351
6.47898 55.4852 -0.000589683 -0.000448593 -0.000194908 14.5509
7.47575 55.4852 0.000569541 0.000673234 0.000848388 16.0562
8.47251 55.4852 0.000238608 0.00115208 -0.000602281 7.52634
9.46928 55.4852 -0.000403265 0.0010921 -0.000321619 7.02459
10.466 55.4852 -0.00129775 -0.000517419 -0.000365282 8.0281
11.4628 55.4852 0.000334477 0.000102724 -0.00077899 10.5369
12.4596 55.4852 0.000296729 -0.000282082 0.00102042 21.5755
13.4563 55.4852 0.00192262 -0.000735952 0.000781728 9.03161
14.4531 55.4852 0.000508602 9.63608e-05 -0.00124851 15.0527
15.4499 55.4852 -0.000233687 -0.00010554 -0.00038303 13.5474
16.4466 55.4852 -0.000119165 -0.000188236 -0.000454192 10.5369
17.4434 55.4852 0.00131649 0.00101715 6.08916e-05 8.0281
18.4402 55.4852 0.00206585 0.000390267 -0.0007999 10.0351
19.4369 55.4852 0.000375623 0.000276863 -0.000245928 8.0281
20.4337 55.4852 -0.000928904 -9.25123e-05 -0.000401592 20.572
21.4305 55.4852 -0.000326987 -0.000275618 -2.7498e-05 13.0457
22.4272 55.4852 -0.000165772 0.000874029 0.000209896 15.5544
23.424 55.4852 -0.000563732 -0.000301807 -0.00117239 17.5615
24.4208 55.4852 -0.00119187 -0.000305684 -0.000312562 8.52986
25.4175 55.4852 -0.000828832 -0.000449891 -1.78057e-05 5.01756
26.4143 55.4852 0.000309648 -0.00136794 0.00127833 6.02108
27.4111 55.4852 0.00259921 0.000830205 -0.000811441 4.51581
28.4078 55.4852 -0.000424914 -0.000703949 -0.00029971 16.0562
29.4046 55.4852 0.000659239 -0.000489566 0.000888127 19.0667
30.4014 55.4852 -0.000436283 0.000984432 0.00118997 10.0351
31.3981 55.4852 -0.00087112 0.000385633 -0.000202462 15.5544
32.3949 55.4852 0.00109036 0.0003664 0.000192118 15.5544
33.3917 55.4852 -0.000194414 0.00192839 -0.00114986 7.02459
34.3884 55.4852 0.00128321 0.000423708 7.71267e-05 8.0281
35.3852 55.4852 0.00128484 0.000108692 0.000201439 9.03161
36.382 55.4852 0.00203491 -0.00155695 -0.000415807 9.03161
37.3787 55.4852 -5.56562e-05 -0.000487175 -0.000224234 12.0422
38.3755 55.4852 -0.000105822 -0.000362878 -0.000542237 11.0386
39.3723 55.4852 -0.000284173 0.00101915 0.000871949 13.0457
40.369 55.4852 -0.000562091 0.000998997 0.000132612 14.5509
41.3658 55.4852 0.000201068 -0.000861569 0.000982479 11.0386
42.3626 55.4852 -0.00021687 -4.1666e-06 -0.000382935 10.0351
43.3593 55.4852 -0.00155494 0.000737905 0.000986937 7.52634
44.3561 55.4852 -9.77916e-05 0.000890376 -0.00023923 7.02459
45.3529 55.4852 -0.00141721 -0.00114745 -0.001351 12.0422
46.3496 55.4852 0.000206488 -0.000693587 0.000516531 14.0492
47.3464 55.4852 0.000354271 0.000102901 -0.000713082 11.0386
48.3432 55.4852 3.883e-05 0.000230575 0.000863222 18.565
49.3399 55.4852 -0.000741189 0.000540185 0.000644501 13.0457
50.3367 55.4852 -0.00106536 -0.00215856 -0.000359155 7.02459
51.3335 55.4852 -0.000144462 -0.000485321 -2.98358e-05 7.52634
52.3302 55.4852 -0.0012456 0.00166025 -0.000323032 9.03161
53.327 55.4852 6.28583e-05 -0.000126234 0.000710495 17.0597
54.3238 55.4852 0.00123631 0.00125523 0.00163188 10.5369
55.3205 55.4852 -2.80612e-05 0.000771487 -0.000514657 11.5404
56.3173 55.4852 -0.000356536 -0.000425202 -3.15076e-05 13.5474
57.3141 55.4852 1.47591e-06 -0.000646302 0.0005917 11.0386
58.3108 55.4852 -0.000433616 -0.000487978 0.000245569 11.0386
59.3076 55.4852 -0.000878664 0.00102743 -0.00025435 7.52634
60.3044 55.4852 -0.000898878 0.000656018 -0.000789012 10.5369
61.3011 55.4852 0.000455355 -0.000494553 -5.39214e-05 14.5509
62.2979 55.4852 -0.000425643 -0.000906829 0.000621778 17.5615
63.2947 55.4852 -0.000280217 0.00243088 -0.000437373 9.53337
64.2914 55.4852 -0.000169976 -0.000230708 0.000327017 12.0422
65.2882 55.4852 0.000400354 0.000179932 -0.000505716 18.0632
66.285 55.4852 -0.000805644 -0.00057325 0.000156967 8.52986
67.2817 55.4852 -0.000662886 -0.000919061 -4.1555e-05 10.0351
68.2785 55.4852 -0.00104596 -0.000163355 -0.000520923 9.03161
69.2753 55.4852 0.000248903 -0.000789045 0.000848074 10.0351
70.272 55.4852 -0.000407065 -0.000301835 -0.000702404 12.5439
71.2688 55.4852 -0.00102049 -0.000416046 -0.000312676 10.0351
72.2656 55.4852 0.000695164 0.000666539 0.000246957 10.0351
73.2623 55.4852 1.73951e-05 7.95205e-05 0.000171727 19.5685
74.2591 55.4852 4.58275e-05 0.000260005 -7.07034e-06 8.52986
75.2559 55.4852 1.96801e-05 -7.5158e-05 -0.000502104 12.0422
76.2526 55.4852 0.000646076 0.000198867 0.000135775 8.52986
77.2494 55.4852 0.0001483 -0.00112505 -0.000632054 9.53337
78.2462 55.4852 -0.000900537 0.00119828 -0.000598785 16.0562
79.2429 55.4852 0.00144605 -0.000378859 -0.000601469 14.0492
80.2397 55.4852 -0.000316042 0.000395813 0.000289357 14.5509
81.2365 55.4852 0.000625944 -0.000665318 -1.46619e-05 17.0597
82.2332 55.4852 -0.00079902 0.000459449 -5.76991e-05 11.5404
0.498383 56.4849 -0.000736912 0.000187916 3.83217e-05 14.0492
1.49515 56.4849 -0.000120834 -0.000201834 0.000293653 10.0351
2.49192 56.4849 0.000953383 0.000163923 0.000262908 12.5439
3.48868 56.4849 -0.000981709 -0.000450115 0.000507379 12.5439
4.48545 56.4849 0.000363364 -0.00038639 -0.00110539 7.02459
5.48221 56.4849 -0.000270515 -0.00027687 0.000521958 12.5439
6.47898 56.4849 0.00148263 0.0016801 -0.000495027 7.52634
7.47575 56.4849 -6.11191e-05 0.00139139 0.000887584 9.03161
8.47251 56.4849 -0.000545067 0.000108736 -3.88109e-06 17.5615
9.46928 56.4849 0.000609454 0.000567222 0.000783285 7.02459
10.466 56.4849 0.00152224 0.000272641 -0.000196005 12.0422
11.4628 56.4849 0.000290625 -3.94788e-05 -0.000456512 15.5544
12.4596 56.4849 0.00111649 -0.00120061 0.000586671 9.03161
13.4563 56.4849 0.00108453 0.000938848 0.00139745 5.01756
14.4531 56.4849 -0.000720645 -0.000568053 0.000547166 9.03161
15.4499 56.4849 0.000655803 -0.000544559 -0.000758153 8.0281
16.4466 56.4849 -2.93092e-05 -0.000418238 0.000591748 15.5544
17.4434 56.4849 -0.000113011 -0.000274689 -0.00222542 9.53337
18.4402 56.4849 0.000275948 -0.000961841 -0.000759067 12.0422
19.4369 56.4849 0.00143581 -0.00049892 -0.000151928 10.0351
20.4337 56.4849 0.000230686 0.000286028 -0.000509843 8.52986
21.4305 56.4849 0.000724156 0.000466996 -0.00106282 7.52634
22.4272 56.4849 -0.000594265 0.00110749 0.000639844 9.53337
23.424 56.4849 -0.000189739 0.000645566 -0.000619375 7.52634
24.4208 56.4849 -0.0007597 -0.00045852 -0.00060029 13.0457
25.4175 56.4849 0.000207072 -0.000732401 -0.000529109 13.5474
26.4143 56.4849 0.000710019 -0.000833725 -0.0024216 5.51932
27.4111 56.4849 -3.65211e-05 0.000297774 0.0002862 18.565
28.4078 56.4849 -0.00101013 -4.64435e-05 0.00164161 7.02459
29.4046 56.4849 0.00141342 0.000350062 -0.000128688 7.52634
30.4014 56.4849 0.000816276 -0.000393036 -0.00063368 7.52634
31.3981 56.4849 -4.83297e-05 -0.000305909 1.48022e-05 9.53337
32.3949 56.4849 -0.000428403 -0.000432385 0.00064365 14.5509
33.3917 56.4849 0.00170589 -0.000107546 0.000163236 10.5369
34.3884 56.4849 -0.00145336 7.90994e-05 0.000667145 11.5404
35.3852 56.4849 0.00113976 -0.00024405 0.000799957 12.0422
36.382 56.4849 -0.000367619 -0.000220706 0.000191362 17.0597
37.3787 56.4849 0.00125865 -0.000548845 -4.67958e-05 8.0281
38.3755 56.4849 0.00167238 -0.000442491 -0.000388919 10.5369
39.3723 56.4849 0.000209389 0.000424771 -0.00037691 11.0386
40.369 56.4849 -0.000899456 -0.000194381 0.000217503 10.0351
41.3658 56.4849 -0.000322154 0.00127224 -0.000906798 13.5474
42.3626 56.4849 0.000216225 -0.00051622 0.000774085 8.52986
43.3593 56.4849 -0.000843594 0.000380894 0.000293186 12.0422
44.3561 56.4849 -0.000156868 -0.000210133 0.000403679 16.0562
45.3529 56.4849 0.000705519 -0.000144582 -0.0011029 11.5404
46.3496 56.4849 -0.00127538 0.000816346 -0.000102413 7.52634
47.3464 56.4849 -1.97841e-05 -0.000565071 -0.000471302 8.0281
48.3432 56.4849 -0.000195053 -0.000900518 0.000583243 10.0351
49.3399 56.4849 0.000263382 0.000481279 0.000672879 9.03161
50.3367 56.4849 -0.000383565 -0.000551827 0.0007891 15.0527
51.3335 56.4849 -0.000413426 -0.000805996 0.00114294 13.0457
52.3302 56.4849 -0.000155204 0.000305851 -0.000458045 14.0492
53.327 56.4849 0.00193798 3.42649e-05 0.000326134 9.03161
54.3238 56.4849 -0.00135885 -0.00215676 0.000215325 6.02108
55.3205 56.4849 -0.00098182 0.000749711 6.40809e-05 9.53337
56.3173 56.4849 -0.000104694 0.000729408 0.000565565 14.5509
57.3141 56.4849 0.0001027 -0.000861379 0.000100643 14.0492
58.3108 56.4849 8.19759e-05 -7.53943e-05 0.000153168 11.0386
59.3076 56.4849 0.000268214 -0.00063397 0.00038767 8.0281
60.3044 56.4849 -0.000117994 -0.000220372 0.000838173 12.0422
61.3011 56.4849 0.00125607 0.000184983 6.36171e-05 11.5404
62.2979 56.4849 -0.000604736 -0.000556681 0.0010922 9.03161
63.2947 56.4849 -0.00104642 -0.000962238 -0.00067468 9.03161
64.2914 56.4849 0.00100136 -0.000409078 0.000858667 9.03161
65.2882 56.4849 -0.000316351 0.00143608 -0.000427883 9.53337
66.285 56.4849 -0.000405196 -0.000450628 -0.000631738 14.5509
67.2817 56.4849 -0.00143042 0.00145538 6.47114e-06 7.02459
68.2785 56.4849 0.000403334 -4.78978e-05 0.00141412 13.0457
69.2753 56.4849 0.000179805 0.00106514 -0.000948201 13.5474
70.272 56.4849 -0.0011865 0.000153362 -0.000509845 11.5404
71.2688 56.4849 8.20289e-06 0.00110552 0.000264802 13.5474
72.2656 56.4849 0.000400871 0.000117172 5.84916e-05 7.52634
73.2623 56.4849 -0.00014693 -9.61119e-06 -0.000471469 13.5474
74.2591 56.4849 0.000112076 -0.000405268 -1.09076e-05 12.5439
75.2559 56.4849 0.000437819 0.000757708 -0.000765126 8.0281
76.2526 56.4849 0.000945407 0.00069748 0.000375179 11.0386
77.2494 56.4849 -0.000438555 0.000874342 -0.000519696 16.0562
78.2462 56.4849 0.000384058 -0.000136929 -0.00206444 10.5369
79.2429 56.4849 -3.59056e-05 -5.41226e-05 -0.000342638 9.03161
80.2397 56.4849 0.000855382 -0.00128766 0.000926565 8.0281
81.2365 56.4849 0.000454386 0.000153837 -0.0010715 7.02459
82.2332 56.4849 -3.50115e-05 -5.98862e-05 0.000693169 10.5369
0.498383 57.4846 -0.000361426 -0.000442354 2.03457e-05 15.5544
1.49515 57.4846 0.000364534 0.000968192 -0.00161117 15.0527
2.49192 57.4846 -0.000294356 -0.000433509 0.000537702 19.5685
3.48868 57.4846 -0.000268005 -0.000361033 -0.000184094 18.0632
4.48545 57.4846 4.46899e-05 -0.000589366 -0.00203448 7.52634
5.48221 57.4846 0.00112023 0.0012771 -0.000474744 5.01756
6.47898 57.4846 0.000842783 0.00016575 -0.000195869 6.52283
7.47575 57.4846 -0.000277912 -0.00176174 0.00127721 14.5509
8.47251 57.4846 -0.000276817 1.94408e-05 -0.000401446 23.5825
9.46928 57.4846 0.000496129 0.000610278 0.000458235 10.0351
10.466 57.4846 0.00102901 -2.98418e-05 -0.000417588 20.572
11.4628 57.4846 -0.000405927 0.00048038 -0.000730073 16.558
12.4596 57.4846 2.08434e-05 0.000222081 -9.78258e-05 7.52634
13.4563 57.4846 -0.000463447 0.000785784 0.000457109 6.52283
14.4531 57.4846 0.000411615 0.00134317 -0.00134059 10.0351
15.4499 57.4846 -0.000328407 0.000594171 -0.000634425 10.0351
16.4466 57.4846 -0.000704334 -0.000450957 0.000116346 24.5861
17.4434 57.4846 0.000187841 -0.00101358 4.10858e-06 12.5439
18.4402 57.4846 0.000740804 -0.000145156 -0.000639378 12.5439
19.4369 57.4846 0.000270861 0.000684791 0.000275737 24.5861
20.4337 57.4846 0.0005028 -0.000183433 -0.000273748 12.5439
21.4305 57.4846 0.00140594 -0.000272803 0.000643024 9.03161
22.4272 57.4846 0.00062366 -0.00138321 -0.00125358 6.02108
23.424 57.4846 0.00059963 -0.000522321 0.000716134 10.5369
24.4208 57.4846 2.81812e-05 0.000488376 -0.000263069 23.0808
25.4175 57.4846 -0.000778054 -0.00017424 0.000356304 18.0632
26.4143 57.4846 0.00074765 -0.000142597 -0.000675387 13.5474
27.4111 57.4846 8.69454e-05 -0.000679675 -0.000858426 24.0843
28.4078 57.4846 5.1912e-05 -0.000208467 -0.000136365 15.0527
29.4046 57.4846 -4.85157e-05 0.000115273 0.000833419 12.5439
30.4014 57.4846 0.000787751 0.00168528 8.29802e-05 5.01756
31.3981 57.4846 0.000248491 0.00114414 -0.00101406 4.51581
32.3949 57.4846 0.000454461 0.000560288 0.00115993 14.0492
33.3917 57.4846 -0.000164001 0.000232946 -4.42433e-05 26.0913
34.3884 57.4846 -0.00132963 0.00101928 0.000351453 9.53337
35.3852 57.4846 0.00104056 3.46661e-05 -0.000148728 17.5615
36.382 57.4846 -0.000377993 0.000946092 -2.74958e-05 17.0597
37.3787 57.4846 0.00106896 -0.000655014 -4.73934e-05 7.02459
38.3755 57.4846 -0.000123634 -0.000976499 -0.000727541 6.52283
39.3723 57.4846 0.000393316 -0.000427727 -0.00041897 7.02459
40.369 57.4846 0.000972698 0.000299389 -8.70995e-05 10.5369
41.3658 57.4846 0.000245025 -0.000882284 -0.000922131 24.0843
42.3626 57.4846 0.00113432 0.000346845 0.000291707 13.5474
43.3593 57.4846 -0.000449448 0.000723851 0.000433129 17.5615
44.3561 57.4846 -0.000249502 0.000336006 -0.000330686 21.0738
45.3529 57.4846 0.000405808 0.000414303 0.000628863 8.0281
46.3496 57.4846 0.001961 0.000324277 -0.000770576 6.52283
47.3464 57.4846 -0.000795516 -0.000746232 -0.000315022 9.03161
48.3432 57.4846 -9.47646e-05 0.00093566 -0.000117456 12.0422
49.3399 57.4846 0.00056668 0.000456132 0.000628398 22.0773
50.3367 57.4846 -0.00186134 -0.000681003 0.000967448 12.5439
51.3335 57.4846 -0.000290263 0.00103628 -0.000308391 12.5439
52.3302 57.4846 -0.000771133 -0.00124361 0.000452219 22.0773
53.327 57.4846 -0.000746393 0.00015634 9.9331e-05 12.5439
54.3238 57.4846 0.000176263 -0.000250264 -0.000380216 8.52986
55.3205 57.4846 0.00100369 -0.000144374 0.000659369 6.02108
56.3173 57.4846 0.000171239 0.000212558 -0.000930459 8.0281
57.3141 57.4846 0.000563823 -0.000925336 0.00107728 15.5544
58.3108 57.4846 -0.000916211 -0.000632671 0.000503818 17.0597
59.3076 57.4846 -0.00072325 0.000919944 -7.18275e-05 9.53337
60.3044 57.4846 -0.000224789 -0.000422652 0.000743203 17.5615
61.3011 57.4846 -0.000794947 -0.00061694 0.000657249 14.0492
62.2979 57.4846 -0.000291664 -0.000669553 0.00146379 7.02459
63.2947 57.4846 0.000348923 0.000477522 0.000374803 10.5369
64.2914 57.4846 9.96243e-05 -0.000192787 0.000423019 7.52634
65.2882 57.4846 0.00119158 -0.0012108 -0.000202167 12.0422
66.285 57.4846 9.58396e-05 0.000220941 3.07967e-05 19.0667
67.2817 57.4846 -0.000526691 -0.000361363 0.000434594 10.0351
68.2785 57.4846 -0.000665447 0.000720643 0.000567028 16.558
69.2753 57.4846 -0.00133289 0.00024424 -3.66126e-05 19.5685
70.272 57.4846 0.000429689 0.00156931 0.00152489 8.0281
71.2688 57.4846 0.000531239 0.00138634 -0.000193316 4.51581
72.2656 57.4846 5.03291e-05 -0.000620225 -0.000344893 9.03161
73.2623 57.4846 0.000117685 0.00076948 0.0018482 8.0281
74.2591 57.4846 -0.000163188 -0.000860097 0.000294192 22.0773
75.2559 57.4846 0.000982233 -0.000775029 0.000442296 15.5544
76.2526 57.4846 5.65487e-06 0.000197016 0.000330313 11.5404
77.2494 57.4846 -0.000679729 0.000728426 -0.00129937 17.5615
78.2462 57.4846 2.96543e-05 0.000494923 0.00189107 11.0386
79.2429 57.4846 -0.000256559 0.000581913 -0.000582871 7.02459
80.2397 57.4846 -0.00142185 0.000339445 -0.000190658 10.0351
81.2365 57.4846 -3.64154e-05 6.83058e-05 0.00205393 9.53337
82.2332 57.4846 -0.000152819 0.00186505 -0.000360893 18.565
0.498383 58.4844 -0.000140106 7.45741e-05 -0.000185052 10.5369
1.49515 58.4844 -0.000455079 0.000760432 -0.00139917 10.5369
2.49192 58.4844 0.00063052 -0.00140263 -0.00115933 10.0351
3.48868 58.4844 -0.000162305 0.00132837 0.000492344 7.02459
4.48545 58.4844 -0.000550218 -0.000561729 -0.00182971 11.0386
5.48221 58.4844 -0.000809405 -0.00075153 -0.000218414 7.52634
6.47898 58.4844 -0.000206446 -0.000753592 0.000444491 11.0386
7.47575 58.4844 -0.000161188 -0.00103637 0.000367089 13.0457
8.47251 58.4844 0.000885951 0.000833873 0.00111809 7.02459
9.46928 58.4844 0.000865245 0.000179865 0.00176971 7.02459
10.466 58.4844 -0.000146896 1.55406e-06 -9.64909e-05 8.0281
11.4628 58.4844 0.000458981 8.08557e-05 0.000962968 15.5544
12.4596 58.4844 -0.000689812 -0.000573819 0.000417683 11.0386
13.4563 58.4844 0.000824918 0.000189083 -0.001163 7.52634
14.4531 58.4844 5.31073e-05 -0.000681621 0.000368116 9.03161
15.4499 58.4844 -0.000669448 0.000738952 0.00125999 9.53337
16.4466 58.4844 0.000303913 0.000585204 -0.000544846 12.0422
17.4434 58.4844 0.000993944 -0.000388266 0.000282532 6.52283
18.4402 58.4844 0.00122192 -0.000360905 0.000569526 10.0351
19.4369 58.4844 0.000725818 0.000611389 0.00106031 13.0457
20.4337 58.4844 -0.0003429 -0.000470827 -0.000170806 8.52986
21.4305 58.4844 -1.06317e-05 0.00206239 0.0008628 7.52634
22.4272 58.4844 -2.03249e-05 -0.00109824 -0.00121952 7.02459
23.424 58.4844 -0.000327193 -0.000349544 0.0011429 11.5404
24.4208 58.4844 -6.25018e-05 -0.000138418 -0.00050613 9.53337
25.4175 58.4844 -0.0014602 -0.00136187 -0.000586875 8.52986
26.4143 58.4844 -0.000594748 0.00208818 0.00103303 5.51932
27.4111 58.4844 -0.00163846 0.0013802 0.00131625 6.52283
28.4078 58.4844 -0.000573235 0.000687498 3.83856e-06 10.5369
29.4046 58.4844 0.000324153 0.00054732 0.000295224 11.5404
30.4014 58.4844 -0.000947522 0.000537174 -0.000843409 5.01756
31.3981 58.4844 -4.38822e-05 -0.00125141 0.00125081 7.02459
32.3949 58.4844 0.000236603 -0.000602072 -0.000155798 10.5369
33.3917 58.4844 -0.000192722 -0.000707606 0.000622293 14.5509
34.3884 58.4844 -0.000476466 -0.00192213 -0.000903729 7.02459
35.3852 58.4844 -0.000138058 -0.000937194 -0.000804157 7.52634
36.382 58.4844 0.000512368 0.000820489 -0.000146926 9.53337
37.3787 58.4844 0.000102137 -0.000748238 0.00012523 14.5509
38.3755 58.4844 -0.00155736 -0.000106839 0.000184909 5.01756
39.3723 58.4844 -0.00135299 0.000748936 -0.00211837 8.0281
40.369 58.4844 -5.02639e-05 -0.000495265 8.1148e-05 7.02459
41.3658 58.4844 0.000549668 -0.00112675 -0.000164425 11.0386
42.3626 58.4844 -0.000337309 -0.00023837 -0.00161692 7.52634
43.3593 58.4844 -5.6579e-05 -0.000718576 -0.000167832 7.02459
44.3561 58.4844 0.000165871 -0.000443538 0.000294376 11.5404
45.3529 58.4844 -0.000532199 0.00024378 0.00078563 9.53337
46.3496 58.4844 0.00127481 -0.000130253 -0.0012796 7.52634
47.3464 58.4844 -0.000417452 0.000320016 -9.74121e-05 7.52634
48.3432 58.4844 -0.000856021 0.000224415 -0.000336679 8.0281
49.3399 58.4844 -0.000106013 -0.00173511 4.62023e-05 9.53337
50.3367 58.4844 -0.00148448 2.44637e-05 -4.86591e-05 5.51932
51.3335 58.4844 -6.23234e-05 0.00115379 6.94474e-06 9.53337
52.3302 58.4844 2.49956e-05 0.0014277 0.000755671 8.52986
53.327 58.4844 0.000304251 4.71903e-05 0.000207988 12.0422
54.3238 58.4844 -0.000218741 -0.000743383 -0.000430494 11.0386
55.3205 58.4844 3.86519e-05 5.65136e-05 -0.000143121 10.5369
56.3173 58.4844 -0.0010153 -0.000437143 0.000577948 9.53337
57.3141 58.4844 8.51904e-05 1.84478e-05 -0.000896828 12.0422
58.3108 58.4844 -0.000468724 -9.97293e-05 0.000392943 11.5404
59.3076 58.4844 -0.000263976 0.00099468 0.000809264 9.53337
60.3044 58.4844 0.000833802 -0.000146136 -0.000563984 14.0492
61.3011 58.4844 0.000759359 -0.00121819 -0.0010824 12.0422
62.2979 58.4844 0.000602238 0.000288711 -0.00185276 9.53337
63.2947 58.4844 -0.000345719 0.000545426 0.000609842 11.0386
64.2914 58.4844 -0.000803094 0.000744038 0.000103583 11.0386
65.2882 58.4844 -8.43976e-05 -0.00104463 0.000485477 10.5369
66.285 58.4844 -0.00043672 -0.000277458 0.000163376 11.5404
67.2817 58.4844 0.000200831 -0.000415493 -3.48783e-05 9.03161
68.2785 58.4844 -0.000584084 -0.000295556 -0.000641416 9.03161
69.2753 58.4844 -0.00065116 -0.00014264 0.000401383 14.5509
70.272 58.4844 8.93492e-05 -0.000361518 0.00126384 8.0281
71.2688 58.4844 0.00103239 0.000394557 6.55131e-05 10.5369
72.2656 58.4844 6.20625e-05 0.000202272 0.00103665 8.0281
73.2623 58.4844 -0.000407137 0.000570569 0.000614638 7.52634
74.2591 58.4844 -0.000198789 -0.000237134 -0.000208562 8.52986
75.2559 58.4844 0.0001784 0.000360834 0.000107363 9.53337
76.2526 58.4844 -0.000209509 0.000136463 -0.000523158 7.02459
77.2494 58.4844 -0.000874947 0.000700353 -8.75465e-05 12.0422
78.2462 58.4844 -9.45272e-05 -0.000271376 -0.000485406 12.0422
79.2429 58.4844 -0.000840429 0.000567416 0.000606103 7.52634
80.2397 58.4844 -0.000235611 -0.000158442 -0.00242581 10.5369
81.2365 58.4844 -0.000571248 0.00131509 -0.000351311 9.03161
82.2332 58.4844 4.19382e-05 -8.92714e-05 0.000521689 6.52283
0.498383 59.4841 0.000360432 -0.0014524 -8.85414e-05 8.52986
1.49515 59.4841 -0.00137022 -0.000484975 0.000413087 6.02108
2.49192 59.4841 3.90494e-05 -0.000123153 0.000411107 8.0281
3.48868 59.4841 -0.000115331 0.000493966 -6.26518e-05 18.565
4.48545 59.4841 0.00031222 -0.00034408 0.000967294 19.5685
5.48221 59.4841 -0.000504986 -0.00030006 0.000934558 12.5439
6.47898 59.4841 -0.000694807 0.000524385 -0.000366102 20.572
7.47575 59.4841 -6.00471e-05 0.000462621 0.000120579 15.5544
8.47251 59.4841 -0.000989788 -0.000591387 0.000440316 11.5404
9.46928 59.4841 8.35855e-05 0.00182668 0.000285227 7.02459
10.466 59.4841 0.000598607 8.97558e-05 -0.000274262 8.52986
11.4628 59.4841 -0.000799527 -0.000299429 5.76632e-05 12.5439
12.4596 59.4841 0.000386377 -0.000276122 -0.000358467 26.5931
13.4563 59.4841 2.69651e-06 -0.000261029 -0.000450089 7.02459
14.4531 59.4841 -0.000553855 -0.000496197 0.000308934 14.0492
15.4499 59.4841 0.000239346 -0.000433795 0.000667375 22.579
16.4466 59.4841 -0.000301331 0.000231732 0.000424459 12.0422
17.4434 59.4841 -0.00154882 4.50512e-06 -0.00115566 5.01756
18.4402 59.4841 0.000187184 0.000258937 -0.00154337 6.02108
19.4369 59.4841 -0.000886306 0.00068212 0.00018371 9.53337
20.4337 59.4841 0.000337644 0.000768637 0.000571623 20.572
21.4305 59.4841 0.000193013 -0.000495284 -0.000116815 13.5474
22.4272 59.4841 0.000531911 -0.000487565 -0.00105788 11.5404
23.424 59.4841 0.000680234 -0.00022485 0.000235664 23.5825
24.4208 59.4841 -0.000847429 -0.000142429 -0.000321741 12.0422
25.4175 59.4841 -0.000549842 -0.000589949 8.94744e-05 7.02459
26.4143 59.4841 0.0014608 0.000755398 -0.00113655 6.02108
27.4111 59.4841 0.00144677 -0.000816653 0.000534698 10.0351
28.4078 59.4841 -7.4087e-05 -0.000669978 -4.65921e-05 21.0738
29.4046 59.4841 0.000220074 -0.000652916 0.00124861 22.0773
30.4014 59.4841 0.000474728 0.000974215 -5.73065e-05 12.5439
31.3981 59.4841 0.000234714 0.000323865 0.000385566 20.0703
32.3949 59.4841 -0.000720011 0.00105775 0.000700227 18.565
33.3917 59.4841 -0.00120184 -0.00164794 -0.000398448 6.52283
34.3884 59.4841 0.00120492 -8.91813e-05 -0.000875615 6.52283
35.3852 59.4841 0.000138054 -0.00031944 5.3248e-05 7.52634
36.382 59.4841 0.000429738 0.00122135 0.00015706 16.0562
37.3787 59.4841 -0.00142614 0.000377225 -0.00054179 22.579
38.3755 59.4841 -0.00109282 -0.000524601 0.000306159 9.03161
39.3723 59.4841 0.000488389 0.000693187 -4.16201e-05 16.0562
40.369 59.4841 -0.000822558 -5.84271e-05 0.000404309 22.0773
41.3658 59.4841 -0.000965853 -0.00140975 -2.8166e-05 10.5369
42.3626 59.4841 -0.000770366 0.000460286 -3.65723e-05 10.0351
43.3593 59.4841 0.000529108 0.0010761 0.000216306 5.01756
44.3561 59.4841 7.71092e-05 0.000878636 0.000655781 15.5544
45.3529 59.4841 -0.000399325 0.000619668 -0.000681764 23.0808
46.3496 59.4841 0.000363587 -0.000609099 0.000901982 9.53337
47.3464 59.4841 -3.43655e-05 -0.000275534 -0.000964953 15.5544
48.3432 59.4841 -0.00025239 0.00064094 0.000801239 26.5931
49.3399 59.4841 -6.21287e-05 0.000255648 -0.000468286 13.0457
50.3367 59.4841 0.000489234 4.75764e-05 -0.000244167 9.03161
51.3335 59.4841 0.00139293 -0.00121731 -0.000619332 7.02459
52.3302 59.4841 -0.000364109 -0.00108897 0.000387971 10.5369
53.327 59.4841 0.000370127 0.000167511 -0.000193997 15.5544
54.3238 59.4841 9.72481e-05 -0.00100163 9.48786e-05 16.558
55.3205 59.4841 -0.00131714 -6.74475e-05 0.00031059 14.5509
56.3173 59.4841 -0.0013038 -0.000641038 -0.000122792 18.0632
57.3141 59.4841 0.000493042 0.0012743 0.00102952 9.53337
58.3108 59.4841 -0.000607848 -0.000206762 0.00115181 6.02108
59.3076 59.4841 0.00138814 -0.000438469 0.000538544 9.03161
60.3044 59.4841 -0.000728164 -0.00111672 -0.000593227 8.0281
61.3011 59.4841 0.000404768 -0.000894652 0.000342321 12.5439
62.2979 59.4841 0.000423565 0.00053721 0.000510943 19.5685
63.2947 59.4841 0.000139095 0.000904502 -0.0013227 10.0351
64.2914 59.4841 0.000537684 0.000411412 0.000448484 11.5404
65.2882 59.4841 7.46733e-05 2.24475e-05 -0.000813647 17.5615
66.285 59.4841 0.0009952 -0.00104863 0.000445139 12.0422
67.2817 59.4841 -0.00154463 -0.00148416 0.000563351 9.03161
68.2785 59.4841 4.80877e-05 -0.000943157 0.00162196 5.51932
69.2753 59.4841 -0.000290092 0.000196042 -0.000984442 7.02459
70.272 59.4841 -0.000187069 -0.000552625 0.000931069 23.5825
71.2688 59.4841 2.92331e-05 -5.35669e-05 -0.000506975 14.5509
72.2656 59.4841 -0.00063983 -0.000294357 -3.30235e-05 15.0527
73.2623 59.4841 0.000400943 0.000876587 -8.05279e-05 21.0738
74.2591 59.4841 -0.000807646 0.000366039 -7.56201e-05 9.53337
75.2559 59.4841 0.000559567 0.000892289 -5.90705e-05 10.5369
76.2526 59.4841 -0.000741364 -0.000158386 -0.000646148 8.52986
77.2494 59.4841 0.000619797 9.11699e-05 0.00107221 7.02459
78.2462 59.4841 0.000484098 -0.0005851 0.000240296 23.5825
79.2429 59.4841 -0.000979992 0.000633905 -0.000718323 14.0492
80.2397 59.4841 -0.00183832 -0.000731417 0.000107767 9.03161
81.2365 59.4841 -9.22792e-05 0.000286356 -0.000436697 20.572
82.2332 59.4841 0.000327315 0.000399968 9.72499e-05 17.0597
0.498383 60.4838 -0.000608747 2.24889e-05 0.00103543 10.5369
1.49515 60.4838 0.000451246 -0.000405333 0.00133732 6.52283
2.49192 60.4838 -0.000144308 -2.24601e-05 -0.00252748 7.52634
3.48868 60.4838 0.000345994 0.000823008 -0.000131274 13.0457
4.48545 60.4838 -0.000212009 0.000169882 -0.000660598 13.0457
5.48221 60.4838 -0.000126738 0.000925348 -0.00029377 12.0422
6.47898 60.4838 -0.000777466 0.00137882 0.000699708 13.0457
7.47575 60.4838 -2.13988e-05 -0.000730817 -0.00071091 12.0422
8.47251 60.4838 0.000891844 0.000505812 0.00137227 6.52283
9.46928 60.4838 -0.000222556 -0.000113489 3.76373e-05 10.5369
10.466 60.4838 -0.000346009 0.000605936 -0.000935073 10.0351
11.4628 60.4838 5.45826e-05 -0.000287082 0.000931876 10.0351
12.4596 60.4838 0.0010672 -0.000146638 0.000675765 14.0492
13.4563 60.4838 -0.000559747 0.000134725 -0.00086678 8.52986
14.4531 60.4838 -0.000172328 -0.00159534 0.00169695 9.03161
15.4499 60.4838 0.000532945 -0.00026833 -0.000143326 11.5404
16.4466 60.4838 0.000753797 -0.000249117 -7.00205e-05 10.0351
17.4434 60.4838 -0.00134337 -0.000390273 0.00155695 5.51932
18.4402 60.4838 0.000818619 0.00012601 -0.000510409 8.52986
19.4369 60.4838 -0.00113978 8.61319e-05 -0.000241813 11.0386
20.4337 60.4838 0.000490118 0.000576263 -0.00012999 12.0422
21.4305 60.4838 0.000931956 0.000774442 -0.00124385 11.5404
22.4272 60.4838 0.000575772 -0.000132442 0.000585068 13.0457
23.424 60.4838 0.000103748 4.81501e-05 -0.000390179 13.5474
24.4208 60.4838 0.0005013 -9.29843e-05 0.00100797 8.0281
25.4175 60.4838 -0.00178551 0.00176453 -0.000565316 7.02459
26.4143 60.4838 -0.000273404 0.0004683 0.00174889 7.02459
27.4111 60.4838 4.18274e-05 0.000111647 -0.00107506 7.02459
28.4078 60.4838 0.000724463 0.000789813 -0.000343621 11.5404
29.4046 60.4838 -0.000556007 0.00121454 0.000259706 10.5369
30.4014 60.4838 -0.00211532 -0.000801158 -0.000429033 9.53337
31.3981 60.4838 0.000519003 0.000598325 -0.000333672 15.0527
32.3949 60.4838 -0.000178939 -0.000166484 0.000393602 13.5474
33.3917 60.4838 0.000673536 -0.000169353 0.00148286 6.02108
34.3884 60.4838 -0.000288153 -0.000832375 0.00107907 5.01756
35.3852 60.4838 -0.000337349 0.000181746 0.000601992 9.03161
36.382 60.4838 -0.000981564 0.000683774 -0.000648775 6.52283
37.3787 60.4838 -0.000896065 0.00115122 -0.000249909 15.5544
38.3755 60.4838 0.000582299 0.000279502 -0.000360574 7.52634
39.3723 60.4838 -4.68518e-05 0.000453652 -0.000534239 16.0562
40.369 60.4838 0.00142217 -0.000206783 -0.000507683 14.5509
41.3658 60.4838 -0.00140804 -0.000757683 -0.000485151 4.01405
42.3626 60.4838 0.000921617 0.00210807 0.000141254 5.51932
43.3593 60.4838 -0.0008037 -0.00222969 -9.68004e-05 4.51581
44.3561 60.4838 0.000665232 -0.000811307 -0.00114134 9.03161
45.3529 60.4838 0.000229431 0.00114536 7.52861e-05 14.5509
46.3496 60.4838 -3.46129e-05 -0.000325556 0.000809783 13.5474
47.3464 60.4838 -0.00108662 0.00138881 0.000484258 9.03161
48.3432 60.4838 0.000341139 2.19231e-05 -0.000619009 15.0527
49.3399 60.4838 0.000278732 0.000135563 -0.000802812 9.53337
50.3367 60.4838 -0.000258679 0.000342613 0.000715444 10.0351
51.3335 60.4838 0.00234471 -0.00156361 -0.000224182 7.02459
52.3302 60.4838 0.000404006 0.00101879 0.00181933 9.03161
53.327 60.4838 -3.55253e-05 -0.000104891 0.000590455 7.52634
54.3238 60.4838 0.000372561 -0.000823487 0.000144096 11.5404
55.3205 60.4838 -0.000206555 -0.00038109 0.000295306 15.5544
56.3173 60.4838 0.000135697 -0.000109967 0.000466742 10.5369
57.3141 60.4838 -0.00019082 0.000262225 5.46375e-05 17.0597
58.3108 60.4838 -0.000854364 0.000229237 -0.000188147 9.03161
59.3076 60.4838 0.000847679 -0.00159461 -0.00077789 9.03161
60.3044 60.4838 -0.000115569 -0.00169798 -0.000740294 8.52986
61.3011 60.4838 -0.00146218 -0.000609769 0.000891948 13.0457
62.2979 60.4838 0.000270123 -0.000436601 -0.000164223 15.0527
63.2947 60.4838 -0.00124074 -0.000441855 -0.000251314 11.0386
64.2914 60.4838 0.000532347 -0.000122873 -0.000217627 13.0457
65.2882 60.4838 -0.000185611 -0.00152645 0.000845796 12.5439
66.285 60.4838 0.00127421 0.000708354 -7.19008e-05 9.53337
67.2817 60.4838 -0.00117245 -0.000330702 0.000703115 8.52986
68.2785 60.4838 -6.25947e-05 0.000343178 0.000831742 12.0422
69.2753 60.4838 2.23109e-05 -0.00109624 -0.000281494 10.5369
70.272 60.4838 0.00101817 -0.000651184 -0.000435085 15.5544
71.2688 60.4838 -0.000511046 -0.000511307 -0.00107737 9.03161
72.2656 60.4838 -0.000274846 0.00065075 -8.88004e-05 14.0492
73.2623 60.4838 -0.00118918 -0.000517457 -0.00128014 15.5544
74.2591 60.4838 0.00133767 0.000234818 -0.000416761 12.0422
75.2559 60.4838 0.00227823 -0.00091484 -0.000821072 8.0281
76.2526 60.4838 1.86586e-05 -0.00023809 -0.000865224 9.53337
77.2494 60.4838 -0.000246655 -0.000101406 0.000578164 10.0351
78.2462 60.4838 0.00117404 8.89116e-05 -0.000564492 11.0386
79.2429 60.4838 -0.00137867 0.000509344 -0.000672454 10.0351
80.2397 60.4838 -0.000983005 -0.00065852 0.000731516 8.52986
81.2365 60.4838 0.000467325 -0.00109245 0.000255602 18.565
82.2332 60.4838 -0.000224629 0.00115389 -0.00103634 11.5404
0.498383 61.4836 -0.000525024 -0.00161984 0.000402728 13.0457
1.49515 61.4836 -0.00176915 0.000142539 0.000504731 9.03161
2.49192 61.4836 0.00104399 0.000409273 0.000541744 16.558
3.48868 61.4836 -0.000499065 -0.00104449 0.000809952 12.5439
4.48545 61.4836 0.000659631 0.000356553 -0.000878937 7.52634
5.48221 61.4836 -0.00129155 0.00101244 0.000265164 8.52986
6.47898 61.4836 -0.000679388 0.000151986 -0.00056715 7.02459
7.47575 61.4836 -0.000960229 0.00160697 -0.00150678 8.52986
8.47251 61.4836 -0.000130985 0.00047465 0.000280385 14.0492
9.46928 61.4836 -4.47001e-06 -0.00103475 -0.00135275 9.03161
10.466 61.4836 -0.000855445 -0.000695973 -0.000316532 12.0422
11.4628 61.4836 0.000728839 0.00135414 0.000560656 12.5439
12.4596 61.4836 0.00100811 0.00105173 0.00173883 6.52283
13.4563 61.4836 0.000317171 0.00102905 0.000546366 9.03161
14.4531 61.4836 -0.000496837 0.000949544 -0.00147043 6.02108
15.4499 61.4836 -0.000500039 0.00102804 0.0013443 7.52634
16.4466 61.4836 -0.00081867 -0.000405642 0.000338827 21.0738
17.4434 61.4836 0.00055863 -0.00042965 0.000409014 10.0351
18.4402 61.4836 -0.00019778 -0.000474045 5.75539e-05 9.03161
19.4369 61.4836 -0.000425568 0.000360766 -0.000190738 17.5615
20.4337 61.4836 0.000193138 -0.00103186 0.000461322 15.0527
21.4305 61.4836 -0.000785843 -0.000740067 -0.000365236 8.0281
22.4272 61.4836 -0.000275321 0.000299563 0.00169934 8.52986
23.424 61.4836 -0.000139721 -0.000837225 -0.000460403 7.02459
24.4208 61.4836 -0.000643028 -0.00116675 7.05658e-05 18.0632
25.4175 61.4836 0.000435875 -5.26281e-05 0.00103555 17.0597
26.4143 61.4836 -0.000594139 0.00155399 -0.000347803 11.5404
27.4111 61.4836 0.00118343 -9.28896e-05 0.000198484 21.0738
28.4078 61.4836 0.000779088 0.000581804 0.000393703 7.52634
29.4046 61.4836 -0.00070327 8.78e-05 -0.000701485 8.52986
30.4014 61.4836 -0.000236991 -0.000395103 -0.000404297 7.02459
31.3981 61.4836 -0.000948448 0.000321617 -0.000422792 7.52634
32.3949 61.4836 -0.000272174 0.000410841 0.00187617 9.53337
33.3917 61.4836 -6.08192e-05 -0.000377164 -0.000369323 14.0492
34.3884 61.4836 -0.000794212 0.000945538 -0.00108427 10.5369
35.3852 61.4836 -0.00114822 -2.33902e-05 -0.000292453 13.5474
36.382 61.4836 -0.00107745 0.000359732 0.000303124 12.5439
37.3787 61.4836 -0.000474638 -0.000375488 -0.00137078 7.02459
38.3755 61.4836 0.000557526 -8.88091e-05 -0.000514076 9.03161
39.3723 61.4836 -0.000303328 0.00112545 0.000422546 10.0351
40.369 61.4836 -0.000218752 -0.000775602 0.00144502 12.0422
41.3658 61.4836 7.69857e-05 0.000441948 0.000316668 18.565
42.3626 61.4836 -2.29718e-05 0.000532663 -0.000326033 12.0422
43.3593 61.4836 -0.00108533 -0.000231687 -0.000864196 14.5509
44.3561 61.4836 -1.78776e-05 0.000347507 -9.89304e-05 18.0632
45.3529 61.4836 -0.00201967 0.00016666 -0.000365934 6.02108
46.3496 61.4836 0.00081237 -0.000757509 -0.00127164 8.0281
47.3464 61.4836 0.00126098 0.000646911 -0.00150572 8.52986
48.3432 61.4836 -0.000531975 -0.00119177 0.00184879 8.0281
49.3399 61.4836 -0.000324341 -0.000255947 0.000619718 16.0562
50.3367 61.4836 0.000971144 -0.000218344 -0.000617932 11.5404
51.3335 61.4836 7.61745e-06 -0.000775162 -0.000182391 18.0632
52.3302 61.4836 -0.000404858 0.000306001 0.000488397 18.565
53.327 61.4836 0.00100023 0.000350477 -0.000246873 11.0386
54.3238 61.4836 0.000350929 -0.00107424 0.00169418 8.52986
55.3205 61.4836 0.00116738 0.000385692 -0.000184504 7.52634
56.3173 61.4836 -0.000498861 -0.000149672 0.000517758 11.0386
57.3141 61.4836 0.000935756 -0.000126918 -0.000786619 9.53337
58.3108 61.4836 0.000136478 0.000862557 0.000813953 13.0457
59.3076 61.4836 0.00166633 -5.04961e-05 -0.000420329 8.0281
60.3044 61.4836 -0.000309429 -0.000834592 0.000774005 15.0527
61.3011 61.4836 7.49862e-05 5.21661e-05 -0.000300853 12.0422
62.2979 61.4836 0.000425621 0.000307978 0.000278783 10.0351
63.2947 61.4836 0.000479364 -0.00065784 -0.000211716 9.03161
64.2914 61.4836 -0.000508514 -0.00190308 0.000173573 6.52283
65.2882 61.4836 0.000885513 0.00106307 0.000493667 11.5404
66.285 61.4836 0.000148506 2.63878e-05 -0.00112371 18.565
67.2817 61.4836 0.00133411 8.80112e-05 -0.00145565 9.03161
68.2785 61.4836 -0.000672556 -0.000246872 -0.000232448 13.5474
69.2753 61.4836 -0.000522313 0.000247816 3.74567e-06 12.0422
70.272 61.4836 -0.000164768 -0.000600309 -0.000549066 10.5369
71.2688 61.4836 0.000692274 -0.0012497 0.000854515 8.0281
72.2656 61.4836 -0.000611197 -0.000192968 0.00255398 4.51581
73.2623 61.4836 5.70111e-05 0.000196245 -0.00114097 9.53337
74.2591 61.4836 -0.000226003 -0.000637037 -0.000348166 17.5615
75.2559 61.4836 0.000293532 -0.000510814 0.00137619 11.0386
76.2526 61.4836 -8.7542e-05 0.000171228 -0.000410283 10.5369
77.2494 61.4836 -0.000228916 -0.000112497 -0.00116946 13.5474
78.2462 61.4836 0.0012179 0.000956607 0.000529932 9.53337
79.2429 61.4836 0.0005938 0.000973842 0.000505436 12.0422
80.2397 61.4836 0.000187776 -0.000215486 -7.7176e-06 7.02459
81.2365 61.4836 -0.000969047 -0.000188876 0.00101959 8.52986
82.2332 61.4836 0.000415967 -5.52255e-05 -5.9561e-05 12.5439
0.498383 62.4833 -0.00045257 -0.000205988 0.000394928 23.0808
1.49515 62.4833 -0.000471039 0.00120321 -0.000521142 8.0281
2.49192 62.4833 -3.74998e-05 0.000525718 0.00032887 24.0843
3.48868 62.4833 -0.000101441 -0.000429157 -0.000268852 17.0597
4.48545 62.4833 -0.000846025 -0.000472548 0.00182258 7.02459
5.48221 62.4833 9.45299e-05 -0.000641542 -5.0229e-06 6.02108
6.47898 62.4833 0.000504723 -0.00168643 -0.00196329 8.0281
7.47575 62.4833 -0.00046287 -0.000505722 -0.00041138 15.5544
8.47251 62.4833 -0.000282971 -0.000400729 0.000332769 22.579
9.46928 62.4833 -0.000699443 0.00103682 0.00086917 12.0422
10.466 62.4833 -0.00112324 0.000294958 0.0011817 14.5509
11.4628 62.4833 0.000622647 0.000499599 9.01346e-05 19.5685
12.4596 62.4833 -0.000351092 0.000702134 -3.29756e-05 9.03161
13.4563 62.4833 0.000364045 0.000282027 -0.000176943 9.53337
14.4531 62.4833 -0.000453194 0.00155217 0.000216963 6.02108
15.4499 62.4833 -0.000724049 0.000788669 0.000578526 13.5474
16.4466 62.4833 -0.00085863 0.000498336 6.68393e-05 21.5755
17.4434 62.4833 -1.40458e-05 0.000155932 -0.000420223 15.0527
18.4402 62.4833 -0.000307238 -0.00119301 0.000187484 11.0386
19.4369 62.4833 -0.000476927 0.000294922 -0.000855819 17.5615
20.4337 62.4833 -0.00125743 -9.18836e-05 -0.00107873 12.0422
21.4305 62.4833 0.000881391 -0.000530749 -0.000257256 6.02108
22.4272 62.4833 -1.10607e-05 -0.00101092 -0.00313961 5.01756
23.424 62.4833 0.000332002 -0.000619863 0.00128909 12.5439
24.4208 62.4833 -0.000111339 -0.000494843 0.000116018 19.0667
25.4175 62.4833 0.00021232 0.000322274 -0.000921 16.0562
26.4143 62.4833 0.00030819 -0.00172904 -0.000262671 9.53337
27.4111 62.4833 -0.000292533 -0.000396825 -0.00016111 21.0738
28.4078 62.4833 -0.000215975 0.000108101 0.000598773 20.0703
29.4046 62.4833 0.000218516 -0.000431458 0.00203859 7.02459
30.4014 62.4833 -0.00101381 -0.000691752 -0.000502906 3.51229
31.3981 62.4833 -0.00079762 -0.000201232 0.000254355 7.02459
32.3949 62.4833 0.000208877 -0.000195348 0.000308442 15.5544
33.3917 62.4833 -0.000519996 0.000275325 2.88695e-05 24.0843
34.3884 62.4833 -0.00035921 0.000191533 0.000956762 9.03161
35.3852 62.4833 0.000655008 2.93676e-05 -0.00116767 18.0632
36.382 62.4833 0.000325207 -0.000291023 0.000718277 21.0738
37.3787 62.4833 0.00157298 -0.000673333 0.000157932 6.02108
38.3755 62.4833 0.000142402 0.00100589 -0.00100645 8.0281
39.3723 62.4833 0.000283898 0.00195977 0.00152447 6.02108
40.369 62.4833 -0.000416433 0.000500225 0.000288885 8.52986
41.3658 62.4833 0.000798226 0.000337967 0.00111573 17.5615
42.3626 62.4833 0.000461379 0.000519334 0.000737371 12.5439
43.3593 62.4833 -0.00047634 -0.000426905 0.000475561 13.5474
44.3561 62.4833 -0.000382703 0.000767692 -0.000578508 13.5474
45.3529 62.4833 0.00105862 -0.00115809 0.000228937 9.53337
46.3496 62.4833 -0.000133055 -0.000127238 0.00134074 5.51932
47.3464 62.4833 0.000415132 0.000185976 0.000963696 4.01405
48.3432 62.4833 -8.92494e-05 0.000204762 0.00054838 12.0422
49.3399 62.4833 -0.000226671 -0.000595315 -0.0017942 19.0667
50.3367 62.4833 -0.000563153 -0.000745035 0.000415797 8.52986
51.3335 62.4833 -0.000435431 0.00034831 -0.000954791 9.03161
52.3302 62.4833 -0.0002298 0.000544219 -0.00027124 19.5685
53.327 62.4833 -0.000484009 -0.000659119 0.000441422 10.5369
54.3238 62.4833 -0.000187157 1.1957e-05 -0.000357812 6.02108
55.3205 62.4833 0.00166649 0.000436129 -0.00143844 8.0281
56.3173 62.4833 0.000848316 -0.00156635 0.00124863 7.52634
57.3141 62.4833 -4.67919e-05 -3.2764e-05 0.000540687 17.0597
58.3108 62.4833 -0.000232955 0.000222695 -0.000663458 20.572
59.3076 62.4833 -0.000597182 -0.000339827 -0.000217336 14.0492
60.3044 62.4833 0.000697609 0.000540193 0.000973995 12.5439
61.3011 62.4833 0.000140326 0.000290881 -0.000176327 15.5544
62.2979 62.4833 -0.000373635 0.000704606 -0.000797644 8.0281
63.2947 62.4833 0.000241252 -0.000175262 0.000453276 10.5369
64.2914 62.4833 -0.000635123 -0.000192708 -0.000790921 6.52283
65.2882 62.4833 0.00065749 0.000349983 0.000387119 17.5615
66.285 62.4833 3.03401e-05 0.000667896 -0.000729058 14.0492
67.2817 62.4833 -0.000123705 -1.3504e-05 -0.000316461 10.0351
68.2785 62.4833 -0.000295064 -0.000620635 -0.000534858 15.0527
69.2753 62.4833 -0.00105415 -0.000306362 0.000425523 15.0527
70.272 62.4833 -0.000524053 5.85535e-05 -0.000364434 10.5369
71.2688 62.4833 0.000224477 0.00228434 0.000569554 8.0281
72.2656 62.4833 2.65384e-05 0.000508138 -0.000272394 8.0281
73.2623 62.4833 0.00123776 -0.000206455 -0.000800433 10.0351
74.2591 62.4833 -0.000120213 0.000275816 -0.000241942 19.5685
75.2559 62.4833 0.000110071 0.000599486 0.000748736 13.5474
76.2526 62.4833 -0.00129844 9.26297e-06 -0.000121857 12.0422
77.2494 62.4833 0.000275865 -0.000172819 -4.59636e-05 23.5825
78.2462 62.4833 0.000812948 0.00136232 -0.00171508 9.53337
79.2429 62.4833 0.000472202 -0.00123155 0.00109771 8.0281
80.2397 62.4833 0.000160842 0.000352325 0.000425074 7.52634
81.2365 62.4833 -0.00136525 2.90564e-05 0.000356252 5.51932
82.2332 62.4833 -8.7342e-05 -0.000296982 0.000389142 16.558
0.498383 63.483 -0.000452075 -0.000459852 0.000730765 10.5369
1.49515 63.483 -0.00105924 -0.000789601 -0.000216858 6.02108
2.49192 63.483 -0.00158029 -9.20194e-05 -0.00136591 8.0281
3.48868 63.483 -7.24218e-05 -0.000372159 0.000616915 8.0281
4.48545 63.483 0.00117368 -0.000822728 -0.000154142 9.03161
5.48221 63.483 -0.0015061 0.000130412 -0.000329456 7.02459
6.47898 63.483 0.000528221 -0.000256004 0.000922324 19.0667
7.47575 63.483 0.00135983 0.0011967 -0.000360521 11.5404
8.47251 63.483 0.000231894 -5.03406e-05 -0.00147143 8.52986
9.46928 63.483 0.000165293 0.000737628 0.000544811 9.53337
10.466 63.483 0.000210372 0.00119985 -0.000317605 7.02459
11.4628 63.483 0.000267598 0.000424181 -0.000717008 10.0351
12.4596 63.483 0.000153604 -0.00124167 0.000416323 12.0422
13.4563 63.483 0.00098157 0.000617661 0.000755612 10.0351
14.4531 63.483 -0.000358388 0.000732693 -0.000774217 10.0351
15.4499 63.483 0.000245474 0.000344646 -0.000101824 13.0457
16.4466 63.483 -0.000515195 -9.75273e-05 0.000535814 7.52634
17.4434 63.483 -0.000964215 -0.000146823 -0.000796717 9.53337
18.4402 63.483 -0.00187451 -0.00184528 0.0015321 5.01756
19.4369 63.483 -0.000793582 6.44884e-05 -0.00103631 10.0351
20.4337 63.483 -0.000716501 0.00103675 0.000189351 11.0386
21.4305 63.483 6.96219e-05 0.000784017 0.000619575 10.5369
22.4272 63.483 0.000575522 -0.000623182 -6.48613e-05 9.53337
23.424 63.483 0.00013149 -0.000650949 0.000894697 11.5404
24.4208 63.483 -0.000225773 -0.000126812 -0.000308087 7.02459
25.4175 63.483 -0.00206859 -0.00072443 -0.00100205 6.02108
26.4143 63.483 -0.00038262 -0.000824168 4.65447e-05 5.51932
27.4111 63.483 0.000696714 -8.1956e-05 -0.00129149 8.52986
28.4078 63.483 -0.000356181 -0.000939297 0.000255816 11.0386
29.4046 63.483 0.000432437 -0.000227402 -5.36964e-05 10.0351
30.4014 63.483 -0.000556678 0.000731859 0.0008923 5.01756
31.3981 63.483 0.000150476 -0.00100261 -0.000175127 13.5474
32.3949 63.483 0.000244806 0.000179924 -1.40654e-06 11.5404
33.3917 63.483 -0.000257697 0.000579947 -0.000675405 8.0281
34.3884 63.483 -0.000590488 -0.000526142 -0.000444722 9.53337
35.3852 63.483 0.000520196 0.00106505 0.00125327 8.52986
36.382 63.483 0.000502673 0.000258544 -0.000123983 8.52986
37.3787 63.483 -0.000277906 -0.00105975 -0.00061468 10.5369
38.3755 63.483 0.000232465 0.00137108 0.00045109 11.0386
39.3723 63.483 -0.000633031 0.00091159 -0.000658837 7.02459
40.369 63.483 0.000219279 -0.000371518 -8.24154e-05 13.5474
41.3658 63.483 0.00019935 0.000322658 0.000674792 10.5369
42.3626 63.483 -0.000774535 -0.000845407 -0.000468896 9.03161
43.3593 63.483 -0.000762847 0.000656391 0.000676992 11.5404
44.3561 63.483 0.000199248 0.000290265 -5.70287e-05 10.0351
45.3529 63.483 0.000341331 -0.000569104 0.00087893 14.0492
46.3496 63.483 -0.000404468 -0.000288241 0.00140415 10.0351
47.3464 63.483 0.000563305 -0.000310394 -0.000712682 7.02459
48.3432 63.483 -0.00182553 -9.61329e-06 0.00066833 10.5369
49.3399 63.483 -0.000970764 -0.000472732 0.000863217 12.5439
50.3367 63.483 0.000221532 2.60576e-05 0.000577848 12.5439
51.3335 63.483 -0.000907731 0.000552069 0.000246488 5.01756
52.3302 63.483 -0.000301431 -0.000674723 -0.00128642 8.52986
53.327 63.483 6.37933e-06 -0.00030008 0.00122257 15.0527
54.3238 63.483 -0.000171062 0.00130153 0.000972703 8.52986
55.3205 63.483 0.000553165 7.73195e-05 0.000414053 8.52986
56.3173 63.483 -0.000204243 0.000138516 -0.0010664 9.53337
57.3141 63.483 0.000198557 -0.000798661 0.000280359 8.52986
58.3108 63.483 -0.000101235 -0.000575303 0.00100447 10.0351
59.3076 63.483 0.000292054 0.00067139 0.000656814 9.53337
60.3044 63.483 -0.00038075 0.000960663 0.000229646 13.5474
61.3011 63.483 -0.000935673 0.000226675 -0.000305135 9.03161
62.2979 63.483 -0.00033704 0.000531853 0.000859573 11.0386
63.2947 63.483 0.000472958 -0.000807362 0.000599801 10.0351
64.2914 63.483 -2.66532e-05 0.000817657 -0.000179716 9.03161
65.2882 63.483 0.000211888 -1.69714e-05 0.000548694 13.5474
66.285 63.483 -0.000457569 0.00186774 -0.000489608 10.0351
67.2817 63.483 0.00134561 0.00090042 -0.00149422 9.53337
68.2785 63.483 -0.000137337 -0.000554134 -0.000375519 12.5439
69.2753 63.483 6.51416e-05 0.000270293 -0.00118228 13.5474
70.272 63.483 0.000473427 -0.00138979 0.000593614 9.03161
71.2688 63.483 0.00145973 0.00060275 0.000492975 9.53337
72.2656 63.483 0.000354654 3.92452e-05 0.000657555 10.0351
73.2623 63.483 -0.000819406 0.00126606 -0.00102972 12.0422
74.2591 63.483 0.00022651 -0.000725385 0.00083159 11.0386
75.2559 63.483 0.000718757 0.00086145 -0.00102012 9.03161
76.2526 63.483 -0.000196957 -0.000912577 -0.0003911 6.52283
77.2494 63.483 -0.000748043 0.00111162 -0.000382748 9.03161
78.2462 63.483 0.000510719 0.000219965 -0.000442956 10.5369
79.2429 63.483 -0.00103802 -0.000923524 -0.000589387 14.0492
80.2397 63.483 0.000343141 0.000888265 -0.000496017 9.03161
81.2365 63.483 -0.000722904 0.000711361 -0.000542888 10.5369
82.2332 63.483 -0.00116076 0.000928741 -0.00151552 8.0281
0.498383 64.4827 0.000798217 0.000435822 0.000114021 7.52634
1.49515 64.4827 -1.6044e-05 0.000233723 0.00095723 5.01756
2.49192 64.4827 0.000373288 -0.000142557 -0.000105256 9.53337
3.48868 64.4827 0.000771306 -4.49563e-05 8.46862e-05 17.0597
4.48545 64.4827 0.000230579 -0.00117151 0.000141735 25.5896
5.48221 64.4827 -0.000768003 0.00154735 0.00213588 7.02459
6.47898 64.4827 -0.000209208 -0.000446634 0.000195358 19.0667
7.47575 64.4827 7.69154e-05 -0.000763511 0.000145308 20.572
8.47251 64.4827 -0.00255764 0.000298835 0.00160888 7.52634
9.46928 64.4827 -0.000960432 0.00258708 0.000520558 9.53337
10.466 64.4827 -0.00178967 -0.000406935 0.000132888 7.02459
11.4628 64.4827 0.000379072 -0.000150095 -0.000125391 14.5509
12.4596 64.4827 0.000374082 0.000753645 -0.000130217 21.5755
13.4563 64.4827 9.82998e-06 -0.000171833 0.000172345 11.0386
14.4531 64.4827 -0.000200983 0.000575679 -0.000176732 14.0492
15.4499 64.4827 -2.46638e-05 -0.00119623 -0.000163583 19.0667
16.4466 64.4827 -0.000592107 -0.000414752 0.00137916 10.0351
17.4434 64.4827 6.51013e-05 0.000834009 0.000924262 5.01756
18.4402 64.4827 -0.00115929 0.000490524 0.000296934 7.02459
19.4369 64.4827 0.000826572 0.000310748 0.0020181 13.5474
20.4337 64.4827 -0.000591516 0.000659894 -0.000945583 25.5896
21.4305 64.4827 -0.000468911 6.58072e-05 -0.000563264 17.5615
22.4272 64.4827 0.000700373 -0.00232594 -0.000333006 11.5404
23.424 64.4827 -1.15696e-05 0.000371412 -0.000221839 27.5966
24.4208 64.4827 -0.000365235 7.92224e-05 2.57893e-05 15.0527
25.4175 64.4827 -0.000189264 0.00128031 -0.000245702 6.02108
26.4143 64.4827 0.00043471 6.77261e-05 0.00128362 7.02459
27.4111 64.4827 0.0011688 0.000723071 0.000133132 5.51932
28.4078 64.4827 0.000118879 0.000183011 -0.000397171 17.5615
29.4046 64.4827 -0.000177333 0.000729913 0.00061971 25.0878
30.4014 64.4827 0.00116422 -0.000331527 -3.35084e-05 10.0351
31.3981 64.4827 0.000343289 -1.86679e-05 0.00103866 21.0738
32.3949 64.4827 -0.000109903 0.000516886 0.000186615 16.558
33.3917 64.4827 -0.0018392 -0.000161624 -0.00149039 8.52986
34.3884 64.4827 -6.45846e-07 -0.00110481 -0.000312364 6.52283
35.3852 64.4827 -0.00169674 -0.00131453 0.000128303 7.02459
36.382 64.4827 0.000215447 0.00114552 0.000432817 13.5474
37.3787 64.4827 -0.000640244 -0.000541742 7.89994e-05 28.0984
38.3755 64.4827 0.000831725 0.00103728 -0.000804184 12.0422
39.3723 64.4827 -0.00111525 -0.000483818 -0.000270879 18.565
40.369 64.4827 0.000277161 -0.000265203 -0.000720581 26.5931
41.3658 64.4827 0.00212016 -0.000808343 3.84648e-05 5.01756
42.3626 64.4827 0.000681633 -0.00175825 0.000185152 5.51932
43.3593 64.4827 0.00135667 -0.00077168 0.000423796 7.52634
44.3561 64.4827 -0.000284917 -0.000258597 0.000129058 12.5439
45.3529 64.4827 0.000572996 -0.000137358 0.000197196 20.572
46.3496 64.4827 0.000447258 -0.000570082 -0.00155529 11.0386
47.3464 64.4827 -0.000652224 -0.000129615 -4.44317e-05 19.0667
48.3432 64.4827 0.00011338 -0.000102891 0.000102853 26.0913
49.3399 64.4827 -0.000926433 0.000683089 -0.000413235 11.5404
50.3367 64.4827 -0.00115251 -0.000888344 0.000936949 6.52283
51.3335 64.4827 -0.000795058 0.000246612 0.000856819 10.0351
52.3302 64.4827 0.000242862 -0.00168788 0.000937714 11.0386
53.327 64.4827 -0.000475242 0.000202454 -0.000664574 21.5755
54.3238 64.4827 0.000359891 -0.000900549 0.00115413 14.5509
55.3205 64.4827 -0.000258371 0.00135809 0.000286272 9.03161
56.3173 64.4827 0.000264163 -0.00010172 -0.000155949 27.5966
57.3141 64.4827 -0.000837986 0.000617084 0.00128336 12.5439
58.3108 64.4827 -0.000168842 -0.00146262 -0.000147692 6.02108
59.3076 64.4827 -0.000211702 0.00107753 0.000425408 10.0351
60.3044 64.4827 0.000627813 -0.00039135 0.000841551 8.52986
61.3011 64.4827 0.000297329 -0.0020076 -0.00137618 13.0457
62.2979 64.4827 -1.40741e-05 -0.000842379 -0.000260988 16.558
63.2947 64.4827 -0.000459943 -0.000114137 -0.000393219 16.0562
64.2914 64.4827 0.00055691 4.23018e-05 -0.000229945 14.0492
65.2882 64.4827 -0.000709083 -0.000865299 0.000460311 15.0527
66.285 64.4827 0.00034334 0.000285184 0.000996717 9.53337
67.2817 64.4827 -0.000809808 5.24996e-05 -0.000628293 8.52986
68.2785 64.4827 0.000298588 -0.000809544 0.00132894 7.02459
69.2753 64.4827 -0.000260791 0.000622266 0.00100395 12.0422
70.272 64.4827 -0.000324884 -0.000515214 -0.000758246 18.0632
71.2688 64.4827 0.0014851 0.0010884 -0.000386136 14.0492
72.2656 64.4827 -7.19839e-07 -0.000816999 0.000370925 15.5544
73.2623 64.4827 0.000368028 -5.07474e-05 -8.5942e-06 22.579
74.2591 64.4827 -0.000492892 -0.00141977 0.000822962 9.53337
75.2559 64.4827 -0.00249817 0.000854732 -0.00029257 9.03161
76.2526 64.4827 0.000506356 -0.000735126 -0.00136905 5.01756
77.2494 64.4827 0.000204496 -0.000325244 0.000387926 10.0351
78.2462 64.4827 0.00136687 0.000686483 -0.000811817 19.5685
79.2429 64.4827 -1.38684e-06 0.000248222 -0.00107728 19.5685
80.2397 64.4827 -0.00015828 4.47097e-05 -0.000516028 8.0281
81.2365 64.4827 -0.000506184 0.000523695 0.000403651 22.0773
82.2332 64.4827 -0.000143931 -0.000563187 0.000760792 16.0562
0.498383 65.4825 0.000167028 0.000481504 0.000783851 12.0422
1.49515 65.4825 0.000279952 0.000456594 -8.91459e-05 8.0281
2.49192 65.4825 -0.00210181 -0.000933224 0.000474858 9.03161
3.48868 65.4825 -0.0011212 -0.000212494 -0.000307393 12.0422
4.48545 65.4825 -0.000713221 0.000178043 -0.00074301 10.5369
5.48221 65.4825 -0.000406766 -0.000128497 0.00106531 8.0281
6.47898 65.4825 -0.000579182 -0.000119251 -0.000423559 12.0422
7.47575 65.4825 0.000169682 0.00051717 -0.000296426 10.0351
8.47251 65.4825 0.000232493 -0.000852544 0.00170529 5.01756
9.46928 65.4825 -0.000515334 0.000386192 -0.00091653 8.0281
10.466 65.4825 0.000597081 -4.78124e-06 -0.000775757 12.5439
11.4628 65.4825 2.26124e-05 0.000654124 -0.000745725 12.0422
12.4596 65.4825 0.000907324 0.000107003 -0.000475096 12.0422
13.4563 65.4825 -0.000959249 0.000122212 0.00120144 8.52986
14.4531 65.4825 -0.000388424 -0.000878375 -0.000518169 11.0386
15.4499 65.4825 -0.000120367 -0.00014459 -2.97088e-05 13.0457
16.4466 65.4825 0.000869366 0.00140992 -0.000374914 8.0281
17.4434 65.4825 -0.000837201 3.26008e-05 0.000888422 11.0386
18.4402 65.4825 0.000791264 -0.000336478 -0.0010489 8.52986
19.4369 65.4825 0.000671659 0.000370835 -0.000953051 9.53337
20.4337 65.4825 -0.000909262 -0.00112284 -0.00122588 9.53337
21.4305 65.4825 0.00137545 -0.000529093 -0.000387249 8.0281
22.4272 65.4825 0.000943478 0.000512716 -0.00129798 7.52634
23.424 65.4825 0.000726257 -0.00102321 -0.000791651 6.52283
24.4208 65.4825 -0.000712512 -0.000360382 0.000812374 11.5404
25.4175 65.4825 -0.00053525 -5.50575e-06 0.000426904 10.0351
26.4143 65.4825 -0.000471086 -0.000335877 -0.000835348 8.0281
27.4111 65.4825 -9.18545e-05 -0.000480446 -0.000381507 8.52986
28.4078 65.4825 -0.000756761 -0.00060348 0.00117551 13.0457
29.4046 65.4825 0.000112614 4.91476e-05 0.000890737 8.52986
30.4014 65.4825 0.0010726 -0.000955978 0.000767504 7.02459
31.3981 65.4825 -0.00111279 -0.00108461 -0.000536467 16.0562
32.3949 65.4825 0.000190396 0.00126601 0.000391965 9.03161
33.3917 65.4825 0.000874144 -0.000148663 -0.00163372 5.01756
34.3884 65.4825 0.000746612 -0.000872294 -0.00096891 5.01756
35.3852 65.4825 -0.000225717 -0.000731561 -0.000110558 8.52986
36.382 65.4825 0.00105882 0.00106039 -0.00107644 8.52986
37.3787 65.4825 -0.000809691 0.000289842 0.000601171 16.558
38.3755 65.4825 0.00125202 0.000835635 -0.000175105 6.52283
39.3723 65.4825 -0.000917188 0.00126114 -0.000472591 9.53337
40.369 65.4825 0.0002088 -0.000313789 0.000397368 11.0386
41.3658 65.4825 -0.000758421 -0.000341934 0.0013386 4.01405
42.3626 65.4825 -6.38499e-05 0.000906946 -0.000286329 11.5404
43.3593 65.4825 0.000211081 -0.001108 -5.81028e-05 5.51932
44.3561 65.4825 0.000265916 -0.000123436 0.000369812 11.0386
45.3529 65.4825 -0.00139117 0.000459584 -7.50574e-05 15.5544
46.3496 65.4825 -0.000152879 1.71428e-05 0.00162533 8.52986
47.3464 65.4825 -0.000678621 -0.00121037 0.000112029 9.03161
48.3432 65.4825 0.000477533 4.87191e-05 0.000956793 11.0386
49.3399 65.4825 -0.00033279 0.00058898 0.000210936 8.0281
50.3367 65.4825 -0.000729666 -0.000669347 -0.00026642 8.52986
51.3335 65.4825 0.000881557 -0.000224465 -0.00102111 6.02108
52.3302 65.4825 -0.0014891 -0.000122764 0.000153804 12.0422
53.327 65.4825 -0.000136558 -0.000605262 0.000559686 14.0492
54.3238 65.4825 -4.87462e-05 0.00133436 -0.000704319 7.52634
55.3205 65.4825 0.00127711 -0.000202651 -5.00739e-05 10.0351
56.3173 65.4825 -0.00073954 3.58155e-05 0.00110639 15.0527
57.3141 65.4825 0.000260539 0.000369129 0.000471956 12.0422
58.3108 65.4825 0.0014853 3.64685e-05 -0.000923941 5.51932
59.3076 65.4825 -0.000919944 -0.000655467 0.000253758 8.0281
60.3044 65.4825 -0.000432299 0.000307602 -2.46871e-05 10.5369
61.3011 65.4825 0.000422146 -0.00132058 0.000364279 9.03161
62.2979 65.4825 -9.60609e-06 0.000320624 -5.82571e-05 11.5404
63.2947 65.4825 0.000120095 -0.000297279 -0.000286937 11.5404
64.2914 65.4825 0.000886128 -0.00057029 -0.000570382 11.5404
65.2882 65.4825 0.00040348 0.000453702 0.000147874 11.5404
66.285 65.4825 0.0012042 -0.000899849 -0.0012813 15.5544
67.2817 65.4825 5.02942e-05 -0.000760843 -0.00242438 6.02108
68.2785 65.4825 -0.000302961 -0.00096529 0.000103228 11.0386
69.2753 65.4825 0.000737008 0.000842125 0.000372866 13.0457
70.272 65.4825 -0.000597919 8.95241e-05 0.000388008 10.0351
71.2688 65.4825 0.000158536 -0.000637161 0.00169895 12.0422
72.2656 65.4825 0.000847287 0.000556919 -0.000733199 10.5369
73.2623 65.4825 -0.000674643 -1.85529e-05 -0.00100989 11.0386
74.2591 65.4825 0.000550274 -4.37833e-05 0.00113585 10.5369
75.2559 65.4825 -0.000227093 0.000422438 0.000127904 11.5404
76.2526 65.4825 -0.000156211 0.000990327 -0.000616583 9.53337
77.2494 65.4825 0.000404726 -0.00032754 -0.000379287 10.5369
78.2462 65.4825 0.000317732 -0.000452131 -0.000562241 10.0351
79.2429 65.4825 0.000436718 0.000998889 -0.00020741 11.5404
80.2397 65.4825 -0.000631571 -0.000172454 -0.000768818 11.0386
81.2365 65.4825 -0.000526174 -0.000279151 -0.000804259 11.5404
82.2332 65.4825 -0.00107051 -0.000212876 0.00202851 12.0422
0.498383 66.4822 -0.000302769 -0.00018295 7.83438e-05 21.0738
1.49515 66.4822 0.000223224 0.000642796 -7.62942e-05 7.52634
2.49192 66.4822 0.000216736 0.000158845 0.000430186 20.0703
3.48868 66.4822 0.000136026 -0.000718037 -0.000584593 12.5439
4.48545 66.4822 -0.000992471 0.000461753 -0.000373848 7.02459
5.48221 66.4822 0.00110555 -0.00208782 0.000885168 4.51581
6.47898 66.4822 2.05059e-06 -0.000283765 -0.00022729 9.03161
7.47575 66.4822 0.000171761 -0.00169028 -0.000807314 9.53337
8.47251 66.4822 8.14693e-06 -0.000200644 -0.00023197 23.0808
9.46928 66.4822 0.000350168 -0.000343023 -0.00106689 11.0386
10.466 66.4822 -0.000345448 -0.000791722 -0.00110058 14.5509
11.4628 66.4822 0.000162258 0.000554201 0.000204118 16.0562
12.4596 66.4822 0.000610964 0.000959982 -0.000708385 7.02459
13.4563 66.4822 0.000930175 -0.00108884 -0.000871281 7.02459
14.4531 66.4822 0.000132511 0.000914691 -0.00116326 10.0351
15.4499 66.4822 -0.000915703 -0.000828206 -1.06272e-05 11.0386
16.4466 66.4822 -0.00099004 5.26161e-07 0.000334579 15.5544
17.4434 66.4822 0.00190363 0.000832676 0.00115779 12.5439
18.4402 66.4822 0.000737358 4.1355e-05 -0.00199229 15.5544
19.4369 66.4822 -0.000714012 -0.000347019 -0.0002525 20.572
20.4337 66.4822 -0.000804819 -0.00180683 0.000382988 8.0281
21.4305 66.4822 0.000415235 -0.000586806 -0.0011811 7.02459
22.4272 66.4822 0.000715593 0.000511217 -0.000104871 6.52283
23.424 66.4822 0.000342818 -0.000627126 -5.19231e-05 10.0351
24.4208 66.4822 0.000257213 0.000390249 -0.000428061 16.558
25.4175 66.4822 0.000451058 0.000272926 0.000620945 17.5615
26.4143 66.4822 -0.000198865 0.000234705 -0.000168409 10.0351
27.4111 66.4822 0.000129791 0.00018459 -0.000226533 19.0667
28.4078 66.4822 0.000481404 -0.00117708 -0.000868603 12.0422
29.4046 66.4822 0.000709745 -0.000785515 0.000892196 7.02459
30.4014 66.4822 -0.00183567 0.000334853 -0.000851499 7.02459
31.3981 66.4822 0.000122673 0.000615106 0.000603937 7.02459
32.3949 66.4822 0.000163639 -0.000343207 -0.000984456 14.0492
33.3917 66.4822 0.000358928 0.000422364 0.000657644 26.5931
34.3884 66.4822 -0.000160014 -0.00149112 0.00115918 6.52283
35.3852 66.4822 0.000165782 0.000256865 0.000611078 20.572
36.382 66.4822 0.000287929 -0.000226781 -0.000499494 19.0667
37.3787 66.4822 -0.000372877 0.000251549 -0.000224521 9.03161
38.3755 66.4822 0.000393676 -0.000229582 -0.00163112 6.02108
39.3723 66.4822 0.00102205 -5.50413e-05 -0.00130791 6.02108
40.369 66.4822 0.000822925 0.000169929 -0.000833294 9.53337
41.3658 66.4822 0.000254265 0.00084516 -0.000321669 21.5755
42.3626 66.4822 -0.000202463 -9.42186e-05 -5.75338e-05 12.5439
43.3593 66.4822 0.000653274 -0.00074548 0.000511728 16.558
44.3561 66.4822 0.000690598 -0.000375654 0.000210264 18.565
45.3529 66.4822 -0.000117824 -7.51124e-05 0.000123612 11.0386
46.3496 66.4822 0.00106268 0.000432929 0.000679405 5.51932
47.3464 66.4822 -0.000555218 -0.00185684 -0.000771114 9.03161
48.3432 66.4822 0.000930213 0.000151317 -0.000318082 10.0351
49.3399 66.4822 -0.000273678 -0.000583452 0.000381372 19.5685
50.3367 66.4822 -0.00114709 0.00117989 0.000738843 13.5474
51.3335 66.4822 0.00105051 0.00037975 0.000821745 14.0492
52.3302 66.4822 -0.000565829 -0.000492774 -3.04488e-05 20.572
53.327 66.4822 -0.00100527 -0.000681899 -0.00034099 8.0281
54.3238 66.4822 -0.000693028 0.00193404 0.000191051 7.02459
55.3205 66.4822 0.000839385 0.00112841 -0.000895544 6.02108
56.3173 66.4822 0.00146764 9.50187e-05 4.4413e-07 11.5404
57.3141 66.4822 0.000866798 0.000933512 -0.000724001 14.0492
58.3108 66.4822 -0.000127158 8.66986e-05 -0.000417112 21.5755
59.3076 66.4822 0.00100671 0.000231761 0.00100285 10.5369
60.3044 66.4822 0.000404746 -0.000176035 0.000473776 17.0597
61.3011 66.4822 -0.000654273 0.000632942 -0.000217743 15.0527
62.2979 66.4822 0.000702379 0.00108871 0.000885976 11.0386
63.2947 66.4822 -0.00106241 -0.000127147 -0.000717636 9.53337
64.2914 66.4822 -0.00149867 0.000562744 -8.3777e-05 10.0351
65.2882 66.4822 -0.00082374 -0.000129793 0.000265042 14.5509
66.285 66.4822 -0.000923562 -9.91437e-05 -0.000635242 12.0422
67.2817 66.4822 1.51251e-05 0.000583578 -0.000295827 12.0422
68.2785 66.4822 0.000178522 -0.000565788 -0.000422899 16.558
69.2753 66.4822 -0.000196172 -9.9118e-05 -0.000655776 13.5474
70.272 66.4822 -0.000373593 -0.000380539 -0.00169903 9.03161
71.2688 66.4822 -0.0016513 -6.53677e-05 0.00130675 11.5404
72.2656 66.4822 0.00156147 0.00283062 -0.000580441 6.52283
73.2623 66.4822 0.00105088 -0.00061464 -0.000726415 5.51932
74.2591 66.4822 0.000562025 0.000139215 -2.0688e-05 17.5615
75.2559 66.4822 -0.00072165 0.00128897 -0.000388889 12.5439
76.2526 66.4822 -0.00064156 -0.000362535 0.000100925 12.0422
77.2494 66.4822 -0.000163782 0.000640684 0.00106934 20.572
78.2462 66.4822 -0.000997923 0.00182151 0.00050694 10.0351
79.2429 66.4822 0.00150631 -0.000832637 -0.00160102 9.03161
80.2397 66.4822 -0.000298421 -0.0013681 -0.000431923 7.02459
81.2365 66.4822 0.00179426 0.00134885 0.000876366 6.02108
82.2332 66.4822 -0.000562126 0.00100857 -0.000722872 15.0527
0.498383 67.4819 -0.00163919 -0.000371621 0.000491749 12.5439
1.49515 67.4819 0.000114079 -0.000447236 0.000508156 15.0527
2.49192 67.4819 -0.000265861 -0.000464659 -0.000779872 14.5509
3.48868 67.4819 0.000295455 0.000108507 0.000635861 16.0562
4.48545 67.4819 -6.33875e-05 0.000392972 -0.000147751 8.52986
5.48221 67.4819 0.000997407 0.000326873 0.00167646 7.52634
6.47898 67.4819 0.00115861 0.00141146 0.000985504 8.52986
7.47575 67.4819 -6.56591e-05 -0.000470942 -0.000299298 13.5474
8.47251 67.4819 0.000149748 0.000328274 -0.0012079 12.0422
9.46928 67.4819 -0.00181505 0.000953741 0.000516311 8.52986
10.466 67.4819 0.00056825 0.000218119 0.000300676 19.5685
11.4628 67.4819 0.000186008 -6.3391e-05 0.000443304 11.5404
12.4596 67.4819 -0.000778589 -0.00144115 -0.000401016 7.52634
13.4563 67.4819 0.000163259 0.000937261 -0.00153544 7.52634
14.4531 67.4819 0.00133273 -0.000772709 0.000860106 7.02459
15.4499 67.4819 1.8746e-05 -0.000413695 0.00140557 11.5404
16.4466 67.4819 0.000709742 0.000493727 -0.000158516 16.558
17.4434 67.4819 -0.000511474 0.000609605 0.00111597 11.5404
18.4402 67.4819 0.000543037 0.000622254 -0.000152977 7.52634
19.4369 67.4819 -0.000102227 0.000344485 -0.000322207 19.5685
20.4337 67.4819 -0.000261609 -2.83686e-05 0.000703409 14.5509
21.4305 67.4819 -0.000380361 0.000557771 0.000708619 12.5439
22.4272 67.4819 -0.000342721 0.000130691 -2.11244e-05 9.03161
23.424 67.4819 0.00133173 0.00316931 0.000805422 5.51932
24.4208 67.4819 0.000296727 3.34992e-05 0.000356429 14.5509
25.4175 67.4819 0.000502809 -0.000650045 -0.00119699 12.5439
26.4143 67.4819 9.1846e-05 -0.000539778 3.82366e-05 11.0386
27.4111 67.4819 -1.30581e-05 0.000523335 -0.000231302 19.5685
28.4078 67.4819 -0.000211267 0.000794236 -0.000210901 12.5439
29.4046 67.4819 -0.000121442 -0.00113367 0.000591856 7.02459
30.4014 67.4819 -0.000274894 0.000472962 0.000317239 7.52634
31.3981 67.4819 0.0011382 0.00152091 -0.00159323 6.02108
32.3949 67.4819 -0.000458083 7.9097e-05 0.000726895 10.0351
33.3917 67.4819 -0.000416437 0.000635369 0.000163338 18.565
34.3884 67.4819 0.000980017 -4.40853e-06 0.000355764 13.0457
35.3852 67.4819 0.00154553 0.000207841 0.000432814 12.5439
36.382 67.4819 -0.000511903 -0.000441857 0.000438261 16.558
37.3787 67.4819 0.000331129 0.00180439 -0.00123795 4.51581
38.3755 67.4819 0.00197653 -0.00194638 -0.000481016 6.52283
39.3723 67.4819 0.00117123 0.00110052 -0.000322553 6.52283
40.369 67.4819 -0.000645878 -0.00163965 0.000575537 11.0386
41.3658 67.4819 -7.88463e-05 -0.000771432 0.000113659 24.5861
42.3626 67.4819 -0.000510685 3.712e-06 5.99728e-05 9.53337
43.3593 67.4819 -0.000688194 0.000185943 -0.000784412 18.565
44.3561 67.4819 0.00107022 -0.000814544 -0.000879516 13.5474
45.3529 67.4819 2.62624e-05 0.000731921 0.00107063 8.52986
46.3496 67.4819 0.000473317 0.00118509 -0.000693688 9.03161
47.3464 67.4819 0.00113002 -0.00131713 -0.000729646 7.02459
48.3432 67.4819 6.88692e-05 0.000323315 0.000624377 11.0386
49.3399 67.4819 0.000341121 -0.000283893 0.000162788 15.0527
50.3367 67.4819 0.000395864 -0.000134023 -0.000155006 15.5544
51.3335 67.4819 0.000159888 0.000768165 0.000872951 12.0422
52.3302 67.4819 -0.00157514 -0.000971069 3.39371e-05 16.0562
53.327 67.4819 -0.000407529 -0.00069369 0.000675052 11.5404
54.3238 67.4819 0.000183184 0.00031675 5.74557e-05 8.0281
55.3205 67.4819 0.000859311 0.00122215 -0.00131995 5.51932
56.3173 67.4819 1.48571e-05 -0.000490346 -0.00119094 7.52634
57.3141 67.4819 0.000420751 0.00109355 0.000403044 14.0492
58.3108 67.4819 -0.000681759 -0.000852523 -0.000871966 14.5509
59.3076 67.4819 -0.000578448 -0.00203038 0.000238342 11.0386
60.3044 67.4819 -0.000398405 1.05312e-05 0.000176924 15.5544
61.3011 67.4819 0.000400574 -0.00034704 0.000311387 17.0597
62.2979 67.4819 0.00355445 0.00321711 -0.0002587 4.01405
63.2947 67.4819 -2.11342e-05 -0.000212831 -0.00117271 8.52986
64.2914 67.4819 -0.000909626 -0.000717872 -0.000641001 9.53337
65.2882 67.4819 0.000457729 -0.000533784 0.00101822 11.5404
66.285 67.4819 -0.000180025 0.000114869 0.000147158 14.0492
67.2817 67.4819 0.000200054 -0.000543818 0.00134632 8.52986
68.2785 67.4819 0.000608351 0.000370209 0.000822174 16.0562
69.2753 67.4819 0.000753672 -0.000353111 0.000864912 14.5509
70.272 67.4819 0.000549722 0.00055069 0.00031442 12.5439
71.2688 67.4819 -0.000125785 -0.000713598 0.000318925 12.0422
72.2656 67.4819 8.40205e-05 -0.000230139 -0.000405055 8.52986
73.2623 67.4819 0.000923664 0.000485902 0.000289475 13.0457
74.2591 67.4819 0.000414967 0.000553057 -0.000581606 16.0562
75.2559 67.4819 -0.000963347 -0.000373365 -0.000158983 14.0492
76.2526 67.4819 -0.000389429 0.000750069 0.000208221 11.5404
77.2494 67.4819 -0.000277696 0.000265624 0.000467969 19.0667
78.2462 67.4819 0.000120742 0.000141502 0.000989276 8.0281
79.2429 67.4819 -0.000141019 -0.00069536 -0.00102141 5.01756
80.2397 67.4819 0.000513552 -0.000630124 0.00042878 8.0281
81.2365 67.4819 0.00124346 0.000809471 0.000579124 9.03161
82.2332 67.4819 0.000896671 7.29943e-05 0.000406402 14.0492
0.498383 68.4817 -0.00129775 -0.00171874 0.000140147 8.0281
1.49515 68.4817 0.00350235 -0.000421712 0.00038091 6.52283
2.49192 68.4817 -0.00121196 0.000346416 0.00250888 4.51581
3.48868 68.4817 -0.000484368 0.000246253 0.00099542 14.0492
4.48545 68.4817 -0.000458143 0.000252162 -0.000108479 19.0667
5.48221 68.4817 0.000216398 -0.000101367 -0.000315202 7.02459
6.47898 68.4817 7.23575e-05 0.00115328 0.000120367 15.0527
7.47575 68.4817 0.000282918 -0.000307818 4.86712e-06 13.0457
8.47251 68.4817 -0.000717999 0.000808068 0.000880751 9.03161
9.46928 68.4817 -5.69036e-05 0.000907784 0.00052606 10.0351
10.466 68.4817 -0.000688955 -0.000578133 0.000244511 9.03161
11.4628 68.4817 -0.000277753 -0.000102041 3.93844e-05 14.5509
12.4596 68.4817 0.000309169 0.000386386 -0.000591046 17.0597
13.4563 68.4817 -0.000223206 -0.00159122 0.00012179 10.0351
14.4531 68.4817 0.00075883 -0.000664447 -7.54019e-05 14.0492
15.4499 68.4817 -0.000284732 0.000326406 -0.000195392 13.0457
16.4466 68.4817 0.000285539 -0.000301319 0.00135725 10.0351
17.4434 68.4817 0.00181138 0.00119577 -0.000653581 9.03161
18.4402 68.4817 0.00242339 -9.58313e-05 -0.00147642 4.01405
19.4369 68.4817 0.000420874 -0.000121648 -7.28035e-05 10.5369
20.4337 68.4817 -0.000629024 -0.00173304 -0.000316227 9.03161
21.4305 68.4817 -0.000356278 0.00011615 -0.000181039 9.03161
22.4272 68.4817 -0.000428038 0.000505611 0.000942201 12.5439
23.424 68.4817 0.000303148 -0.000415398 -0.000162528 13.0457
24.4208 68.4817 -0.000765388 -0.00111461 0.00015827 10.5369
25.4175 68.4817 0.00192145 -0.000249989 -0.000226468 8.52986
26.4143 68.4817 0.00157599 9.56259e-05 0.000947731 5.51932
27.4111 68.4817 0.00123584 0.000588228 -0.000944489 5.51932
28.4078 68.4817 -0.00113566 -0.00101565 -0.000213945 12.0422
29.4046 68.4817 0.00128771 -0.000155065 -0.000335351 18.0632
30.4014 68.4817 -0.000811208 0.000689132 -0.000845295 6.02108
31.3981 68.4817 0.000395796 -0.000211254 -6.15699e-05 15.5544
32.3949 68.4817 -0.000734632 0.000838503 6.27595e-05 14.0492
33.3917 68.4817 0.000312418 -0.000124303 -0.000963989 7.02459
34.3884 68.4817 0.00172872 -0.000326451 -0.000671596 7.02459
35.3852 68.4817 -0.000470854 0.00107344 0.000209582 6.02108
36.382 68.4817 0.000874149 -0.000104548 0.00045846 11.0386
37.3787 68.4817 0.00105403 -9.6678e-05 0.000365444 18.0632
38.3755 68.4817 5.06898e-05 0.000684507 0.00107703 9.53337
39.3723 68.4817 -0.000427655 -0.000601199 -0.000810815 14.0492
40.369 68.4817 0.000960197 0.000484276 -1.76652e-05 15.5544
41.3658 68.4817 0.0010587 -0.0014532 0.000185589 7.52634
42.3626 68.4817 -0.00137463 0.00171125 -0.000240705 4.51581
43.3593 68.4817 0.000595258 -0.000102878 0.00162676 7.52634
44.3561 68.4817 -0.000910078 0.00161159 0.000791302 6.52283
45.3529 68.4817 9.2759e-05 0.000465849 -0.000476432 14.0492
46.3496 68.4817 2.80044e-06 0.00336934 0.000214179 7.02459
47.3464 68.4817 -0.000563503 0.000332789 0.000249634 11.5404
48.3432 68.4817 -0.000361126 0.000364574 -0.000235588 13.0457
49.3399 68.4817 -0.000797772 -4.87567e-06 0.000380624 10.5369
50.3367 68.4817 0.00117245 0.00151038 -0.000124236 4.01405
51.3335 68.4817 -0.00108574 0.00150813 -0.000965273 9.03161
52.3302 68.4817 0.000409542 0.000168032 0.000762909 9.53337
53.327 68.4817 -0.000704949 0.00055811 0.000976699 15.0527
54.3238 68.4817 -0.000156925 2.23687e-05 1.17349e-05 12.0422
55.3205 68.4817 -3.70047e-05 -0.000602709 0.000435118 7.52634
56.3173 68.4817 0.000246274 0.000241643 0.000842881 14.5509
57.3141 68.4817 0.00118798 1.48002e-05 0.000633587 11.5404
58.3108 68.4817 -0.000216138 -0.00256023 0.000489182 6.02108
59.3076 68.4817 5.17845e-05 -0.000866756 -0.00102475 9.03161
60.3044 68.4817 0.000293902 9.41632e-06 0.000725324 12.5439
61.3011 68.4817 -2.16701e-05 0.000752825 -0.00132493 9.53337
62.2979 68.4817 0.00070342 0.00046553 -0.000318653 12.5439
63.2947 68.4817 -0.00126664 -0.00101056 -0.000342242 10.0351
64.2914 68.4817 0.00173389 0.000200656 0.00148276 10.0351
65.2882 68.4817 0.000475841 -0.000116207 -0.00046219 13.5474
66.285 68.4817 0.00105436 -0.00168036 -0.000740555 6.52283
67.2817 68.4817 0.00043939 0.000370832 -0.000394206 13.0457
68.2785 68.4817 0.00120152 -0.000401534 -0.000922583 8.0281
69.2753 68.4817 -0.000659748 0.000857329 -0.000540372 11.0386
70.272 68.4817 -6.3956e-05 -0.000626374 0.000388634 12.0422
71.2688 68.4817 0.00103416 -0.000334298 6.9198e-05 10.5369
72.2656 68.4817 -0.000119623 -0.000828279 -0.00116521 10.5369
73.2623 68.4817 -0.000178951 -0.000796874 -0.000225939 14.0492
74.2591 68.4817 0.000881655 -5.20845e-05 -0.000192386 8.52986
75.2559 68.4817 -0.000174299 0.000297244 0.000724859 8.0281
76.2526 68.4817 -0.000932604 0.000632791 -0.00108727 10.0351
77.2494 68.4817 -0.000378455 0.000692384 0.000446076 10.0351
78.2462 68.4817 0.000501922 0.000117531 0.00105902 12.0422
79.2429 68.4817 -0.000559429 -0.000816347 -0.000102409 15.5544
80.2397 68.4817 -0.00159454 -0.00121853 -0.000242956 10.5369
81.2365 68.4817 0.000707125 6.98779e-05 -0.00046786 13.0457
82.2332 68.4817 -0.000608023 0.000782019 -0.000580168 12.0422
0.498383 69.4814 -0.000888236 -0.00157496 0.000170603 8.0281
1.49515 69.4814 -0.000402275 0.000131511 -0.000426558 4.01405
2.49192 69.4814 0.00104339 -0.000348025 0.000165058 8.52986
3.48868 69.4814 -0.000166079 -0.000457805 0.000489226 14.5509
4.48545 69.4814 -0.00140479 2.37664e-05 0.000393941 21.5755
5.48221 69.4814 0.00226913 -0.00036709 0.00043186 9.53337
6.47898 69.4814 0.000223941 -2.62033e-06 0.000343234 18.0632
7.47575 69.4814 0.00060996 -0.000748753 -8.01902e-05 12.0422
8.47251 69.4814 -0.000226022 -5.04727e-05 0.00032508 12.0422
9.46928 69.4814 -0.000424659 -0.00130142 -0.000337907 8.0281
10.466 69.4814 -0.000973685 -0.000753686 -0.000210158 7.02459
11.4628 69.4814 -0.0012799 -0.000517798 0.000337909 15.0527
12.4596 69.4814 -0.000351551 0.00073113 0.000160713 20.572
13.4563 69.4814 -1.92458e-05 0.0007388 0.000646951 9.03161
14.4531 69.4814 0.000438481 -0.000415618 0.000145995 13.0457
15.4499 69.4814 0.000291585 -0.000284635 -0.000457521 23.0808
16.4466 69.4814 0.000725438 -0.000324976 -0.000330179 7.52634
17.4434 69.4814 0.000472525 0.000359005 0.000619821 7.52634
18.4402 69.4814 -0.000229444 0.000255143 -0.000150563 11.0386
19.4369 69.4814 -1.91281e-05 -5.80264e-05 0.00086554 7.02459
20.4337 69.4814 -0.000614203 8.3734e-05 -0.000201877 21.0738
21.4305 69.4814 -0.000358127 0.000377228 -0.000447093 16.0562
22.4272 69.4814 -4.55922e-06 -3.16124e-06 0.00109838 11.5404
23.424 69.4814 -0.000118111 -0.000202148 -0.000132206 23.0808
24.4208 69.4814 -0.000315717 0.000241548 0.000232857 16.558
25.4175 69.4814 -0.00013618 0.00136307 0.000670292 5.51932
26.4143 69.4814 -0.000635107 -0.00128567 1.20594e-06 8.0281
27.4111 69.4814 -0.00178987 -0.000259717 0.00113091 6.52283
28.4078 69.4814 -0.000966837 7.40253e-05 0.00058215 19.0667
29.4046 69.4814 0.000856313 -0.000451494 -0.000195448 23.5825
30.4014 69.4814 -0.000623045 6.19722e-05 0.000736411 7.52634
31.3981 69.4814 0.00021389 0.00074926 0.000224048 24.0843
32.3949 69.4814 -5.4781e-05 0.000126758 0.000265582 16.558
33.3917 69.4814 0.00109609 0.000664784 0.000789913 7.02459
34.3884 69.4814 0.00114569 0.000217717 -0.000638642 7.02459
35.3852 69.4814 3.82579e-05 0.0012472 -0.0011619 5.51932
36.382 69.4814 0.000377044 -0.000497414 0.000147416 16.0562
37.3787 69.4814 4.09527e-06 0.000105327 -0.000440665 22.579
38.3755 69.4814 -0.0013969 0.000212846 0.00043307 9.03161
39.3723 69.4814 -0.000790602 -0.000413687 0.000125312 19.5685
40.369 69.4814 -0.000144149 0.000932169 -6.07783e-05 19.0667
41.3658 69.4814 -0.00150606 0.000842643 0.000357737 5.01756
42.3626 69.4814 0.000156006 0.00035953 0.000803796 7.02459
43.3593 69.4814 -0.000715669 -0.000179897 0.00030793 5.51932
44.3561 69.4814 -0.000610694 3.93847e-05 0.000337321 13.5474
45.3529 69.4814 -2.07716e-05 0.000351718 -9.2793e-06 27.0948
46.3496 69.4814 -0.00107816 0.00113118 0.000493722 11.0386
47.3464 69.4814 9.22606e-05 -5.82536e-05 0.00143997 15.0527
48.3432 69.4814 -0.000421333 2.52784e-05 0.000109034 23.5825
49.3399 69.4814 0.000714649 -0.00015352 0.00033575 8.0281
50.3367 69.4814 -0.00123796 0.00151246 -0.0004053 7.02459
51.3335 69.4814 -0.00100711 0.00022082 -0.000624838 9.53337
52.3302 69.4814 -0.000190494 -0.000205589 -0.000131139 12.0422
53.327 69.4814 -0.000375748 -0.000382704 0.000222427 16.558
54.3238 69.4814 0.000541816 0.000603138 5.29258e-05 15.0527
55.3205 69.4814 -0.000658343 0.000484437 0.000382136 13.0457
56.3173 69.4814 0.000263863 -0.000348894 -3.58163e-05 23.0808
57.3141 69.4814 2.03605e-05 0.000582359 -0.000248943 12.5439
58.3108 69.4814 0.00119461 3.41682e-05 -0.000522144 8.52986
59.3076 69.4814 -0.000927837 0.00026845 0.00111146 11.0386
60.3044 69.4814 0.000626113 -0.000638773 -0.00162849 6.52283
61.3011 69.4814 -0.000422635 -0.000104011 -0.000712971 13.5474
62.2979 69.4814 -0.000183542 0.000534393 -0.000312105 23.0808
63.2947 69.4814 -0.00155465 -0.000719778 -0.000230985 11.0386
64.2914 69.4814 0.000603601 0.000595018 -0.000457411 14.5509
65.2882 69.4814 -0.000319054 0.000456342 -0.000181981 18.0632
66.285 69.4814 -0.000641084 0.000470613 -7.29871e-05 11.0386
67.2817 69.4814 0.000420254 0.000495991 -0.000201311 8.52986
68.2785 69.4814 0.000556897 -0.000617364 0.00146682 6.52283
69.2753 69.4814 0.000507858 -2.75753e-05 -0.000703373 12.0422
70.272 69.4814 -0.000636927 -0.000654077 3.3785e-05 18.565
71.2688 69.4814 0.00120357 -0.000589062 -0.000214731 11.0386
72.2656 69.4814 3.84953e-05 0.00142825 -0.00118339 14.0492
73.2623 69.4814 -0.000519551 -0.000230761 0.000348381 18.565
74.2591 69.4814 -9.42464e-05 0.00104633 0.000372045 9.53337
75.2559 69.4814 -0.000869997 -0.000318531 1.74236e-05 6.02108
76.2526 69.4814 -0.0016147 -7.50864e-05 0.000480536 4.01405
77.2494 69.4814 1.96915e-05 0.000672783 0.000878221 9.03161
78.2462 69.4814 -0.000574609 9.60882e-05 -0.000115994 24.0843
79.2429 69.4814 0.000238514 0.000302214 -0.000204829 20.0703
80.2397 69.4814 0.00122661 0.000966475 -0.00092723 7.52634
81.2365 69.4814 0.000214686 -0.000672864 -0.000230261 32.6142
82.2332 69.4814 0.00105984 -0.000432299 -9.27718e-05 12.5439
0.498383 70.4811 0.000187821 -0.000783867 0.000110788 7.02459
1.49515 70.4811 -0.00120306 -0.000170215 0.00160317 11.5404
2.49192 70.4811 0.000264158 0.000761075 -0.00091847 10.5369
3.48868 70.4811 -0.00185234 -0.00057438 0.000786682 14.0492
4.48545 70.4811 -0.000922273 -0.000433901 -0.000204949 8.0281
5.48221 70.4811 -0.000553049 0.000649881 -7.29637e-05 8.0281
6.47898 70.4811 -0.00143768 -0.000616376 0.000237519 8.52986
7.47575 70.4811 0.00108594 -0.000502926 -0.000470923 13.0457
8.47251 70.4811 -0.000204267 0.00119576 -0.000564497 11.5404
9.46928 70.4811 -0.000645485 -0.000119828 -0.000476965 9.03161
10.466 70.4811 -0.000919763 -0.000224663 6.55028e-05 8.52986
11.4628 70.4811 0.00116953 -0.000324018 -0.000811271 13.0457
12.4596 70.4811 -0.000115894 0.000268327 0.00121643 10.0351
13.4563 70.4811 -0.000784901 0.000207981 -0.000140513 9.53337
14.4531 70.4811 0.00139859 0.00081466 -0.00144859 7.02459
15.4499 70.4811 0.00034282 5.23642e-05 -0.00037828 12.0422
16.4466 70.4811 0.000489942 -0.000620596 0.000540076 11.0386
17.4434 70.4811 -0.00130724 0.000467472 -0.000390847 12.0422
18.4402 70.4811 -0.000271894 -2.84481e-05 -0.00108393 10.0351
19.4369 70.4811 -0.000812895 0.000502386 -0.000471497 8.0281
20.4337 70.4811 0.001407 -4.07067e-05 0.000597081 15.5544
21.4305 70.4811 -0.000337161 -0.000663006 -0.000429891 7.52634
22.4272 70.4811 0.000114914 0.000108852 0.000739677 9.03161
23.424 70.4811 0.000532493 0.00178622 -0.000201262 10.5369
24.4208 70.4811 0.000482849 -0.000165074 0.00115011 8.0281
25.4175 70.4811 -0.000676275 0.00012094 -0.000127939 12.0422
26.4143 70.4811 0.000468441 0.000816988 0.000333186 7.52634
27.4111 70.4811 -0.000110717 0.00151875 0.00036711 8.52986
28.4078 70.4811 3.91063e-05 -0.000950313 0.000273222 12.0422
29.4046 70.4811 0.000209465 -0.000273268 0.000356847 6.52283
30.4014 70.4811 -0.00164418 -0.000700418 -7.70159e-05 5.51932
31.3981 70.4811 0.000422949 0.000484354 0.000725983 8.52986
32.3949 70.4811 -0.000798739 6.09713e-06 -0.000956168 8.0281
33.3917 70.4811 0.000756153 8.15773e-05 -0.000242979 10.0351
34.3884 70.4811 0.000861587 -0.000596934 0.000757376 9.03161
35.3852 70.4811 -0.000375733 -0.000184679 -0.00143741 7.02459
36.382 70.4811 0.000657564 -0.000844609 -0.00013468 10.0351
37.3787 70.4811 -0.000313188 0.00142692 0.000509947 10.5369
38.3755 70.4811 3.9502e-05 -0.00057533 4.42408e-05 9.03161
39.3723 70.4811 -0.00119615 -0.000420227 -0.000752089 8.0281
40.369 70.4811 -0.000209544 0.000300004 -0.0006167 12.0422
41.3658 70.4811 -0.000342637 0.000442325 -0.000777094 13.0457
42.3626 70.4811 -0.000313854 -0.00069707 0.000416868 8.0281
43.3593 70.4811 -0.000769203 0.00125292 6.62199e-05 7.52634
44.3561 70.4811 -0.000186423 0.00105457 0.0012266 10.0351
45.3529 70.4811 -9.8672e-05 0.000354451 -0.000492405 11.0386
46.3496 70.4811 -0.000169539 0.000246667 -0.000318435 8.52986
47.3464 70.4811 0.00116859 -0.000115178 -0.000105384 9.53337
48.3432 70.4811 0.00013535 -0.00044444 -0.000654997 16.0562
49.3399 70.4811 0.000902858 -0.000223135 0.000134029 10.0351
50.3367 70.4811 -0.000941423 -0.000274008 0.00122549 6.02108
51.3335 70.4811 0.000402738 -0.000548939 -0.00014353 10.5369
52.3302 70.4811 -3.30444e-05 -0.00013568 0.00065207 11.5404
53.327 70.4811 0.000324209 -3.66741e-05 0.000580185 11.5404
54.3238 70.4811 0.000549382 -0.000601357 0.000814642 10.0351
55.3205 70.4811 -0.000376701 0.000339074 0.00112151 6.02108
56.3173 70.4811 -0.000221605 -0.000365633 -2.63129e-06 10.5369
57.3141 70.4811 -0.000268089 0.000758911 0.000912906 8.52986
58.3108 70.4811 0.00122115 -0.00102521 -4.9988e-05 14.0492
59.3076 70.4811 0.000394527 -0.000216495 0.000544066 8.0281
60.3044 70.4811 -0.000212618 -0.00135287 -0.000751499 11.0386
61.3011 70.4811 -0.000944945 -0.00084523 0.00042537 13.0457
62.2979 70.4811 0.000335776 -0.000264299 0.000560612 9.03161
63.2947 70.4811 -0.000421473 0.000874071 -0.00128092 9.53337
64.2914 70.4811 0.000543622 0.00033383 0.000993813 8.0281
65.2882 70.4811 0.000487699 0.000783704 7.83433e-05 12.5439
66.285 70.4811 0.000784231 -0.000271174 0.000919761 10.5369
67.2817 70.4811 -3.48528e-06 0.000651584 0.000604031 12.0422
68.2785 70.4811 -0.000407181 0.000875843 0.00010374 9.03161
69.2753 70.4811 -0.000692961 -0.000499389 -0.000524083 11.5404
70.272 70.4811 0.000536634 0.00146692 0.000386333 12.5439
71.2688 70.4811 -0.000581136 0.000310874 -0.00190352 6.52283
72.2656 70.4811 0.00112997 -0.000602431 0.00016543 15.5544
73.2623 70.4811 0.000959958 -0.000347388 -0.000474374 12.5439
74.2591 70.4811 0.000605218 -8.31267e-05 0.000592067 9.53337
75.2559 70.4811 -0.00136605 0.000455414 0.00059471 11.5404
76.2526 70.4811 -0.00018394 -0.000395125 0.000527991 9.53337
77.2494 70.4811 -0.000159144 0.0012537 0.000364321 7.02459
78.2462 70.4811 -0.000656848 0.0011121 -0.000207679 8.52986
79.2429 70.4811 0.00182716 -0.00080164 0.000991971 5.51932
80.2397 70.4811 0.000425321 0.000145995 0.00107216 7.02459
81.2365 70.4811 -0.000684855 0.000876948 0.000713436 9.53337
82.2332 70.4811 -0.000479336 0.00107044 0.000886827 8.52986
0.498383 71.4809 0.000233899 -4.56122e-05 -0.000482335 24.5861
1.49515 71.4809 -0.00153674 -0.000486299 -0.000980809 7.52634
2.49192 71.4809 0.000284039 0.000905216 0.00036364 23.5825
3.48868 71.4809 -0.000620793 -0.000253317 -0.000359093 15.0527
4.48545 71.4809 -0.00121164 -0.000259379 -0.000468299 4.01405
5.48221 71.4809 -0.000698241 0.000163159 0.000429159 7.52634
6.47898 71.4809 0.000503766 0.000441949 -0.000849211 9.03161
7.47575 71.4809 0.000305348 0.000431345 -8.88139e-05 16.0562
8.47251 71.4809 0.000430195 -0.000339268 0.000177759 21.5755
9.46928 71.4809 0.000607496 0.000548241 -0.000338717 10.5369
10.466 71.4809 -0.00029841 -6.47043e-06 -0.0002962 20.572
11.4628 71.4809 -0.000298446 -7.02871e-05 -0.00147563 13.5474
12.4596 71.4809 0.000458236 0.000842408 0.000677838 6.02108
13.4563 71.4809 0.000283663 -0.000837938 -0.000169096 9.53337
14.4531 71.4809 -2.34342e-06 0.000880365 -0.000633324 9.53337
15.4499 71.4809 0.000516972 -0.00232691 -0.00094656 8.0281
16.4466 71.4809 -0.000343929 0.000195748 1.2715e-05 16.558
17.4434 71.4809 -0.000577732 0.000607724 -0.000113039 14.0492
18.4402 71.4809 -0.000141296 4.20175e-05 9.57752e-06 16.558
19.4369 71.4809 0.000310872 -0.00154316 -8.63308e-05 18.565
20.4337 71.4809 0.00126435 -0.000870136 0.00135698 7.52634
21.4305 71.4809 -0.000181726 -0.000577509 0.000167475 9.03161
22.4272 71.4809 -0.00129796 -0.00129082 -0.00126898 7.02459
23.424 71.4809 -0.000767381 0.000299813 -0.000362751 10.5369
24.4208 71.4809 0.000175195 -0.000981645 -0.000990848 19.5685
25.4175 71.4809 0.000454926 -0.000279659 0.000125578 16.0562
26.4143 71.4809 -0.000510907 -0.000123169 -0.00118664 16.0562
27.4111 71.4809 0.00021402 0.000465 -0.000499296 22.0773
28.4078 71.4809 0.00153847 0.000273458 0.000336597 16.558
29.4046 71.4809 0.00182014 0.00208011 -0.0016291 5.01756
30.4014 71.4809 0.000983617 0.00116078 0.000278823 7.02459
31.3981 71.4809 -0.000208532 0.000831386 1.17534e-05 7.52634
32.3949 71.4809 -0.000884464 7.51688e-05 -3.13497e-05 18.0632
33.3917 71.4809 0.000100838 -0.000168062 0.000131608 24.5861
34.3884 71.4809 0.0010798 -0.000447701 0.000221652 10.5369
35.3852 71.4809 -7.28056e-05 -0.000512692 7.49291e-05 22.0773
36.382 71.4809 0.000361715 0.000927876 -4.07605e-05 18.565
37.3787 71.4809 -0.000126932 -0.000649755 -0.000333742 10.0351
38.3755 71.4809 -0.000297509 0.000865836 0.000552088 4.51581
39.3723 71.4809 -0.00101467 -0.000857289 0.00236526 6.52283
40.369 71.4809 -0.00119987 0.000380036 -0.000192444 10.5369
41.3658 71.4809 0.00030345 -0.000305803 -0.000562938 24.0843
42.3626 71.4809 -0.000330275 0.00160803 -4.3333e-05 11.0386
43.3593 71.4809 0.000388405 -0.000134446 -0.000239524 17.5615
44.3561 71.4809 0.000598343 -0.000477475 -0.000737782 23.5825
45.3529 71.4809 -0.000421036 0.000712581 -2.90975e-05 12.0422
46.3496 71.4809 -0.000723038 -0.000455312 -0.000221985 4.51581
47.3464 71.4809 0.000498848 -0.000191052 -9.64281e-05 8.0281
48.3432 71.4809 -0.00145641 -0.00101142 0.00144754 7.52634
49.3399 71.4809 -0.000438822 0.000720154 0.000346523 18.0632
50.3367 71.4809 -0.000753667 -0.000266993 0.000403992 17.0597
51.3335 71.4809 -0.000172209 -0.000650165 -0.000384749 10.5369
52.3302 71.4809 -6.74374e-05 -0.000115502 0.000225754 21.5755
53.327 71.4809 -0.00130017 0.000730456 0.000712166 13.0457
54.3238 71.4809 -0.000429548 -0.00125856 0.000609747 10.0351
55.3205 71.4809 -0.000275259 -0.00111003 -0.000730816 5.01756
56.3173 71.4809 -0.000445596 0.000731342 0.000178582 9.53337
57.3141 71.4809 7.13603e-06 -0.000331019 0.000608676 19.5685
58.3108 71.4809 -0.00106177 8.41659e-05 0.000691492 17.0597
59.3076 71.4809 -0.00059611 -0.00053416 -8.22685e-05 12.0422
60.3044 71.4809 0.00040697 -0.000446351 0.00021649 18.0632
61.3011 71.4809 -0.000576092 -0.000579471 -4.13713e-05 17.0597
62.2979 71.4809 0.000146778 -0.000523722 -3.70034e-05 8.52986
63.2947 71.4809 -0.00107829 0.000911617 0.000512381 8.0281
64.2914 71.4809 0.000136033 0.0013963 -0.000319531 8.52986
65.2882 71.4809 -0.000508591 -9.07043e-05 0.00026482 13.0457
66.285 71.4809 0.000533043 0.000303353 0.000468147 17.5615
67.2817 71.4809 -0.000303185 0.000678183 -0.000279829 12.0422
68.2785 71.4809 0.000160155 0.000291013 9.29215e-05 16.558
69.2753 71.4809 0.000864801 -0.000136641 0.00020175 16.0562
70.272 71.4809 0.000830739 0.000320552 -5.65603e-05 8.0281
71.2688 71.4809 -3.34325e-06 0.000200927 -0.00020382 10.0351
72.2656 71.4809 -0.00127347 0.000749575 -4.4613e-05 5.51932
73.2623 71.4809 -0.000500962 3.99276e-05 -0.000539401 10.0351
74.2591 71.4809 -0.000179317 0.00015093 0.000296317 20.0703
75.2559 71.4809 0.000134503 0.000122517 -0.00103074 14.5509
76.2526 71.4809 -0.00128785 0.000512601 0.00195336 15.5544
77.2494 71.4809 0.000432332 -0.000145286 0.000419447 23.0808
78.2462 71.4809 0.00121913 -0.000321332 -0.000463189 13.0457
79.2429 71.4809 0.000287549 -0.000870282 -0.000239536 7.02459
80.2397 71.4809 0.00195651 0.00102955 0.000455966 5.01756
81.2365 71.4809 0.000260797 0.000773811 0.000973723 7.02459
82.2332 71.4809 -5.67758e-05 0.00083956 0.0007257 18.565
0.498383 72.4806 9.56914e-05 -0.00017232 0.000135417 15.5544
1.49515 72.4806 0.0004362 0.000507859 0.00045861 8.0281
2.49192 72.4806 0.000307968 0.000210527 0.000205384 14.5509
3.48868 72.4806 8.35279e-05 -0.000324466 5.38059e-05 10.5369
4.48545 72.4806 0.000151725 -0.00132957 -0.000666954 4.01405
5.48221 72.4806 -0.00103041 0.00122833 0.000455742 5.51932
6.47898 72.4806 1.28182e-05 0.000563726 0.000310505 10.5369
7.47575 72.4806 -0.00123322 0.000387167 -0.000471653 9.03161
8.47251 72.4806 -0.000444567 9.97497e-06 -0.000920076 12.0422
9.46928 72.4806 0.000572707 0.0016132 -0.00103619 7.52634
10.466 72.4806 -0.000747046 0.00042061 0.000680299 14.5509
11.4628 72.4806 -0.00041705 0.000553701 5.03463e-05 13.5474
12.4596 72.4806 -0.000908252 -4.50511e-05 -0.000484013 8.52986
13.4563 72.4806 -0.000277339 0.000681182 -0.000643277 9.03161
14.4531 72.4806 -0.000905138 -3.96981e-05 -0.000423829 9.53337
15.4499 72.4806 0.00125419 0.00118569 0.000149685 7.02459
16.4466 72.4806 0.000591578 0.000852591 -0.000990566 15.5544
17.4434 72.4806 0.00072537 0.000682914 0.00061962 11.0386
18.4402 72.4806 -0.00104469 -1.71156e-05 0.000661293 9.53337
19.4369 72.4806 -0.00045139 -6.12437e-06 -0.00075457 17.0597
20.4337 72.4806 2.88745e-05 0.000197456 -0.0015497 11.0386
21.4305 72.4806 -3.31862e-05 0.00115726 0.000341368 10.0351
22.4272 72.4806 -0.000896738 0.000188779 0.00036348 8.52986
23.424 72.4806 0.00127942 -0.0015387 -0.000464124 6.52283
24.4208 72.4806 0.000556009 -0.000668397 0.00102601 13.0457
25.4175 72.4806 0.000472737 -0.00190979 -0.000614803 8.52986
26.4143 72.4806 -0.000170751 -0.000626 -0.0010971 7.52634
27.4111 72.4806 0.000740716 -0.000717194 -0.000627253 16.0562
28.4078 72.4806 -0.000554165 -0.000278736 -0.000109936 10.0351
29.4046 72.4806 -0.0003476 0.00121128 0.000167526 9.03161
30.4014 72.4806 -0.00030067 -0.00102968 -0.000485103 9.53337
31.3981 72.4806 0.000342519 -0.00114702 0.000382787 6.52283
32.3949 72.4806 0.000384947 -0.000846041 0.000244726 15.0527
33.3917 72.4806 0.000553256 0.00194773 3.57318e-05 12.0422
34.3884 72.4806 -0.000544402 0.000354519 -0.00155691 7.02459
35.3852 72.4806 0.000494203 0.00047232 0.000502365 14.5509
36.382 72.4806 5.18571e-05 0.000403654 -0.000267995 16.0562
37.3787 72.4806 0.00169894 -0.000463575 0.00161141 5.01756
38.3755 72.4806 0.000940144 0.00271256 0.00175329 8.0281
39.3723 72.4806 0.000638692 -0.000490614 -0.000820896 7.52634
40.369 72.4806 0.00035534 0.000329229 -9.43732e-05 8.52986
41.3658 72.4806 0.000374962 -0.000849731 -0.000845631 20.0703
42.3626 72.4806 -5.72803e-05 -0.00253768 -0.000596604 7.52634
43.3593 72.4806 0.00142273 0.000432775 -7.63205e-05 12.0422
44.3561 72.4806 -7.43126e-05 0.000512203 -0.000598133 15.0527
45.3529 72.4806 0.00173403 0.00190365 0.000373652 5.01756
46.3496 72.4806 -0.000641181 -0.000603365 -0.000762113 6.52283
47.3464 72.4806 -0.000916617 -0.00134701 -0.00024945 7.02459
48.3432 72.4806 2.9762e-05 0.00149733 -0.000473295 11.5404
49.3399 72.4806 -0.000620503 -0.000406973 -0.00036078 16.0562
50.3367 72.4806 -0.000847893 0.000558615 0.000163543 11.0386
51.3335 72.4806 -0.00106164 0.000369861 0.00104689 6.52283
52.3302 72.4806 -0.000396181 0.000326603 -0.000405231 12.0422
53.327 72.4806 0.000217281 -0.000495676 -0.000142056 11.5404
54.3238 72.4806 0.000148967 0.000195475 -0.000764928 7.52634
55.3205 72.4806 -0.000507925 0.000513638 -0.000682695 8.0281
56.3173 72.4806 -0.000268236 -0.000681889 -0.000411244 11.0386
57.3141 72.4806 -0.000459924 -0.000102089 -0.000356507 13.5474
58.3108 72.4806 0.000400737 0.000182581 -0.00148921 13.0457
59.3076 72.4806 -0.000280015 -0.000219025 -0.000195123 9.03161
60.3044 72.4806 0.000569894 -0.000311459 0.000970304 10.5369
61.3011 72.4806 0.000162091 -0.000831052 0.000148998 15.0527
62.2979 72.4806 0.000346449 -0.000394675 -0.000220084 6.52283
63.2947 72.4806 -0.0011763 0.000417195 -0.000483561 12.0422
64.2914 72.4806 -0.000496111 0.000357889 -3.16395e-05 9.53337
65.2882 72.4806 -0.000232398 -0.000718253 -0.00048388 11.5404
66.285 72.4806 6.73937e-05 -0.000441829 -0.000153144 17.0597
67.2817 72.4806 -0.000747894 -0.000397825 -0.000336012 9.53337
68.2785 72.4806 -0.000342457 -0.000322133 -0.000164952 9.53337
69.2753 72.4806 0.00110237 0.000143959 0.000288381 14.5509
70.272 72.4806 0.000435217 7.19642e-05 -0.000493692 13.0457
71.2688 72.4806 0.000186441 0.000865009 0.00113274 6.52283
72.2656 72.4806 -0.000126013 0.00207077 -0.00111161 6.02108
73.2623 72.4806 -0.000655971 0.000561312 0.000209316 10.0351
74.2591 72.4806 -7.59938e-05 -0.000283133 -0.00105141 16.0562
75.2559 72.4806 0.000333904 4.76515e-05 -0.000351893 9.03161
76.2526 72.4806 -0.000799321 -0.000561852 0.000197053 11.0386
77.2494 72.4806 0.000251024 -0.000865266 -6.33172e-05 15.0527
78.2462 72.4806 0.000357408 3.64823e-05 -0.000770607 8.0281
79.2429 72.4806 -0.000684666 -0.000930702 -0.000878908 9.03161
80.2397 72.4806 0.00243597 0.000418633 0.000616509 5.01756
81.2365 72.4806 0.000333664 -9.68515e-05 0.00094261 9.53337
82.2332 72.4806 -0.000948311 0.000267834 -7.53118e-05 10.5369
0.498383 73.4803 0.00190297 8.4165e-05 -6.935e-06 4.01405
1.49515 73.4803 0.000168517 0.000179731 0.000345381 6.02108
2.49192 73.4803 0.0020914 -0.000881877 2.33786e-05 7.02459
3.48868 73.4803 0.00013635 0.000936958 -0.000504316 16.558
4.48545 73.4803 -0.00104026 -4.08749e-05 -0.000563252 22.579
5.48221 73.4803 -0.00131382 8.85706e-05 -0.00198155 8.52986
6.47898 73.4803 -2.8783e-05 3.37555e-05 -7.15477e-05 17.0597
7.47575 73.4803 -8.98064e-05 -0.000682683 0.000213859 19.0667
8.47251 73.4803 0.00187767 -0.00222873 -0.0004848 6.02108
9.46928 73.4803 -0.00105672 0.000625072 -0.000461833 7.52634
10.466 73.4803 -0.000177281 -0.000304086 -0.000276388 8.52986
11.4628 73.4803 -0.00013958 0.000245236 0.000430965 15.0527
12.4596 73.4803 -0.000713413 -0.000109666 0.000168175 20.0703
13.4563 73.4803 -0.00016027 -0.000275308 0.000186268 9.53337
14.4531 73.4803 -0.000892552 -0.000692793 -0.000502429 10.0351
15.4499 73.4803 0.000307944 -0.000808749 -0.000401778 15.5544
16.4466 73.4803 0.000329017 0.000613974 0.000585256 9.53337
17.4434 73.4803 -0.000894733 0.000130345 -9.50871e-05 8.52986
18.4402 73.4803 0.000259575 0.000425606 0.000155963 8.52986
19.4369 73.4803 -0.0010956 -0.000814594 4.68972e-05 10.5369
20.4337 73.4803 -1.24311e-05 -0.000435171 -0.000513759 15.5544
21.4305 73.4803 0.000703083 0.000224004 -0.000149823 12.0422
22.4272 73.4803 0.00167943 -0.00100162 -0.0010849 13.5474
23.424 73.4803 -0.000199304 -0.0002446 0.000243013 20.572
24.4208 73.4803 -0.00198868 0.00112666 -0.000781599 11.5404
25.4175 73.4803 -0.000593064 0.000578039 0.000130858 8.52986
26.4143 73.4803 -4.26239e-05 -0.000352359 -0.000428973 8.52986
27.4111 73.4803 0.00109463 -0.000651126 0.000378418 4.51581
28.4078 73.4803 -0.000139228 0.000663788 0.000199271 17.0597
29.4046 73.4803 -1.27467e-05 0.000194424 -0.000886574 17.0597
30.4014 73.4803 -0.00145144 -0.000869191 -0.000301079 9.03161
31.3981 73.4803 0.000959619 0.000298163 -0.000246968 19.5685
32.3949 73.4803 -0.000715284 -0.0009983 0.00197532 11.0386
33.3917 73.4803 0.00236517 0.000739751 0.00256034 4.51581
34.3884 73.4803 0.000752712 -0.00170429 -3.57548e-05 6.02108
35.3852 73.4803 -0.00096006 0.000327782 -0.00101521 9.03161
36.382 73.4803 -3.34997e-05 -0.00120023 0.000153324 8.52986
37.3787 73.4803 0.000945429 0.00100649 0.000608648 24.0843
38.3755 73.4803 -0.000838528 -0.000642979 0.000481757 7.02459
39.3723 73.4803 -0.000300943 0.00023132 -0.00021808 13.5474
40.369 73.4803 -0.000393164 -0.000764434 0.000589734 18.0632
41.3658 73.4803 -0.000326107 -0.00115834 0.000609732 3.51229
42.3626 73.4803 0.00130327 0.00130427 -0.00106688 7.52634
43.3593 73.4803 0.000528268 0.000391852 0.00139622 6.02108
44.3561 73.4803 0.000943323 -0.000138646 -0.00162145 9.03161
45.3529 73.4803 2.10228e-05 0.000178228 -0.000175547 26.5931
46.3496 73.4803 0.00085926 0.000656496 -0.00107337 15.0527
47.3464 73.4803 0.000441224 0.000260745 1.73812e-06 12.0422
48.3432 73.4803 -0.000740651 -0.000290037 0.00110522 18.565
49.3399 73.4803 0.000109694 -0.000447381 -5.86693e-05 12.5439
50.3367 73.4803 -0.00117935 0.000169286 0.00211737 6.52283
51.3335 73.4803 0.000612255 -0.000411251 -0.0011501 10.0351
52.3302 73.4803 -0.000524265 0.00022233 0.000283818 13.0457
53.327 73.4803 -0.000666103 -0.000601259 0.000719399 15.5544
54.3238 73.4803 0.000101626 -0.00105694 0.00135936 10.0351
55.3205 73.4803 -0.000970938 0.00246431 -0.00178009 7.02459
56.3173 73.4803 6.40656e-05 0.000151767 1.67751e-05 18.0632
57.3141 73.4803 -0.000688976 -9.36421e-05 0.000674512 14.0492
58.3108 73.4803 0.00242292 -8.6579e-05 0.00130407 4.51581
59.3076 73.4803 -0.00112211 -0.000334424 0.00133628 9.53337
60.3044 73.4803 0.000471073 -3.87384e-05 -0.000584032 9.03161
61.3011 73.4803 0.00091368 -8.74755e-05 0.00101975 9.03161
62.2979 73.4803 0.000244482 0.000168481 -0.000578196 18.565
63.2947 73.4803 -0.000730256 -0.000394114 0.00170736 9.03161
64.2914 73.4803 -0.000117957 -0.000662546 -0.000745764 14.5509
65.2882 73.4803 0.000854359 0.000580757 0.000251616 13.5474
66.285 73.4803 -0.000271082 -0.000670727 0.000996693 12.0422
67.2817 73.4803 0.00017618 0.000255827 0.000552515 9.03161
68.2785 73.4803 0.000286794 0.000306484 -0.00020248 9.53337
69.2753 73.4803 0.00134486 7.05601e-05 -0.000764898 7.52634
70.272 73.4803 -0.000485344 0.000413261 -0.000590352 15.5544
71.2688 73.4803 -0.000298377 0.000485615 0.000619974 11.5404
72.2656 73.4803 0.000421103 0.000126994 -0.000899053 17.5615
73.2623 73.4803 0.000434928 -0.000261323 -0.00100593 13.0457
74.2591 73.4803 0.000637997 -0.000919719 0.000663586 8.52986
75.2559 73.4803 -0.000341326 -0.00104525 0.000182095 12.0422
76.2526 73.4803 0.00178256 -0.000142463 -5.67398e-05 6.02108
77.2494 73.4803 -0.000326899 -0.000862693 0.00269913 10.5369
78.2462 73.4803 -0.000640607 -0.00026678 0.000278806 17.0597
79.2429 73.4803 0.000204467 0.000421031 -0.000382831 12.0422
80.2397 73.4803 0.000597843 0.000208124 0.000610533 11.0386
81.2365 73.4803 -0.000227439 -0.000650734 0.00104054 18.565
82.2332 73.4803 -0.000886287 -0.000246719 -3.07516e-05 12.0422
0.498383 74.4801 -0.000310386 -0.00125903 0.00127982 6.52283
1.49515 74.4801 -0.00103603 -0.000759173 -4.38578e-05 6.02108
2.49192 74.4801 0.000425831 -0.00113999 -7.28626e-05 7.02459
3.48868 74.4801 -0.000803028 -0.000425725 -0.000219569 13.5474
4.48545 74.4801 0.000860777 8.3895e-05 -0.000319055 21.0738
5.48221 74.4801 -0.000135543 -0.000458546 -0.000393667 9.03161
6.47898 74.4801 0.00045489 0.000152703 -1.02754e-05 14.0492
7.47575 74.4801 -0.000227352 0.0011524 -0.000251836 19.0667
8.47251 74.4801 0.000132514 0.000363655 -0.00110592 10.0351
9.46928 74.4801 0.00181308 0.00100129 0.000491716 8.0281
10.466 74.4801 0.000266682 0.000703693 0.000459877 10.5369
11.4628 74.4801 0.00126211 -0.000355166 -0.000878969 7.52634
12.4596 74.4801 8.08692e-05 8.8909e-05 -0.000996549 18.565
13.4563 74.4801 8.04685e-05 0.00036048 9.20904e-05 9.03161
14.4531 74.4801 0.000606862 -0.000711434 0.000198476 16.0562
15.4499 74.4801 0.000262607 -0.000342731 6.18013e-05 17.5615
16.4466 74.4801 0.00106512 0.000414238 0.00100042 9.03161
17.4434 74.4801 -0.00109793 -0.000981831 -0.000299891 7.02459
18.4402 74.4801 -0.000793392 -0.00103557 6.1402e-05 7.02459
19.4369 74.4801 -0.000469335 -0.00015939 -0.000853818 10.5369
20.4337 74.4801 -0.00025569 0.000445813 0.00113922 17.0597
21.4305 74.4801 -8.87101e-05 -0.000350442 0.000604838 13.0457
22.4272 74.4801 7.79951e-05 -0.000145112 0.000470326 8.0281
23.424 74.4801 -5.10222e-05 -3.49753e-05 0.000155378 17.0597
24.4208 74.4801 -0.000555041 -0.000666715 -5.5776e-05 10.0351
25.4175 74.4801 -0.00127531 0.000291744 -0.000189438 7.02459
26.4143 74.4801 0.000614201 0.0019455 -8.70144e-05 7.02459
27.4111 74.4801 0.000158032 -0.000682192 0.00099843 9.53337
28.4078 74.4801 -0.000160998 -0.000780778 0.000154958 17.0597
29.4046 74.4801 0.000161713 -0.000727667 0.000637861 15.0527
30.4014 74.4801 0.000268131 -0.000541904 -0.0016607 9.53337
31.3981 74.4801 0.000702954 -4.61715e-05 0.00126026 16.0562
32.3949 74.4801 -0.00144876 4.69291e-05 0.000682531 18.0632
33.3917 74.4801 0.000771173 -0.00124832 -0.000378742 5.01756
34.3884 74.4801 -0.000805247 0.00152988 0.000362209 6.02108
35.3852 74.4801 0.00123036 -0.000513221 -0.000154405 5.01756
36.382 74.4801 -8.67447e-05 2.99211e-05 0.000310651 11.5404
37.3787 74.4801 0.000148287 0.000636611 0.00021354 23.5825
38.3755 74.4801 0.000670272 0.00104307 -0.000241101 7.52634
39.3723 74.4801 -0.000522322 0.00086777 -0.000287734 16.558
40.369 74.4801 7.21933e-05 0.000132697 -0.000391104 21.5755
41.3658 74.4801 -0.000265143 -0.0012017 -0.000708871 8.0281
42.3626 74.4801 0.000324322 -0.000218972 -0.000637055 7.02459
43.3593 74.4801 -0.000373498 0.00391742 0.00124016 2.50878
44.3561 74.4801 -0.00107565 0.00133051 -0.000134784 8.52986
45.3529 74.4801 0.000511123 -0.000461502 -0.00108003 19.0667
46.3496 74.4801 0.000388033 -0.000627083 -3.75803e-05 12.0422
47.3464 74.4801 0.00190212 0.00130792 -0.000194161 11.0386
48.3432 74.4801 0.000357561 8.26403e-05 -0.000425225 20.572
49.3399 74.4801 -0.000504463 0.000549802 -0.000641655 9.53337
50.3367 74.4801 -0.000246876 0.000461215 -0.000849437 8.0281
51.3335 74.4801 -0.00101381 -4.3828e-06 0.00149442 7.52634
52.3302 74.4801 -0.00117301 0.000230277 -0.000338983 8.0281
53.327 74.4801 -0.000685586 -0.00058061 -1.26386e-05 17.0597
54.3238 74.4801 -0.000140021 -4.22369e-05 0.000437048 17.5615
55.3205 74.4801 0.000248043 5.11404e-05 0.00116519 12.0422
56.3173 74.4801 0.00180958 0.000427978 -0.000460709 17.5615
57.3141 74.4801 -0.000981686 0.00114481 -0.000861634 13.5474
58.3108 74.4801 0.00114684 -3.21675e-05 0.000629743 7.52634
59.3076 74.4801 0.000643313 -0.000196002 -0.00100867 6.52283
60.3044 74.4801 -0.00103202 -0.0012474 -0.000276841 12.5439
61.3011 74.4801 0.000815066 -0.000504941 -6.68678e-05 9.53337
62.2979 74.4801 -0.000507879 -0.000555086 0.000920193 19.5685
63.2947 74.4801 0.000107328 -0.000638398 0.000207917 9.53337
64.2914 74.4801 0.000938769 -0.000364524 5.67343e-05 15.5544
65.2882 74.4801 -0.000405137 0.000786554 -0.000582433 15.0527
66.285 74.4801 -0.000731388 0.000716995 0.00117855 7.52634
67.2817 74.4801 0.000312896 -0.000166603 0.00109531 6.52283
68.2785 74.4801 -0.000320318 -0.00104678 0.000634398 6.52283
69.2753 74.4801 -0.000793439 0.00020983 -9.16505e-05 15.0527
70.272 74.4801 -0.000938674 0.000161078 0.000304559 17.5615
71.2688 74.4801 0.000482492 -9.33859e-05 9.03002e-05 11.5404
72.2656 74.4801 6.42758e-06 0.000785716 -0.000797046 9.53337
73.2623 74.4801 0.00064217 -0.000159364 0.00168714 17.5615
74.2591 74.4801 0.000386669 -0.000432134 -1.33827e-05 9.03161
75.2559 74.4801 0.000911311 -0.000798644 0.00178241 5.01756
76.2526 74.4801 -0.000183579 -0.00100595 0.00126817 4.51581
77.2494 74.4801 0.000131236 0.0013696 0.000415521 6.02108
78.2462 74.4801 0.000170076 -0.00105116 0.00117885 16.0562
79.2429 74.4801 -0.000108271 0.000341549 -0.00108522 18.565
80.2397 74.4801 0.00054387 -0.000580622 2.11536e-05 10.0351
81.2365 74.4801 0.000338947 0.000269155 0.0001065 21.5755
82.2332 74.4801 0.000974945 0.000662297 -0.00138804 13.5474
0.498383 75.4798 -0.000525031 0.000557964 0.000188959 10.5369
1.49515 75.4798 -0.000892304 0.00147923 0.000507378 8.0281
2.49192 75.4798 -0.000147461 -0.000123373 0.000131471 13.5474
3.48868 75.4798 0.000211186 0.000459504 2.89288e-05 13.0457
4.48545 75.4798 0.000696694 0.000989849 -0.000368279 7.02459
5.48221 75.4798 -0.000221566 0.000843685 -0.00032392 6.52283
6.47898 75.4798 -0.000678199 -0.00123376 0.000639659 7.52634
7.47575 75.4798 -0.000173405 0.000371376 -0.000398811 11.5404
8.47251 75.4798 0.000536352 -0.00069365 0.00045728 12.0422
9.46928 75.4798 -0.000343268 0.00127254 -0.000924552 9.03161
10.466 75.4798 9.03648e-05 -0.000574931 0.000834339 10.5369
11.4628 75.4798 0.00121608 0.000637884 0.000567554 12.5439
12.4596 75.4798 -0.00102143 0.00060533 -0.00163403 4.51581
13.4563 75.4798 -0.000372589 -0.000360511 -0.000235761 10.5369
14.4531 75.4798 -0.000407795 -0.000715299 -0.000375574 9.03161
15.4499 75.4798 -0.000425708 -0.000301866 0.000168943 8.52986
16.4466 75.4798 0.000516858 0.000476932 0.000122922 15.0527
17.4434 75.4798 -0.000674314 -0.000440977 -4.21216e-05 9.03161
18.4402 75.4798 -0.000267246 -0.000191969 0.00102271 10.5369
19.4369 75.4798 -0.000357963 -0.000716835 -0.00062298 16.0562
20.4337 75.4798 0.000210402 -0.000640654 -0.000534489 7.52634
21.4305 75.4798 0.000153439 -0.000199832 0.000731153 11.0386
22.4272 75.4798 -0.000167716 0.000743234 0.000453936 10.5369
23.424 75.4798 0.000144795 0.000492065 0.000190029 10.5369
24.4208 75.4798 0.000518043 -0.000879005 -0.000426195 14.5509
25.4175 75.4798 4.64694e-05 -0.000361895 -0.000141889 12.0422
26.4143 75.4798 -0.000207536 0.000746109 -0.000982582 7.02459
27.4111 75.4798 3.54757e-05 -0.000740372 8.88052e-05 10.5369
28.4078 75.4798 -0.000690199 -0.00112454 0.000455373 13.0457
29.4046 75.4798 -0.000597388 0.000229264 -0.000409316 6.02108
30.4014 75.4798 -0.000540863 -0.00244047 0.000348206 5.01756
31.3981 75.4798 0.000253265 0.00128313 -0.00141485 9.53337
32.3949 75.4798 -0.000334743 -0.000367519 -5.74146e-05 14.0492
33.3917 75.4798 0.000596422 -0.000361903 -0.000438397 12.0422
34.3884 75.4798 -8.4222e-05 0.0008083 0.000978862 7.52634
35.3852 75.4798 0.000545938 0.000978088 0.00205294 8.52986
36.382 75.4798 -0.000588437 -0.00019473 0.000764726 14.0492
37.3787 75.4798 -0.000143403 0.000618019 -0.000318853 8.0281
38.3755 75.4798 0.000174704 -1.94452e-05 -0.00106236 8.0281
39.3723 75.4798 -0.000636127 -0.000768075 0.000653635 9.53337
40.369 75.4798 0.000179821 0.000454882 0.000347824 9.53337
41.3658 75.4798 0.00139875 0.000492158 0.000330678 12.5439
42.3626 75.4798 -0.00102656 0.00137846 8.72609e-05 7.52634
43.3593 75.4798 -0.000791889 0.000109241 0.00110087 13.5474
44.3561 75.4798 -1.66564e-05 0.000917369 0.000243438 19.0667
45.3529 75.4798 0.00118767 -0.00107076 -0.000403133 6.52283
46.3496 75.4798 0.000630186 -0.00115158 -0.00146975 5.51932
47.3464 75.4798 -0.000212497 -0.00116292 0.00034755 7.52634
48.3432 75.4798 0.00017912 -0.0014708 -9.43261e-05 7.52634
49.3399 75.4798 0.000235889 0.000403132 -3.84715e-06 10.0351
50.3367 75.4798 0.000132264 0.000158777 0.000346899 9.53337
51.3335 75.4798 -0.00114268 0.000177231 -0.00156731 9.53337
52.3302 75.4798 0.000766777 0.000576456 0.000208229 11.0386
53.327 75.4798 -0.00015383 0.00051101 -0.000777332 12.5439
54.3238 75.4798 9.24948e-05 0.000774652 -0.000331144 9.03161
55.3205 75.4798 -0.00137256 -0.0012378 -0.000130756 6.02108
56.3173 75.4798 0.00134171 0.000556482 -0.000250206 9.03161
57.3141 75.4798 -9.56112e-05 -0.00159369 -0.000449534 13.0457
58.3108 75.4798 0.000402208 -0.000311207 0.000216594 16.0562
59.3076 75.4798 0.00114858 0.00128977 0.000290186 5.51932
60.3044 75.4798 0.000113732 0.000649906 0.00090621 9.03161
61.3011 75.4798 0.000681718 0.00104089 -0.00150359 11.5404
62.2979 75.4798 -0.0013483 -0.00103364 0.00212715 6.52283
63.2947 75.4798 -4.10642e-06 -0.000770078 0.000373421 6.02108
64.2914 75.4798 0.000496835 0.000685382 0.000655664 6.02108
65.2882 75.4798 -0.000259216 0.000259264 8.57611e-05 14.0492
66.285 75.4798 -0.000509433 -0.000682025 -0.000783335 15.5544
67.2817 75.4798 -2.15525e-05 -7.93721e-06 0.000813025 11.0386
68.2785 75.4798 -0.000109364 -0.000127859 0.000605993 11.0386
69.2753 75.4798 -0.000921057 0.00016055 5.45267e-05 11.5404
70.272 75.4798 -0.000710871 0.000327906 -0.000888461 11.0386
71.2688 75.4798 -0.00252393 0.00159435 0.00127972 7.02459
72.2656 75.4798 -0.000789842 0.000749889 0.00100235 7.52634
73.2623 75.4798 -0.000365967 0.000313544 -0.000332865 14.5509
74.2591 75.4798 0.000167039 7.86413e-06 2.60157e-05 17.5615
75.2559 75.4798 -0.00137782 -0.000968958 -2.68553e-05 12.5439
76.2526 75.4798 -0.000591068 0.000804218 8.66756e-05 12.5439
77.2494 75.4798 -0.000651745 -0.000843357 0.000352813 10.0351
78.2462 75.4798 0.00113685 -0.000494855 3.83515e-05 12.0422
79.2429 75.4798 0.000357262 0.000498605 0.000582046 10.0351
80.2397 75.4798 0.000293569 0.00045276 1.55366e-05 7.52634
81.2365 75.4798 -0.000213369 0.00107387 -0.000134299 8.0281
82.2332 75.4798 -0.00115143 0.000665145 0.000102371 11.5404
0.498383 76.4795 0.000687896 -0.000844086 -0.000577127 21.5755
1.49515 76.4795 0.000480978 -0.000983647 -0.00177848 12.0422
2.49192 76.4795 -0.000264869 -0.000316725 -0.000667712 24.5861
3.48868 76.4795 -0.000698302 -0.000568442 -0.0010014 12.0422
4.48545 76.4795 -0.00134412 -0.00101572 3.97208e-05 7.52634
5.48221 76.4795 -1.78636e-05 0.000142801 0.00131582 5.01756
6.47898 76.4795 0.000403049 0.000583749 0.000675068 10.5369
7.47575 76.4795 0.000604127 1.55009e-05 0.00108149 10.5369
8.47251 76.4795 -2.66576e-05 -0.000223797 4.55277e-05 24.0843
9.46928 76.4795 0.00109687 -0.000219183 -2.34917e-05 8.0281
10.466 76.4795 -2.40058e-05 -0.00038941 -0.000501212 13.5474
11.4628 76.4795 -0.000663772 0.000359508 -0.000113037 24.0843
12.4596 76.4795 -0.00100135 0.000291338 0.000235747 9.03161
13.4563 76.4795 0.00188065 -0.000150968 0.00162561 6.52283
14.4531 76.4795 0.000361455 -0.000615763 0.00106081 6.52283
15.4499 76.4795 -0.000643044 0.000811856 -0.00188105 11.0386
16.4466 76.4795 -0.000219931 0.000496569 0.000291329 24.0843
17.4434 76.4795 -0.00140561 -0.000115069 -0.00067773 14.5509
18.4402 76.4795 0.000834825 -0.000373385 -0.000220187 11.0386
19.4369 76.4795 0.000121727 0.000141908 0.00052281 22.579
20.4337 76.4795 5.63958e-05 -0.000140976 0.000178293 10.5369
21.4305 76.4795 0.000108455 -1.54989e-05 2.3133e-05 9.03161
22.4272 76.4795 -0.00122557 -0.000779146 -0.000453962 4.51581
23.424 76.4795 0.00034513 -0.000413644 3.6699e-05 8.52986
24.4208 76.4795 -0.00010091 -0.000457261 -0.00041429 18.565
25.4175 76.4795 -0.000249162 0.00136889 0.000615083 15.0527
26.4143 76.4795 0.00154956 1.78552e-05 -5.57752e-05 9.53337
27.4111 76.4795 -0.000825232 0.000183956 -0.000219839 27.5966
28.4078 76.4795 -0.000537947 0.000922206 -0.000364751 14.5509
29.4046 76.4795 0.00143573 -0.00054034 -0.000406152 8.52986
30.4014 76.4795 -0.000586042 1.91301e-05 0.000184664 5.51932
31.3981 76.4795 -0.00178983 0.000772561 -0.00118011 6.52283
32.3949 76.4795 -9.42964e-05 0.000670192 0.000236813 13.0457
33.3917 76.4795 0.000257141 0.00044417 3.36484e-05 26.0913
34.3884 76.4795 0.000812591 0.000119542 0.000491991 12.0422
35.3852 76.4795 0.000171544 -0.00125171 4.30369e-05 19.5685
36.382 76.4795 0.000748429 -0.000255829 0.000215614 26.0913
37.3787 76.4795 -0.0014836 0.000246027 0.0009452 8.52986
38.3755 76.4795 0.00297528 7.47559e-05 0.00195629 4.01405
39.3723 76.4795 9.52768e-05 -0.000646187 6.57981e-05 7.02459
40.369 76.4795 0.000306969 -8.50435e-05 0.000668601 14.0492
41.3658 76.4795 0.000511388 0.000642105 -0.000225863 31.1089
42.3626 76.4795 -0.000288765 3.87109e-05 -1.34449e-05 10.5369
43.3593 76.4795 0.000206848 0.000186015 -0.000530035 19.0667
44.3561 76.4795 -0.000371191 -0.000471438 0.000105547 23.5825
45.3529 76.4795 0.00113448 0.000224246 0.00110285 10.0351
46.3496 76.4795 0.000119418 -0.00197867 0.000853537 5.51932
47.3464 76.4795 0.000326289 -0.000286203 7.75843e-05 9.53337
48.3432 76.4795 0.00050068 -0.000436933 -0.00057285 6.02108
49.3399 76.4795 0.000114049 0.00086315 -0.000220941 28.0984
50.3367 76.4795 -0.00101224 -0.00012045 -7.20582e-05 15.0527
51.3335 76.4795 0.00203737 -0.000754699 0.000829286 11.0386
52.3302 76.4795 -0.000569762 -0.00020062 0.000139351 28.0984
53.327 76.4795 0.0011731 0.000425206 -0.000146505 11.0386
54.3238 76.4795 0.00123076 0.000810671 0.000870725 10.5369
55.3205 76.4795 -0.00199038 0.000845793 -0.00130077 5.01756
56.3173 76.4795 0.00022941 -0.000202318 0.000894358 8.52986
57.3141 76.4795 0.000729403 -0.000402274 -0.000177245 15.5544
58.3108 76.4795 -0.000982422 0.00113723 7.29513e-05 15.5544
59.3076 76.4795 -0.000582893 -6.32247e-05 0.000395728 9.53337
60.3044 76.4795 0.000353416 -0.000171237 0.000411085 26.0913
61.3011 76.4795 -0.00104244 0.000318415 -9.68458e-05 19.0667
62.2979 76.4795 0.000524066 -0.000833849 3.23938e-05 7.52634
63.2947 76.4795 0.000355639 -0.000514608 0.000202998 10.5369
64.2914 76.4795 -0.000484279 -0.000614428 -0.000360477 8.0281
65.2882 76.4795 0.000531477 -0.000490271 -0.000457668 11.5404
66.285 76.4795 0.000277528 0.000262899 -0.000231634 21.5755
67.2817 76.4795 -0.000358024 -0.000306225 0.000561331 11.5404
68.2785 76.4795 -0.000270386 0.000301766 0.000475782 15.5544
69.2753 76.4795 0.000154793 8.20285e-05 0.000356006 20.572
70.272 76.4795 0.00151108 -0.00125513 -0.000646097 5.51932
71.2688 76.4795 0.000262108 0.00124544 0.000592964 6.02108
72.2656 76.4795 0.000912501 -0.00114968 0.00196389 6.02108
73.2623 76.4795 -0.000706016 -0.000331083 0.000731748 11.5404
74.2591 76.4795 0.000327753 0.000508432 0.000131672 20.0703
75.2559 76.4795 -0.000735066 0.000147499 -0.000341791 13.0457
76.2526 76.4795 -0.000160241 0.000514687 0.000293909 11.5404
77.2494 76.4795 -0.000111908 -0.000990079 -0.000554321 28.0984
78.2462 76.4795 -0.000146114 -0.000241733 0.00038843 9.53337
79.2429 76.4795 -0.000295962 -0.000277692 0.00163592 7.02459
80.2397 76.4795 -0.000537074 0.000108409 -0.000445736 10.5369
81.2365 76.4795 6.15403e-05 -0.00101388 -0.000649671 10.5369
82.2332 76.4795 0.000289869 3.45936e-05 0.00109294 15.5544
0.498383 77.4793 -0.0010626 -0.00083465 0.00193402 7.52634
1.49515 77.4793 -0.00144289 0.00057384 -0.000972557 11.0386
2.49192 77.4793 0.00138365 0.000217452 -0.000787501 9.03161
3.48868 77.4793 -0.000210386 0.000880276 -5.34305e-05 12.5439
4.48545 77.4793 0.000122303 0.00136864 0.000460334 8.0281
5.48221 77.4793 -0.000824923 -0.00150532 -9.55317e-05 6.52283
6.47898 77.4793 0.000857731 0.000657592 -0.000752225 10.0351
7.47575 77.4793 -0.000268359 0.000245559 4.88453e-05 9.03161
8.47251 77.4793 -0.000355846 0.000655162 -0.000971628 14.5509
9.46928 77.4793 -0.000866636 -0.000354387 0.000917811 10.5369
10.466 77.4793 0.000275355 0.000946639 0.000624029 10.0351
11.4628 77.4793 0.000328933 -0.000221414 0.000869223 13.0457
12.4596 77.4793 -0.000320892 -0.000498337 0.000509592 10.5369
13.4563 77.4793 -0.000866599 0.000505764 0.000194571 7.02459
14.4531 77.4793 0.000301843 -0.00205806 0.000205803 11.0386
15.4499 77.4793 5.45066e-06 0.000191893 -0.0015075 13.5474
16.4466 77.4793 -0.000621476 -3.14849e-05 1.03954e-05 10.5369
17.4434 77.4793 -4.9054e-05 0.000657401 -0.00153609 7.52634
18.4402 77.4793 -0.000848125 0.000248569 0.000208722 11.5404
19.4369 77.4793 -0.00113518 -0.00133696 2.58974e-05 10.5369
20.4337 77.4793 -0.00105675 -0.000599546 0.000493266 8.0281
21.4305 77.4793 0.000152607 -0.000921318 -9.84532e-05 12.0422
22.4272 77.4793 -0.00121405 0.000469007 -0.00148625 6.52283
23.424 77.4793 -0.000231019 0.000178709 -0.000420132 13.0457
24.4208 77.4793 -0.00047375 -0.000897457 0.000379589 12.0422
25.4175 77.4793 -0.000345065 -0.00211411 0.0016616 5.01756
26.4143 77.4793 0.00113374 0.00100562 -0.000846252 8.52986
27.4111 77.4793 -0.000558346 0.000233588 -0.00109974 9.03161
28.4078 77.4793 0.000345257 -0.00058902 8.67253e-05 10.5369
29.4046 77.4793 0.00106213 -1.80143e-05 0.000244275 13.5474
30.4014 77.4793 0.000714638 0.000800925 0.00172871 6.02108
31.3981 77.4793 -0.00077384 -0.000234895 -0.000123239 10.5369
32.3949 77.4793 0.0010489 -0.000287905 0.000541 10.5369
33.3917 77.4793 -0.000616123 0.000374412 -0.000490089 13.0457
34.3884 77.4793 -9.54578e-05 -0.000614479 0.000185823 9.03161
35.3852 77.4793 0.00131828 0.000440384 -0.000677686 6.02108
36.382 77.4793 -9.62636e-05 -0.000715659 0.000771707 11.0386
37.3787 77.4793 0.00054001 2.35529e-05 -0.000497375 8.52986
38.3755 77.4793 -0.000816993 0.000287415 0.000425107 8.0281
39.3723 77.4793 -0.00046073 -0.000164415 0.00080671 7.02459
40.369 77.4793 -0.000217494 0.000211783 8.16195e-06 11.0386
41.3658 77.4793 0.00123313 -0.000784095 0.000155098 7.02459
42.3626 77.4793 9.98273e-06 0.00111937 -0.000659615 5.51932
43.3593 77.4793 9.74299e-05 -0.000402044 -0.000391119 8.0281
44.3561 77.4793 0.000261899 -0.00133973 0.000239144 12.5439
45.3529 77.4793 -0.00126925 0.00176887 0.00050957 9.03161
46.3496 77.4793 9.2709e-06 -7.34094e-05 -0.000398064 5.01756
47.3464 77.4793 0.00121436 0.000401828 -4.00815e-05 10.0351
48.3432 77.4793 0.00152487 -0.00131454 -9.86969e-05 9.03161
49.3399 77.4793 0.000432587 -0.000180491 -0.000648519 11.5404
50.3367 77.4793 -0.000328106 -0.000203818 0.000342488 8.52986
51.3335 77.4793 6.25133e-05 0.000188259 0.000795894 8.0281
52.3302 77.4793 -0.000936567 -0.00114195 0.000543372 11.5404
53.327 77.4793 -6.22877e-05 0.000440169 0.000240186 6.02108
54.3238 77.4793 -0.000303892 -0.000640261 -0.000649451 10.0351
55.3205 77.4793 -0.000408808 -0.000276958 0.00194733 11.5404
56.3173 77.4793 -0.000188419 0.00214594 0.000204024 9.53337
57.3141 77.4793 0.000493996 -0.000755729 4.40787e-05 14.0492
58.3108 77.4793 -0.000197846 -0.000147095 -0.00080615 13.0457
59.3076 77.4793 -6.45341e-05 3.41319e-05 -9.84803e-05 8.0281
60.3044 77.4793 0.000733434 0.000537123 -0.0001736 11.0386
61.3011 77.4793 -0.000167997 -0.000655691 -0.000740526 9.53337
62.2979 77.4793 -0.00158824 0.000815875 0.000601503 7.52634
63.2947 77.4793 -5.35733e-05 0.00075987 0.000614265 4.51581
64.2914 77.4793 -0.000839984 0.000180246 0.00046635 10.0351
65.2882 77.4793 0.00120373 -0.000890635 0.000271509 10.5369
66.285 77.4793 0.00100999 -4.39842e-05 -0.000423007 10.0351
67.2817 77.4793 -0.000550809 8.27425e-05 0.00112157 7.02459
68.2785 77.4793 -5.77697e-05 0.00104693 -0.000410581 14.0492
69.2753 77.4793 0.0003239 -0.000317207 -9.71215e-05 11.0386
70.272 77.4793 0.000147465 0.000444066 0.00116718 10.5369
71.2688 77.4793 0.00126368 -0.00116155 -0.000732539 13.0457
72.2656 77.4793 0.00244444 -0.00131921 0.000101046 7.02459
73.2623 77.4793 0.000412959 0.000117769 -0.00024305 11.5404
74.2591 77.4793 0.00011367 -0.00113722 -0.000168945 13.0457
75.2559 77.4793 0.000864872 0.000207943 -0.000960136 8.0281
76.2526 77.4793 1.9258e-05 -0.000432979 0.00165474 9.03161
77.2494 77.4793 -0.000474597 -0.000241207 0.000308367 10.0351
78.2462 77.4793 -0.000459584 -9.49357e-05 -0.000152349 10.5369
79.2429 77.4793 -0.000638968 -0.00021227 0.000322253 9.03161
80.2397 77.4793 -0.000447028 0.000707333 -0.00179492 5.01756
81.2365 77.4793 0.000971041 0.000630592 0.00082744 9.03161
82.2332 77.4793 0.000302328 0.000800131 0.000664901 14.0492
0.498383 78.479 -0.00121771 -0.000216254 -0.00130548 5.51932
1.49515 78.479 -0.000149141 0.00023305 0.000879082 7.52634
2.49192 78.479 -0.00146075 0.00132335 0.000733775 7.02459
3.48868 78.479 6.03845e-05 0.000278198 -0.00017938 17.0597
4.48545 78.479 0.000170987 0.00102526 -0.000356326 21.0738
5.48221 78.479 -0.000815058 -0.000838444 0.000423853 10.5369
6.47898 78.479 0.000245105 0.000410725 0.000115199 18.0632
7.47575 78.479 -0.000194352 6.89316e-05 2.25729e-05 19.0667
8.47251 78.479 0.000883169 -0.000541871 0.000778476 9.53337
9.46928 78.479 0.000277605 0.000671849 -0.00107542 6.52283
10.466 78.479 -0.000426288 0.000109823 0.000514062 10.0351
11.4628 78.479 0.000222377 -0.000378994 -0.00124972 7.52634
12.4596 78.479 0.000251064 -0.000330943 0.000131277 22.0773
13.4563 78.479 5.51587e-05 -0.00034812 0.000736416 13.0457
14.4531 78.479 -0.00081366 0.000158625 -0.000145791 16.558
15.4499 78.479 -0.000143888 0.000231035 -0.00112809 16.558
16.4466 78.479 0.000617475 -0.000636689 0.000874995 7.52634
17.4434 78.479 0.000912649 -0.000945294 -0.00105388 13.5474
18.4402 78.479 -0.000106213 0.00207157 -0.00099745 5.51932
19.4369 78.479 -0.000809019 0.000564305 -0.000296071 9.53337
20.4337 78.479 0.000684888 -0.000308275 0.000215693 19.5685
21.4305 78.479 -5.36184e-05 -4.50461e-05 0.000984347 18.0632
22.4272 78.479 -0.00123624 -0.000578511 -0.00042192 9.03161
23.424 78.479 -0.000703168 -0.000393552 0.000618318 24.5861
24.4208 78.479 1.59077e-05 0.000471305 -4.26129e-05 16.0562
25.4175 78.479 0.000923769 -0.00102938 0.000798576 8.0281
26.4143 78.479 -0.000222494 -0.00121543 0.000755262 5.01756
27.4111 78.479 -0.000446642 -0.000111065 0.00120089 11.0386
28.4078 78.479 -0.000338037 -2.37729e-05 -9.44421e-05 19.5685
29.4046 78.479 -0.000712046 0.000769612 0.000192291 19.5685
30.4014 78.479 -9.16687e-05 -0.000108247 0.000834723 11.0386
31.3981 78.479 0.000753133 0.00138425 0.00122881 22.0773
32.3949 78.479 -0.000364123 -0.00107555 -0.000937403 19.0667
33.3917 78.479 -2.73736e-05 0.000295698 -0.000565372 2.50878
34.3884 78.479 -0.00185137 -0.00111787 0.000128323 5.01756
35.3852 78.479 -0.000969247 -0.000373562 -0.000166778 6.52283
36.382 78.479 -2.603e-05 -0.000288678 -0.000642588 11.5404
37.3787 78.479 -0.000421733 -0.000530325 0.000538558 29.1019
38.3755 78.479 -0.00116501 0.000336963 -9.96319e-05 8.52986
39.3723 78.479 0.000542753 -0.000249112 4.76416e-05 17.0597
40.369 78.479 0.000154028 -0.000359062 0.000180129 26.5931
41.3658 78.479 0.00124401 0.000296469 0.000842755 8.0281
42.3626 78.479 -0.000662294 -0.00142581 -0.000897976 5.01756
43.3593 78.479 -0.00134118 0.000168316 0.000572658 5.01756
44.3561 78.479 -0.000127488 -0.000573081 0.00187952 9.53337
45.3529 78.479 3.68383e-05 -0.000552123 -0.00010601 24.0843
46.3496 78.479 0.000844821 -0.000200003 -0.000135995 12.0422
47.3464 78.479 0.000430671 0.000380899 -0.000751678 11.0386
48.3432 78.479 -0.000155129 0.000115517 -0.000144115 24.0843
49.3399 78.479 0.000383821 -0.00081692 0.000201469 10.5369
50.3367 78.479 -0.000221675 -0.000303267 -3.37122e-05 7.52634
51.3335 78.479 -0.000341591 -0.000706974 0.000647608 9.53337
52.3302 78.479 0.000282946 9.23855e-06 0.0013089 9.53337
53.327 78.479 0.000369044 0.000636432 -0.00021327 18.0632
54.3238 78.479 -0.000323962 -0.000631492 -3.55859e-05 15.5544
55.3205 78.479 -0.000375817 -0.000848278 0.000516027 13.5474
56.3173 78.479 0.000721989 -0.000481115 -2.35114e-05 18.0632
57.3141 78.479 0.000360419 -3.21508e-05 0.000301594 12.0422
58.3108 78.479 -0.000168651 -0.000318679 -6.58508e-05 10.5369
59.3076 78.479 -0.000719497 -0.000235327 0.000449989 8.52986
60.3044 78.479 -0.00151917 -0.000381493 -0.000646041 6.52283
61.3011 78.479 0.000243623 0.000127452 0.00016275 14.0492
62.2979 78.479 -0.000418078 -0.000623799 0.000218264 22.579
63.2947 78.479 0.000265295 -0.00021001 -0.000602774 10.5369
64.2914 78.479 -0.000136697 -0.000259763 0.000336394 21.0738
65.2882 78.479 -0.00015267 0.000141385 -0.000163069 14.0492
66.285 78.479 0.000927278 0.000354124 -0.000978686 9.03161
67.2817 78.479 -0.000484997 -0.000586148 -0.000322259 10.0351
68.2785 78.479 0.000667021 0.000147234 0.000670152 6.02108
69.2753 78.479 0.00040711 0.000882964 -0.000710108 9.03161
70.272 78.479 -0.000644005 -0.000235418 -0.00010967 20.572
71.2688 78.479 0.000562777 -7.99368e-06 -0.000199195 11.0386
72.2656 78.479 0.000391089 -0.00150825 -0.000516726 14.0492
73.2623 78.479 -0.000162433 -0.000126015 0.00146924 22.579
74.2591 78.479 0.000233301 -0.000851677 -6.99493e-06 7.02459
75.2559 78.479 -0.000704607 -0.000614256 0.000562906 4.51581
76.2526 78.479 -0.000775831 0.00153701 0.00156674 5.01756
77.2494 78.479 -0.000287707 0.000245891 0.000646365 9.53337
78.2462 78.479 0.000291897 0.000996797 -0.00015823 18.0632
79.2429 78.479 0.000323165 -0.000451562 7.00327e-05 15.5544
80.2397 78.479 0.00143836 0.000480167 0.000852846 8.52986
81.2365 78.479 -0.000106986 3.38823e-05 0.000573483 22.0773
82.2332 78.479 0.000186907 0.000768725 0.00127349 9.53337
0.498383 79.4787 -0.000266455 -0.000571894 0.00082301 6.52283
1.49515 79.4787 0.00028653 0.00129638 0.000496991 9.03161
2.49192 79.4787 -3.07868e-05 1.50631e-05 -0.000469376 11.5404
3.48868 79.4787 -0.000443243 0.000376557 0.000367838 12.0422
4.48545 79.4787 0.000278115 0.000389602 -0.000828598 9.53337
5.48221 79.4787 -0.000130547 0.000568848 0.00109037 8.0281
6.47898 79.4787 -0.000558567 -0.000984477 -0.00110316 17.5615
7.47575 79.4787 -0.000603008 0.00118942 -0.000121358 12.0422
8.47251 79.4787 -0.000239408 -0.000548693 -0.000392576 9.53337
9.46928 79.4787 -0.000814016 -0.00173886 -0.00167333 7.02459
10.466 79.4787 0.00144953 -7.18588e-06 -0.000681035 8.52986
11.4628 79.4787 -0.0018269 -0.00102046 -0.000350652 11.5404
12.4596 79.4787 -0.000345971 0.00024633 -0.000927751 12.0422
13.4563 79.4787 -0.000559 -0.000164023 0.000309725 11.0386
14.4531 79.4787 -0.000506585 -0.000433882 0.000253303 10.5369
15.4499 79.4787 -0.000355056 9.53124e-05 0.00032034 11.0386
16.4466 79.4787 0.00140576 -0.000815177 0.000694851 10.0351
17.4434 79.4787 0.000883846 0.000271625 0.000449871 8.0281
18.4402 79.4787 0.000592624 0.000783803 -0.00031319 6.52283
19.4369 79.4787 0.000224954 0.000126682 0.00126687 11.0386
20.4337 79.4787 -0.000526969 0.000265477 -0.00046883 15.0527
21.4305 79.4787 0.00064583 0.000462705 -0.000287436 9.53337
22.4272 79.4787 0.000348422 0.00018516 -0.000313503 10.5369
23.424 79.4787 -0.00089462 -8.99885e-05 9.7713e-05 10.0351
24.4208 79.4787 0.00115464 -0.000594019 0.000252822 9.53337
25.4175 79.4787 -0.00033461 0.000155979 -0.000348483 10.5369
26.4143 79.4787 0.00082278 -0.00128374 0.000227096 6.02108
27.4111 79.4787 -0.000432182 7.76394e-05 -0.00171922 8.0281
28.4078 79.4787 0.000171358 0.00020477 -0.000103893 14.5509
29.4046 79.4787 -0.000404443 -0.000660157 0.000982874 12.5439
30.4014 79.4787 -0.00101275 -0.000887032 -0.00102418 8.0281
31.3981 79.4787 -0.00016462 -0.000125971 -0.000791402 14.0492
32.3949 79.4787 -0.000327449 -5.04361e-05 -0.000335762 14.0492
33.3917 79.4787 -0.00103591 0.000381143 0.00136222 8.0281
34.3884 79.4787 0.000684328 -0.000901486 -0.000185326 9.53337
35.3852 79.4787 0.000563844 0.00024492 0.000422819 7.52634
36.382 79.4787 -0.000365731 0.000820682 -0.000682109 13.0457
37.3787 79.4787 -9.84306e-05 0.000336537 -0.000292656 16.558
38.3755 79.4787 -0.000698562 -0.000522965 4.04162e-05 8.52986
39.3723 79.4787 -0.000189482 0.000360918 0.000884455 7.52634
40.369 79.4787 0.000804769 0.000355003 -0.00043317 10.0351
41.3658 79.4787 0.000865004 -0.000975108 0.000254984 8.52986
42.3626 79.4787 0.00019922 -0.000176134 -0.000294568 9.53337
43.3593 79.4787 -0.00051201 -0.000175272 -0.000507333 5.01756
44.3561 79.4787 0.000428623 -0.000550639 0.000442245 15.0527
45.3529 79.4787 0.000569523 0.000832032 0.000671783 12.5439
46.3496 79.4787 0.00156757 0.000372649 -5.17164e-05 12.5439
47.3464 79.4787 -0.000451606 0.000490617 -0.00053235 9.53337
48.3432 79.4787 0.000424778 -0.00200071 -0.000626922 17.0597
49.3399 79.4787 -0.000400281 0.00102647 -0.000321197 8.0281
50.3367 79.4787 -0.00208346 -0.000780058 0.000647165 7.52634
51.3335 79.4787 0.00142419 0.000742523 -0.000725354 6.02108
52.3302 79.4787 0.00071359 -0.00142159 0.00105449 8.0281
53.327 79.4787 -6.79693e-05 -9.53124e-05 -0.000901393 18.565
54.3238 79.4787 0.000492568 -0.000928151 0.000744242 10.5369
55.3205 79.4787 -0.000272415 -0.000538973 0.000143961 8.52986
56.3173 79.4787 -0.000110002 -0.000281391 -0.000700532 16.558
57.3141 79.4787 0.000922182 -0.000559395 -0.000516311 14.0492
58.3108 79.4787 -0.000309775 -0.00139893 -0.00236248 5.01756
59.3076 79.4787 -0.00104401 -0.000453663 -0.000570793 8.0281
60.3044 79.4787 -0.000297754 9.28831e-05 1.91065e-05 7.02459
61.3011 79.4787 -0.00115279 0.000724794 -0.000171612 12.0422
62.2979 79.4787 0.000255552 0.000606642 0.000726186 12.5439
63.2947 79.4787 0.00142969 -0.00022277 -0.00129373 9.53337
64.2914 79.4787 -0.000454158 0.000590447 0.00101999 15.5544
65.2882 79.4787 0.000519554 -0.000451786 0.000128757 13.0457
66.285 79.4787 0.000854823 4.6498e-05 2.14701e-05 7.52634
67.2817 79.4787 0.000150081 0.000295749 2.88306e-06 8.52986
68.2785 79.4787 0.00116367 -0.00138264 0.000470927 6.52283
69.2753 79.4787 -0.000732302 3.44322e-05 -0.000157976 9.03161
70.272 79.4787 0.0004759 -5.42151e-05 6.08887e-05 15.0527
71.2688 79.4787 0.000520971 -0.00122367 0.000612434 7.02459
72.2656 79.4787 -0.000532409 -0.000763747 -0.000188892 11.0386
73.2623 79.4787 0.000315888 0.000133438 7.71171e-05 17.0597
74.2591 79.4787 -1.11548e-05 0.000234455 0.000477777 9.53337
75.2559 79.4787 0.000217804 0.000166875 -0.000546692 11.5404
76.2526 79.4787 -8.57555e-05 -0.000462894 -0.0011358 6.52283
77.2494 79.4787 -8.86591e-05 -7.89034e-05 0.000260178 9.53337
78.2462 79.4787 -2.67198e-05 -0.00027346 0.000735228 18.565
79.2429 79.4787 0.00061919 0.00108913 0.000360869 10.5369
80.2397 79.4787 -0.000781484 2.68604e-05 -0.000248569 12.5439
81.2365 79.4787 -0.00115493 -0.000724951 -0.000280238 18.565
82.2332 79.4787 -0.000755655 0.00022085 -0.000808684 11.0386
0.498383 80.4785 9.6753e-05 -0.00115098 -0.00035932 15.0527
1.49515 80.4785 0.000244053 -1.32739e-05 -0.000536412 10.0351
2.49192 80.4785 0.000356206 -0.00076087 -0.000748957 18.565
3.48868 80.4785 -0.000386677 -4.83584e-05 0.000383005 14.0492
4.48545 80.4785 0.000442395 -0.00189943 -0.000933581 7.52634
5.48221 80.4785 8.38877e-05 0.000478265 -0.00114016 7.02459
6.47898 80.4785 0.000190365 -0.00022534 -0.000442531 11.0386
7.47575 80.4785 0.00108692 0.000688376 0.000228491 7.02459
8.47251 80.4785 -0.000188774 -0.000551034 -0.000407988 17.0597
9.46928 80.4785 0.00102192 -0.000787182 -0.00010837 10.5369
10.466 80.4785 3.05392e-05 0.00049205 -0.00141863 16.558
11.4628 80.4785 0.000681112 -0.0010627 -0.000152381 15.0527
12.4596 80.4785 0.000220573 -0.000412607 -0.000267032 9.03161
13.4563 80.4785 -0.000222973 -0.000606551 -0.000362828 9.53337
14.4531 80.4785 0.000346046 -0.000116564 -0.00108275 9.53337
15.4499 80.4785 -0.000283499 -0.000772586 0.00077877 10.0351
16.4466 80.4785 -0.000313186 -0.000609399 0.000139228 14.5509
17.4434 80.4785 -0.000404704 0.00113452 0.000702627 14.0492
18.4402 80.4785 -0.00047213 -0.000827164 0.000622298 11.0386
19.4369 80.4785 0.000688076 -0.000278404 0.000725567 18.565
20.4337 80.4785 0.000250942 -0.001428 0.00123149 6.02108
21.4305 80.4785 -0.00103181 -0.000832622 -8.60352e-05 8.0281
22.4272 80.4785 0.000347018 -0.000482407 0.000970997 9.03161
23.424 80.4785 0.0012658 0.000293755 -0.000739698 6.02108
24.4208 80.4785 -7.18332e-05 -0.00021746 -0.00038313 18.565
25.4175 80.4785 6.4588e-05 0.000440491 0.000393276 15.5544
26.4143 80.4785 0.000880752 0.000349897 -0.000598896 8.0281
27.4111 80.4785 -0.000829502 0.00054785 -0.000404 14.5509
28.4078 80.4785 -0.000376778 0.000636393 -0.000587659 8.52986
29.4046 80.4785 0.000622867 -0.000299429 0.000776044 8.0281
30.4014 80.4785 -0.000489669 1.42039e-05 -0.000467088 8.0281
31.3981 80.4785 -0.000408028 -0.000369725 -0.000546313 7.52634
32.3949 80.4785 -0.000760996 -0.000207771 0.000508494 11.5404
33.3917 80.4785 -0.00020882 -0.000579068 0.00102499 14.0492
34.3884 80.4785 0.000926598 -0.000689887 -0.00132574 10.0351
35.3852 80.4785 0.000232664 0.000772218 -0.00163509 11.0386
36.382 80.4785 0.000576495 0.000724048 0.000652518 15.5544
37.3787 80.4785 0.000159799 0.000972908 -0.00195496 8.0281
38.3755 80.4785 0.000192102 -0.00146022 -0.000731581 7.02459
39.3723 80.4785 0.000289282 -0.000519666 -0.000973861 10.0351
40.369 80.4785 0.000492108 -0.000622061 0.000596242 9.53337
41.3658 80.4785 0.00036946 -3.74991e-05 0.000496903 23.0808
42.3626 80.4785 -0.00058454 -0.000630403 -0.00174902 5.51932
43.3593 80.4785 0.000571266 0.000297854 0.000478139 12.0422
44.3561 80.4785 0.00017903 0.000475445 0.000301574 15.0527
45.3529 80.4785 -0.000563704 7.23434e-05 -0.00111327 8.52986
46.3496 80.4785 -5.09589e-05 0.000413852 -4.91394e-05 9.53337
47.3464 80.4785 0.00174857 -0.000565424 -0.0016336 6.52283
48.3432 80.4785 0.000542941 -0.00013826 -0.000947879 10.0351
49.3399 80.4785 0.000164482 0.000166508 -9.05972e-05 14.5509
50.3367 80.4785 -0.000987195 -0.000294156 0.000171434 12.5439
51.3335 80.4785 -0.000339111 0.00046171 -0.00140285 16.0562
52.3302 80.4785 -0.000536824 5.83447e-05 -0.00134349 14.0492
53.327 80.4785 0.000122124 0.00104901 -0.00113145 8.52986
54.3238 80.4785 0.000677446 0.000126764 0.000667956 10.0351
55.3205 80.4785 -0.000261823 0.00155168 -0.0013806 8.0281
56.3173 80.4785 -0.00052063 -0.00106944 -0.000197871 9.03161
57.3141 80.4785 -8.43272e-05 -0.000488968 -0.000437487 13.0457
58.3108 80.4785 0.000227328 -0.000558674 8.65291e-05 13.5474
59.3076 80.4785 -0.0001553 -1.2609e-05 0.000427462 9.53337
60.3044 80.4785 -0.000880132 -0.00106608 -1.2704e-05 13.0457
61.3011 80.4785 0.000272534 -0.00105958 0.000186482 15.0527
62.2979 80.4785 -0.000704461 -0.000644032 -0.000350076 9.53337
63.2947 80.4785 0.00040448 -0.00108329 -0.000606404 8.52986
64.2914 80.4785 -0.00110043 0.000443186 -0.000682837 3.51229
65.2882 80.4785 0.000543977 0.000462131 -0.000443524 18.0632
66.285 80.4785 0.00101109 -0.000425536 -0.000298686 17.0597
67.2817 80.4785 0.0001584 0.00068474 0.000993804 11.0386
68.2785 80.4785 0.00128567 -0.000207961 -6.74144e-05 12.5439
69.2753 80.4785 -4.80905e-05 -0.000940779 1.01198e-05 18.565
70.272 80.4785 -0.000682311 -0.000748873 3.45635e-05 8.52986
71.2688 80.4785 0.00143486 0.000923502 -0.000628393 8.0281
72.2656 80.4785 0.00118629 0.000817238 0.000644646 8.52986
73.2623 80.4785 -0.000825734 -2.09334e-05 0.000357902 12.0422
74.2591 80.4785 0.000723016 -0.00114256 0.000350655 20.0703
75.2559 80.4785 2.65554e-05 -0.00043655 -0.000264891 9.03161
76.2526 80.4785 0.000627567 -0.000186018 -0.000372665 9.03161
77.2494 80.4785 0.000343163 -0.00122585 0.00113236 13.5474
78.2462 80.4785 0.000848445 -0.000564656 -0.000425067 14.5509
79.2429 80.4785 -2.17114e-05 0.00108185 -0.000464292 8.0281
80.2397 80.4785 4.57492e-05 0.000335854 0.000109888 6.52283
81.2365 80.4785 0.00128961 0.00128351 0.000863225 6.52283
82.2332 80.4785 0.000578476 -0.00027182 -0.000236266 13.5474
0.498383 81.4782 -0.000463605 0.000488732 4.55076e-05 14.0492
1.49515 81.4782 -0.000215827 0.0010585 8.11009e-05 10.0351
2.49192 81.4782 0.00109492 0.000151678 -0.0013705 15.0527
3.48868 81.4782 -0.00162051 0.000805388 0.000103959 12.5439
4.48545 81.4782 -0.00037058 0.00102311 -0.000319294 9.03161
5.48221 81.4782 -0.000656463 -0.000989134 0.00066761 5.01756
6.47898 81.4782 -0.000156758 0.00110982 -0.00121999 10.5369
7.47575 81.4782 -0.000492178 0.000413522 0.000497412 14.5509
8.47251 81.4782 -0.000317916 -0.000273015 -0.00047423 15.5544
9.46928 81.4782 0.000230192 -0.000160848 -8.69903e-05 15.5544
10.466 81.4782 0.000183752 -9.36679e-05 -0.000611269 15.5544
11.4628 81.4782 -0.00119674 0.000661482 0.000543152 14.5509
12.4596 81.4782 3.08299e-05 0.000701162 0.00115388 10.0351
13.4563 81.4782 0.000890602 0.000248866 0.000242506 8.0281
14.4531 81.4782 0.000486705 0.000521063 0.000278303 8.52986
15.4499 81.4782 0.000905586 0.000916971 0.00135139 10.5369
16.4466 81.4782 9.54976e-05 -0.000448634 0.000483227 21.5755
17.4434 81.4782 -0.00112555 -0.000310853 0.00143891 13.5474
18.4402 81.4782 -0.000450138 0.00108544 -0.00123801 8.52986
19.4369 81.4782 0.00100005 -0.000378663 0.00054717 18.565
20.4337 81.4782 -0.000471973 0.000328709 -0.000662968 13.0457
21.4305 81.4782 0.000930417 -0.00030365 0.00287948 5.51932
22.4272 81.4782 -0.000501626 0.00100248 0.00069159 7.52634
23.424 81.4782 4.38011e-05 -0.000588499 0.0010924 10.5369
24.4208 81.4782 0.000817137 -5.25431e-05 -0.000400233 16.0562
25.4175 81.4782 -0.000609317 0.000679534 0.000595702 15.0527
26.4143 81.4782 0.000193342 -0.000733388 -0.000992996 11.5404
27.4111 81.4782 0.000988766 -0.000768662 0.000720389 22.0773
28.4078 81.4782 0.000722034 0.000280648 0.000159298 17.5615
29.4046 81.4782 -0.0013763 -0.000493663 0.000956081 10.0351
30.4014 81.4782 0.000719421 -0.00142357 -0.00147063 8.52986
31.3981 81.4782 -0.000985936 -0.000630903 -0.00119768 6.52283
32.3949 81.4782 0.000285514 -0.000190519 -0.00117366 9.53337
33.3917 81.4782 0.000697194 0.000152905 0.000268239 24.0843
34.3884 81.4782 0.00207529 0.000981142 0.000853515 7.52634
35.3852 81.4782 0.00058578 0.000218069 -3.75073e-05 22.0773
36.382 81.4782 0.000813634 0.000459028 0.000155544 16.0562
37.3787 81.4782 -0.00115394 -0.000675699 -0.000927215 9.03161
38.3755 81.4782 -0.000488061 0.00177089 0.000420158 5.01756
39.3723 81.4782 -0.00130487 -0.000437735 -0.000845961 5.51932
40.369 81.4782 -0.000233795 4.61969e-05 0.00151517 10.5369
41.3658 81.4782 0.000452142 -0.000236663 -0.00033771 26.0913
42.3626 81.4782 0.000759159 -0.000822876 0.000729958 11.5404
43.3593 81.4782 -0.000849344 6.52881e-05 -0.00167331 11.5404
44.3561 81.4782 -0.000433108 0.000487348 -0.000565743 24.0843
45.3529 81.4782 -0.000856052 0.00130294 0.000614464 10.5369
46.3496 81.4782 -0.000262531 -0.000133577 -0.000196446 7.02459
47.3464 81.4782 0.000442687 0.000371602 -0.000858126 8.0281
48.3432 81.4782 -0.00048665 -4.2606e-05 0.00114034 10.5369
49.3399 81.4782 0.000267151 -0.000428163 -0.000559056 19.0667
50.3367 81.4782 -0.000250279 0.000472116 -0.000390932 11.0386
51.3335 81.4782 0.000634608 0.000906322 0.000132021 11.5404
52.3302 81.4782 -0.000816173 -0.000631067 0.000617258 23.0808
53.327 81.4782 -0.0002341 -0.000354884 -0.000925233 12.0422
54.3238 81.4782 -0.000623986 -0.000354002 -0.000123731 6.52283
55.3205 81.4782 0.00125523 0.000653077 0.00068529 9.53337
56.3173 81.4782 -2.97974e-06 -0.000103902 0.000487696 9.53337
57.3141 81.4782 0.000196505 0.000442979 -0.000219767 19.5685
58.3108 81.4782 0.000282943 -0.00135985 -0.000618691 20.572
59.3076 81.4782 -0.000452607 0.00013257 0.000164293 12.0422
60.3044 81.4782 -0.000728071 0.000189294 0.000847987 19.0667
61.3011 81.4782 0.000354711 0.000625616 -0.000770975 17.5615
62.2979 81.4782 -0.00119471 -0.000262378 0.000312812 5.51932
63.2947 81.4782 9.67713e-05 0.00110401 0.00130189 9.53337
64.2914 81.4782 -0.00193931 0.000185615 -0.000299689 9.03161
65.2882 81.4782 0.000349675 -0.000563841 -0.0016874 10.0351
66.285 81.4782 0.000261169 -0.000233167 0.000582833 19.5685
67.2817 81.4782 0.000780586 0.000141758 5.77384e-05 14.0492
68.2785 81.4782 -0.000264163 0.000836964 0.000531276 15.0527
69.2753 81.4782 0.000505413 0.00047934 -0.000494566 18.0632
70.272 81.4782 -0.000498656 -0.000364516 0.000395275 9.03161
71.2688 81.4782 0.00144116 0.0011754 -0.000964683 7.52634
72.2656 81.4782 -0.00088829 -0.000362497 0.000958871 8.0281
73.2623 81.4782 -8.51438e-05 -0.000248923 -0.00175 8.52986
74.2591 81.4782 -0.000414576 -0.000257586 -0.000132927 18.0632
75.2559 81.4782 0.000409314 0.000847556 -0.000718263 13.0457
76.2526 81.4782 0.000348317 0.00059791 0.000514958 13.0457
77.2494 81.4782 0.000398931 -0.000593114 -0.000448275 17.5615
78.2462 81.4782 -0.000485885 -0.000104587 -0.000798083 11.5404
79.2429 81.4782 0.000727673 -0.000454073 0.000383147 6.52283
80.2397 81.4782 0.000727362 -0.00145322 0.000884765 9.53337
81.2365 81.4782 0.000452268 0.000152422 -0.00135589 9.03161
82.2332 81.4782 -0.00038548 -8.25853e-05 0.00111333 19.0667
0.498383 82.4779 0.000759107 -0.000373575 -0.00127023 6.52283
1.49515 82.4779 -0.000817993 -8.82053e-05 -0.00151218 8.0281
2.49192 82.4779 -0.0011285 0.000127938 -0.00114813 11.0386
3.48868 82.4779 0.000823738 6.26361e-06 0.000947979 11.5404
4.48545 82.4779 0.00048854 -0.000228746 0.00013391 14.5509
5.48221 82.4779 0.000554833 0.000337435 -0.00129568 8.52986
6.47898 82.4779 3.51432e-05 -7.981e-05 6.46202e-05 12.0422
7.47575 82.4779 -0.000392006 -9.44492e-05 -0.0012504 15.5544
8.47251 82.4779 -0.000889254 -0.000662142 0.000393293 9.53337
9.46928 82.4779 -0.00079733 -0.00161898 0.000795221 5.01756
10.466 82.4779 -0.000486207 0.00124681 0.000105513 8.52986
11.4628 82.4779 0.000539064 -0.000658407 -3.31873e-05 11.5404
12.4596 82.4779 -0.000586097 0.000261442 -0.00121463 15.5544
13.4563 82.4779 0.00105752 0.000183619 -0.00070158 7.02459
14.4531 82.4779 -0.000409131 -7.31912e-05 -0.000197383 10.0351
15.4499 82.4779 0.000945803 2.0803e-05 0.000128561 13.5474
16.4466 82.4779 0.000252124 -0.000222277 -0.00085347 10.0351
17.4434 82.4779 0.000144757 0.000585557 -0.000505978 12.0422
18.4402 82.4779 -0.000926085 -6.19831e-05 0.000814427 9.03161
19.4369 82.4779 -0.000532374 0.00237221 -0.00035101 10.0351
20.4337 82.4779 0.00108105 0.0019086 0.000188781 11.0386
21.4305 82.4779 0.000329403 -0.000676857 -0.000977421 12.5439
22.4272 82.4779 0.000694677 -0.00121953 -0.000371001 9.03161
23.424 82.4779 0.000751075 0.000725859 -0.000106467 12.5439
24.4208 82.4779 0.000716084 -0.000285074 0.000642898 11.5404
25.4175 82.4779 0.000162898 -6.59241e-05 0.000988993 7.52634
26.4143 82.4779 0.00144183 -0.000228333 0.000513118 8.0281
27.4111 82.4779 0.00035785 -0.000375919 0.000752229 10.0351
28.4078 82.4779 -0.000315813 -0.000413236 0.000573942 8.52986
29.4046 82.4779 0.000468599 0.000186326 0.00053906 7.52634
30.4014 82.4779 -0.000577936 0.000513335 0.00120991 7.52634
31.3981 82.4779 0.000361049 0.000477278 -6.78067e-05 7.52634
32.3949 82.4779 0.000728107 -0.000222941 -0.000325596 10.0351
33.3917 82.4779 -0.000579826 -0.0012514 0.000179276 8.52986
34.3884 82.4779 0.000297281 -0.00186848 1.92115e-05 8.0281
35.3852 82.4779 -0.00125232 -3.93833e-05 -0.000566391 8.52986
36.382 82.4779 -0.00057875 0.000535879 -0.00150803 10.0351
37.3787 82.4779 0.000584731 0.000327219 0.00187038 10.0351
38.3755 82.4779 -0.00153375 -5.38843e-06 -0.000550949 6.02108
39.3723 82.4779 -0.0011205 2.89209e-05 0.000670208 9.53337
40.369 82.4779 -0.000512293 0.000280669 0.000675752 9.03161
41.3658 82.4779 -0.000689632 -0.000586997 -0.000849547 7.52634
42.3626 82.4779 -0.00151009 0.000475873 -0.000135213 8.0281
43.3593 82.4779 0.000880743 -0.000699332 0.00076238 8.52986
44.3561 82.4779 0.000607531 0.00051848 -0.000485846 11.5404
45.3529 82.4779 0.000457683 -0.000841535 1.5562e-06 12.0422
46.3496 82.4779 -0.000214099 0.00012291 0.000979245 8.52986
47.3464 82.4779 -0.000432067 0.000156102 -0.000263162 11.0386
48.3432 82.4779 0.000809912 -4.58898e-06 0.000814105 7.52634
49.3399 82.4779 -0.000145882 1.03677e-05 -0.00107031 10.0351
50.3367 82.4779 -0.00156415 -6.69806e-05 -0.00122321 9.03161
51.3335 82.4779 -0.00101762 0.000126168 0.00049585 9.53337
52.3302 82.4779 -0.000886636 -9.39745e-05 0.000650535 9.53337
53.327 82.4779 0.00119343 -0.000840296 0.000429007 9.53337
54.3238 82.4779 -0.000973683 0.001005 0.000226198 12.0422
55.3205 82.4779 0.000156328 0.000481301 -0.00083807 7.02459
56.3173 82.4779 0.000558077 -0.000292719 0.00144153 10.0351
57.3141 82.4779 0.000829554 -0.000324981 -0.000272033 12.5439
58.3108 82.4779 -0.00011323 0.000861834 0.00109861 7.52634
59.3076 82.4779 7.22597e-05 0.00057215 0.00237812 5.01756
60.3044 82.4779 0.000208399 0.000925788 -0.000633767 6.52283
61.3011 82.4779 0.000855937 -0.000645653 -0.00040091 13.0457
62.2979 82.4779 0.000168211 -0.00116263 0.000825426 9.53337
63.2947 82.4779 0.000277805 -0.000249599 -0.000148925 9.03161
64.2914 82.4779 0.000181544 -0.000656673 -1.38957e-05 6.52283
65.2882 82.4779 -0.000852652 -0.00105519 -0.000922925 10.0351
66.285 82.4779 8.61482e-05 -2.07291e-05 0.000850531 7.02459
67.2817 82.4779 0.00115111 -0.00165198 -0.000210615 7.52634
68.2785 82.4779 0.000662091 -0.000163253 -0.000368909 9.53337
69.2753 82.4779 -0.00248016 -0.00115385 0.00216929 6.52283
70.272 82.4779 -0.000556872 0.000469322 -0.00122807 13.0457
71.2688 82.4779 0.000179493 -0.000250497 -0.000441672 8.0281
72.2656 82.4779 0.000539111 0.00102725 0.000590019 10.0351
73.2623 82.4779 -0.000597179 4.62671e-05 -0.000119873 10.0351
74.2591 82.4779 0.00136454 0.00010246 -0.000378647 11.0386
75.2559 82.4779 -0.000251464 -0.00080269 0.0013498 8.52986
76.2526 82.4779 0.00112471 -0.00178452 -0.000267565 7.52634
77.2494 82.4779 0.000270332 0.000432479 4.09932e-05 11.0386
78.2462 82.4779 0.000618271 0.000646722 0.000826436 10.5369
79.2429 82.4779 0.00156707 -0.000287399 -0.000489066 13.0457
80.2397 82.4779 -0.00121634 -0.000410383 -0.00087995 8.52986
81.2365 82.4779 5.3558e-05 -0.000513781 -0.00043147 11.0386
82.2332 82.4779 0.000313319 0.000629926 -0.00101767 11.5404
0.498383 83.4777 0.000156021 0.000919437 -0.00104043 8.52986
1.49515 83.4777 -0.000276166 -0.000931785 0.00149673 10.0351
2.49192 83.4777 -0.000115692 -0.000649511 0.000735742 10.5369
3.48868 83.4777 -0.000386309 0.000153681 -0.000967875 16.558
4.48545 83.4777 0.000154954 0.000205168 5.9939e-05 17.5615
5.48221 83.4777 0.00100693 -8.87007e-05 0.000283858 11.5404
6.47898 83.4777 0.000257047 0.000325557 -0.000316581 19.0667
7.47575 83.4777 -0.000675563 0.000551519 -0.00027804 13.0457
8.47251 83.4777 0.000595569 0.000302172 -0.000445961 11.0386
9.46928 83.4777 0.000140988 0.000827435 0.0011958 8.0281
10.466 83.4777 -0.000405577 4.98954e-05 0.000987258 7.52634
11.4628 83.4777 -9.55631e-05 0.00104182 0.0003907 15.5544
12.4596 83.4777 0.000436641 -0.000379935 -0.000204927 14.5509
13.4563 83.4777 -0.000976505 0.000484116 0.000374349 6.52283
14.4531 83.4777 0.000127391 0.000483365 -0.000629538 16.558
15.4499 83.4777 0.000297676 0.000437391 0.000696034 17.0597
16.4466 83.4777 0.000691349 0.00084553 -0.000167128 8.52986
17.4434 83.4777 0.00041867 0.000699937 0.000812832 8.52986
18.4402 83.4777 -0.000658327 -0.000759333 0.000129949 12.0422
19.4369 83.4777 -2.11654e-05 0.00120906 -0.000607799 9.03161
20.4337 83.4777 0.000295097 0.000110829 -0.000673939 23.0808
21.4305 83.4777 -0.000159314 -0.00036365 -1.64106e-05 15.5544
22.4272 83.4777 0.000382858 -0.000120308 -0.00116328 10.5369
23.424 83.4777 3.8201e-06 1.37536e-05 0.000813077 22.0773
24.4208 83.4777 -0.000273926 -0.000162037 -0.000413318 11.5404
25.4175 83.4777 4.05167e-06 0.000911957 -0.000361853 9.53337
26.4143 83.4777 -0.000337184 0.000180024 -0.000207776 7.52634
27.4111 83.4777 -0.000411116 0.000495138 -0.0010179 6.02108
28.4078 83.4777 0.00033063 0.000660719 0.000147109 16.0562
29.4046 83.4777 0.000508976 -0.00036279 -0.00010748 21.5755
30.4014 83.4777 -0.000702603 0.000449119 -0.00138239 8.0281
31.3981 83.4777 -9.98239e-05 0.000716242 -0.000472216 18.565
32.3949 83.4777 0.000687562 -0.000458728 0.000131191 24.5861
33.3917 83.4777 4.75733e-05 0.000767556 2.98728e-05 8.0281
34.3884 83.4777 -0.000328696 1.98096e-05 0.000765612 9.03161
35.3852 83.4777 -0.000190932 0.0012762 -0.00142838 10.0351
36.382 83.4777 0.00051254 -0.00026279 -5.81467e-05 15.0527
37.3787 83.4777 0.000727546 0.000541507 9.81489e-05 31.1089
38.3755 83.4777 4.47637e-05 -0.000499096 0.000879325 8.52986
39.3723 83.4777 0.000118762 -0.000126317 -0.0002147 21.5755
40.369 83.4777 6.97201e-05 -0.000275312 0.000387476 24.0843
41.3658 83.4777 -0.00200879 -0.000773394 -0.000538379 7.52634
42.3626 83.4777 -0.00129192 0.00136403 0.000359012 4.51581
43.3593 83.4777 -0.00021138 -0.000665539 7.12468e-05 6.52283
44.3561 83.4777 0.000726481 4.47543e-05 0.000214986 12.5439
45.3529 83.4777 0.000137286 -0.000354241 -0.000365791 28.6001
46.3496 83.4777 0.000244335 -8.34477e-05 0.00094517 12.5439
47.3464 83.4777 -6.03058e-06 -0.00110199 0.000859067 13.0457
48.3432 83.4777 0.000227991 -0.000924272 6.07598e-05 19.5685
49.3399 83.4777 0.000751007 0.000745826 0.00100992 14.5509
50.3367 83.4777 0.00151081 -0.000126663 0.0015832 6.52283
51.3335 83.4777 -0.000829556 0.000504574 0.000360326 7.52634
52.3302 83.4777 -0.000714004 -0.000392016 -0.000529392 5.51932
53.327 83.4777 0.000946137 0.000188842 0.000615221 22.0773
54.3238 83.4777 -0.000497248 -0.000954839 0.00071131 16.0562
55.3205 83.4777 0.000892374 -0.000537524 -0.00069666 10.5369
56.3173 83.4777 0.000102099 -0.000547416 0.000415389 21.5755
57.3141 83.4777 0.000189463 0.00115011 0.000505227 9.03161
58.3108 83.4777 -0.00116622 0.000185949 0.00062855 8.0281
59.3076 83.4777 -0.00174997 0.000382419 -0.000117424 9.03161
60.3044 83.4777 0.000226482 -0.000111008 0.000564845 9.03161
61.3011 83.4777 0.000674179 -0.000753659 0.000405451 14.5509
62.2979 83.4777 -0.000546496 -0.000584901 0.000153675 23.0808
63.2947 83.4777 0.000277963 0.000330183 0.000237377 7.52634
64.2914 83.4777 -5.86916e-05 -0.000602185 0.000610957 20.0703
65.2882 83.4777 -0.000426162 -6.04295e-05 9.72733e-05 23.5825
66.285 83.4777 0.000947452 0.000572978 -0.000682156 8.52986
67.2817 83.4777 -0.00048862 -0.00145551 -0.00106363 6.02108
68.2785 83.4777 -0.000304665 0.0012986 -0.000939441 10.5369
69.2753 83.4777 -7.07517e-05 -0.000242225 0.00131572 11.5404
70.272 83.4777 -0.000322874 -0.00110714 -0.000113211 23.0808
71.2688 83.4777 -0.000796583 0.000813609 -5.29399e-05 13.5474
72.2656 83.4777 0.000329342 -0.000449166 0.000121668 14.5509
73.2623 83.4777 0.000152129 -0.000358104 -5.47951e-05 28.6001
74.2591 83.4777 -0.000589452 0.00050868 0.000163902 8.0281
75.2559 83.4777 0.00107072 0.000357079 0.00171718 7.52634
76.2526 83.4777 0.000132951 -0.000103759 0.000398594 11.0386
77.2494 83.4777 -9.00444e-05 0.000370428 -0.000198489 9.03161
78.2462 83.4777 -0.000451484 0.000134588 0.000898775 16.558
79.2429 83.4777 0.000584883 -0.000534709 0.00054095 14.5509
80.2397 83.4777 -0.000223421 0.00106871 -0.000447374 11.5404
81.2365 83.4777 0.000240384 -4.00283e-05 0.00111422 21.5755
82.2332 83.4777 0.000307523 0.000853618 -0.000122602 18.565
0.498383 84.4774 0.000201795 0.000574104 -0.000862434 8.52986
1.49515 84.4774 0.000470732 -0.000200113 -9.65764e-05 8.0281
2.49192 84.4774 -0.000209 0.00158429 0.00153192 7.02459
3.48868 84.4774 -0.000351049 -0.000278289 0.000117 15.5544
4.48545 84.4774 -0.00103662 -0.000643584 0.000963419 12.0422
5.48221 84.4774 -0.000361396 0.000290208 -0.000998239 7.52634
6.47898 84.4774 -0.000172455 0.000219987 -0.00118093 10.0351
7.47575 84.4774 0.00109429 -0.000525716 0.000842983 11.0386
8.47251 84.4774 -0.000207422 0.000323147 0.00187777 7.02459
9.46928 84.4774 6.69687e-06 -0.000939101 -0.000854518 11.5404
10.466 84.4774 0.000484743 -0.000308997 0.000727105 11.0386
11.4628 84.4774 0.000430218 -0.000297049 -0.000548798 13.0457
12.4596 84.4774 0.000391597 -0.00048819 -0.000572095 15.5544
13.4563 84.4774 -0.000501616 -0.000871316 0.0001192 13.0457
14.4531 84.4774 -0.000211821 -0.000331657 -0.000573703 12.0422
15.4499 84.4774 -0.000222583 0.00173748 8.16191e-05 12.5439
16.4466 84.4774 0.000206404 6.54058e-05 -0.00201776 12.0422
17.4434 84.4774 0.000841296 3.64105e-05 0.00197833 7.52634
18.4402 84.4774 -0.00153924 0.0018576 -0.000796109 8.52986
19.4369 84.4774 0.00037101 -0.000100032 0.00262489 7.52634
20.4337 84.4774 1.71671e-06 -0.000588139 -0.000507905 8.52986
21.4305 84.4774 -0.000274426 0.000124089 5.85981e-05 14.0492
22.4272 84.4774 0.00140187 0.00122702 0.00157935 9.03161
23.424 84.4774 -0.000104559 -0.000604641 -0.000429371 15.0527
24.4208 84.4774 0.000715343 -0.000262059 -0.00134869 4.51581
25.4175 84.4774 -0.000918901 0.000826318 -0.000526733 10.0351
26.4143 84.4774 -0.00163598 0.0009638 -0.000720578 9.53337
27.4111 84.4774 -0.000912369 0.000582931 0.000952117 7.02459
28.4078 84.4774 0.000798571 0.000913814 0.000928567 14.0492
29.4046 84.4774 0.000112094 -0.000192183 -0.000120408 13.0457
30.4014 84.4774 -0.000620812 -0.000554653 7.48415e-05 12.0422
31.3981 84.4774 -0.000114255 -0.000172607 -0.000666122 9.53337
32.3949 84.4774 0.000202843 0.00110116 -0.000378956 10.0351
33.3917 84.4774 5.55046e-05 -0.000188991 5.15829e-05 9.53337
34.3884 84.4774 -0.00149349 -0.00057582 0.00216353 4.51581
35.3852 84.4774 -0.000501741 0.000745804 -0.00070134 5.51932
36.382 84.4774 0.000668295 -0.00114985 -0.000248711 10.5369
37.3787 84.4774 0.000528812 -0.00062552 -0.000974273 11.0386
38.3755 84.4774 -2.6998e-05 -0.000342201 0.000455109 8.0281
39.3723 84.4774 9.4451e-05 0.000511408 -0.00100956 10.0351
40.369 84.4774 -0.000276561 0.000559567 0.000610353 13.5474
41.3658 84.4774 0.0011077 0.000293003 -9.64225e-05 10.0351
42.3626 84.4774 -0.000352705 -0.00016382 -0.000778193 5.51932
43.3593 84.4774 0.000979361 -9.30522e-05 -0.000138381 7.52634
44.3561 84.4774 -0.000464395 8.84039e-05 -0.000277705 6.02108
45.3529 84.4774 0.000761358 -0.000876231 0.000107748 11.0386
46.3496 84.4774 -0.000915467 -0.00109224 -0.000722855 14.5509
47.3464 84.4774 -0.00153646 0.000459841 0.00114445 10.0351
48.3432 84.4774 0.000521165 0.000437175 -4.83492e-05 13.0457
49.3399 84.4774 -0.000153984 -0.000290602 -0.000930277 10.5369
50.3367 84.4774 -0.00147956 -0.000374023 -0.000107706 8.0281
51.3335 84.4774 -0.000121806 0.00027318 0.000208039 8.0281
52.3302 84.4774 -0.000168482 -0.0010214 0.00115732 10.0351
53.327 84.4774 -0.000957417 -0.000496395 0.000921991 14.5509
54.3238 84.4774 -0.00070046 4.45974e-05 0.000901797 9.53337
55.3205 84.4774 -5.53311e-05 0.000732574 0.000257202 10.5369
56.3173 84.4774 0.000181377 0.000387161 0.000242487 15.5544
57.3141 84.4774 0.000633347 -0.00078275 0.000970244 13.0457
58.3108 84.4774 0.00013787 -0.000604923 0.000930749 7.02459
59.3076 84.4774 0.0005067 0.000236152 0.000171111 10.0351
60.3044 84.4774 0.000803289 -0.000120427 0.000854575 9.03161
61.3011 84.4774 -8.31057e-05 -0.00140873 0.000747453 11.5404
62.2979 84.4774 -0.000158 -0.000434558 -0.000151866 15.0527
63.2947 84.4774 0.0003988 0.0010463 -0.000674408 6.52283
64.2914 84.4774 0.00042511 2.15956e-05 0.000867376 13.0457
65.2882 84.4774 0.000157157 -0.000219006 -0.000762658 12.0422
66.285 84.4774 0.00081696 -0.00137179 0.000692098 7.02459
67.2817 84.4774 -0.000189075 9.92619e-05 -5.3631e-05 8.0281
68.2785 84.4774 0.00079008 0.000201209 0.00214429 8.52986
69.2753 84.4774 -0.00108228 0.000320626 0.000401139 9.53337
70.272 84.4774 0.000111664 0.0004483 0.000754559 10.0351
71.2688 84.4774 0.00102855 -4.53587e-05 -0.00181847 10.5369
72.2656 84.4774 -0.00123127 0.000891891 -0.000239324 6.02108
73.2623 84.4774 -2.95503e-05 -0.000798417 0.000369878 13.5474
74.2591 84.4774 0.000100583 0.000811094 -0.000486097 6.02108
75.2559 84.4774 -0.000812609 0.000969825 -0.000220693 5.51932
76.2526 84.4774 0.000293034 0.000666675 0.000283189 12.5439
77.2494 84.4774 0.00106897 0.000569996 -0.00195724 9.03161
78.2462 84.4774 -0.00117514 0.000208191 -0.000849694 15.5544
79.2429 84.4774 -0.0010079 0.00117223 -0.000241861 12.0422
80.2397 84.4774 -2.54143e-06 0.000509465 0.000547185 7.02459
81.2365 84.4774 -0.000766433 0.00112292 -0.000734027 10.5369
82.2332 84.4774 0.000690278 4.41212e-05 0.000137804 11.0386
0.498383 85.4771 -0.000561135 -0.000324632 -0.000887254 16.0562
1.49515 85.4771 -0.000106617 0.00150003 0.000295565 12.0422
2.49192 85.4771 -3.64488e-05 0.00079491 -0.000497729 17.5615
3.48868 85.4771 -0.00104966 7.25128e-05 0.000371176 14.0492
4.48545 85.4771 0.000588301 0.000801915 -0.00036595 5.01756
5.48221 85.4771 -0.000988036 -0.00118288 0.000599031 9.03161
6.47898 85.4771 -0.00126804 -0.000106911 0.00183175 8.0281
7.47575 85.4771 -0.000393571 0.00020628 0.000346793 13.5474
8.47251 85.4771 0.000616391 -0.000638455 -0.000475435 18.565
9.46928 85.4771 0.0014804 0.000131226 0.000938478 6.52283
10.466 85.4771 -0.00042794 -0.000700049 0.000279282 17.5615
11.4628 85.4771 6.05367e-05 0.000418225 0.000942593 11.5404
12.4596 85.4771 -0.00131145 -0.000819627 0.000265083 8.0281
13.4563 85.4771 0.000914447 0.00223323 -3.39163e-05 7.52634
14.4531 85.4771 -0.000392074 0.000985525 4.24644e-05 7.02459
15.4499 85.4771 -0.000508644 -0.000493715 0.000679879 13.5474
16.4466 85.4771 0.000673139 0.000307294 0.000281966 14.5509
17.4434 85.4771 0.000623227 -0.000766401 0.000321176 12.5439
18.4402 85.4771 -0.000192588 0.000250384 0.000545501 12.0422
19.4369 85.4771 0.000336301 3.66737e-05 8.59612e-05 17.0597
20.4337 85.4771 0.00049105 -0.000241873 -0.000670797 12.0422
21.4305 85.4771 0.000389151 0.000227033 0.0010663 8.0281
22.4272 85.4771 -0.000759217 0.00134674 -0.00115525 7.02459
23.424 85.4771 -0.00198215 -0.00063257 0.00041534 8.52986
24.4208 85.4771 0.000431655 -0.000531295 0.00043717 17.5615
25.4175 85.4771 0.000479894 0.000459487 0.0010513 16.558
26.4143 85.4771 -0.00131735 -0.000880928 -0.000127836 12.0422
27.4111 85.4771 -0.000973417 0.000556296 0.000898321 18.0632
28.4078 85.4771 0.00053775 -0.000569633 0.000153487 13.0457
29.4046 85.4771 -0.000239965 -0.00052175 0.00130569 6.52283
30.4014 85.4771 -0.00133067 -0.00112178 6.67498e-05 8.52986
31.3981 85.4771 0.000499718 -9.90722e-05 0.00129079 6.02108
32.3949 85.4771 0.00101849 -0.00054723 0.000762816 10.5369
33.3917 85.4771 -0.000407876 -0.000218395 0.000310026 25.0878
34.3884 85.4771 -0.000678744 -0.000260353 1.06657e-06 10.5369
35.3852 85.4771 0.000419232 0.000415806 0.000123769 16.0562
36.382 85.4771 0.000162373 -0.000280591 0.000220676 19.5685
37.3787 85.4771 -0.000190037 -6.09409e-05 0.000559834 7.02459
38.3755 85.4771 8.81426e-05 -0.000985127 -0.00044818 6.02108
39.3723 85.4771 0.00161394 0.00091104 -0.0014276 4.01405
40.369 85.4771 0.000428662 -0.000107311 0.000864621 12.5439
41.3658 85.4771 0.000995812 -0.000424406 0.000361722 21.5755
42.3626 85.4771 -0.00096121 -4.66883e-05 -8.10067e-05 14.5509
43.3593 85.4771 0.000985342 -0.000668769 0.000786398 15.5544
44.3561 85.4771 -0.000887403 4.79313e-05 0.00110514 16.0562
45.3529 85.4771 0.00182 0.000640789 -0.000906295 8.52986
46.3496 85.4771 -0.000573206 -0.000183905 -0.000283914 7.52634
47.3464 85.4771 0.000122213 -0.00145163 0.00107339 6.52283
48.3432 85.4771 -0.00126568 -0.000570235 0.000944389 10.0351
49.3399 85.4771 -0.00057993 0.000204445 0.000805844 18.0632
50.3367 85.4771 0.000343971 -0.000106204 0.000757162 16.0562
51.3335 85.4771 0.000987781 -0.000139509 0.000348803 10.0351
52.3302 85.4771 0.000416578 7.79173e-05 0.000534976 18.0632
53.327 85.4771 -0.000192769 6.14007e-05 0.000918901 11.0386
54.3238 85.4771 -0.000685798 -0.00124674 0.000646105 7.52634
55.3205 85.4771 -0.000232042 -0.000273677 0.000197645 10.5369
56.3173 85.4771 -0.000855914 -0.00108593 0.000398875 7.02459
57.3141 85.4771 0.000960316 0.00135957 0.0013986 12.5439
58.3108 85.4771 0.000892499 9.00655e-05 0.000273503 17.5615
59.3076 85.4771 -0.00155911 -0.00105115 0.000688639 9.53337
60.3044 85.4771 0.000150283 0.000571182 0.000204115 18.565
61.3011 85.4771 0.000613449 0.000134625 0.000530234 12.0422
62.2979 85.4771 0.00242091 0.00156509 0.000875994 8.52986
63.2947 85.4771 0.00128375 6.93132e-05 -0.00128057 11.0386
64.2914 85.4771 -0.00100117 0.00104502 0.000667631 7.02459
65.2882 85.4771 -0.000371587 0.000137119 -1.52547e-05 10.5369
66.285 85.4771 0.00125612 0.000173603 -0.000608354 18.0632
67.2817 85.4771 -0.00077166 0.000647704 0.000782235 13.5474
68.2785 85.4771 0.00102752 -0.000442793 -0.000924577 12.5439
69.2753 85.4771 -0.000406613 0.000189401 0.00012177 21.5755
70.272 85.4771 -0.00140922 0.000214065 0.000459815 9.03161
71.2688 85.4771 -1.87276e-05 -0.000443368 -0.000421176 9.53337
72.2656 85.4771 -0.0012318 0.000750732 0.000618339 8.0281
73.2623 85.4771 -0.00156792 4.46474e-05 0.000173165 7.52634
74.2591 85.4771 -0.000105971 -0.000330607 0.00119653 23.0808
75.2559 85.4771 3.33961e-05 0.000551867 0.00011362 10.0351
76.2526 85.4771 0.00120637 0.000258899 0.00139177 11.0386
77.2494 85.4771 0.000892178 0.000273487 0.000514665 17.5615
78.2462 85.4771 -0.000295369 -0.000182433 0.00113618 9.53337
79.2429 85.4771 -0.000156105 0.000357535 0.000808368 10.0351
80.2397 85.4771 0.00106524 -0.00122879 0.000137089 7.02459
81.2365 85.4771 0.000564606 -0.000689885 0.000783716 7.52634
82.2332 85.4771 -0.000961747 -0.00064835 0.000999582 13.0457
